# station=9414290
# station_name=San_Francisco,_CA
# product=NOAA_CO-OPS_hourly_tide_predictions
# datum=MLLW units=metric time_zone=GMT
# window=2025-07-01..2026-06-30
# source_url=https://api.tidesandcurrents.noaa.gov/api/prod/datagetter?begin_date=20250701&end_date=20260630&station=9414290&product=predictions&datum=MLLW&time_zone=gmt&units=metric&interval=h&application=water_council&format=json
frame	timestamp_utc	water_level_m	normalized_height	normalized_velocity
0	2025-07-01T00:00:00Z	1.575000	0.778499	0.241741
1	2025-07-01T01:00:00Z	1.525000	0.760462	-0.179694
2	2025-07-01T02:00:00Z	1.352000	0.698052	-0.325544
3	2025-07-01T03:00:00Z	1.121000	0.614719	-0.356970
4	2025-07-01T04:00:00Z	0.909000	0.538240	-0.278807
5	2025-07-01T05:00:00Z	0.775000	0.489899	-0.132957
6	2025-07-01T06:00:00Z	0.744000	0.478716	0.033844
7	2025-07-01T07:00:00Z	0.817000	0.505051	0.180500
8	2025-07-01T08:00:00Z	0.968000	0.559524	0.261886
9	2025-07-01T09:00:00Z	1.142000	0.622294	0.255439
10	2025-07-01T10:00:00Z	1.285000	0.673882	0.169218
11	2025-07-01T11:00:00Z	1.352000	0.698052	0.016922
12	2025-07-01T12:00:00Z	1.306000	0.681457	-0.174859
13	2025-07-01T13:00:00Z	1.135000	0.619769	-0.350524
14	2025-07-01T14:00:00Z	0.871000	0.524531	-0.448026
15	2025-07-01T15:00:00Z	0.579000	0.419192	-0.431910
16	2025-07-01T16:00:00Z	0.335000	0.331169	-0.307010
17	2025-07-01T17:00:00Z	0.198000	0.281746	-0.116035
18	2025-07-01T18:00:00Z	0.191000	0.279221	0.091861
19	2025-07-01T19:00:00Z	0.312000	0.322872	0.281225
20	2025-07-01T20:00:00Z	0.540000	0.405123	0.418211
21	2025-07-01T21:00:00Z	0.831000	0.510101	0.473811
22	2025-07-01T22:00:00Z	1.128000	0.617244	0.448026
23	2025-07-01T23:00:00Z	1.387000	0.710678	0.348106
24	2025-07-02T00:00:00Z	1.560000	0.773088	0.173247
25	2025-07-02T01:00:00Z	1.602000	0.788240	-0.042707
26	2025-07-02T02:00:00Z	1.507000	0.753968	-0.239323
27	2025-07-02T03:00:00Z	1.305000	0.681097	-0.362611
28	2025-07-02T04:00:00Z	1.057000	0.591631	-0.381144
29	2025-07-02T05:00:00Z	0.832000	0.510462	-0.300564
30	2025-07-02T06:00:00Z	0.684000	0.457071	-0.157937
31	2025-07-02T07:00:00Z	0.636000	0.439755	0.005641
32	2025-07-02T08:00:00Z	0.691000	0.459596	0.149073
33	2025-07-02T09:00:00Z	0.821000	0.506494	0.228042
34	2025-07-02T10:00:00Z	0.974000	0.561688	0.228042
35	2025-07-02T11:00:00Z	1.104000	0.608586	0.161966
36	2025-07-02T12:00:00Z	1.175000	0.634199	0.041902
37	2025-07-02T13:00:00Z	1.156000	0.627345	-0.109589
38	2025-07-02T14:00:00Z	1.039000	0.585137	-0.246575
39	2025-07-02T15:00:00Z	0.850000	0.516955	-0.320709
40	2025-07-02T16:00:00Z	0.641000	0.441558	-0.307010
41	2025-07-02T17:00:00Z	0.469000	0.379509	-0.206285
42	2025-07-02T18:00:00Z	0.385000	0.349206	-0.047542
43	2025-07-02T19:00:00Z	0.410000	0.358225	0.128122
44	2025-07-02T20:00:00Z	0.544000	0.406566	0.289283
45	2025-07-02T21:00:00Z	0.769000	0.487734	0.398872
46	2025-07-02T22:00:00Z	1.039000	0.585137	0.427881
47	2025-07-02T23:00:00Z	1.300000	0.679293	0.380338
48	2025-07-03T00:00:00Z	1.511000	0.755411	0.265109
49	2025-07-03T01:00:00Z	1.629000	0.797980	0.086221
50	2025-07-03T02:00:00Z	1.618000	0.794012	-0.121676
51	2025-07-03T03:00:00Z	1.478000	0.743506	-0.302176
52	2025-07-03T04:00:00Z	1.243000	0.658730	-0.409347
53	2025-07-03T05:00:00Z	0.970000	0.560245	-0.415794
54	2025-07-03T06:00:00Z	0.727000	0.472583	-0.327961
55	2025-07-03T07:00:00Z	0.563000	0.413420	-0.181305
56	2025-07-03T08:00:00Z	0.502000	0.391414	-0.012893
57	2025-07-03T09:00:00Z	0.547000	0.407648	0.132957
58	2025-07-03T10:00:00Z	0.667000	0.450938	0.215149
59	2025-07-03T11:00:00Z	0.814000	0.503968	0.227236
60	2025-07-03T12:00:00Z	0.949000	0.552670	0.185334
61	2025-07-03T13:00:00Z	1.044000	0.586941	0.095890
62	2025-07-03T14:00:00Z	1.068000	0.595599	-0.025786
63	2025-07-03T15:00:00Z	1.012000	0.575397	-0.140210
64	2025-07-03T16:00:00Z	0.894000	0.532828	-0.211120
65	2025-07-03T17:00:00Z	0.750000	0.480880	-0.212732
66	2025-07-03T18:00:00Z	0.630000	0.437590	-0.137792
67	2025-07-03T19:00:00Z	0.579000	0.419192	-0.008058
68	2025-07-03T20:00:00Z	0.620000	0.433983	0.145044
69	2025-07-03T21:00:00Z	0.759000	0.484127	0.286865
70	2025-07-03T22:00:00Z	0.976000	0.562410	0.373892
71	2025-07-03T23:00:00Z	1.223000	0.651515	0.381144
72	2025-07-04T00:00:00Z	1.449000	0.733045	0.315874
73	2025-07-04T01:00:00Z	1.615000	0.792929	0.186946
74	2025-07-04T02:00:00Z	1.681000	0.816739	0.003223
75	2025-07-04T03:00:00Z	1.619000	0.794372	-0.199839
76	2025-07-04T04:00:00Z	1.433000	0.727273	-0.371475
77	2025-07-04T05:00:00Z	1.158000	0.628066	-0.465753
78	2025-07-04T06:00:00Z	0.855000	0.518759	-0.456084
79	2025-07-04T07:00:00Z	0.592000	0.423882	-0.352135
80	2025-07-04T08:00:00Z	0.418000	0.361111	-0.190169
81	2025-07-04T09:00:00Z	0.356000	0.338745	-0.011281
82	2025-07-04T10:00:00Z	0.404000	0.356061	0.139404
83	2025-07-04T11:00:00Z	0.529000	0.401154	0.228042
84	2025-07-04T12:00:00Z	0.687000	0.458153	0.254633
85	2025-07-04T13:00:00Z	0.845000	0.515152	0.233683
86	2025-07-04T14:00:00Z	0.977000	0.562771	0.165189
87	2025-07-04T15:00:00Z	1.050000	0.589105	0.058018
88	2025-07-04T16:00:00Z	1.049000	0.588745	-0.054795
89	2025-07-04T17:00:00Z	0.982000	0.564574	-0.136986
90	2025-07-04T18:00:00Z	0.879000	0.527417	-0.156326
91	2025-07-04T19:00:00Z	0.788000	0.494589	-0.100725
92	2025-07-04T20:00:00Z	0.754000	0.482323	0.012893
93	2025-07-04T21:00:00Z	0.804000	0.500361	0.153102
94	2025-07-04T22:00:00Z	0.944000	0.550866	0.280419
95	2025-07-04T23:00:00Z	1.152000	0.625902	0.349718
96	2025-07-05T00:00:00Z	1.378000	0.707431	0.339243
97	2025-07-05T01:00:00Z	1.573000	0.777778	0.258662
98	2025-07-05T02:00:00Z	1.699000	0.823232	0.116035
99	2025-07-05T03:00:00Z	1.717000	0.829726	-0.078163
100	2025-07-05T04:00:00Z	1.602000	0.788240	-0.284448
101	2025-07-05T05:00:00Z	1.364000	0.702381	-0.449637
102	2025-07-05T06:00:00Z	1.044000	0.586941	-0.526189
103	2025-07-05T07:00:00Z	0.711000	0.466811	-0.490733
104	2025-07-05T08:00:00Z	0.435000	0.367244	-0.360999
105	2025-07-05T09:00:00Z	0.263000	0.305195	-0.178082
106	2025-07-05T10:00:00Z	0.214000	0.287518	0.015310
107	2025-07-05T11:00:00Z	0.282000	0.312049	0.172442
108	2025-07-05T12:00:00Z	0.428000	0.364719	0.265915
109	2025-07-05T13:00:00Z	0.612000	0.431097	0.303787
110	2025-07-05T14:00:00Z	0.805000	0.500722	0.294118
111	2025-07-05T15:00:00Z	0.977000	0.562771	0.231265
112	2025-07-05T16:00:00Z	1.092000	0.604257	0.120870
113	2025-07-05T17:00:00Z	1.127000	0.616883	-0.004835
114	2025-07-05T18:00:00Z	1.086000	0.602092	-0.103143
115	2025-07-05T19:00:00Z	0.999000	0.570707	-0.135375
116	2025-07-05T20:00:00Z	0.918000	0.541486	-0.085415
117	2025-07-05T21:00:00Z	0.893000	0.532468	0.024980
118	2025-07-05T22:00:00Z	0.949000	0.552670	0.161160
119	2025-07-05T23:00:00Z	1.093000	0.604618	0.279613
120	2025-07-06T00:00:00Z	1.296000	0.677850	0.331990
121	2025-07-06T01:00:00Z	1.505000	0.753247	0.304593
122	2025-07-06T02:00:00Z	1.674000	0.814214	0.208703
123	2025-07-06T03:00:00Z	1.764000	0.846681	0.048348
124	2025-07-06T04:00:00Z	1.734000	0.835859	-0.162772
125	2025-07-06T05:00:00Z	1.562000	0.773810	-0.376309
126	2025-07-06T06:00:00Z	1.267000	0.667388	-0.531023
127	2025-07-06T07:00:00Z	0.903000	0.536075	-0.580983
128	2025-07-06T08:00:00Z	0.546000	0.407287	-0.510878
129	2025-07-06T09:00:00Z	0.269000	0.307359	-0.346495
130	2025-07-06T10:00:00Z	0.116000	0.252165	-0.137792
131	2025-07-06T11:00:00Z	0.098000	0.245671	0.066076
132	2025-07-06T12:00:00Z	0.198000	0.281746	0.224819
133	2025-07-06T13:00:00Z	0.377000	0.346320	0.319903
134	2025-07-06T14:00:00Z	0.595000	0.424964	0.361805
135	2025-07-06T15:00:00Z	0.826000	0.508297	0.352135
136	2025-07-06T16:00:00Z	1.032000	0.582612	0.278002
137	2025-07-06T17:00:00Z	1.171000	0.632756	0.148268
138	2025-07-06T18:00:00Z	1.216000	0.648990	0.002417
139	2025-07-06T19:00:00Z	1.174000	0.633838	-0.105560
140	2025-07-06T20:00:00Z	1.085000	0.601732	-0.135375
141	2025-07-06T21:00:00Z	1.006000	0.573232	-0.078163
142	2025-07-06T22:00:00Z	0.988000	0.566739	0.039484
143	2025-07-06T23:00:00Z	1.055000	0.590909	0.177276
144	2025-07-07T00:00:00Z	1.208000	0.646104	0.287671
145	2025-07-07T01:00:00Z	1.412000	0.719697	0.323932
146	2025-07-07T02:00:00Z	1.610000	0.791126	0.278807
147	2025-07-07T03:00:00Z	1.758000	0.844517	0.162772
148	2025-07-07T04:00:00Z	1.812000	0.863997	-0.023368
149	2025-07-07T05:00:00Z	1.729000	0.834055	-0.255439
150	2025-07-07T06:00:00Z	1.495000	0.749639	-0.473006
151	2025-07-07T07:00:00Z	1.142000	0.622294	-0.610798
152	2025-07-07T08:00:00Z	0.737000	0.476190	-0.622885
153	2025-07-07T09:00:00Z	0.369000	0.343434	-0.506044
154	2025-07-07T10:00:00Z	0.109000	0.249639	-0.303787
155	2025-07-07T11:00:00Z	-0.008000	0.207431	-0.074134
156	2025-07-07T12:00:00Z	0.017000	0.216450	0.136180
157	2025-07-07T13:00:00Z	0.161000	0.268398	0.291700
158	2025-07-07T14:00:00Z	0.379000	0.347042	0.381144
159	2025-07-07T15:00:00Z	0.634000	0.439033	0.416600
160	2025-07-07T16:00:00Z	0.896000	0.533550	0.392425
161	2025-07-07T17:00:00Z	1.121000	0.614719	0.291700
162	2025-07-07T18:00:00Z	1.258000	0.664141	0.135375
163	2025-07-07T19:00:00Z	1.289000	0.675325	-0.024980
164	2025-07-07T20:00:00Z	1.227000	0.652958	-0.131346
165	2025-07-07T21:00:00Z	1.126000	0.616522	-0.142627
166	2025-07-07T22:00:00Z	1.050000	0.589105	-0.064464
167	2025-07-07T23:00:00Z	1.046000	0.587662	0.066076
168	2025-07-08T00:00:00Z	1.132000	0.618687	0.205479
169	2025-07-08T01:00:00Z	1.301000	0.679654	0.303787
170	2025-07-08T02:00:00Z	1.509000	0.754690	0.322321
171	2025-07-08T03:00:00Z	1.701000	0.823954	0.257051
172	2025-07-08T04:00:00Z	1.828000	0.869769	0.112812
173	2025-07-08T05:00:00Z	1.841000	0.874459	-0.103948
174	2025-07-08T06:00:00Z	1.699000	0.823232	-0.356164
175	2025-07-08T07:00:00Z	1.399000	0.715007	-0.572119
176	2025-07-08T08:00:00Z	0.989000	0.567100	-0.680902
177	2025-07-08T09:00:00Z	0.554000	0.410173	-0.642224
178	2025-07-08T10:00:00Z	0.192000	0.279582	-0.473006
179	2025-07-08T11:00:00Z	-0.033000	0.198413	-0.236100
180	2025-07-08T12:00:00Z	-0.101000	0.173882	0.008864
181	2025-07-08T13:00:00Z	-0.022000	0.202381	0.217566
182	2025-07-08T14:00:00Z	0.169000	0.271284	0.361805
183	2025-07-08T15:00:00Z	0.427000	0.364358	0.439968
184	2025-07-08T16:00:00Z	0.715000	0.468254	0.459307
185	2025-07-08T17:00:00Z	0.997000	0.569986	0.406124
186	2025-07-08T18:00:00Z	1.219000	0.650072	0.270749
187	2025-07-08T19:00:00Z	1.333000	0.691198	0.087832
188	2025-07-08T20:00:00Z	1.328000	0.689394	-0.077357
189	2025-07-08T21:00:00Z	1.237000	0.656566	-0.163578
190	2025-07-08T22:00:00Z	1.125000	0.616162	-0.143433
191	2025-07-08T23:00:00Z	1.059000	0.592352	-0.037873
192	2025-07-09T00:00:00Z	1.078000	0.599206	0.106366
193	2025-07-09T01:00:00Z	1.191000	0.639971	0.243352
194	2025-07-09T02:00:00Z	1.380000	0.708153	0.326350
195	2025-07-09T03:00:00Z	1.596000	0.786075	0.322321
196	2025-07-09T04:00:00Z	1.780000	0.852453	0.229654
197	2025-07-09T05:00:00Z	1.881000	0.888889	0.053989
198	2025-07-09T06:00:00Z	1.847000	0.876623	-0.195004
199	2025-07-09T07:00:00Z	1.639000	0.801587	-0.464948
200	2025-07-09T08:00:00Z	1.270000	0.668470	-0.667204
201	2025-07-09T09:00:00Z	0.811000	0.502886	-0.730862
202	2025-07-09T10:00:00Z	0.363000	0.341270	-0.633360
203	2025-07-09T11:00:00Z	0.025000	0.219336	-0.413376
204	2025-07-09T12:00:00Z	-0.150000	0.156205	-0.147462
205	2025-07-09T13:00:00Z	-0.158000	0.153319	0.103948
206	2025-07-09T14:00:00Z	-0.021000	0.202742	0.304593
207	2025-07-09T15:00:00Z	0.220000	0.289683	0.431910
208	2025-07-09T16:00:00Z	0.515000	0.396104	0.489122
209	2025-07-09T17:00:00Z	0.827000	0.508658	0.481064
210	2025-07-09T18:00:00Z	1.112000	0.611472	0.389202
211	2025-07-09T19:00:00Z	1.310000	0.682900	0.215955
212	2025-07-09T20:00:00Z	1.380000	0.708153	0.015310
213	2025-07-09T21:00:00Z	1.329000	0.689755	-0.138598
214	2025-07-09T22:00:00Z	1.208000	0.646104	-0.190169
215	2025-07-09T23:00:00Z	1.093000	0.604618	-0.128928
216	2025-07-10T00:00:00Z	1.048000	0.588384	0.004835
217	2025-07-10T01:00:00Z	1.099000	0.606782	0.157937
218	2025-07-10T02:00:00Z	1.244000	0.659091	0.286060
219	2025-07-10T03:00:00Z	1.454000	0.734848	0.347301
220	2025-07-10T04:00:00Z	1.675000	0.814574	0.315874
221	2025-07-10T05:00:00Z	1.846000	0.876263	0.192587
222	2025-07-10T06:00:00Z	1.914000	0.900794	-0.019339
223	2025-07-10T07:00:00Z	1.822000	0.867605	-0.299758
224	2025-07-10T08:00:00Z	1.542000	0.766595	-0.573731
225	2025-07-10T09:00:00Z	1.110000	0.610750	-0.746172
226	2025-07-10T10:00:00Z	0.616000	0.432540	-0.753425
227	2025-07-10T11:00:00Z	0.175000	0.273449	-0.593070
228	2025-07-10T12:00:00Z	-0.120000	0.167027	-0.327961
229	2025-07-10T13:00:00Z	-0.232000	0.126623	-0.043513
230	2025-07-10T14:00:00Z	-0.174000	0.147547	0.205479
231	2025-07-10T15:00:00Z	0.023000	0.218615	0.389202
232	2025-07-10T16:00:00Z	0.309000	0.321789	0.493151
233	2025-07-10T17:00:00Z	0.635000	0.439394	0.523771
234	2025-07-10T18:00:00Z	0.959000	0.556277	0.477840
235	2025-07-10T19:00:00Z	1.228000	0.653319	0.340854
236	2025-07-10T20:00:00Z	1.382000	0.708874	0.135375
237	2025-07-10T21:00:00Z	1.396000	0.713925	-0.069299
238	2025-07-10T22:00:00Z	1.296000	0.677850	-0.197421
239	2025-07-10T23:00:00Z	1.151000	0.625541	-0.203062
240	2025-07-11T00:00:00Z	1.044000	0.586941	-0.098308
241	2025-07-11T01:00:00Z	1.029000	0.581530	0.058824
242	2025-07-11T02:00:00Z	1.117000	0.613276	0.212732
243	2025-07-11T03:00:00Z	1.293000	0.676768	0.325544
244	2025-07-11T04:00:00Z	1.521000	0.759019	0.360193
245	2025-07-11T05:00:00Z	1.740000	0.838023	0.297341
246	2025-07-11T06:00:00Z	1.890000	0.892136	0.140210
247	2025-07-11T07:00:00Z	1.914000	0.900794	-0.107172
248	2025-07-11T08:00:00Z	1.757000	0.844156	-0.407736
249	2025-07-11T09:00:00Z	1.408000	0.718254	-0.670427
250	2025-07-11T10:00:00Z	0.925000	0.544012	-0.797744
251	2025-07-11T11:00:00Z	0.418000	0.361111	-0.740532
252	2025-07-11T12:00:00Z	0.006000	0.212482	-0.520548
253	2025-07-11T13:00:00Z	-0.228000	0.128066	-0.221595
254	2025-07-11T14:00:00Z	-0.269000	0.113276	0.069299
255	2025-07-11T15:00:00Z	-0.142000	0.159091	0.306205
256	2025-07-11T16:00:00Z	0.111000	0.250361	0.467365
257	2025-07-11T17:00:00Z	0.438000	0.368326	0.542305
258	2025-07-11T18:00:00Z	0.784000	0.493146	0.535858
259	2025-07-11T19:00:00Z	1.103000	0.608225	0.445608
260	2025-07-11T20:00:00Z	1.337000	0.692641	0.264303
261	2025-07-11T21:00:00Z	1.431000	0.726551	0.035455
262	2025-07-11T22:00:00Z	1.381000	0.708514	-0.157131
263	2025-07-11T23:00:00Z	1.236000	0.656205	-0.244158
264	2025-07-12T00:00:00Z	1.078000	0.599206	-0.199839
265	2025-07-12T01:00:00Z	0.988000	0.566739	-0.057212
266	2025-07-12T02:00:00Z	1.007000	0.573593	0.114424
267	2025-07-12T03:00:00Z	1.130000	0.617965	0.262691
268	2025-07-12T04:00:00Z	1.333000	0.691198	0.354553
269	2025-07-12T05:00:00Z	1.570000	0.776696	0.359388
270	2025-07-12T06:00:00Z	1.779000	0.852092	0.264303
271	2025-07-12T07:00:00Z	1.898000	0.895022	0.072522
272	2025-07-12T08:00:00Z	1.869000	0.884560	-0.201450
273	2025-07-12T09:00:00Z	1.648000	0.804834	-0.505238
274	2025-07-12T10:00:00Z	1.242000	0.658369	-0.738114
275	2025-07-12T11:00:00Z	0.732000	0.474387	-0.807413
276	2025-07-12T12:00:00Z	0.240000	0.296898	-0.686543
277	2025-07-12T13:00:00Z	-0.120000	0.167027	-0.419823
278	2025-07-12T14:00:00Z	-0.281000	0.108947	-0.101531
279	2025-07-12T15:00:00Z	-0.246000	0.121573	0.182917
280	2025-07-12T16:00:00Z	-0.054000	0.190837	0.399678
281	2025-07-12T17:00:00Z	0.250000	0.300505	0.531023
282	2025-07-12T18:00:00Z	0.605000	0.428571	0.568896
283	2025-07-12T19:00:00Z	0.956000	0.555195	0.520548
284	2025-07-12T20:00:00Z	1.251000	0.661616	0.383562
285	2025-07-12T21:00:00Z	1.432000	0.726912	0.165189
286	2025-07-12T22:00:00Z	1.456000	0.735570	-0.072522
287	2025-07-12T23:00:00Z	1.342000	0.694444	-0.239323
288	2025-07-13T00:00:00Z	1.159000	0.628427	-0.278807
289	2025-07-13T01:00:00Z	0.996000	0.569625	-0.186140
290	2025-07-13T02:00:00Z	0.928000	0.545094	-0.013699
291	2025-07-13T03:00:00Z	0.979000	0.563492	0.162772
292	2025-07-13T04:00:00Z	1.130000	0.617965	0.298147
293	2025-07-13T05:00:00Z	1.349000	0.696970	0.366640
294	2025-07-13T06:00:00Z	1.585000	0.782107	0.342466
295	2025-07-13T07:00:00Z	1.774000	0.850289	0.217566
296	2025-07-13T08:00:00Z	1.855000	0.879509	0.000806
297	2025-07-13T09:00:00Z	1.775000	0.850649	-0.285254
298	2025-07-13T10:00:00Z	1.501000	0.751804	-0.573731
299	2025-07-13T11:00:00Z	1.063000	0.593795	-0.759871
300	2025-07-13T12:00:00Z	0.558000	0.411616	-0.769541
301	2025-07-13T13:00:00Z	0.108000	0.249278	-0.593876
302	2025-07-13T14:00:00Z	-0.179000	0.145743	-0.296535
303	2025-07-13T15:00:00Z	-0.260000	0.116522	0.021757
304	2025-07-13T16:00:00Z	-0.152000	0.155483	0.288477
305	2025-07-13T17:00:00Z	0.098000	0.245671	0.475423
306	2025-07-13T18:00:00Z	0.438000	0.368326	0.570508
307	2025-07-13T19:00:00Z	0.806000	0.501082	0.568090
308	2025-07-13T20:00:00Z	1.143000	0.622655	0.475423
309	2025-07-13T21:00:00Z	1.396000	0.713925	0.294923
310	2025-07-13T22:00:00Z	1.509000	0.754690	0.051571
311	2025-07-13T23:00:00Z	1.460000	0.737013	-0.179694
312	2025-07-14T00:00:00Z	1.286000	0.674242	-0.312651
313	2025-07-14T01:00:00Z	1.072000	0.597042	-0.303787
314	2025-07-14T02:00:00Z	0.909000	0.538240	-0.170830
315	2025-07-14T03:00:00Z	0.860000	0.520563	0.018533
316	2025-07-14T04:00:00Z	0.932000	0.546537	0.192587
317	2025-07-14T05:00:00Z	1.099000	0.606782	0.314263
318	2025-07-14T06:00:00Z	1.322000	0.687229	0.361805
319	2025-07-14T07:00:00Z	1.548000	0.768759	0.312651
320	2025-07-14T08:00:00Z	1.710000	0.827201	0.167607
321	2025-07-14T09:00:00Z	1.756000	0.843795	-0.058824
322	2025-07-14T10:00:00Z	1.637000	0.800866	-0.337631
323	2025-07-14T11:00:00Z	1.337000	0.692641	-0.593070
324	2025-07-14T12:00:00Z	0.901000	0.535354	-0.728445
325	2025-07-14T13:00:00Z	0.433000	0.366522	-0.683320
326	2025-07-14T14:00:00Z	0.053000	0.229437	-0.470588
327	2025-07-14T15:00:00Z	-0.151000	0.155844	-0.166801
328	2025-07-14T16:00:00Z	-0.154000	0.154762	0.133763
329	2025-07-14T17:00:00Z	0.015000	0.215729	0.371475
330	2025-07-14T18:00:00Z	0.307000	0.321068	0.525383
331	2025-07-14T19:00:00Z	0.667000	0.450938	0.580983
332	2025-07-14T20:00:00Z	1.028000	0.581169	0.536664
333	2025-07-14T21:00:00Z	1.333000	0.691198	0.402901
334	2025-07-14T22:00:00Z	1.528000	0.761544	0.188558
335	2025-07-14T23:00:00Z	1.567000	0.775613	-0.066076
336	2025-07-15T00:00:00Z	1.446000	0.731962	-0.279613
337	2025-07-15T01:00:00Z	1.220000	0.650433	-0.375504
338	2025-07-15T02:00:00Z	0.980000	0.563853	-0.326350
339	2025-07-15T03:00:00Z	0.815000	0.504329	-0.165995
340	2025-07-15T04:00:00Z	0.774000	0.489538	0.030620
341	2025-07-15T05:00:00Z	0.853000	0.518038	0.199839
342	2025-07-15T06:00:00Z	1.022000	0.579004	0.311039
343	2025-07-15T07:00:00Z	1.239000	0.657287	0.342466
344	2025-07-15T08:00:00Z	1.447000	0.732323	0.279613
345	2025-07-15T09:00:00Z	1.586000	0.782468	0.129734
346	2025-07-15T10:00:00Z	1.608000	0.790404	-0.088638
347	2025-07-15T11:00:00Z	1.476000	0.742785	-0.342466
348	2025-07-15T12:00:00Z	1.183000	0.637085	-0.556003
349	2025-07-15T13:00:00Z	0.786000	0.493867	-0.642224
350	2025-07-15T14:00:00Z	0.386000	0.349567	-0.560838
351	2025-07-15T15:00:00Z	0.090000	0.242785	-0.336825
352	2025-07-15T16:00:00Z	-0.032000	0.198773	-0.048348
353	2025-07-15T17:00:00Z	0.030000	0.221140	0.221595
354	2025-07-15T18:00:00Z	0.243000	0.297980	0.425463
355	2025-07-15T19:00:00Z	0.558000	0.411616	0.543110
356	2025-07-15T20:00:00Z	0.917000	0.541126	0.560838
357	2025-07-15T21:00:00Z	1.254000	0.662698	0.478646
358	2025-07-15T22:00:00Z	1.511000	0.755411	0.312651
359	2025-07-15T23:00:00Z	1.642000	0.802670	0.078969
360	2025-07-16T00:00:00Z	1.609000	0.790765	-0.176471
361	2025-07-16T01:00:00Z	1.423000	0.723665	-0.369057
362	2025-07-16T02:00:00Z	1.151000	0.625541	-0.433521
363	2025-07-16T03:00:00Z	0.885000	0.529582	-0.356970
364	2025-07-16T04:00:00Z	0.708000	0.465729	-0.181305
365	2025-07-16T05:00:00Z	0.660000	0.448413	0.019339
366	2025-07-16T06:00:00Z	0.732000	0.474387	0.186946
367	2025-07-16T07:00:00Z	0.892000	0.532107	0.293312
368	2025-07-16T08:00:00Z	1.096000	0.605700	0.319903
369	2025-07-16T09:00:00Z	1.289000	0.675325	0.257051
370	2025-07-16T10:00:00Z	1.415000	0.720779	0.118453
371	2025-07-16T11:00:00Z	1.436000	0.728355	-0.075745
372	2025-07-16T12:00:00Z	1.321000	0.686869	-0.293312
373	2025-07-16T13:00:00Z	1.072000	0.597042	-0.464948
374	2025-07-16T14:00:00Z	0.744000	0.478716	-0.518131
375	2025-07-16T15:00:00Z	0.429000	0.365079	-0.425463
376	2025-07-16T16:00:00Z	0.216000	0.288240	-0.215149
377	2025-07-16T17:00:00Z	0.162000	0.268759	0.042707
378	2025-07-16T18:00:00Z	0.269000	0.307359	0.275584
379	2025-07-16T19:00:00Z	0.504000	0.392136	0.444803
380	2025-07-16T20:00:00Z	0.821000	0.506494	0.531023
381	2025-07-16T21:00:00Z	1.163000	0.629870	0.517325
382	2025-07-16T22:00:00Z	1.463000	0.738095	0.406930
383	2025-07-16T23:00:00Z	1.668000	0.812049	0.219984
384	2025-07-17T00:00:00Z	1.736000	0.836580	-0.024174
385	2025-07-17T01:00:00Z	1.638000	0.801227	-0.273167
386	2025-07-17T02:00:00Z	1.397000	0.714286	-0.447220
387	2025-07-17T03:00:00Z	1.083000	0.601010	-0.492345
388	2025-07-17T04:00:00Z	0.786000	0.493867	-0.400483
389	2025-07-17T05:00:00Z	0.586000	0.421717	-0.216761
390	2025-07-17T06:00:00Z	0.517000	0.396825	-0.013699
391	2025-07-17T07:00:00Z	0.569000	0.415584	0.157937
392	2025-07-17T08:00:00Z	0.713000	0.467532	0.270749
393	2025-07-17T09:00:00Z	0.905000	0.536797	0.304593
394	2025-07-17T10:00:00Z	1.091000	0.603896	0.257051
395	2025-07-17T11:00:00Z	1.224000	0.651876	0.145044
396	2025-07-17T12:00:00Z	1.271000	0.668831	-0.016116
397	2025-07-17T13:00:00Z	1.204000	0.644661	-0.197421
398	2025-07-17T14:00:00Z	1.026000	0.580447	-0.339243
399	2025-07-17T15:00:00Z	0.783000	0.492785	-0.382756
400	2025-07-17T16:00:00Z	0.551000	0.409091	-0.303787
401	2025-07-17T17:00:00Z	0.406000	0.356782	-0.124093
402	2025-07-17T18:00:00Z	0.397000	0.353535	0.095085
403	2025-07-17T19:00:00Z	0.524000	0.399351	0.293312
404	2025-07-17T20:00:00Z	0.761000	0.484848	0.437550
405	2025-07-17T21:00:00Z	1.067000	0.595238	0.499597
406	2025-07-17T22:00:00Z	1.381000	0.708514	0.462530
407	2025-07-17T23:00:00Z	1.641000	0.802309	0.336019
408	2025-07-18T00:00:00Z	1.798000	0.858947	0.138598
409	2025-07-18T01:00:00Z	1.813000	0.864358	-0.108783
410	2025-07-18T02:00:00Z	1.663000	0.810245	-0.353747
411	2025-07-18T03:00:00Z	1.374000	0.705988	-0.519742
412	2025-07-18T04:00:00Z	1.018000	0.577561	-0.556809
413	2025-07-18T05:00:00Z	0.683000	0.456710	-0.460113
414	2025-07-18T06:00:00Z	0.447000	0.371573	-0.270749
415	2025-07-18T07:00:00Z	0.347000	0.335498	-0.058018
416	2025-07-18T08:00:00Z	0.375000	0.345599	0.127317
417	2025-07-18T09:00:00Z	0.505000	0.392496	0.255439
418	2025-07-18T10:00:00Z	0.692000	0.459957	0.307010
419	2025-07-18T11:00:00Z	0.886000	0.529942	0.285254
420	2025-07-18T12:00:00Z	1.046000	0.587662	0.207091
421	2025-07-18T13:00:00Z	1.143000	0.622655	0.081386
422	2025-07-18T14:00:00Z	1.147000	0.624098	-0.074134
423	2025-07-18T15:00:00Z	1.051000	0.589466	-0.207897
424	2025-07-18T16:00:00Z	0.889000	0.531025	-0.265109
425	2025-07-18T17:00:00Z	0.722000	0.470779	-0.216761
426	2025-07-18T18:00:00Z	0.620000	0.433983	-0.075745
427	2025-07-18T19:00:00Z	0.628000	0.436869	0.109589
428	2025-07-18T20:00:00Z	0.756000	0.483045	0.285254
429	2025-07-18T21:00:00Z	0.982000	0.564574	0.413376
430	2025-07-18T22:00:00Z	1.269000	0.668110	0.461724
431	2025-07-18T23:00:00Z	1.555000	0.771284	0.413376
432	2025-07-19T00:00:00Z	1.782000	0.853175	0.280419
433	2025-07-19T01:00:00Z	1.903000	0.896825	0.077357
434	2025-07-19T02:00:00Z	1.878000	0.887807	-0.174053
435	2025-07-19T03:00:00Z	1.687000	0.818903	-0.421434
436	2025-07-19T04:00:00Z	1.355000	0.699134	-0.590653
437	2025-07-19T05:00:00Z	0.954000	0.554473	-0.630137
438	2025-07-19T06:00:00Z	0.573000	0.417027	-0.529412
439	2025-07-19T07:00:00Z	0.297000	0.317460	-0.329573
440	2025-07-19T08:00:00Z	0.164000	0.269481	-0.100725
441	2025-07-19T09:00:00Z	0.172000	0.272367	0.105560
442	2025-07-19T10:00:00Z	0.295000	0.316739	0.256245
443	2025-07-19T11:00:00Z	0.490000	0.387085	0.331185
444	2025-07-19T12:00:00Z	0.706000	0.465007	0.340048
445	2025-07-19T13:00:00Z	0.912000	0.539322	0.295729
446	2025-07-19T14:00:00Z	1.073000	0.597403	0.194198
447	2025-07-19T15:00:00Z	1.153000	0.626263	0.047542
448	2025-07-19T16:00:00Z	1.132000	0.618687	-0.098308
449	2025-07-19T17:00:00Z	1.031000	0.582251	-0.186140
450	2025-07-19T18:00:00Z	0.901000	0.535354	-0.176471
451	2025-07-19T19:00:00Z	0.812000	0.503247	-0.066882
452	2025-07-19T20:00:00Z	0.818000	0.505411	0.097502
453	2025-07-19T21:00:00Z	0.933000	0.546898	0.263497
454	2025-07-19T22:00:00Z	1.145000	0.623377	0.388396
455	2025-07-19T23:00:00Z	1.415000	0.720779	0.431910
456	2025-07-20T00:00:00Z	1.681000	0.816739	0.379533
457	2025-07-20T01:00:00Z	1.886000	0.890693	0.244964
458	2025-07-20T02:00:00Z	1.985000	0.926407	0.039484
459	2025-07-20T03:00:00Z	1.935000	0.908369	-0.221595
460	2025-07-20T04:00:00Z	1.710000	0.827201	-0.482675
461	2025-07-20T05:00:00Z	1.336000	0.692280	-0.663175
462	2025-07-20T06:00:00Z	0.887000	0.530303	-0.705882
463	2025-07-20T07:00:00Z	0.460000	0.376263	-0.597905
464	2025-07-20T08:00:00Z	0.145000	0.262626	-0.381950
465	2025-07-20T09:00:00Z	-0.014000	0.205267	-0.129734
466	2025-07-20T10:00:00Z	-0.016000	0.204545	0.102337
467	2025-07-20T11:00:00Z	0.113000	0.251082	0.276390
468	2025-07-20T12:00:00Z	0.327000	0.328283	0.375504
469	2025-07-20T13:00:00Z	0.579000	0.419192	0.412571
470	2025-07-20T14:00:00Z	0.839000	0.512987	0.393231
471	2025-07-20T15:00:00Z	1.067000	0.595238	0.300564
472	2025-07-20T16:00:00Z	1.212000	0.647547	0.141821
473	2025-07-20T17:00:00Z	1.243000	0.658730	-0.033038
474	2025-07-20T18:00:00Z	1.171000	0.632756	-0.157131
475	2025-07-20T19:00:00Z	1.048000	0.588384	-0.178082
476	2025-07-20T20:00:00Z	0.950000	0.553030	-0.086221
477	2025-07-20T21:00:00Z	0.941000	0.549784	0.074940
478	2025-07-20T22:00:00Z	1.043000	0.586580	0.244964
479	2025-07-20T23:00:00Z	1.245000	0.659452	0.373086
480	2025-07-21T00:00:00Z	1.506000	0.753608	0.418211
481	2025-07-21T01:00:00Z	1.764000	0.846681	0.366640
482	2025-07-21T02:00:00Z	1.961000	0.917749	0.230459
483	2025-07-21T03:00:00Z	2.050000	0.949856	0.015310
484	2025-07-21T04:00:00Z	1.980000	0.924603	-0.262691
485	2025-07-21T05:00:00Z	1.724000	0.832251	-0.541499
486	2025-07-21T06:00:00Z	1.308000	0.682179	-0.735697
487	2025-07-21T07:00:00Z	0.811000	0.502886	-0.777599
488	2025-07-21T08:00:00Z	0.343000	0.334055	-0.652699
489	2025-07-21T09:00:00Z	0.001000	0.210678	-0.411765
490	2025-07-21T10:00:00Z	-0.168000	0.149711	-0.132957
491	2025-07-21T11:00:00Z	-0.164000	0.151154	0.120870
492	2025-07-21T12:00:00Z	-0.018000	0.203824	0.313457
493	2025-07-21T13:00:00Z	0.225000	0.291486	0.432716
494	2025-07-21T14:00:00Z	0.519000	0.397547	0.489122
495	2025-07-21T15:00:00Z	0.832000	0.510462	0.479452
496	2025-07-21T16:00:00Z	1.114000	0.612193	0.377921
497	2025-07-21T17:00:00Z	1.301000	0.679654	0.191781
498	2025-07-21T18:00:00Z	1.352000	0.698052	-0.018533
499	2025-07-21T19:00:00Z	1.278000	0.671356	-0.173247
500	2025-07-21T20:00:00Z	1.137000	0.620491	-0.207897
501	2025-07-21T21:00:00Z	1.020000	0.578283	-0.114424
502	2025-07-21T22:00:00Z	0.995000	0.569264	0.055600
503	2025-07-21T23:00:00Z	1.089000	0.603175	0.237712
504	2025-07-22T00:00:00Z	1.290000	0.675685	0.373892
505	2025-07-22T01:00:00Z	1.553000	0.770563	0.421434
506	2025-07-22T02:00:00Z	1.813000	0.864358	0.369057
507	2025-07-22T03:00:00Z	2.011000	0.935786	0.228042
508	2025-07-22T04:00:00Z	2.096000	0.966450	-0.002417
509	2025-07-22T05:00:00Z	2.008000	0.934704	-0.304593
510	2025-07-22T06:00:00Z	1.718000	0.830087	-0.603546
511	2025-07-22T07:00:00Z	1.259000	0.664502	-0.802579
512	2025-07-22T08:00:00Z	0.722000	0.470779	-0.831587
513	2025-07-22T09:00:00Z	0.227000	0.292208	-0.680902
514	2025-07-22T10:00:00Z	-0.123000	0.165945	-0.410959
515	2025-07-22T11:00:00Z	-0.283000	0.108225	-0.109589
516	2025-07-22T12:00:00Z	-0.259000	0.116883	0.160355
517	2025-07-22T13:00:00Z	-0.084000	0.180014	0.364222
518	2025-07-22T14:00:00Z	0.193000	0.279942	0.493956
519	2025-07-22T15:00:00Z	0.529000	0.401154	0.557615
520	2025-07-22T16:00:00Z	0.885000	0.529582	0.540693
521	2025-07-22T17:00:00Z	1.200000	0.643218	0.412571
522	2025-07-22T18:00:00Z	1.397000	0.714286	0.190169
523	2025-07-22T19:00:00Z	1.436000	0.728355	-0.051571
524	2025-07-22T20:00:00Z	1.333000	0.691198	-0.220790
525	2025-07-22T21:00:00Z	1.162000	0.629509	-0.248993
526	2025-07-22T22:00:00Z	1.024000	0.579726	-0.136986
527	2025-07-22T23:00:00Z	0.992000	0.568182	0.051571
528	2025-07-23T00:00:00Z	1.088000	0.602814	0.247381
529	2025-07-23T01:00:00Z	1.299000	0.678932	0.389202
530	2025-07-23T02:00:00Z	1.571000	0.777056	0.434327
531	2025-07-23T03:00:00Z	1.838000	0.873377	0.378727
532	2025-07-23T04:00:00Z	2.041000	0.946609	0.225624
533	2025-07-23T05:00:00Z	2.118000	0.974387	-0.028203
534	2025-07-23T06:00:00Z	2.006000	0.933983	-0.353747
535	2025-07-23T07:00:00Z	1.679000	0.816017	-0.664786
536	2025-07-23T08:00:00Z	1.181000	0.636364	-0.856567
537	2025-07-23T09:00:00Z	0.616000	0.432540	-0.858179
538	2025-07-23T10:00:00Z	0.116000	0.252165	-0.672844
539	2025-07-23T11:00:00Z	-0.219000	0.131313	-0.376309
540	2025-07-23T12:00:00Z	-0.351000	0.083694	-0.058824
541	2025-07-23T13:00:00Z	-0.292000	0.104978	0.218372
542	2025-07-23T14:00:00Z	-0.080000	0.181457	0.423046
543	2025-07-23T15:00:00Z	0.233000	0.294372	0.550363
544	2025-07-23T16:00:00Z	0.603000	0.427850	0.605963
545	2025-07-23T17:00:00Z	0.985000	0.565657	0.564867
546	2025-07-23T18:00:00Z	1.304000	0.680736	0.399678
547	2025-07-23T19:00:00Z	1.481000	0.744589	0.141821
548	2025-07-23T20:00:00Z	1.480000	0.744228	-0.118453
549	2025-07-23T21:00:00Z	1.334000	0.691558	-0.280419
550	2025-07-23T22:00:00Z	1.132000	0.618687	-0.283642
551	2025-07-23T23:00:00Z	0.982000	0.564574	-0.144239
552	2025-07-24T00:00:00Z	0.953000	0.554113	0.064464
553	2025-07-24T01:00:00Z	1.062000	0.593434	0.269944
554	2025-07-24T02:00:00Z	1.288000	0.674964	0.410153
555	2025-07-24T03:00:00Z	1.571000	0.777056	0.448026
556	2025-07-24T04:00:00Z	1.844000	0.875541	0.381950
557	2025-07-24T05:00:00Z	2.045000	0.948052	0.211120
558	2025-07-24T06:00:00Z	2.106000	0.970058	-0.067687
559	2025-07-24T07:00:00Z	1.961000	0.917749	-0.411765
560	2025-07-24T08:00:00Z	1.595000	0.785714	-0.719581
561	2025-07-24T09:00:00Z	1.068000	0.595599	-0.883965
562	2025-07-24T10:00:00Z	0.498000	0.389971	-0.846092
563	2025-07-24T11:00:00Z	0.018000	0.216811	-0.625302
564	2025-07-24T12:00:00Z	-0.278000	0.110029	-0.307816
565	2025-07-24T13:00:00Z	-0.364000	0.079004	0.015310
566	2025-07-24T14:00:00Z	-0.259000	0.116883	0.287671
567	2025-07-24T15:00:00Z	-0.007000	0.207792	0.481064
568	2025-07-24T16:00:00Z	0.338000	0.332251	0.593876
569	2025-07-24T17:00:00Z	0.730000	0.473665	0.626108
570	2025-07-24T18:00:00Z	1.115000	0.612554	0.547945
571	2025-07-24T19:00:00Z	1.410000	0.718975	0.341660
572	2025-07-24T20:00:00Z	1.539000	0.765512	0.058018
573	2025-07-24T21:00:00Z	1.482000	0.744949	-0.200645
574	2025-07-24T22:00:00Z	1.290000	0.675685	-0.336019
575	2025-07-24T23:00:00Z	1.065000	0.594517	-0.302176
576	2025-07-25T00:00:00Z	0.915000	0.540404	-0.132957
577	2025-07-25T01:00:00Z	0.900000	0.534993	0.091056
578	2025-07-25T02:00:00Z	1.028000	0.581169	0.297341
579	2025-07-25T03:00:00Z	1.269000	0.668110	0.428687
580	2025-07-25T04:00:00Z	1.560000	0.773088	0.452861
581	2025-07-25T05:00:00Z	1.831000	0.870851	0.368251
582	2025-07-25T06:00:00Z	2.017000	0.937951	0.174859
583	2025-07-25T07:00:00Z	2.048000	0.949134	-0.123288
584	2025-07-25T08:00:00Z	1.864000	0.882756	-0.469782
585	2025-07-25T09:00:00Z	1.465000	0.738817	-0.755036
586	2025-07-25T10:00:00Z	0.927000	0.544733	-0.877518
587	2025-07-25T11:00:00Z	0.376000	0.345960	-0.792103
588	2025-07-25T12:00:00Z	-0.056000	0.190115	-0.537470
589	2025-07-25T13:00:00Z	-0.291000	0.105339	-0.209508
590	2025-07-25T14:00:00Z	-0.316000	0.096320	0.106366
591	2025-07-25T15:00:00Z	-0.159000	0.152958	0.360999
592	2025-07-25T16:00:00Z	0.132000	0.257937	0.531023
593	2025-07-25T17:00:00Z	0.500000	0.390693	0.616438
594	2025-07-25T18:00:00Z	0.897000	0.533911	0.611604
595	2025-07-25T19:00:00Z	1.259000	0.664502	0.488316
596	2025-07-25T20:00:00Z	1.503000	0.752525	0.246575
597	2025-07-25T21:00:00Z	1.565000	0.774892	-0.045931
598	2025-07-25T22:00:00Z	1.446000	0.731962	-0.282836
599	2025-07-25T23:00:00Z	1.214000	0.648268	-0.376309
600	2025-07-26T00:00:00Z	0.979000	0.563492	-0.299758
601	2025-07-26T01:00:00Z	0.842000	0.514069	-0.105560
602	2025-07-26T02:00:00Z	0.848000	0.516234	0.124093
603	2025-07-26T03:00:00Z	0.996000	0.569625	0.321515
604	2025-07-26T04:00:00Z	1.247000	0.660173	0.434327
605	2025-07-26T05:00:00Z	1.535000	0.764069	0.438356
606	2025-07-26T06:00:00Z	1.791000	0.856421	0.333602
607	2025-07-26T07:00:00Z	1.949000	0.913420	0.120064
608	2025-07-26T08:00:00Z	1.940000	0.910173	-0.187752
609	2025-07-26T09:00:00Z	1.716000	0.829365	-0.518131
610	2025-07-26T10:00:00Z	1.297000	0.678211	-0.759871
611	2025-07-26T11:00:00Z	0.773000	0.489177	-0.825947
612	2025-07-26T12:00:00Z	0.272000	0.308442	-0.692990
613	2025-07-26T13:00:00Z	-0.087000	0.178932	-0.416600
614	2025-07-26T14:00:00Z	-0.245000	0.121934	-0.094279
615	2025-07-26T15:00:00Z	-0.204000	0.136724	0.200645
616	2025-07-26T16:00:00Z	0.004000	0.211760	0.427075
617	2025-07-26T17:00:00Z	0.326000	0.327922	0.563255
618	2025-07-26T18:00:00Z	0.703000	0.463925	0.609992
619	2025-07-26T19:00:00Z	1.083000	0.601010	0.560838
620	2025-07-26T20:00:00Z	1.399000	0.715007	0.393231
621	2025-07-26T21:00:00Z	1.571000	0.777056	0.126511
622	2025-07-26T22:00:00Z	1.556000	0.771645	-0.154714
623	2025-07-26T23:00:00Z	1.379000	0.707792	-0.351330
624	2025-07-27T00:00:00Z	1.120000	0.614358	-0.393231
625	2025-07-27T01:00:00Z	0.891000	0.531746	-0.278002
626	2025-07-27T02:00:00Z	0.775000	0.489899	-0.070911
627	2025-07-27T03:00:00Z	0.803000	0.500000	0.153102
628	2025-07-27T04:00:00Z	0.965000	0.558442	0.333602
629	2025-07-27T05:00:00Z	1.217000	0.649351	0.423046
630	2025-07-27T06:00:00Z	1.490000	0.747835	0.402901
631	2025-07-27T07:00:00Z	1.717000	0.829726	0.278807
632	2025-07-27T08:00:00Z	1.836000	0.872655	0.053183
633	2025-07-27T09:00:00Z	1.783000	0.853535	-0.246575
634	2025-07-27T10:00:00Z	1.530000	0.762266	-0.538276
635	2025-07-27T11:00:00Z	1.115000	0.612554	-0.721998
636	2025-07-27T12:00:00Z	0.634000	0.439033	-0.729251
637	2025-07-27T13:00:00Z	0.210000	0.286075	-0.558421
638	2025-07-27T14:00:00Z	-0.059000	0.189033	-0.277196
639	2025-07-27T15:00:00Z	-0.134000	0.161977	0.024980
640	2025-07-27T16:00:00Z	-0.028000	0.200216	0.287671
641	2025-07-27T17:00:00Z	0.223000	0.290765	0.475423
642	2025-07-27T18:00:00Z	0.562000	0.413059	0.568090
643	2025-07-27T19:00:00Z	0.928000	0.545094	0.568896
644	2025-07-27T20:00:00Z	1.268000	0.667749	0.473811
645	2025-07-27T21:00:00Z	1.516000	0.757215	0.271555
646	2025-07-27T22:00:00Z	1.605000	0.789322	0.000000
647	2025-07-27T23:00:00Z	1.516000	0.757215	-0.252216
648	2025-07-28T00:00:00Z	1.292000	0.676407	-0.398066
649	2025-07-28T01:00:00Z	1.022000	0.579004	-0.390008
650	2025-07-28T02:00:00Z	0.808000	0.501804	-0.245770
651	2025-07-28T03:00:00Z	0.717000	0.468975	-0.035455
652	2025-07-28T04:00:00Z	0.764000	0.485931	0.172442
653	2025-07-28T05:00:00Z	0.931000	0.546176	0.327961
654	2025-07-28T06:00:00Z	1.171000	0.632756	0.391620
655	2025-07-28T07:00:00Z	1.417000	0.721501	0.350524
656	2025-07-28T08:00:00Z	1.606000	0.789683	0.212732
657	2025-07-28T09:00:00Z	1.681000	0.816739	-0.009670
658	2025-07-28T10:00:00Z	1.594000	0.785354	-0.279613
659	2025-07-28T11:00:00Z	1.334000	0.691558	-0.518131
660	2025-07-28T12:00:00Z	0.951000	0.553391	-0.638195
661	2025-07-28T13:00:00Z	0.542000	0.405844	-0.594682
662	2025-07-28T14:00:00Z	0.213000	0.287157	-0.403707
663	2025-07-28T15:00:00Z	0.041000	0.225108	-0.136986
664	2025-07-28T16:00:00Z	0.043000	0.225830	0.129734
665	2025-07-28T17:00:00Z	0.202000	0.283189	0.351330
666	2025-07-28T18:00:00Z	0.479000	0.383117	0.493956
667	2025-07-28T19:00:00Z	0.815000	0.504329	0.539887
668	2025-07-28T20:00:00Z	1.149000	0.624820	0.495568
669	2025-07-28T21:00:00Z	1.430000	0.726190	0.360193
670	2025-07-28T22:00:00Z	1.596000	0.786075	0.138598
671	2025-07-28T23:00:00Z	1.602000	0.788240	-0.118453
672	2025-07-29T00:00:00Z	1.449000	0.733045	-0.327961
673	2025-07-29T01:00:00Z	1.195000	0.641414	-0.420629
674	2025-07-29T02:00:00Z	0.927000	0.544733	-0.370669
675	2025-07-29T03:00:00Z	0.735000	0.475469	-0.211926
676	2025-07-29T04:00:00Z	0.664000	0.449856	-0.011281
677	2025-07-29T05:00:00Z	0.721000	0.470418	0.176471
678	2025-07-29T06:00:00Z	0.883000	0.528860	0.307010
679	2025-07-29T07:00:00Z	1.102000	0.607864	0.346495
680	2025-07-29T08:00:00Z	1.313000	0.683983	0.289283
681	2025-07-29T09:00:00Z	1.461000	0.737374	0.152297
682	2025-07-29T10:00:00Z	1.502000	0.752165	-0.049154
683	2025-07-29T11:00:00Z	1.400000	0.715368	-0.276390
684	2025-07-29T12:00:00Z	1.159000	0.628427	-0.453666
685	2025-07-29T13:00:00Z	0.837000	0.512266	-0.514907
686	2025-07-29T14:00:00Z	0.520000	0.397908	-0.439162
687	2025-07-29T15:00:00Z	0.292000	0.315657	-0.251410
688	2025-07-29T16:00:00Z	0.208000	0.285354	-0.016922
689	2025-07-29T17:00:00Z	0.271000	0.308081	0.205479
690	2025-07-29T18:00:00Z	0.463000	0.377345	0.381950
691	2025-07-29T19:00:00Z	0.745000	0.479076	0.477840
692	2025-07-29T20:00:00Z	1.056000	0.591270	0.481064
693	2025-07-29T21:00:00Z	1.342000	0.694444	0.398872
694	2025-07-29T22:00:00Z	1.551000	0.769841	0.236906
695	2025-07-29T23:00:00Z	1.636000	0.800505	0.013699
696	2025-07-30T00:00:00Z	1.568000	0.775974	-0.215955
697	2025-07-30T01:00:00Z	1.368000	0.703824	-0.378727
698	2025-07-30T02:00:00Z	1.098000	0.606421	-0.424658
699	2025-07-30T03:00:00Z	0.841000	0.513709	-0.346495
700	2025-07-30T04:00:00Z	0.668000	0.451299	-0.185334
701	2025-07-30T05:00:00Z	0.611000	0.430736	-0.000806
702	2025-07-30T06:00:00Z	0.667000	0.450938	0.164384
703	2025-07-30T07:00:00Z	0.815000	0.504329	0.273167
704	2025-07-30T08:00:00Z	1.006000	0.573232	0.295729
705	2025-07-30T09:00:00Z	1.182000	0.636724	0.236100
706	2025-07-30T10:00:00Z	1.299000	0.678932	0.114424
707	2025-07-30T11:00:00Z	1.324000	0.687951	-0.053989
708	2025-07-30T12:00:00Z	1.232000	0.654762	-0.229654
709	2025-07-30T13:00:00Z	1.039000	0.585137	-0.350524
710	2025-07-30T14:00:00Z	0.797000	0.497835	-0.373086
711	2025-07-30T15:00:00Z	0.576000	0.418110	-0.288477
712	2025-07-30T16:00:00Z	0.439000	0.368687	-0.124899
713	2025-07-30T17:00:00Z	0.421000	0.362193	0.066882
714	2025-07-30T18:00:00Z	0.522000	0.398629	0.243352
715	2025-07-30T19:00:00Z	0.723000	0.471140	0.376309
716	2025-07-30T20:00:00Z	0.989000	0.567100	0.433521
717	2025-07-30T21:00:00Z	1.261000	0.665224	0.402095
718	2025-07-30T22:00:00Z	1.488000	0.747114	0.294923
719	2025-07-30T23:00:00Z	1.627000	0.797258	0.122482
720	2025-07-31T00:00:00Z	1.640000	0.801948	-0.090250
721	2025-07-31T01:00:00Z	1.515000	0.756854	-0.286060
722	2025-07-31T02:00:00Z	1.285000	0.673882	-0.406124
723	2025-07-31T03:00:00Z	1.011000	0.575036	-0.419823
724	2025-07-31T04:00:00Z	0.764000	0.485931	-0.328767
725	2025-07-31T05:00:00Z	0.603000	0.427850	-0.174053
726	2025-07-31T06:00:00Z	0.548000	0.408009	-0.005641
727	2025-07-31T07:00:00Z	0.596000	0.425325	0.142627
728	2025-07-31T08:00:00Z	0.725000	0.471861	0.236906
729	2025-07-31T09:00:00Z	0.890000	0.531385	0.253828
730	2025-07-31T10:00:00Z	1.040000	0.585498	0.204674
731	2025-07-31T11:00:00Z	1.144000	0.623016	0.108783
732	2025-07-31T12:00:00Z	1.175000	0.634199	-0.020145
733	2025-07-31T13:00:00Z	1.119000	0.613997	-0.147462
734	2025-07-31T14:00:00Z	0.992000	0.568182	-0.229654
735	2025-07-31T15:00:00Z	0.834000	0.511183	-0.238517
736	2025-07-31T16:00:00Z	0.696000	0.461400	-0.167607
737	2025-07-31T17:00:00Z	0.626000	0.436147	-0.040290
738	2025-07-31T18:00:00Z	0.646000	0.443362	0.107172
739	2025-07-31T19:00:00Z	0.759000	0.484127	0.245770
740	2025-07-31T20:00:00Z	0.951000	0.553391	0.344883
741	2025-07-31T21:00:00Z	1.187000	0.638528	0.373086
742	2025-07-31T22:00:00Z	1.414000	0.720418	0.320709
743	2025-07-31T23:00:00Z	1.585000	0.782107	0.202256
744	2025-08-01T00:00:00Z	1.665000	0.810967	0.030620
745	2025-08-01T01:00:00Z	1.623000	0.795815	-0.165189
746	2025-08-01T02:00:00Z	1.460000	0.737013	-0.331185
747	2025-08-01T03:00:00Z	1.212000	0.647547	-0.423046
748	2025-08-01T04:00:00Z	0.935000	0.547619	-0.419017
749	2025-08-01T05:00:00Z	0.692000	0.459957	-0.325544
750	2025-08-01T06:00:00Z	0.531000	0.401876	-0.178888
751	2025-08-01T07:00:00Z	0.470000	0.379870	-0.020145
752	2025-08-01T08:00:00Z	0.506000	0.392857	0.120064
753	2025-08-01T09:00:00Z	0.619000	0.433622	0.210314
754	2025-08-01T10:00:00Z	0.767000	0.487013	0.232877
755	2025-08-01T11:00:00Z	0.908000	0.537879	0.203062
756	2025-08-01T12:00:00Z	1.019000	0.577922	0.137792
757	2025-08-01T13:00:00Z	1.079000	0.599567	0.045931
758	2025-08-01T14:00:00Z	1.076000	0.598485	-0.049960
759	2025-08-01T15:00:00Z	1.017000	0.577201	-0.117647
760	2025-08-01T16:00:00Z	0.930000	0.545815	-0.134569
761	2025-08-01T17:00:00Z	0.850000	0.516955	-0.093473
762	2025-08-01T18:00:00Z	0.814000	0.503968	-0.003223
763	2025-08-01T19:00:00Z	0.846000	0.515512	0.110395
764	2025-08-01T20:00:00Z	0.951000	0.553391	0.223207
765	2025-08-01T21:00:00Z	1.123000	0.615440	0.304593
766	2025-08-01T22:00:00Z	1.329000	0.689755	0.316680
767	2025-08-01T23:00:00Z	1.516000	0.757215	0.254633
768	2025-08-02T00:00:00Z	1.645000	0.803752	0.133763
769	2025-08-02T01:00:00Z	1.682000	0.817100	-0.033038
770	2025-08-02T02:00:00Z	1.604000	0.788961	-0.214343
771	2025-08-02T03:00:00Z	1.416000	0.721140	-0.365028
772	2025-08-02T04:00:00Z	1.151000	0.625541	-0.444803
773	2025-08-02T05:00:00Z	0.864000	0.522006	-0.431910
774	2025-08-02T06:00:00Z	0.615000	0.432179	-0.336825
775	2025-08-02T07:00:00Z	0.446000	0.371212	-0.192587
776	2025-08-02T08:00:00Z	0.376000	0.345960	-0.033844
777	2025-08-02T09:00:00Z	0.404000	0.356061	0.107977
778	2025-08-02T10:00:00Z	0.510000	0.394300	0.202256
779	2025-08-02T11:00:00Z	0.655000	0.446609	0.238517
780	2025-08-02T12:00:00Z	0.806000	0.501082	0.232877
781	2025-08-02T13:00:00Z	0.944000	0.550866	0.195004
782	2025-08-02T14:00:00Z	1.048000	0.588384	0.124899
783	2025-08-02T15:00:00Z	1.099000	0.606782	0.037067
784	2025-08-02T16:00:00Z	1.094000	0.604978	-0.039484
785	2025-08-02T17:00:00Z	1.050000	0.589105	-0.078969
786	2025-08-02T18:00:00Z	0.996000	0.569625	-0.066076
787	2025-08-02T19:00:00Z	0.968000	0.559524	-0.003223
788	2025-08-02T20:00:00Z	0.992000	0.568182	0.092667
789	2025-08-02T21:00:00Z	1.083000	0.601010	0.196616
790	2025-08-02T22:00:00Z	1.236000	0.656205	0.270749
791	2025-08-02T23:00:00Z	1.419000	0.722222	0.278807
792	2025-08-03T00:00:00Z	1.582000	0.781025	0.214343
793	2025-08-03T01:00:00Z	1.685000	0.818182	0.093473
794	2025-08-03T02:00:00Z	1.698000	0.822872	-0.071716
795	2025-08-03T03:00:00Z	1.596000	0.786075	-0.253828
796	2025-08-03T04:00:00Z	1.383000	0.709235	-0.402901
797	2025-08-03T05:00:00Z	1.096000	0.605700	-0.478646
798	2025-08-03T06:00:00Z	0.789000	0.494949	-0.461724
799	2025-08-03T07:00:00Z	0.523000	0.398990	-0.358582
800	2025-08-03T08:00:00Z	0.344000	0.334416	-0.204674
801	2025-08-03T09:00:00Z	0.269000	0.307359	-0.036261
802	2025-08-03T10:00:00Z	0.299000	0.318182	0.116035
803	2025-08-03T11:00:00Z	0.413000	0.359307	0.221595
804	2025-08-03T12:00:00Z	0.574000	0.417388	0.273167
805	2025-08-03T13:00:00Z	0.752000	0.481602	0.286060
806	2025-08-03T14:00:00Z	0.929000	0.545455	0.261886
807	2025-08-03T15:00:00Z	1.077000	0.598846	0.192587
808	2025-08-03T16:00:00Z	1.168000	0.631674	0.092667
809	2025-08-03T17:00:00Z	1.192000	0.640332	-0.007252
810	2025-08-03T18:00:00Z	1.159000	0.628427	-0.072522
811	2025-08-03T19:00:00Z	1.102000	0.607864	-0.077357
812	2025-08-03T20:00:00Z	1.063000	0.593795	-0.022562
813	2025-08-03T21:00:00Z	1.074000	0.597763	0.074940
814	2025-08-03T22:00:00Z	1.156000	0.627345	0.184529
815	2025-08-03T23:00:00Z	1.303000	0.680375	0.260274
816	2025-08-04T00:00:00Z	1.479000	0.743867	0.265915
817	2025-08-04T01:00:00Z	1.633000	0.799423	0.199839
818	2025-08-04T02:00:00Z	1.727000	0.833333	0.073328
819	2025-08-04T03:00:00Z	1.724000	0.832251	-0.103948
820	2025-08-04T04:00:00Z	1.598000	0.786797	-0.298147
821	2025-08-04T05:00:00Z	1.354000	0.698773	-0.456084
822	2025-08-04T06:00:00Z	1.032000	0.582612	-0.531023
823	2025-08-04T07:00:00Z	0.695000	0.461039	-0.501209
824	2025-08-04T08:00:00Z	0.410000	0.358225	-0.379533
825	2025-08-04T09:00:00Z	0.224000	0.291126	-0.203868
826	2025-08-04T10:00:00Z	0.157000	0.266955	-0.015310
827	2025-08-04T11:00:00Z	0.205000	0.284271	0.150685
828	2025-08-04T12:00:00Z	0.344000	0.334416	0.265109
829	2025-08-04T13:00:00Z	0.534000	0.402958	0.327961
830	2025-08-04T14:00:00Z	0.751000	0.481241	0.351330
831	2025-08-04T15:00:00Z	0.970000	0.560245	0.321515
832	2025-08-04T16:00:00Z	1.150000	0.625180	0.231265
833	2025-08-04T17:00:00Z	1.257000	0.663781	0.103143
834	2025-08-04T18:00:00Z	1.278000	0.671356	-0.024174
835	2025-08-04T19:00:00Z	1.227000	0.652958	-0.104754
836	2025-08-04T20:00:00Z	1.148000	0.624459	-0.107172
837	2025-08-04T21:00:00Z	1.094000	0.604978	-0.037067
838	2025-08-04T22:00:00Z	1.102000	0.607864	0.076551
839	2025-08-04T23:00:00Z	1.189000	0.639250	0.197421
840	2025-08-05T00:00:00Z	1.347000	0.696248	0.275584
841	2025-08-05T01:00:00Z	1.531000	0.762626	0.276390
842	2025-08-05T02:00:00Z	1.690000	0.819986	0.201450
843	2025-08-05T03:00:00Z	1.781000	0.852814	0.058018
844	2025-08-05T04:00:00Z	1.762000	0.845960	-0.144239
845	2025-08-05T05:00:00Z	1.602000	0.788240	-0.362611
846	2025-08-05T06:00:00Z	1.312000	0.683622	-0.530218
847	2025-08-05T07:00:00Z	0.944000	0.550866	-0.596293
848	2025-08-05T08:00:00Z	0.572000	0.416667	-0.540693
849	2025-08-05T09:00:00Z	0.273000	0.308802	-0.384367
850	2025-08-05T10:00:00Z	0.095000	0.244589	-0.178082
851	2025-08-05T11:00:00Z	0.052000	0.229076	0.032232
852	2025-08-05T12:00:00Z	0.135000	0.259019	0.210314
853	2025-08-05T13:00:00Z	0.313000	0.323232	0.330379
854	2025-08-05T14:00:00Z	0.545000	0.406926	0.395649
855	2025-08-05T15:00:00Z	0.804000	0.500361	0.410153
856	2025-08-05T16:00:00Z	1.054000	0.590548	0.355359
857	2025-08-05T17:00:00Z	1.245000	0.659452	0.228848
858	2025-08-05T18:00:00Z	1.338000	0.693001	0.065270
859	2025-08-05T19:00:00Z	1.326000	0.688672	-0.079774
860	2025-08-05T20:00:00Z	1.239000	0.657287	-0.153102
861	2025-08-05T21:00:00Z	1.136000	0.620130	-0.131346
862	2025-08-05T22:00:00Z	1.076000	0.598485	-0.033038
863	2025-08-05T23:00:00Z	1.095000	0.605339	0.103948
864	2025-08-06T00:00:00Z	1.205000	0.645022	0.236100
865	2025-08-06T01:00:00Z	1.388000	0.711039	0.311039
866	2025-08-06T02:00:00Z	1.591000	0.784271	0.298952
867	2025-08-06T03:00:00Z	1.759000	0.844877	0.204674
868	2025-08-06T04:00:00Z	1.845000	0.875902	0.030620
869	2025-08-06T05:00:00Z	1.797000	0.858586	-0.207091
870	2025-08-06T06:00:00Z	1.588000	0.783189	-0.449637
871	2025-08-06T07:00:00Z	1.239000	0.657287	-0.619662
872	2025-08-06T08:00:00Z	0.819000	0.505772	-0.661563
873	2025-08-06T09:00:00Z	0.418000	0.361111	-0.563255
874	2025-08-06T10:00:00Z	0.120000	0.253608	-0.361805
875	2025-08-06T11:00:00Z	-0.031000	0.199134	-0.120870
876	2025-08-06T12:00:00Z	-0.030000	0.199495	0.108783
877	2025-08-06T13:00:00Z	0.104000	0.247835	0.290894
878	2025-08-06T14:00:00Z	0.331000	0.329726	0.406124
879	2025-08-06T15:00:00Z	0.608000	0.429654	0.460113
880	2025-08-06T16:00:00Z	0.902000	0.535714	0.449637
881	2025-08-06T17:00:00Z	1.166000	0.630952	0.352941
882	2025-08-06T18:00:00Z	1.340000	0.693723	0.181305
883	2025-08-06T19:00:00Z	1.391000	0.712121	-0.010475
884	2025-08-06T20:00:00Z	1.327000	0.689033	-0.155520
885	2025-08-06T21:00:00Z	1.198000	0.642496	-0.201450
886	2025-08-06T22:00:00Z	1.077000	0.598846	-0.137792
887	2025-08-06T23:00:00Z	1.027000	0.580808	-0.000806
888	2025-08-07T00:00:00Z	1.076000	0.598485	0.158743
889	2025-08-07T01:00:00Z	1.224000	0.651876	0.292506
890	2025-08-07T02:00:00Z	1.439000	0.729437	0.353747
891	2025-08-07T03:00:00Z	1.663000	0.810245	0.319903
892	2025-08-07T04:00:00Z	1.836000	0.872655	0.194198
893	2025-08-07T05:00:00Z	1.904000	0.897186	-0.020145
894	2025-08-07T06:00:00Z	1.811000	0.863636	-0.295729
895	2025-08-07T07:00:00Z	1.537000	0.764791	-0.553586
896	2025-08-07T08:00:00Z	1.124000	0.615801	-0.709106
897	2025-08-07T09:00:00Z	0.657000	0.447330	-0.709106
898	2025-08-07T10:00:00Z	0.244000	0.298341	-0.553586
899	2025-08-07T11:00:00Z	-0.030000	0.199495	-0.302981
900	2025-08-07T12:00:00Z	-0.132000	0.162698	-0.033038
901	2025-08-07T13:00:00Z	-0.071000	0.184704	0.206285
902	2025-08-07T14:00:00Z	0.124000	0.255051	0.382756
903	2025-08-07T15:00:00Z	0.404000	0.356061	0.482675
904	2025-08-07T16:00:00Z	0.723000	0.471140	0.510878
905	2025-08-07T17:00:00Z	1.038000	0.584776	0.456890
906	2025-08-07T18:00:00Z	1.290000	0.675685	0.307010
907	2025-08-07T19:00:00Z	1.419000	0.722222	0.092667
908	2025-08-07T20:00:00Z	1.405000	0.717172	-0.112812
909	2025-08-07T21:00:00Z	1.279000	0.671717	-0.235294
910	2025-08-07T22:00:00Z	1.113000	0.611833	-0.232071
911	2025-08-07T23:00:00Z	0.991000	0.567821	-0.116841
912	2025-08-08T00:00:00Z	0.968000	0.559524	0.054795
913	2025-08-08T01:00:00Z	1.059000	0.592352	0.228042
914	2025-08-08T02:00:00Z	1.251000	0.661616	0.354553
915	2025-08-08T03:00:00Z	1.499000	0.751082	0.391620
916	2025-08-08T04:00:00Z	1.737000	0.836941	0.326350
917	2025-08-08T05:00:00Z	1.904000	0.897186	0.161966
918	2025-08-08T06:00:00Z	1.938000	0.909452	-0.095890
919	2025-08-08T07:00:00Z	1.785000	0.854257	-0.401289
920	2025-08-08T08:00:00Z	1.440000	0.729798	-0.659146
921	2025-08-08T09:00:00Z	0.967000	0.559163	-0.780016
922	2025-08-08T10:00:00Z	0.472000	0.380592	-0.719581
923	2025-08-08T11:00:00Z	0.074000	0.237013	-0.502015
924	2025-08-08T12:00:00Z	-0.151000	0.155844	-0.209508
925	2025-08-08T13:00:00Z	-0.186000	0.143218	0.079774
926	2025-08-08T14:00:00Z	-0.052000	0.191558	0.317486
927	2025-08-08T15:00:00Z	0.208000	0.285354	0.475423
928	2025-08-08T16:00:00Z	0.538000	0.404401	0.545528
929	2025-08-08T17:00:00Z	0.885000	0.529582	0.531023
930	2025-08-08T18:00:00Z	1.197000	0.642136	0.423046
931	2025-08-08T19:00:00Z	1.410000	0.718975	0.219178
932	2025-08-08T20:00:00Z	1.469000	0.740260	-0.026591
933	2025-08-08T21:00:00Z	1.377000	0.707071	-0.225624
934	2025-08-08T22:00:00Z	1.189000	0.639250	-0.305399
935	2025-08-08T23:00:00Z	0.998000	0.570346	-0.240129
936	2025-08-09T00:00:00Z	0.891000	0.531746	-0.072522
937	2025-08-09T01:00:00Z	0.908000	0.537879	0.126511
938	2025-08-09T02:00:00Z	1.048000	0.588384	0.301370
939	2025-08-09T03:00:00Z	1.282000	0.672799	0.407736
940	2025-08-09T04:00:00Z	1.554000	0.770924	0.414182
941	2025-08-09T05:00:00Z	1.796000	0.858225	0.311845
942	2025-08-09T06:00:00Z	1.941000	0.910534	0.105560
943	2025-08-09T07:00:00Z	1.927000	0.905483	-0.187752
944	2025-08-09T08:00:00Z	1.708000	0.826479	-0.505238
945	2025-08-09T09:00:00Z	1.300000	0.679293	-0.742143
946	2025-08-09T10:00:00Z	0.787000	0.494228	-0.810637
947	2025-08-09T11:00:00Z	0.294000	0.316378	-0.681708
948	2025-08-09T12:00:00Z	-0.059000	0.189033	-0.407736
949	2025-08-09T13:00:00Z	-0.212000	0.133838	-0.086221
950	2025-08-09T14:00:00Z	-0.166000	0.150433	0.204674
951	2025-08-09T15:00:00Z	0.042000	0.225469	0.425463
952	2025-08-09T16:00:00Z	0.362000	0.340909	0.552780
953	2025-08-09T17:00:00Z	0.728000	0.472944	0.580177
954	2025-08-09T18:00:00Z	1.082000	0.600649	0.514102
955	2025-08-09T19:00:00Z	1.366000	0.703102	0.346495
956	2025-08-09T20:00:00Z	1.512000	0.755772	0.095085
957	2025-08-09T21:00:00Z	1.484000	0.745671	-0.164384
958	2025-08-09T22:00:00Z	1.308000	0.682179	-0.335214
959	2025-08-09T23:00:00Z	1.068000	0.595599	-0.355359
960	2025-08-10T00:00:00Z	0.867000	0.523088	-0.227236
961	2025-08-10T01:00:00Z	0.786000	0.493867	-0.015310
962	2025-08-10T02:00:00Z	0.848000	0.516234	0.199033
963	2025-08-10T03:00:00Z	1.033000	0.582973	0.365028
964	2025-08-10T04:00:00Z	1.301000	0.679654	0.444803
965	2025-08-10T05:00:00Z	1.585000	0.782107	0.414988
966	2025-08-10T06:00:00Z	1.816000	0.865440	0.276390
967	2025-08-10T07:00:00Z	1.928000	0.905844	0.037067
968	2025-08-10T08:00:00Z	1.862000	0.882035	-0.277196
969	2025-08-10T09:00:00Z	1.584000	0.781746	-0.587429
970	2025-08-10T10:00:00Z	1.133000	0.619048	-0.781628
971	2025-08-10T11:00:00Z	0.614000	0.431818	-0.784851
972	2025-08-10T12:00:00Z	0.159000	0.267677	-0.593876
973	2025-08-10T13:00:00Z	-0.123000	0.165945	-0.279613
974	2025-08-10T14:00:00Z	-0.188000	0.142496	0.051571
975	2025-08-10T15:00:00Z	-0.059000	0.189033	0.326350
976	2025-08-10T16:00:00Z	0.217000	0.288600	0.514907
977	2025-08-10T17:00:00Z	0.580000	0.419553	0.599517
978	2025-08-10T18:00:00Z	0.961000	0.556999	0.576954
979	2025-08-10T19:00:00Z	1.296000	0.677850	0.452861
980	2025-08-10T20:00:00Z	1.523000	0.759740	0.231265
981	2025-08-10T21:00:00Z	1.583000	0.781385	-0.051571
982	2025-08-10T22:00:00Z	1.459000	0.736652	-0.303787
983	2025-08-10T23:00:00Z	1.206000	0.645382	-0.427881
984	2025-08-11T00:00:00Z	0.928000	0.545094	-0.382756
985	2025-08-11T01:00:00Z	0.731000	0.474026	-0.198227
986	2025-08-11T02:00:00Z	0.682000	0.456349	0.042707
987	2025-08-11T03:00:00Z	0.784000	0.493146	0.259468
988	2025-08-11T04:00:00Z	1.004000	0.572511	0.407736
989	2025-08-11T05:00:00Z	1.290000	0.675685	0.457695
990	2025-08-11T06:00:00Z	1.572000	0.777417	0.396454
991	2025-08-11T07:00:00Z	1.782000	0.853175	0.229654
992	2025-08-11T08:00:00Z	1.857000	0.880231	-0.029815
993	2025-08-11T09:00:00Z	1.745000	0.839827	-0.343272
994	2025-08-11T10:00:00Z	1.431000	0.726551	-0.623691
995	2025-08-11T11:00:00Z	0.971000	0.560606	-0.763094
996	2025-08-11T12:00:00Z	0.484000	0.384921	-0.702659
997	2025-08-11T13:00:00Z	0.099000	0.246032	-0.463336
998	2025-08-11T14:00:00Z	-0.091000	0.177489	-0.133763
999	2025-08-11T15:00:00Z	-0.067000	0.186147	0.182111
1000	2025-08-11T16:00:00Z	0.135000	0.259019	0.426269
1001	2025-08-11T17:00:00Z	0.462000	0.376984	0.572119
1002	2025-08-11T18:00:00Z	0.845000	0.515152	0.605157
1003	2025-08-11T19:00:00Z	1.213000	0.647908	0.529412
1004	2025-08-11T20:00:00Z	1.502000	0.752165	0.353747
1005	2025-08-11T21:00:00Z	1.652000	0.806277	0.090250
1006	2025-08-11T22:00:00Z	1.614000	0.792569	-0.203868
1007	2025-08-11T23:00:00Z	1.399000	0.715007	-0.427075
1008	2025-08-12T00:00:00Z	1.084000	0.601371	-0.496374
1009	2025-08-12T01:00:00Z	0.783000	0.492785	-0.391620
1010	2025-08-12T02:00:00Z	0.598000	0.426046	-0.165189
1011	2025-08-12T03:00:00Z	0.578000	0.418831	0.089444
1012	2025-08-12T04:00:00Z	0.709000	0.466089	0.298147
1013	2025-08-12T05:00:00Z	0.948000	0.552309	0.424658
1014	2025-08-12T06:00:00Z	1.236000	0.656205	0.448026
1015	2025-08-12T07:00:00Z	1.504000	0.752886	0.363417
1016	2025-08-12T08:00:00Z	1.687000	0.818903	0.183723
1017	2025-08-12T09:00:00Z	1.732000	0.835137	-0.074134
1018	2025-08-12T10:00:00Z	1.595000	0.785714	-0.367446
1019	2025-08-12T11:00:00Z	1.276000	0.670635	-0.601934
1020	2025-08-12T12:00:00Z	0.848000	0.516234	-0.682514
1021	2025-08-12T13:00:00Z	0.429000	0.365079	-0.573731
1022	2025-08-12T14:00:00Z	0.136000	0.259380	-0.313457
1023	2025-08-12T15:00:00Z	0.040000	0.224747	0.004029
1024	2025-08-12T16:00:00Z	0.141000	0.261183	0.286865
1025	2025-08-12T17:00:00Z	0.396000	0.353175	0.487510
1026	2025-08-12T18:00:00Z	0.746000	0.479437	0.585012
1027	2025-08-12T19:00:00Z	1.122000	0.615079	0.568896
1028	2025-08-12T20:00:00Z	1.452000	0.734127	0.446414
1029	2025-08-12T21:00:00Z	1.676000	0.814935	0.231265
1030	2025-08-12T22:00:00Z	1.739000	0.837662	-0.054795
1031	2025-08-12T23:00:00Z	1.608000	0.790404	-0.339243
1032	2025-08-13T00:00:00Z	1.318000	0.685786	-0.522965
1033	2025-08-13T01:00:00Z	0.959000	0.556277	-0.539081
1034	2025-08-13T02:00:00Z	0.649000	0.444444	-0.388396
1035	2025-08-13T03:00:00Z	0.477000	0.382395	-0.139404
1036	2025-08-13T04:00:00Z	0.476000	0.382035	0.113618
1037	2025-08-13T05:00:00Z	0.618000	0.433261	0.307010
1038	2025-08-13T06:00:00Z	0.857000	0.519481	0.414988
1039	2025-08-13T07:00:00Z	1.133000	0.619048	0.421434
1040	2025-08-13T08:00:00Z	1.380000	0.708153	0.328767
1041	2025-08-13T09:00:00Z	1.541000	0.766234	0.153908
1042	2025-08-13T10:00:00Z	1.571000	0.777056	-0.082998
1043	2025-08-13T11:00:00Z	1.438000	0.729076	-0.336825
1044	2025-08-13T12:00:00Z	1.153000	0.626263	-0.520548
1045	2025-08-13T13:00:00Z	0.792000	0.496032	-0.555197
1046	2025-08-13T14:00:00Z	0.464000	0.377706	-0.423046
1047	2025-08-13T15:00:00Z	0.267000	0.306638	-0.170830
1048	2025-08-13T16:00:00Z	0.252000	0.301227	0.112006
1049	2025-08-13T17:00:00Z	0.406000	0.356782	0.348106
1050	2025-08-13T18:00:00Z	0.684000	0.457071	0.502015
1051	2025-08-13T19:00:00Z	1.029000	0.581530	0.556003
1052	2025-08-13T20:00:00Z	1.374000	0.705988	0.499597
1053	2025-08-13T21:00:00Z	1.649000	0.805195	0.344077
1054	2025-08-13T22:00:00Z	1.801000	0.860029	0.107977
1055	2025-08-13T23:00:00Z	1.783000	0.853535	-0.179694
1056	2025-08-14T00:00:00Z	1.578000	0.779582	-0.441579
1057	2025-08-14T01:00:00Z	1.235000	0.655844	-0.585012
1058	2025-08-14T02:00:00Z	0.852000	0.517677	-0.560838
1059	2025-08-14T03:00:00Z	0.539000	0.404762	-0.385173
1060	2025-08-14T04:00:00Z	0.374000	0.345238	-0.132151
1061	2025-08-14T05:00:00Z	0.375000	0.345599	0.108783
1062	2025-08-14T06:00:00Z	0.509000	0.393939	0.287671
1063	2025-08-14T07:00:00Z	0.732000	0.474387	0.384367
1064	2025-08-14T08:00:00Z	0.986000	0.566017	0.386785
1065	2025-08-14T09:00:00Z	1.212000	0.647547	0.303787
1066	2025-08-14T10:00:00Z	1.363000	0.702020	0.153908
1067	2025-08-14T11:00:00Z	1.403000	0.716450	-0.046737
1068	2025-08-14T12:00:00Z	1.305000	0.681097	-0.255439
1069	2025-08-14T13:00:00Z	1.086000	0.602092	-0.394843
1070	2025-08-14T14:00:00Z	0.815000	0.504329	-0.406930
1071	2025-08-14T15:00:00Z	0.581000	0.419913	-0.281225
1072	2025-08-14T16:00:00Z	0.466000	0.378427	-0.062047
1073	2025-08-14T17:00:00Z	0.504000	0.392136	0.171636
1074	2025-08-14T18:00:00Z	0.679000	0.455267	0.360999
1075	2025-08-14T19:00:00Z	0.952000	0.553752	0.476229
1076	2025-08-14T20:00:00Z	1.270000	0.668470	0.497180
1077	2025-08-14T21:00:00Z	1.569000	0.776335	0.416600
1078	2025-08-14T22:00:00Z	1.787000	0.854978	0.247381
1079	2025-08-14T23:00:00Z	1.876000	0.887085	0.007252
1080	2025-08-15T00:00:00Z	1.796000	0.858225	-0.268332
1081	2025-08-15T01:00:00Z	1.543000	0.766955	-0.502820
1082	2025-08-15T02:00:00Z	1.172000	0.633117	-0.616438
1083	2025-08-15T03:00:00Z	0.778000	0.490981	-0.572925
1084	2025-08-15T04:00:00Z	0.461000	0.376623	-0.393231
1085	2025-08-15T05:00:00Z	0.290000	0.314935	-0.150685
1086	2025-08-15T06:00:00Z	0.274000	0.309163	0.075745
1087	2025-08-15T07:00:00Z	0.384000	0.348846	0.246575
1088	2025-08-15T08:00:00Z	0.580000	0.419553	0.344077
1089	2025-08-15T09:00:00Z	0.811000	0.502886	0.357776
1090	2025-08-15T10:00:00Z	1.024000	0.579726	0.301370
1091	2025-08-15T11:00:00Z	1.185000	0.637807	0.189363
1092	2025-08-15T12:00:00Z	1.259000	0.664502	0.030620
1093	2025-08-15T13:00:00Z	1.223000	0.651515	-0.137792
1094	2025-08-15T14:00:00Z	1.088000	0.602814	-0.254633
1095	2025-08-15T15:00:00Z	0.907000	0.537518	-0.270749
1096	2025-08-15T16:00:00Z	0.752000	0.481602	-0.176471
1097	2025-08-15T17:00:00Z	0.688000	0.458514	-0.004835
1098	2025-08-15T18:00:00Z	0.746000	0.479437	0.180500
1099	2025-08-15T19:00:00Z	0.912000	0.539322	0.331990
1100	2025-08-15T20:00:00Z	1.158000	0.628066	0.424658
1101	2025-08-15T21:00:00Z	1.439000	0.729437	0.431104
1102	2025-08-15T22:00:00Z	1.693000	0.821068	0.343272
1103	2025-08-15T23:00:00Z	1.865000	0.883117	0.176471
1104	2025-08-16T00:00:00Z	1.912000	0.900072	-0.053183
1105	2025-08-16T01:00:00Z	1.799000	0.859307	-0.312651
1106	2025-08-16T02:00:00Z	1.524000	0.760101	-0.529412
1107	2025-08-16T03:00:00Z	1.142000	0.622294	-0.630943
1108	2025-08-16T04:00:00Z	0.741000	0.477633	-0.587429
1109	2025-08-16T05:00:00Z	0.413000	0.359307	-0.420629
1110	2025-08-16T06:00:00Z	0.219000	0.289322	-0.194198
1111	2025-08-16T07:00:00Z	0.172000	0.272367	0.024980
1112	2025-08-16T08:00:00Z	0.250000	0.300505	0.198227
1113	2025-08-16T09:00:00Z	0.418000	0.361111	0.307010
1114	2025-08-16T10:00:00Z	0.631000	0.437951	0.345689
1115	2025-08-16T11:00:00Z	0.847000	0.515873	0.326350
1116	2025-08-16T12:00:00Z	1.036000	0.584055	0.256245
1117	2025-08-16T13:00:00Z	1.165000	0.630592	0.134569
1118	2025-08-16T14:00:00Z	1.203000	0.644300	-0.012087
1119	2025-08-16T15:00:00Z	1.150000	0.625180	-0.131346
1120	2025-08-16T16:00:00Z	1.040000	0.585498	-0.175665
1121	2025-08-16T17:00:00Z	0.932000	0.546537	-0.125705
1122	2025-08-16T18:00:00Z	0.884000	0.529221	-0.001612
1123	2025-08-16T19:00:00Z	0.930000	0.545815	0.148268
1124	2025-08-16T20:00:00Z	1.068000	0.595599	0.282836
1125	2025-08-16T21:00:00Z	1.281000	0.672439	0.369863
1126	2025-08-16T22:00:00Z	1.527000	0.761183	0.377115
1127	2025-08-16T23:00:00Z	1.749000	0.841270	0.298147
1128	2025-08-17T00:00:00Z	1.897000	0.894661	0.145044
1129	2025-08-17T01:00:00Z	1.929000	0.906205	-0.071716
1130	2025-08-17T02:00:00Z	1.808000	0.862554	-0.319903
1131	2025-08-17T03:00:00Z	1.532000	0.762987	-0.533441
1132	2025-08-17T04:00:00Z	1.146000	0.623737	-0.644641
1133	2025-08-17T05:00:00Z	0.732000	0.474387	-0.617244
1134	2025-08-17T06:00:00Z	0.380000	0.347403	-0.465753
1135	2025-08-17T07:00:00Z	0.154000	0.265873	-0.249799
1136	2025-08-17T08:00:00Z	0.070000	0.235570	-0.030620
1137	2025-08-17T09:00:00Z	0.116000	0.252165	0.156326
1138	2025-08-17T10:00:00Z	0.264000	0.305556	0.288477
1139	2025-08-17T11:00:00Z	0.474000	0.381313	0.357776
1140	2025-08-17T12:00:00Z	0.708000	0.465729	0.376309
1141	2025-08-17T13:00:00Z	0.941000	0.549784	0.343272
1142	2025-08-17T14:00:00Z	1.134000	0.619408	0.242546
1143	2025-08-17T15:00:00Z	1.242000	0.658369	0.093473
1144	2025-08-17T16:00:00Z	1.250000	0.661255	-0.051571
1145	2025-08-17T17:00:00Z	1.178000	0.635281	-0.137792
1146	2025-08-17T18:00:00Z	1.079000	0.599567	-0.130540
1147	2025-08-17T19:00:00Z	1.016000	0.576840	-0.038678
1148	2025-08-17T20:00:00Z	1.031000	0.582251	0.096696
1149	2025-08-17T21:00:00Z	1.136000	0.620130	0.233683
1150	2025-08-17T22:00:00Z	1.321000	0.686869	0.331185
1151	2025-08-17T23:00:00Z	1.547000	0.768398	0.352941
1152	2025-08-18T00:00:00Z	1.759000	0.844877	0.290089
1153	2025-08-18T01:00:00Z	1.907000	0.898268	0.150685
1154	2025-08-18T02:00:00Z	1.946000	0.912338	-0.058824
1155	2025-08-18T03:00:00Z	1.834000	0.871934	-0.311039
1156	2025-08-18T04:00:00Z	1.560000	0.773088	-0.538276
1157	2025-08-18T05:00:00Z	1.166000	0.630952	-0.668010
1158	2025-08-18T06:00:00Z	0.731000	0.474026	-0.659952
1159	2025-08-18T07:00:00Z	0.347000	0.335498	-0.520548
1160	2025-08-18T08:00:00Z	0.085000	0.240981	-0.303787
1161	2025-08-18T09:00:00Z	-0.030000	0.199495	-0.070105
1162	2025-08-18T10:00:00Z	-0.002000	0.209596	0.138598
1163	2025-08-18T11:00:00Z	0.142000	0.261544	0.294923
1164	2025-08-18T12:00:00Z	0.364000	0.341631	0.394843
1165	2025-08-18T13:00:00Z	0.632000	0.438312	0.443997
1166	2025-08-18T14:00:00Z	0.915000	0.540404	0.429492
1167	2025-08-18T15:00:00Z	1.165000	0.630592	0.327961
1168	2025-08-18T16:00:00Z	1.322000	0.687229	0.154714
1169	2025-08-18T17:00:00Z	1.357000	0.699856	-0.029815
1170	2025-08-18T18:00:00Z	1.285000	0.673882	-0.156326
1171	2025-08-18T19:00:00Z	1.163000	0.629870	-0.177276
1172	2025-08-18T20:00:00Z	1.065000	0.594517	-0.095085
1173	2025-08-18T21:00:00Z	1.045000	0.587302	0.049154
1174	2025-08-18T22:00:00Z	1.126000	0.616522	0.205479
1175	2025-08-18T23:00:00Z	1.300000	0.679293	0.322321
1176	2025-08-19T00:00:00Z	1.526000	0.760823	0.360193
1177	2025-08-19T01:00:00Z	1.747000	0.840548	0.311039
1178	2025-08-19T02:00:00Z	1.912000	0.900072	0.178888
1179	2025-08-19T03:00:00Z	1.969000	0.920635	-0.036261
1180	2025-08-19T04:00:00Z	1.867000	0.883838	-0.305399
1181	2025-08-19T05:00:00Z	1.590000	0.783911	-0.556003
1182	2025-08-19T06:00:00Z	1.177000	0.634921	-0.707494
1183	2025-08-19T07:00:00Z	0.712000	0.467172	-0.708300
1184	2025-08-19T08:00:00Z	0.298000	0.317821	-0.564867
1185	2025-08-19T09:00:00Z	0.011000	0.214286	-0.334408
1186	2025-08-19T10:00:00Z	-0.117000	0.168110	-0.079774
1187	2025-08-19T11:00:00Z	-0.088000	0.178571	0.151491
1188	2025-08-19T12:00:00Z	0.071000	0.235931	0.329573
1189	2025-08-19T13:00:00Z	0.321000	0.326118	0.449637
1190	2025-08-19T14:00:00Z	0.629000	0.437229	0.514102
1191	2025-08-19T15:00:00Z	0.959000	0.556277	0.496374
1192	2025-08-19T16:00:00Z	1.245000	0.659452	0.369863
1193	2025-08-19T17:00:00Z	1.418000	0.721861	0.158743
1194	2025-08-19T18:00:00Z	1.442000	0.730519	-0.065270
1195	2025-08-19T19:00:00Z	1.337000	0.692641	-0.217566
1196	2025-08-19T20:00:00Z	1.172000	0.633117	-0.242546
1197	2025-08-19T21:00:00Z	1.036000	0.584055	-0.145044
1198	2025-08-19T22:00:00Z	0.992000	0.568182	0.024980
1199	2025-08-19T23:00:00Z	1.067000	0.595238	0.207091
1200	2025-08-20T00:00:00Z	1.249000	0.660895	0.341660
1201	2025-08-20T01:00:00Z	1.491000	0.748196	0.390008
1202	2025-08-20T02:00:00Z	1.733000	0.835498	0.346495
1203	2025-08-20T03:00:00Z	1.921000	0.903319	0.209508
1204	2025-08-20T04:00:00Z	1.993000	0.929293	-0.024980
1205	2025-08-20T05:00:00Z	1.890000	0.892136	-0.319903
1206	2025-08-20T06:00:00Z	1.596000	0.786075	-0.592264
1207	2025-08-20T07:00:00Z	1.155000	0.626984	-0.753425
1208	2025-08-20T08:00:00Z	0.661000	0.448773	-0.747784
1209	2025-08-20T09:00:00Z	0.227000	0.292208	-0.583400
1210	2025-08-20T10:00:00Z	-0.063000	0.187590	-0.327156
1211	2025-08-20T11:00:00Z	-0.179000	0.145743	-0.050766
1212	2025-08-20T12:00:00Z	-0.126000	0.164863	0.197421
1213	2025-08-20T13:00:00Z	0.066000	0.234127	0.385979
1214	2025-08-20T14:00:00Z	0.353000	0.337662	0.511684
1215	2025-08-20T15:00:00Z	0.701000	0.463203	0.570508
1216	2025-08-20T16:00:00Z	1.061000	0.593074	0.526994
1217	2025-08-20T17:00:00Z	1.355000	0.699134	0.358582
1218	2025-08-20T18:00:00Z	1.506000	0.753608	0.105560
1219	2025-08-20T19:00:00Z	1.486000	0.746392	-0.145044
1220	2025-08-20T20:00:00Z	1.326000	0.688672	-0.299758
1221	2025-08-20T21:00:00Z	1.114000	0.612193	-0.302176
1222	2025-08-20T22:00:00Z	0.951000	0.553391	-0.170024
1223	2025-08-20T23:00:00Z	0.903000	0.536075	0.031426
1224	2025-08-21T00:00:00Z	0.990000	0.567460	0.236100
1225	2025-08-21T01:00:00Z	1.196000	0.641775	0.380338
1226	2025-08-21T02:00:00Z	1.462000	0.737734	0.427075
1227	2025-08-21T03:00:00Z	1.726000	0.832973	0.376309
1228	2025-08-21T04:00:00Z	1.929000	0.906205	0.221595
1229	2025-08-21T05:00:00Z	2.001000	0.932179	-0.040290
1230	2025-08-21T06:00:00Z	1.879000	0.888167	-0.360193
1231	2025-08-21T07:00:00Z	1.554000	0.770924	-0.641418
1232	2025-08-21T08:00:00Z	1.083000	0.601010	-0.791297
1233	2025-08-21T09:00:00Z	0.572000	0.416667	-0.756648
1234	2025-08-21T10:00:00Z	0.144000	0.262266	-0.558421
1235	2025-08-21T11:00:00Z	-0.121000	0.166667	-0.276390
1236	2025-08-21T12:00:00Z	-0.199000	0.138528	0.016922
1237	2025-08-21T13:00:00Z	-0.100000	0.174242	0.269944
1238	2025-08-21T14:00:00Z	0.136000	0.259380	0.452861
1239	2025-08-21T15:00:00Z	0.462000	0.376984	0.564867
1240	2025-08-21T16:00:00Z	0.837000	0.512266	0.596293
1241	2025-08-21T17:00:00Z	1.202000	0.643939	0.509267
1242	2025-08-21T18:00:00Z	1.469000	0.740260	0.293312
1243	2025-08-21T19:00:00Z	1.566000	0.775253	0.006446
1244	2025-08-21T20:00:00Z	1.477000	0.743146	-0.249799
1245	2025-08-21T21:00:00Z	1.256000	0.663420	-0.377115
1246	2025-08-21T22:00:00Z	1.009000	0.574315	-0.336019
1247	2025-08-21T23:00:00Z	0.839000	0.512987	-0.163578
1248	2025-08-22T00:00:00Z	0.806000	0.501082	0.066882
1249	2025-08-22T01:00:00Z	0.922000	0.542929	0.282836
1250	2025-08-22T02:00:00Z	1.157000	0.627706	0.421434
1251	2025-08-22T03:00:00Z	1.445000	0.731602	0.455278
1252	2025-08-22T04:00:00Z	1.722000	0.831530	0.385173
1253	2025-08-22T05:00:00Z	1.923000	0.904040	0.203062
1254	2025-08-22T06:00:00Z	1.974000	0.922439	-0.084609
1255	2025-08-22T07:00:00Z	1.818000	0.866162	-0.417405
1256	2025-08-22T08:00:00Z	1.456000	0.735570	-0.688155
1257	2025-08-22T09:00:00Z	0.964000	0.558081	-0.802579
1258	2025-08-22T10:00:00Z	0.460000	0.376263	-0.721998
1259	2025-08-22T11:00:00Z	0.068000	0.234848	-0.485898
1260	2025-08-22T12:00:00Z	-0.143000	0.158730	-0.182917
1261	2025-08-22T13:00:00Z	-0.159000	0.152958	0.114424
1262	2025-08-22T14:00:00Z	-0.001000	0.209957	0.355359
1263	2025-08-22T15:00:00Z	0.282000	0.312049	0.514907
1264	2025-08-22T16:00:00Z	0.638000	0.440476	0.594682
1265	2025-08-22T17:00:00Z	1.020000	0.578283	0.580177
1266	2025-08-22T18:00:00Z	1.358000	0.700216	0.439162
1267	2025-08-22T19:00:00Z	1.565000	0.774892	0.180500
1268	2025-08-22T20:00:00Z	1.582000	0.781025	-0.120870
1269	2025-08-22T21:00:00Z	1.415000	0.720779	-0.354553
1270	2025-08-22T22:00:00Z	1.142000	0.622294	-0.431910
1271	2025-08-22T23:00:00Z	0.879000	0.527417	-0.336825
1272	2025-08-23T00:00:00Z	0.724000	0.471501	-0.125705
1273	2025-08-23T01:00:00Z	0.723000	0.471140	0.121676
1274	2025-08-23T02:00:00Z	0.875000	0.525974	0.332796
1275	2025-08-23T03:00:00Z	1.136000	0.620130	0.452861
1276	2025-08-23T04:00:00Z	1.437000	0.728716	0.462530
1277	2025-08-23T05:00:00Z	1.710000	0.827201	0.365028
1278	2025-08-23T06:00:00Z	1.890000	0.892136	0.153908
1279	2025-08-23T07:00:00Z	1.901000	0.896104	-0.152297
1280	2025-08-23T08:00:00Z	1.701000	0.823954	-0.476229
1281	2025-08-23T09:00:00Z	1.310000	0.682900	-0.710717
1282	2025-08-23T10:00:00Z	0.819000	0.505772	-0.771152
1283	2025-08-23T11:00:00Z	0.353000	0.337662	-0.638195
1284	2025-08-23T12:00:00Z	0.027000	0.220058	-0.370669
1285	2025-08-23T13:00:00Z	-0.107000	0.171717	-0.060435
1286	2025-08-23T14:00:00Z	-0.048000	0.193001	0.223207
1287	2025-08-23T15:00:00Z	0.170000	0.271645	0.434327
1288	2025-08-23T16:00:00Z	0.491000	0.387446	0.556003
1289	2025-08-23T17:00:00Z	0.860000	0.520563	0.588235
1290	2025-08-23T18:00:00Z	1.221000	0.650794	0.518131
1291	2025-08-23T19:00:00Z	1.503000	0.752525	0.323932
1292	2025-08-23T20:00:00Z	1.623000	0.795815	0.034649
1293	2025-08-23T21:00:00Z	1.546000	0.768038	-0.254633
1294	2025-08-23T22:00:00Z	1.307000	0.681818	-0.439162
1295	2025-08-23T23:00:00Z	1.001000	0.571429	-0.453666
1296	2025-08-24T00:00:00Z	0.744000	0.478716	-0.304593
1297	2025-08-24T01:00:00Z	0.623000	0.435065	-0.064464
1298	2025-08-24T02:00:00Z	0.664000	0.449856	0.183723
1299	2025-08-24T03:00:00Z	0.851000	0.517316	0.374698
1300	2025-08-24T04:00:00Z	1.129000	0.617605	0.464142
1301	2025-08-24T05:00:00Z	1.427000	0.725108	0.442385
1302	2025-08-24T06:00:00Z	1.678000	0.815657	0.315068
1303	2025-08-24T07:00:00Z	1.818000	0.866162	0.083803
1304	2025-08-24T08:00:00Z	1.782000	0.853175	-0.223207
1305	2025-08-24T09:00:00Z	1.541000	0.766234	-0.517325
1306	2025-08-24T10:00:00Z	1.140000	0.621573	-0.694601
1307	2025-08-24T11:00:00Z	0.679000	0.455267	-0.691378
1308	2025-08-24T12:00:00Z	0.282000	0.312049	-0.510073
1309	2025-08-24T13:00:00Z	0.046000	0.226912	-0.226430
1310	2025-08-24T14:00:00Z	0.001000	0.210678	0.071716
1311	2025-08-24T15:00:00Z	0.135000	0.259019	0.323932
1312	2025-08-24T16:00:00Z	0.403000	0.355700	0.490733
1313	2025-08-24T17:00:00Z	0.744000	0.478716	0.561644
1314	2025-08-24T18:00:00Z	1.100000	0.607143	0.538276
1315	2025-08-24T19:00:00Z	1.412000	0.719697	0.410153
1316	2025-08-24T20:00:00Z	1.609000	0.790765	0.173247
1317	2025-08-24T21:00:00Z	1.627000	0.797258	-0.120064
1318	2025-08-24T22:00:00Z	1.460000	0.737013	-0.372280
1319	2025-08-24T23:00:00Z	1.165000	0.630592	-0.491539
1320	2025-08-25T00:00:00Z	0.850000	0.516955	-0.437550
1321	2025-08-25T01:00:00Z	0.622000	0.434704	-0.244964
1322	2025-08-25T02:00:00Z	0.546000	0.407287	0.006446
1323	2025-08-25T03:00:00Z	0.630000	0.437590	0.239323
1324	2025-08-25T04:00:00Z	0.843000	0.514430	0.398066
1325	2025-08-25T05:00:00Z	1.124000	0.615801	0.451249
1326	2025-08-25T06:00:00Z	1.403000	0.716450	0.398066
1327	2025-08-25T07:00:00Z	1.618000	0.794012	0.247381
1328	2025-08-25T08:00:00Z	1.710000	0.827201	0.007252
1329	2025-08-25T09:00:00Z	1.627000	0.797258	-0.278807
1330	2025-08-25T10:00:00Z	1.364000	0.702381	-0.521354
1331	2025-08-25T11:00:00Z	0.980000	0.563853	-0.631749
1332	2025-08-25T12:00:00Z	0.580000	0.419553	-0.567284
1333	2025-08-25T13:00:00Z	0.276000	0.309885	-0.355359
1334	2025-08-25T14:00:00Z	0.139000	0.260462	-0.076551
1335	2025-08-25T15:00:00Z	0.181000	0.275613	0.190169
1336	2025-08-25T16:00:00Z	0.375000	0.345599	0.396454
1337	2025-08-25T17:00:00Z	0.673000	0.453102	0.511684
1338	2025-08-25T18:00:00Z	1.010000	0.574675	0.525383
1339	2025-08-25T19:00:00Z	1.325000	0.688312	0.444803
1340	2025-08-25T20:00:00Z	1.562000	0.773810	0.269138
1341	2025-08-25T21:00:00Z	1.659000	0.808802	0.011281
1342	2025-08-25T22:00:00Z	1.576000	0.778860	-0.262691
1343	2025-08-25T23:00:00Z	1.333000	0.691198	-0.458501
1344	2025-08-26T00:00:00Z	1.007000	0.573593	-0.504432
1345	2025-08-26T01:00:00Z	0.707000	0.465368	-0.389202
1346	2025-08-26T02:00:00Z	0.524000	0.399351	-0.170024
1347	2025-08-26T03:00:00Z	0.496000	0.389250	0.072522
1348	2025-08-26T04:00:00Z	0.614000	0.431818	0.278002
1349	2025-08-26T05:00:00Z	0.841000	0.513709	0.400483
1350	2025-08-26T06:00:00Z	1.111000	0.611111	0.416600
1351	2025-08-26T07:00:00Z	1.358000	0.700216	0.336825
1352	2025-08-26T08:00:00Z	1.529000	0.761905	0.174859
1353	2025-08-26T09:00:00Z	1.575000	0.778499	-0.055600
1354	2025-08-26T10:00:00Z	1.460000	0.737013	-0.302176
1355	2025-08-26T11:00:00Z	1.200000	0.643218	-0.481064
1356	2025-08-26T12:00:00Z	0.863000	0.521645	-0.524577
1357	2025-08-26T13:00:00Z	0.549000	0.408369	-0.415794
1358	2025-08-26T14:00:00Z	0.347000	0.335498	-0.197421
1359	2025-08-26T15:00:00Z	0.304000	0.319986	0.054795
1360	2025-08-26T16:00:00Z	0.415000	0.360029	0.275584
1361	2025-08-26T17:00:00Z	0.646000	0.443362	0.428687
1362	2025-08-26T18:00:00Z	0.947000	0.551948	0.488316
1363	2025-08-26T19:00:00Z	1.252000	0.661977	0.448832
1364	2025-08-26T20:00:00Z	1.504000	0.752886	0.322321
1365	2025-08-26T21:00:00Z	1.652000	0.806277	0.116035
1366	2025-08-26T22:00:00Z	1.648000	0.804834	-0.141015
1367	2025-08-26T23:00:00Z	1.477000	0.743146	-0.373892
1368	2025-08-27T00:00:00Z	1.184000	0.637446	-0.501209
1369	2025-08-27T01:00:00Z	0.855000	0.518759	-0.479452
1370	2025-08-27T02:00:00Z	0.589000	0.422799	-0.322321
1371	2025-08-27T03:00:00Z	0.455000	0.374459	-0.096696
1372	2025-08-27T04:00:00Z	0.469000	0.379509	0.124093
1373	2025-08-27T05:00:00Z	0.609000	0.430014	0.294118
1374	2025-08-27T06:00:00Z	0.834000	0.511183	0.379533
1375	2025-08-27T07:00:00Z	1.080000	0.599928	0.365834
1376	2025-08-27T08:00:00Z	1.288000	0.674964	0.271555
1377	2025-08-27T09:00:00Z	1.417000	0.721501	0.113618
1378	2025-08-27T10:00:00Z	1.429000	0.725830	-0.089444
1379	2025-08-27T11:00:00Z	1.306000	0.681457	-0.282836
1380	2025-08-27T12:00:00Z	1.078000	0.599206	-0.397260
1381	2025-08-27T13:00:00Z	0.813000	0.503608	-0.390008
1382	2025-08-27T14:00:00Z	0.594000	0.424603	-0.261080
1383	2025-08-27T15:00:00Z	0.489000	0.386724	-0.060435
1384	2025-08-27T16:00:00Z	0.519000	0.397547	0.145850
1385	2025-08-27T17:00:00Z	0.670000	0.452020	0.315874
1386	2025-08-27T18:00:00Z	0.911000	0.538961	0.417405
1387	2025-08-27T19:00:00Z	1.188000	0.638889	0.426269
1388	2025-08-27T20:00:00Z	1.440000	0.729798	0.345689
1389	2025-08-27T21:00:00Z	1.617000	0.793651	0.190169
1390	2025-08-27T22:00:00Z	1.676000	0.814935	-0.025786
1391	2025-08-27T23:00:00Z	1.585000	0.782107	-0.260274
1392	2025-08-28T00:00:00Z	1.353000	0.698413	-0.439162
1393	2025-08-28T01:00:00Z	1.040000	0.585498	-0.501209
1394	2025-08-28T02:00:00Z	0.731000	0.474026	-0.429492
1395	2025-08-28T03:00:00Z	0.507000	0.393218	-0.253828
1396	2025-08-28T04:00:00Z	0.416000	0.360390	-0.040290
1397	2025-08-28T05:00:00Z	0.457000	0.375180	0.150685
1398	2025-08-28T06:00:00Z	0.603000	0.427850	0.286060
1399	2025-08-28T07:00:00Z	0.812000	0.503247	0.341660
1400	2025-08-28T08:00:00Z	1.027000	0.580808	0.311039
1401	2025-08-28T09:00:00Z	1.198000	0.642496	0.217566
1402	2025-08-28T10:00:00Z	1.297000	0.678211	0.078969
1403	2025-08-28T11:00:00Z	1.296000	0.677850	-0.084609
1404	2025-08-28T12:00:00Z	1.192000	0.640332	-0.223207
1405	2025-08-28T13:00:00Z	1.019000	0.577922	-0.286865
1406	2025-08-28T14:00:00Z	0.836000	0.511905	-0.252216
1407	2025-08-28T15:00:00Z	0.706000	0.465007	-0.130540
1408	2025-08-28T16:00:00Z	0.674000	0.453463	0.033038
1409	2025-08-28T17:00:00Z	0.747000	0.479798	0.188558
1410	2025-08-28T18:00:00Z	0.908000	0.537879	0.309428
1411	2025-08-28T19:00:00Z	1.131000	0.618326	0.369863
1412	2025-08-28T20:00:00Z	1.367000	0.703463	0.344077
1413	2025-08-28T21:00:00Z	1.558000	0.772367	0.239323
1414	2025-08-28T22:00:00Z	1.664000	0.810606	0.073328
1415	2025-08-28T23:00:00Z	1.649000	0.805195	-0.133763
1416	2025-08-29T00:00:00Z	1.498000	0.750722	-0.333602
1417	2025-08-29T01:00:00Z	1.235000	0.655844	-0.460919
1418	2025-08-29T02:00:00Z	0.926000	0.544372	-0.474617
1419	2025-08-29T03:00:00Z	0.646000	0.443362	-0.374698
1420	2025-08-29T04:00:00Z	0.461000	0.376623	-0.199839
1421	2025-08-29T05:00:00Z	0.398000	0.353896	-0.011281
1422	2025-08-29T06:00:00Z	0.447000	0.371573	0.149879
1423	2025-08-29T07:00:00Z	0.584000	0.420996	0.259468
1424	2025-08-29T08:00:00Z	0.769000	0.487734	0.297341
1425	2025-08-29T09:00:00Z	0.953000	0.554113	0.265109
1426	2025-08-29T10:00:00Z	1.098000	0.606421	0.186946
1427	2025-08-29T11:00:00Z	1.185000	0.637807	0.078969
1428	2025-08-29T12:00:00Z	1.196000	0.641775	-0.042707
1429	2025-08-29T13:00:00Z	1.132000	0.618687	-0.137792
1430	2025-08-29T14:00:00Z	1.025000	0.580087	-0.173247
1431	2025-08-29T15:00:00Z	0.917000	0.541126	-0.137792
1432	2025-08-29T16:00:00Z	0.854000	0.518398	-0.043513
1433	2025-08-29T17:00:00Z	0.863000	0.521645	0.074134
1434	2025-08-29T18:00:00Z	0.946000	0.551587	0.185334
1435	2025-08-29T19:00:00Z	1.093000	0.604618	0.271555
1436	2025-08-29T20:00:00Z	1.283000	0.673160	0.305399
1437	2025-08-29T21:00:00Z	1.472000	0.741342	0.263497
1438	2025-08-29T22:00:00Z	1.610000	0.791126	0.152297
1439	2025-08-29T23:00:00Z	1.661000	0.809524	-0.009670
1440	2025-08-30T00:00:00Z	1.598000	0.786797	-0.197421
1441	2025-08-30T01:00:00Z	1.416000	0.721140	-0.362611
1442	2025-08-30T02:00:00Z	1.148000	0.624459	-0.452861
1443	2025-08-30T03:00:00Z	0.854000	0.518398	-0.441579
1444	2025-08-30T04:00:00Z	0.600000	0.426768	-0.335214
1445	2025-08-30T05:00:00Z	0.438000	0.368326	-0.174859
1446	2025-08-30T06:00:00Z	0.383000	0.348485	-0.010475
1447	2025-08-30T07:00:00Z	0.425000	0.363636	0.128928
1448	2025-08-30T08:00:00Z	0.543000	0.406205	0.225624
1449	2025-08-30T09:00:00Z	0.705000	0.464646	0.261080
1450	2025-08-30T10:00:00Z	0.867000	0.523088	0.240935
1451	2025-08-30T11:00:00Z	1.004000	0.572511	0.188558
1452	2025-08-30T12:00:00Z	1.101000	0.607504	0.112006
1453	2025-08-30T13:00:00Z	1.143000	0.622655	0.024174
1454	2025-08-30T14:00:00Z	1.131000	0.618326	-0.048348
1455	2025-08-30T15:00:00Z	1.083000	0.601010	-0.081386
1456	2025-08-30T16:00:00Z	1.030000	0.581890	-0.066882
1457	2025-08-30T17:00:00Z	1.000000	0.571068	-0.009670
1458	2025-08-30T18:00:00Z	1.018000	0.577561	0.070105
1459	2025-08-30T19:00:00Z	1.087000	0.602453	0.151491
1460	2025-08-30T20:00:00Z	1.206000	0.645382	0.222401
1461	2025-08-30T21:00:00Z	1.363000	0.702020	0.248993
1462	2025-08-30T22:00:00Z	1.515000	0.756854	0.204674
1463	2025-08-30T23:00:00Z	1.617000	0.793651	0.099919
1464	2025-08-31T00:00:00Z	1.639000	0.801587	-0.049154
1465	2025-08-31T01:00:00Z	1.556000	0.771645	-0.219984
1466	2025-08-31T02:00:00Z	1.366000	0.703102	-0.365028
1467	2025-08-31T03:00:00Z	1.103000	0.608225	-0.439162
1468	2025-08-31T04:00:00Z	0.821000	0.506494	-0.423852
1469	2025-08-31T05:00:00Z	0.577000	0.418470	-0.325544
1470	2025-08-31T06:00:00Z	0.417000	0.360750	-0.181305
1471	2025-08-31T07:00:00Z	0.352000	0.337302	-0.031426
1472	2025-08-31T08:00:00Z	0.378000	0.346681	0.102337
1473	2025-08-31T09:00:00Z	0.479000	0.383117	0.200645
1474	2025-08-31T10:00:00Z	0.627000	0.436508	0.246575
1475	2025-08-31T11:00:00Z	0.785000	0.493506	0.247381
1476	2025-08-31T12:00:00Z	0.934000	0.547258	0.221595
1477	2025-08-31T13:00:00Z	1.060000	0.592713	0.169218
1478	2025-08-31T14:00:00Z	1.144000	0.623016	0.094279
1479	2025-08-31T15:00:00Z	1.177000	0.634921	0.020145
1480	2025-08-31T16:00:00Z	1.169000	0.632035	-0.032232
1481	2025-08-31T17:00:00Z	1.137000	0.620491	-0.048348
1482	2025-08-31T18:00:00Z	1.109000	0.610390	-0.021757
1483	2025-08-31T19:00:00Z	1.110000	0.610750	0.036261
1484	2025-08-31T20:00:00Z	1.154000	0.626623	0.112812
1485	2025-08-31T21:00:00Z	1.250000	0.661255	0.186946
1486	2025-08-31T22:00:00Z	1.386000	0.710317	0.218372
1487	2025-08-31T23:00:00Z	1.521000	0.759019	0.182111
1488	2025-09-01T00:00:00Z	1.612000	0.791847	0.087027
1489	2025-09-01T01:00:00Z	1.629000	0.797980	-0.054795
1490	2025-09-01T02:00:00Z	1.544000	0.767316	-0.220790
1491	2025-09-01T03:00:00Z	1.355000	0.699134	-0.364222
1492	2025-09-01T04:00:00Z	1.092000	0.604257	-0.443191
1493	2025-09-01T05:00:00Z	0.805000	0.500722	-0.436745
1494	2025-09-01T06:00:00Z	0.550000	0.408730	-0.348106
1495	2025-09-01T07:00:00Z	0.373000	0.344877	-0.208703
1496	2025-09-01T08:00:00Z	0.291000	0.315296	-0.056406
1497	2025-09-01T09:00:00Z	0.303000	0.319625	0.087027
1498	2025-09-01T10:00:00Z	0.399000	0.354257	0.199839
1499	2025-09-01T11:00:00Z	0.551000	0.409091	0.263497
1500	2025-09-01T12:00:00Z	0.726000	0.472222	0.286060
1501	2025-09-01T13:00:00Z	0.906000	0.537157	0.278002
1502	2025-09-01T14:00:00Z	1.071000	0.596681	0.229654
1503	2025-09-01T15:00:00Z	1.191000	0.639971	0.145044
1504	2025-09-01T16:00:00Z	1.251000	0.661616	0.047542
1505	2025-09-01T17:00:00Z	1.250000	0.661255	-0.035455
1506	2025-09-01T18:00:00Z	1.207000	0.645743	-0.075745
1507	2025-09-01T19:00:00Z	1.156000	0.627345	-0.061241
1508	2025-09-01T20:00:00Z	1.131000	0.618326	0.000000
1509	2025-09-01T21:00:00Z	1.156000	0.627345	0.091056
1510	2025-09-01T22:00:00Z	1.244000	0.659091	0.181305
1511	2025-09-01T23:00:00Z	1.381000	0.708514	0.224013
1512	2025-09-02T00:00:00Z	1.522000	0.759380	0.195004
1513	2025-09-02T01:00:00Z	1.623000	0.795815	0.103143
1514	2025-09-02T02:00:00Z	1.650000	0.805556	-0.044319
1515	2025-09-02T03:00:00Z	1.568000	0.775974	-0.224013
1516	2025-09-02T04:00:00Z	1.372000	0.705267	-0.384367
1517	2025-09-02T05:00:00Z	1.091000	0.603896	-0.479452
1518	2025-09-02T06:00:00Z	0.777000	0.490620	-0.481064
1519	2025-09-02T07:00:00Z	0.494000	0.388528	-0.390008
1520	2025-09-02T08:00:00Z	0.293000	0.316017	-0.238517
1521	2025-09-02T09:00:00Z	0.198000	0.281746	-0.065270
1522	2025-09-02T10:00:00Z	0.212000	0.286797	0.100725
1523	2025-09-02T11:00:00Z	0.323000	0.326840	0.232877
1524	2025-09-02T12:00:00Z	0.501000	0.391053	0.312651
1525	2025-09-02T13:00:00Z	0.711000	0.466811	0.346495
1526	2025-09-02T14:00:00Z	0.931000	0.546176	0.338437
1527	2025-09-02T15:00:00Z	1.131000	0.618326	0.273167
1528	2025-09-02T16:00:00Z	1.270000	0.668470	0.156326
1529	2025-09-02T17:00:00Z	1.325000	0.688312	0.023368
1530	2025-09-02T18:00:00Z	1.299000	0.678932	-0.085415
1531	2025-09-02T19:00:00Z	1.219000	0.650072	-0.132957
1532	2025-09-02T20:00:00Z	1.134000	0.619408	-0.104754
1533	2025-09-02T21:00:00Z	1.089000	0.603175	-0.016922
1534	2025-09-02T22:00:00Z	1.113000	0.611833	0.103143
1535	2025-09-02T23:00:00Z	1.217000	0.649351	0.212732
1536	2025-09-03T00:00:00Z	1.377000	0.707071	0.261886
1537	2025-09-03T01:00:00Z	1.542000	0.766595	0.232071
1538	2025-09-03T02:00:00Z	1.665000	0.810967	0.128928
1539	2025-09-03T03:00:00Z	1.702000	0.824315	-0.041096
1540	2025-09-03T04:00:00Z	1.614000	0.792569	-0.249799
1541	2025-09-03T05:00:00Z	1.392000	0.712482	-0.438356
1542	2025-09-03T06:00:00Z	1.070000	0.596320	-0.547945
1543	2025-09-03T07:00:00Z	0.712000	0.467172	-0.543916
1544	2025-09-03T08:00:00Z	0.395000	0.352814	-0.430298
1545	2025-09-03T09:00:00Z	0.178000	0.274531	-0.246575
1546	2025-09-03T10:00:00Z	0.089000	0.242424	-0.040290
1547	2025-09-03T11:00:00Z	0.128000	0.256494	0.151491
1548	2025-09-03T12:00:00Z	0.277000	0.310245	0.298147
1549	2025-09-03T13:00:00Z	0.498000	0.389971	0.383562
1550	2025-09-03T14:00:00Z	0.753000	0.481962	0.414182
1551	2025-09-03T15:00:00Z	1.012000	0.575397	0.384367
1552	2025-09-03T16:00:00Z	1.230000	0.654040	0.279613
1553	2025-09-03T17:00:00Z	1.359000	0.700577	0.117647
1554	2025-09-03T18:00:00Z	1.376000	0.706710	-0.050766
1555	2025-09-03T19:00:00Z	1.296000	0.677850	-0.169218
1556	2025-09-03T20:00:00Z	1.166000	0.630952	-0.195810
1557	2025-09-03T21:00:00Z	1.053000	0.590188	-0.128928
1558	2025-09-03T22:00:00Z	1.006000	0.573232	-0.000806
1559	2025-09-03T23:00:00Z	1.052000	0.589827	0.150685
1560	2025-09-04T00:00:00Z	1.193000	0.640693	0.273167
1561	2025-09-04T01:00:00Z	1.391000	0.712121	0.319098
1562	2025-09-04T02:00:00Z	1.589000	0.783550	0.274778
1563	2025-09-04T03:00:00Z	1.732000	0.835137	0.145044
1564	2025-09-04T04:00:00Z	1.769000	0.848485	-0.061241
1565	2025-09-04T05:00:00Z	1.656000	0.807720	-0.307816
1566	2025-09-04T06:00:00Z	1.387000	0.710678	-0.521354
1567	2025-09-04T07:00:00Z	1.009000	0.574315	-0.631749
1568	2025-09-04T08:00:00Z	0.603000	0.427850	-0.601934
1569	2025-09-04T09:00:00Z	0.262000	0.304834	-0.444803
1570	2025-09-04T10:00:00Z	0.051000	0.228716	-0.216761
1571	2025-09-04T11:00:00Z	-0.007000	0.207792	0.024174
1572	2025-09-04T12:00:00Z	0.081000	0.239538	0.236906
1573	2025-09-04T13:00:00Z	0.287000	0.313853	0.386785
1574	2025-09-04T14:00:00Z	0.561000	0.412698	0.461724
1575	2025-09-04T15:00:00Z	0.860000	0.520563	0.468977
1576	2025-09-04T16:00:00Z	1.143000	0.622655	0.395649
1577	2025-09-04T17:00:00Z	1.351000	0.697691	0.234488
1578	2025-09-04T18:00:00Z	1.434000	0.727633	0.025786
1579	2025-09-04T19:00:00Z	1.383000	0.709235	-0.162772
1580	2025-09-04T20:00:00Z	1.232000	0.654762	-0.264303
1581	2025-09-04T21:00:00Z	1.055000	0.590909	-0.244964
1582	2025-09-04T22:00:00Z	0.928000	0.545094	-0.123288
1583	2025-09-04T23:00:00Z	0.902000	0.535714	0.051571
1584	2025-09-05T00:00:00Z	0.992000	0.568182	0.226430
1585	2025-09-05T01:00:00Z	1.183000	0.637085	0.348912
1586	2025-09-05T02:00:00Z	1.425000	0.724387	0.378727
1587	2025-09-05T03:00:00Z	1.653000	0.806638	0.307010
1588	2025-09-05T04:00:00Z	1.806000	0.861833	0.139404
1589	2025-09-05T05:00:00Z	1.826000	0.869048	-0.111201
1590	2025-09-05T06:00:00Z	1.668000	0.812049	-0.393231
1591	2025-09-05T07:00:00Z	1.338000	0.693001	-0.617244
1592	2025-09-05T08:00:00Z	0.902000	0.535714	-0.705882
1593	2025-09-05T09:00:00Z	0.462000	0.376984	-0.629331
1594	2025-09-05T10:00:00Z	0.121000	0.253968	-0.416600
1595	2025-09-05T11:00:00Z	-0.055000	0.190476	-0.141821
1596	2025-09-05T12:00:00Z	-0.055000	0.190476	0.126511
1597	2025-09-05T13:00:00Z	0.102000	0.247114	0.344077
1598	2025-09-05T14:00:00Z	0.372000	0.344517	0.479452
1599	2025-09-05T15:00:00Z	0.697000	0.461760	0.526994
1600	2025-09-05T16:00:00Z	1.026000	0.580447	0.489927
1601	2025-09-05T17:00:00Z	1.305000	0.681097	0.356970
1602	2025-09-05T18:00:00Z	1.469000	0.740260	0.137792
1603	2025-09-05T19:00:00Z	1.476000	0.742785	-0.107977
1604	2025-09-05T20:00:00Z	1.335000	0.691919	-0.294118
1605	2025-09-05T21:00:00Z	1.111000	0.611111	-0.352135
1606	2025-09-05T22:00:00Z	0.898000	0.534271	-0.267526
1607	2025-09-05T23:00:00Z	0.779000	0.491342	-0.083803
1608	2025-09-06T00:00:00Z	0.794000	0.496753	0.129734
1609	2025-09-06T01:00:00Z	0.940000	0.549423	0.315874
1610	2025-09-06T02:00:00Z	1.186000	0.638167	0.425463
1611	2025-09-06T03:00:00Z	1.468000	0.739899	0.425463
1612	2025-09-06T04:00:00Z	1.714000	0.828644	0.317486
1613	2025-09-06T05:00:00Z	1.862000	0.882035	0.108783
1614	2025-09-06T06:00:00Z	1.849000	0.877345	-0.182917
1615	2025-09-06T07:00:00Z	1.635000	0.800144	-0.486704
1616	2025-09-06T08:00:00Z	1.245000	0.659452	-0.700242
1617	2025-09-06T09:00:00Z	0.766000	0.486652	-0.746172
1618	2025-09-06T10:00:00Z	0.319000	0.325397	-0.607575
1619	2025-09-06T11:00:00Z	0.012000	0.214646	-0.338437
1620	2025-09-06T12:00:00Z	-0.101000	0.173882	-0.028203
1621	2025-09-06T13:00:00Z	-0.023000	0.202020	0.249799
1622	2025-09-06T14:00:00Z	0.209000	0.285714	0.452861
1623	2025-09-06T15:00:00Z	0.539000	0.404762	0.556809
1624	2025-09-06T16:00:00Z	0.900000	0.534993	0.559226
1625	2025-09-06T17:00:00Z	1.233000	0.655123	0.464142
1626	2025-09-06T18:00:00Z	1.476000	0.742785	0.265915
1627	2025-09-06T19:00:00Z	1.563000	0.774170	-0.005641
1628	2025-09-06T20:00:00Z	1.469000	0.740260	-0.267526
1629	2025-09-06T21:00:00Z	1.231000	0.654401	-0.423852
1630	2025-09-06T22:00:00Z	0.943000	0.550505	-0.416600
1631	2025-09-06T23:00:00Z	0.714000	0.467893	-0.258662
1632	2025-09-07T00:00:00Z	0.622000	0.434704	-0.020145
1633	2025-09-07T01:00:00Z	0.689000	0.458874	0.219984
1634	2025-09-07T02:00:00Z	0.895000	0.533189	0.402901
1635	2025-09-07T03:00:00Z	1.189000	0.639250	0.485898
1636	2025-09-07T04:00:00Z	1.498000	0.750722	0.452055
1637	2025-09-07T05:00:00Z	1.750000	0.841631	0.307816
1638	2025-09-07T06:00:00Z	1.880000	0.888528	0.059629
1639	2025-09-07T07:00:00Z	1.824000	0.868326	-0.260274
1640	2025-09-07T08:00:00Z	1.557000	0.772006	-0.564867
1641	2025-09-07T09:00:00Z	1.123000	0.615440	-0.746172
1642	2025-09-07T10:00:00Z	0.631000	0.437951	-0.733280
1643	2025-09-07T11:00:00Z	0.213000	0.287157	-0.531829
1644	2025-09-07T12:00:00Z	-0.029000	0.199856	-0.218372
1645	2025-09-07T13:00:00Z	-0.058000	0.189394	0.106366
1646	2025-09-07T14:00:00Z	0.103000	0.247475	0.372280
1647	2025-09-07T15:00:00Z	0.404000	0.356061	0.542305
1648	2025-09-07T16:00:00Z	0.776000	0.490260	0.598711
1649	2025-09-07T17:00:00Z	1.147000	0.624098	0.546334
1650	2025-09-07T18:00:00Z	1.454000	0.734848	0.388396
1651	2025-09-07T19:00:00Z	1.629000	0.797980	0.128928
1652	2025-09-07T20:00:00Z	1.614000	0.792569	-0.178888
1653	2025-09-07T21:00:00Z	1.407000	0.717893	-0.430298
1654	2025-09-07T22:00:00Z	1.080000	0.599928	-0.533441
1655	2025-09-07T23:00:00Z	0.745000	0.479076	-0.451249
1656	2025-09-08T00:00:00Z	0.520000	0.397908	-0.222401
1657	2025-09-08T01:00:00Z	0.469000	0.379509	0.057212
1658	2025-09-08T02:00:00Z	0.591000	0.423521	0.306205
1659	2025-09-08T03:00:00Z	0.849000	0.516595	0.473006
1660	2025-09-08T04:00:00Z	1.178000	0.635281	0.525383
1661	2025-09-08T05:00:00Z	1.501000	0.751804	0.456890
1662	2025-09-08T06:00:00Z	1.745000	0.839827	0.279613
1663	2025-09-08T07:00:00Z	1.848000	0.876984	0.005641
1664	2025-09-08T08:00:00Z	1.752000	0.842352	-0.322321
1665	2025-09-08T09:00:00Z	1.448000	0.732684	-0.605157
1666	2025-09-08T10:00:00Z	1.001000	0.571429	-0.737309
1667	2025-09-08T11:00:00Z	0.533000	0.402597	-0.663981
1668	2025-09-08T12:00:00Z	0.177000	0.274170	-0.411765
1669	2025-09-08T13:00:00Z	0.022000	0.218254	-0.076551
1670	2025-09-08T14:00:00Z	0.082000	0.239899	0.237712
1671	2025-09-08T15:00:00Z	0.317000	0.324675	0.471394
1672	2025-09-08T16:00:00Z	0.667000	0.450938	0.594682
1673	2025-09-08T17:00:00Z	1.055000	0.590909	0.596293
1674	2025-09-08T18:00:00Z	1.407000	0.717893	0.485093
1675	2025-09-08T19:00:00Z	1.657000	0.808081	0.267526
1676	2025-09-08T20:00:00Z	1.739000	0.837662	-0.037873
1677	2025-09-08T21:00:00Z	1.610000	0.791126	-0.355359
1678	2025-09-08T22:00:00Z	1.298000	0.678571	-0.572925
1679	2025-09-08T23:00:00Z	0.899000	0.534632	-0.609186
1680	2025-09-09T00:00:00Z	0.542000	0.405844	-0.452055
1681	2025-09-09T01:00:00Z	0.338000	0.332251	-0.169218
1682	2025-09-09T02:00:00Z	0.332000	0.330087	0.132151
1683	2025-09-09T03:00:00Z	0.502000	0.391414	0.373892
1684	2025-09-09T04:00:00Z	0.796000	0.497475	0.515713
1685	2025-09-09T05:00:00Z	1.142000	0.622294	0.537470
1686	2025-09-09T06:00:00Z	1.463000	0.738095	0.443191
1687	2025-09-09T07:00:00Z	1.692000	0.820707	0.246575
1688	2025-09-09T08:00:00Z	1.769000	0.848485	-0.037067
1689	2025-09-09T09:00:00Z	1.646000	0.804113	-0.352941
1690	2025-09-09T10:00:00Z	1.331000	0.690476	-0.596293
1691	2025-09-09T11:00:00Z	0.906000	0.537157	-0.671233
1692	2025-09-09T12:00:00Z	0.498000	0.389971	-0.545528
1693	2025-09-09T13:00:00Z	0.229000	0.292929	-0.267526
1694	2025-09-09T14:00:00Z	0.166000	0.270202	0.060435
1695	2025-09-09T15:00:00Z	0.304000	0.319986	0.342466
1696	2025-09-09T16:00:00Z	0.591000	0.423521	0.529412
1697	2025-09-09T17:00:00Z	0.961000	0.556999	0.600322
1698	2025-09-09T18:00:00Z	1.336000	0.692280	0.547945
1699	2025-09-09T19:00:00Z	1.641000	0.802309	0.383562
1700	2025-09-09T20:00:00Z	1.812000	0.863997	0.121676
1701	2025-09-09T21:00:00Z	1.792000	0.856782	-0.205479
1702	2025-09-09T22:00:00Z	1.557000	0.772006	-0.509267
1703	2025-09-09T23:00:00Z	1.160000	0.628788	-0.677679
1704	2025-09-10T00:00:00Z	0.716000	0.468615	-0.644641
1705	2025-09-10T01:00:00Z	0.360000	0.340188	-0.425463
1706	2025-09-10T02:00:00Z	0.188000	0.278139	-0.112006
1707	2025-09-10T03:00:00Z	0.221000	0.290043	0.188558
1708	2025-09-10T04:00:00Z	0.422000	0.362554	0.411765
1709	2025-09-10T05:00:00Z	0.732000	0.474387	0.526994
1710	2025-09-10T06:00:00Z	1.076000	0.598485	0.524577
1711	2025-09-10T07:00:00Z	1.383000	0.709235	0.416600
1712	2025-09-10T08:00:00Z	1.593000	0.784993	0.217566
1713	2025-09-10T09:00:00Z	1.653000	0.806638	-0.053989
1714	2025-09-10T10:00:00Z	1.526000	0.760823	-0.338437
1715	2025-09-10T11:00:00Z	1.233000	0.655123	-0.533441
1716	2025-09-10T12:00:00Z	0.864000	0.522006	-0.559226
1717	2025-09-10T13:00:00Z	0.539000	0.404762	-0.403707
1718	2025-09-10T14:00:00Z	0.363000	0.341270	-0.127317
1719	2025-09-10T15:00:00Z	0.381000	0.347763	0.168413
1720	2025-09-10T16:00:00Z	0.572000	0.416667	0.402095
1721	2025-09-10T17:00:00Z	0.880000	0.527778	0.538276
1722	2025-09-10T18:00:00Z	1.240000	0.657648	0.560032
1723	2025-09-10T19:00:00Z	1.575000	0.778499	0.463336
1724	2025-09-10T20:00:00Z	1.815000	0.865079	0.264303
1725	2025-09-10T21:00:00Z	1.903000	0.896825	-0.021757
1726	2025-09-10T22:00:00Z	1.788000	0.855339	-0.348912
1727	2025-09-10T23:00:00Z	1.470000	0.740620	-0.618050
1728	2025-09-11T00:00:00Z	1.021000	0.578644	-0.730056
1729	2025-09-11T01:00:00Z	0.564000	0.413781	-0.640612
1730	2025-09-11T02:00:00Z	0.226000	0.291847	-0.386785
1731	2025-09-11T03:00:00Z	0.084000	0.240620	-0.067687
1732	2025-09-11T04:00:00Z	0.142000	0.261544	0.215955
1733	2025-09-11T05:00:00Z	0.352000	0.337302	0.413376
1734	2025-09-11T06:00:00Z	0.655000	0.446609	0.506849
1735	2025-09-11T07:00:00Z	0.981000	0.564214	0.492345
1736	2025-09-11T08:00:00Z	1.266000	0.667027	0.386785
1737	2025-09-11T09:00:00Z	1.461000	0.737374	0.203868
1738	2025-09-11T10:00:00Z	1.519000	0.758297	-0.037873
1739	2025-09-11T11:00:00Z	1.414000	0.720418	-0.278807
1740	2025-09-11T12:00:00Z	1.173000	0.633478	-0.428687
1741	2025-09-11T13:00:00Z	0.882000	0.528499	-0.423852
1742	2025-09-11T14:00:00Z	0.647000	0.443723	-0.265109
1743	2025-09-11T15:00:00Z	0.553000	0.409812	-0.016922
1744	2025-09-11T16:00:00Z	0.626000	0.436147	0.228042
1745	2025-09-11T17:00:00Z	0.836000	0.511905	0.410153
1746	2025-09-11T18:00:00Z	1.135000	0.619769	0.502820
1747	2025-09-11T19:00:00Z	1.460000	0.737013	0.487510
1748	2025-09-11T20:00:00Z	1.740000	0.838023	0.365028
1749	2025-09-11T21:00:00Z	1.913000	0.900433	0.150685
1750	2025-09-11T22:00:00Z	1.927000	0.905483	-0.135375
1751	2025-09-11T23:00:00Z	1.745000	0.839827	-0.440774
1752	2025-09-12T00:00:00Z	1.380000	0.708153	-0.669621
1753	2025-09-12T01:00:00Z	0.914000	0.540043	-0.734085
1754	2025-09-12T02:00:00Z	0.469000	0.379509	-0.611604
1755	2025-09-12T03:00:00Z	0.155000	0.266234	-0.351330
1756	2025-09-12T04:00:00Z	0.033000	0.222222	-0.049960
1757	2025-09-12T05:00:00Z	0.093000	0.243867	0.206285
1758	2025-09-12T06:00:00Z	0.289000	0.314574	0.380338
1759	2025-09-12T07:00:00Z	0.565000	0.414141	0.461724
1760	2025-09-12T08:00:00Z	0.862000	0.521284	0.452055
1761	2025-09-12T09:00:00Z	1.126000	0.616522	0.365834
1762	2025-09-12T10:00:00Z	1.316000	0.685065	0.215149
1763	2025-09-12T11:00:00Z	1.393000	0.712843	0.012893
1764	2025-09-12T12:00:00Z	1.332000	0.690837	-0.185334
1765	2025-09-12T13:00:00Z	1.163000	0.629870	-0.302981
1766	2025-09-12T14:00:00Z	0.956000	0.555195	-0.292506
1767	2025-09-12T15:00:00Z	0.800000	0.498918	-0.158743
1768	2025-09-12T16:00:00Z	0.759000	0.484127	0.041096
1769	2025-09-12T17:00:00Z	0.851000	0.517316	0.233683
1770	2025-09-12T18:00:00Z	1.049000	0.588745	0.372280
1771	2025-09-12T19:00:00Z	1.313000	0.683983	0.436745
1772	2025-09-12T20:00:00Z	1.591000	0.784271	0.405318
1773	2025-09-12T21:00:00Z	1.816000	0.865440	0.278002
1774	2025-09-12T22:00:00Z	1.936000	0.908730	0.070105
1775	2025-09-12T23:00:00Z	1.903000	0.896825	-0.199033
1776	2025-09-13T00:00:00Z	1.689000	0.819625	-0.473811
1777	2025-09-13T01:00:00Z	1.315000	0.684704	-0.665592
1778	2025-09-13T02:00:00Z	0.863000	0.521645	-0.704271
1779	2025-09-13T03:00:00Z	0.441000	0.369408	-0.577760
1780	2025-09-13T04:00:00Z	0.146000	0.262987	-0.335214
1781	2025-09-13T05:00:00Z	0.025000	0.219336	-0.066076
1782	2025-09-13T06:00:00Z	0.064000	0.233405	0.161966
1783	2025-09-13T07:00:00Z	0.226000	0.291847	0.323932
1784	2025-09-13T08:00:00Z	0.466000	0.378427	0.406930
1785	2025-09-13T09:00:00Z	0.731000	0.474026	0.414988
1786	2025-09-13T10:00:00Z	0.981000	0.564214	0.363417
1787	2025-09-13T11:00:00Z	1.182000	0.636724	0.253828
1788	2025-09-13T12:00:00Z	1.296000	0.677850	0.091861
1789	2025-09-13T13:00:00Z	1.296000	0.677850	-0.075745
1790	2025-09-13T14:00:00Z	1.202000	0.643939	-0.185334
1791	2025-09-13T15:00:00Z	1.066000	0.594877	-0.195004
1792	2025-09-13T16:00:00Z	0.960000	0.556638	-0.103948
1793	2025-09-13T17:00:00Z	0.937000	0.548341	0.042707
1794	2025-09-13T18:00:00Z	1.013000	0.575758	0.191781
1795	2025-09-13T19:00:00Z	1.175000	0.634199	0.307816
1796	2025-09-13T20:00:00Z	1.395000	0.713564	0.363417
1797	2025-09-13T21:00:00Z	1.626000	0.796898	0.336019
1798	2025-09-13T22:00:00Z	1.812000	0.863997	0.224013
1799	2025-09-13T23:00:00Z	1.904000	0.897186	0.037067
1800	2025-09-14T00:00:00Z	1.858000	0.880592	-0.206285
1801	2025-09-14T01:00:00Z	1.648000	0.804834	-0.453666
1802	2025-09-14T02:00:00Z	1.295000	0.677489	-0.626914
1803	2025-09-14T03:00:00Z	0.870000	0.524170	-0.664786
1804	2025-09-14T04:00:00Z	0.470000	0.379870	-0.556003
1805	2025-09-14T05:00:00Z	0.180000	0.275253	-0.347301
1806	2025-09-14T06:00:00Z	0.039000	0.224387	-0.112006
1807	2025-09-14T07:00:00Z	0.041000	0.225108	0.098308
1808	2025-09-14T08:00:00Z	0.161000	0.268398	0.260274
1809	2025-09-14T09:00:00Z	0.364000	0.341631	0.359388
1810	2025-09-14T10:00:00Z	0.607000	0.429293	0.398066
1811	2025-09-14T11:00:00Z	0.858000	0.519841	0.385979
1812	2025-09-14T12:00:00Z	1.086000	0.602092	0.314263
1813	2025-09-14T13:00:00Z	1.248000	0.660534	0.180500
1814	2025-09-14T14:00:00Z	1.310000	0.682900	0.023368
1815	2025-09-14T15:00:00Z	1.277000	0.670996	-0.101531
1816	2025-09-14T16:00:00Z	1.184000	0.637446	-0.150685
1817	2025-09-14T17:00:00Z	1.090000	0.603535	-0.107977
1818	2025-09-14T18:00:00Z	1.050000	0.589105	-0.003223
1819	2025-09-14T19:00:00Z	1.086000	0.602092	0.122482
1820	2025-09-14T20:00:00Z	1.202000	0.643939	0.238517
1821	2025-09-14T21:00:00Z	1.382000	0.708874	0.307816
1822	2025-09-14T22:00:00Z	1.584000	0.781746	0.299758
1823	2025-09-14T23:00:00Z	1.754000	0.843074	0.211926
1824	2025-09-15T00:00:00Z	1.847000	0.876623	0.052377
1825	2025-09-15T01:00:00Z	1.819000	0.866522	-0.168413
1826	2025-09-15T02:00:00Z	1.638000	0.801227	-0.402901
1827	2025-09-15T03:00:00Z	1.319000	0.686147	-0.577760
1828	2025-09-15T04:00:00Z	0.921000	0.542569	-0.635778
1829	2025-09-15T05:00:00Z	0.530000	0.401515	-0.560032
1830	2025-09-15T06:00:00Z	0.226000	0.291847	-0.385173
1831	2025-09-15T07:00:00Z	0.052000	0.229076	-0.171636
1832	2025-09-15T08:00:00Z	0.013000	0.215007	0.036261
1833	2025-09-15T09:00:00Z	0.097000	0.245310	0.211120
1834	2025-09-15T10:00:00Z	0.275000	0.309524	0.334408
1835	2025-09-15T11:00:00Z	0.512000	0.395022	0.406930
1836	2025-09-15T12:00:00Z	0.780000	0.491703	0.431104
1837	2025-09-15T13:00:00Z	1.047000	0.588023	0.385173
1838	2025-09-15T14:00:00Z	1.258000	0.664141	0.258662
1839	2025-09-15T15:00:00Z	1.368000	0.703824	0.087027
1840	2025-09-15T16:00:00Z	1.366000	0.703102	-0.072522
1841	2025-09-15T17:00:00Z	1.278000	0.671356	-0.164384
1842	2025-09-15T18:00:00Z	1.162000	0.629509	-0.160355
1843	2025-09-15T19:00:00Z	1.079000	0.599567	-0.075745
1844	2025-09-15T20:00:00Z	1.068000	0.595599	0.053183
1845	2025-09-15T21:00:00Z	1.145000	0.623377	0.188558
1846	2025-09-15T22:00:00Z	1.302000	0.680014	0.282836
1847	2025-09-15T23:00:00Z	1.496000	0.750000	0.300564
1848	2025-09-16T00:00:00Z	1.675000	0.814574	0.240129
1849	2025-09-16T01:00:00Z	1.794000	0.857504	0.101531
1850	2025-09-16T02:00:00Z	1.801000	0.860029	-0.110395
1851	2025-09-16T03:00:00Z	1.657000	0.808081	-0.349718
1852	2025-09-16T04:00:00Z	1.367000	0.703463	-0.543916
1853	2025-09-16T05:00:00Z	0.982000	0.564574	-0.631749
1854	2025-09-16T06:00:00Z	0.583000	0.420635	-0.585818
1855	2025-09-16T07:00:00Z	0.255000	0.302309	-0.431104
1856	2025-09-16T08:00:00Z	0.048000	0.227633	-0.222401
1857	2025-09-16T09:00:00Z	-0.021000	0.202742	-0.002417
1858	2025-09-16T10:00:00Z	0.045000	0.226551	0.194198
1859	2025-09-16T11:00:00Z	0.220000	0.289683	0.343272
1860	2025-09-16T12:00:00Z	0.471000	0.380231	0.443191
1861	2025-09-16T13:00:00Z	0.770000	0.488095	0.487510
1862	2025-09-16T14:00:00Z	1.076000	0.598485	0.444803
1863	2025-09-16T15:00:00Z	1.322000	0.687229	0.302981
1864	2025-09-16T16:00:00Z	1.452000	0.734127	0.097502
1865	2025-09-16T17:00:00Z	1.443000	0.730880	-0.103948
1866	2025-09-16T18:00:00Z	1.323000	0.687590	-0.228848
1867	2025-09-16T19:00:00Z	1.159000	0.628427	-0.239323
1868	2025-09-16T20:00:00Z	1.026000	0.580447	-0.147462
1869	2025-09-16T21:00:00Z	0.976000	0.562410	0.006446
1870	2025-09-16T22:00:00Z	1.034000	0.583333	0.172442
1871	2025-09-16T23:00:00Z	1.190000	0.639610	0.293312
1872	2025-09-17T00:00:00Z	1.398000	0.714646	0.333602
1873	2025-09-17T01:00:00Z	1.604000	0.788961	0.290894
1874	2025-09-17T02:00:00Z	1.759000	0.844877	0.159549
1875	2025-09-17T03:00:00Z	1.802000	0.860390	-0.059629
1876	2025-09-17T04:00:00Z	1.685000	0.818182	-0.318292
1877	2025-09-17T05:00:00Z	1.407000	0.717893	-0.538276
1878	2025-09-17T06:00:00Z	1.017000	0.577201	-0.650282
1879	2025-09-17T07:00:00Z	0.600000	0.426768	-0.618050
1880	2025-09-17T08:00:00Z	0.250000	0.300505	-0.463336
1881	2025-09-17T09:00:00Z	0.025000	0.219336	-0.240935
1882	2025-09-17T10:00:00Z	-0.049000	0.192641	0.000806
1883	2025-09-17T11:00:00Z	0.026000	0.219697	0.217566
1884	2025-09-17T12:00:00Z	0.221000	0.290043	0.383562
1885	2025-09-17T13:00:00Z	0.502000	0.391414	0.495568
1886	2025-09-17T14:00:00Z	0.836000	0.511905	0.537470
1887	2025-09-17T15:00:00Z	1.169000	0.632035	0.473811
1888	2025-09-17T16:00:00Z	1.424000	0.724026	0.294923
1889	2025-09-17T17:00:00Z	1.535000	0.764069	0.047542
1890	2025-09-17T18:00:00Z	1.483000	0.745310	-0.185334
1891	2025-09-17T19:00:00Z	1.305000	0.681097	-0.321515
1892	2025-09-17T20:00:00Z	1.084000	0.601371	-0.318292
1893	2025-09-17T21:00:00Z	0.910000	0.538600	-0.195004
1894	2025-09-17T22:00:00Z	0.842000	0.514069	-0.004029
1895	2025-09-17T23:00:00Z	0.905000	0.536797	0.192587
1896	2025-09-18T00:00:00Z	1.081000	0.600289	0.331990
1897	2025-09-18T01:00:00Z	1.317000	0.685426	0.383562
1898	2025-09-18T02:00:00Z	1.557000	0.772006	0.343272
1899	2025-09-18T03:00:00Z	1.743000	0.839105	0.202256
1900	2025-09-18T04:00:00Z	1.808000	0.862554	-0.037067
1901	2025-09-18T05:00:00Z	1.697000	0.822511	-0.319903
1902	2025-09-18T06:00:00Z	1.411000	0.719336	-0.559226
1903	2025-09-18T07:00:00Z	1.003000	0.572150	-0.677679
1904	2025-09-18T08:00:00Z	0.570000	0.415945	-0.634972
1905	2025-09-18T09:00:00Z	0.215000	0.287879	-0.459307
1906	2025-09-18T10:00:00Z	0.000000	0.210317	-0.211926
1907	2025-09-18T11:00:00Z	-0.048000	0.193001	0.050766
1908	2025-09-18T12:00:00Z	0.063000	0.233045	0.277196
1909	2025-09-18T13:00:00Z	0.296000	0.317100	0.442385
1910	2025-09-18T14:00:00Z	0.612000	0.431097	0.544722
1911	2025-09-18T15:00:00Z	0.972000	0.560967	0.560838
1912	2025-09-18T16:00:00Z	1.308000	0.682179	0.454472
1913	2025-09-18T17:00:00Z	1.536000	0.764430	0.228042
1914	2025-09-18T18:00:00Z	1.591000	0.784271	-0.056406
1915	2025-09-18T19:00:00Z	1.466000	0.739177	-0.299758
1916	2025-09-18T20:00:00Z	1.219000	0.650072	-0.414988
1917	2025-09-18T21:00:00Z	0.951000	0.553391	-0.371475
1918	2025-09-18T22:00:00Z	0.758000	0.483766	-0.203062
1919	2025-09-18T23:00:00Z	0.699000	0.462482	0.025786
1920	2025-09-19T00:00:00Z	0.790000	0.495310	0.241741
1921	2025-09-19T01:00:00Z	0.999000	0.570707	0.384367
1922	2025-09-19T02:00:00Z	1.267000	0.667388	0.430298
1923	2025-09-19T03:00:00Z	1.533000	0.763348	0.377115
1924	2025-09-19T04:00:00Z	1.735000	0.836219	0.213537
1925	2025-09-19T05:00:00Z	1.798000	0.858947	-0.051571
1926	2025-09-19T06:00:00Z	1.671000	0.813131	-0.352135
1927	2025-09-19T07:00:00Z	1.361000	0.701299	-0.592264
1928	2025-09-19T08:00:00Z	0.936000	0.547980	-0.690572
1929	2025-09-19T09:00:00Z	0.504000	0.392136	-0.615633
1930	2025-09-19T10:00:00Z	0.172000	0.272367	-0.405318
1931	2025-09-19T11:00:00Z	0.001000	0.210678	-0.133763
1932	2025-09-19T12:00:00Z	0.006000	0.212482	0.136986
1933	2025-09-19T13:00:00Z	0.171000	0.272006	0.356970
1934	2025-09-19T14:00:00Z	0.449000	0.372294	0.501209
1935	2025-09-19T15:00:00Z	0.793000	0.496392	0.569702
1936	2025-09-19T16:00:00Z	1.156000	0.627345	0.539887
1937	2025-09-19T17:00:00Z	1.463000	0.738095	0.378727
1938	2025-09-19T18:00:00Z	1.626000	0.796898	0.106366
1939	2025-09-19T19:00:00Z	1.595000	0.785714	-0.194198
1940	2025-09-19T20:00:00Z	1.385000	0.709957	-0.418211
1941	2025-09-19T21:00:00Z	1.076000	0.598485	-0.485093
1942	2025-09-19T22:00:00Z	0.783000	0.492785	-0.382756
1943	2025-09-19T23:00:00Z	0.601000	0.427128	-0.166801
1944	2025-09-20T00:00:00Z	0.576000	0.418110	0.087027
1945	2025-09-20T01:00:00Z	0.709000	0.466089	0.305399
1946	2025-09-20T02:00:00Z	0.955000	0.554834	0.433521
1947	2025-09-20T03:00:00Z	1.247000	0.660173	0.458501
1948	2025-09-20T04:00:00Z	1.524000	0.760101	0.380338
1949	2025-09-20T05:00:00Z	1.719000	0.830447	0.187752
1950	2025-09-20T06:00:00Z	1.757000	0.844156	-0.098308
1951	2025-09-20T07:00:00Z	1.597000	0.786436	-0.398872
1952	2025-09-20T08:00:00Z	1.262000	0.665584	-0.614827
1953	2025-09-20T09:00:00Z	0.834000	0.511183	-0.669621
1954	2025-09-20T10:00:00Z	0.431000	0.365801	-0.547945
1955	2025-09-20T11:00:00Z	0.154000	0.265873	-0.304593
1956	2025-09-20T12:00:00Z	0.053000	0.229437	-0.020145
1957	2025-09-20T13:00:00Z	0.129000	0.256854	0.241741
1958	2025-09-20T14:00:00Z	0.353000	0.337662	0.433521
1959	2025-09-20T15:00:00Z	0.667000	0.450938	0.537470
1960	2025-09-20T16:00:00Z	1.020000	0.578283	0.556003
1961	2025-09-20T17:00:00Z	1.357000	0.699856	0.465753
1962	2025-09-20T18:00:00Z	1.598000	0.786797	0.248993
1963	2025-09-20T19:00:00Z	1.666000	0.811328	-0.051571
1964	2025-09-20T20:00:00Z	1.534000	0.763709	-0.341660
1965	2025-09-20T21:00:00Z	1.242000	0.658369	-0.516519
1966	2025-09-20T22:00:00Z	0.893000	0.532468	-0.512490
1967	2025-09-20T23:00:00Z	0.606000	0.428932	-0.348106
1968	2025-09-21T00:00:00Z	0.461000	0.376623	-0.095890
1969	2025-09-21T01:00:00Z	0.487000	0.386003	0.166801
1970	2025-09-21T02:00:00Z	0.668000	0.451299	0.368251
1971	2025-09-21T03:00:00Z	0.944000	0.550866	0.467365
1972	2025-09-21T04:00:00Z	1.248000	0.660534	0.460919
1973	2025-09-21T05:00:00Z	1.516000	0.757215	0.351330
1974	2025-09-21T06:00:00Z	1.684000	0.817821	0.132957
1975	2025-09-21T07:00:00Z	1.681000	0.816739	-0.160355
1976	2025-09-21T08:00:00Z	1.485000	0.746032	-0.439162
1977	2025-09-21T09:00:00Z	1.136000	0.620130	-0.609186
1978	2025-09-21T10:00:00Z	0.729000	0.473304	-0.605157
1979	2025-09-21T11:00:00Z	0.385000	0.349206	-0.435133
1980	2025-09-21T12:00:00Z	0.189000	0.278499	-0.171636
1981	2025-09-21T13:00:00Z	0.172000	0.272367	0.107172
1982	2025-09-21T14:00:00Z	0.322000	0.326479	0.340048
1983	2025-09-21T15:00:00Z	0.594000	0.424603	0.485898
1984	2025-09-21T16:00:00Z	0.925000	0.544012	0.535858
1985	2025-09-21T17:00:00Z	1.259000	0.664502	0.493151
1986	2025-09-21T18:00:00Z	1.537000	0.764791	0.341660
1987	2025-09-21T19:00:00Z	1.683000	0.817460	0.082192
1988	2025-09-21T20:00:00Z	1.639000	0.801587	-0.223207
1989	2025-09-21T21:00:00Z	1.406000	0.717532	-0.472200
1990	2025-09-21T22:00:00Z	1.053000	0.590188	-0.573731
1991	2025-09-21T23:00:00Z	0.694000	0.460678	-0.492345
1992	2025-09-22T00:00:00Z	0.442000	0.369769	-0.273167
1993	2025-09-22T01:00:00Z	0.355000	0.338384	-0.000806
1994	2025-09-22T02:00:00Z	0.441000	0.369408	0.248993
1995	2025-09-22T03:00:00Z	0.664000	0.449856	0.417405
1996	2025-09-22T04:00:00Z	0.959000	0.556277	0.477840
1997	2025-09-22T05:00:00Z	1.257000	0.663781	0.435939
1998	2025-09-22T06:00:00Z	1.500000	0.751443	0.296535
1999	2025-09-22T07:00:00Z	1.625000	0.796537	0.062853
2000	2025-09-22T08:00:00Z	1.578000	0.779582	-0.218372
2001	2025-09-22T09:00:00Z	1.354000	0.698773	-0.456084
2002	2025-09-22T10:00:00Z	1.012000	0.575397	-0.563255
2003	2025-09-22T11:00:00Z	0.655000	0.446609	-0.498791
2004	2025-09-22T12:00:00Z	0.393000	0.352092	-0.294118
2005	2025-09-22T13:00:00Z	0.290000	0.314935	-0.029009
2006	2025-09-22T14:00:00Z	0.357000	0.339105	0.224013
2007	2025-09-22T15:00:00Z	0.568000	0.415224	0.410153
2008	2025-09-22T16:00:00Z	0.866000	0.522727	0.497985
2009	2025-09-22T17:00:00Z	1.186000	0.638167	0.488316
2010	2025-09-22T18:00:00Z	1.472000	0.741342	0.385173
2011	2025-09-22T19:00:00Z	1.664000	0.810606	0.181305
2012	2025-09-22T20:00:00Z	1.697000	0.822511	-0.099919
2013	2025-09-22T21:00:00Z	1.540000	0.765873	-0.381144
2014	2025-09-22T22:00:00Z	1.224000	0.651876	-0.564061
2015	2025-09-22T23:00:00Z	0.840000	0.513348	-0.579371
2016	2025-09-23T00:00:00Z	0.505000	0.392496	-0.426269
2017	2025-09-23T01:00:00Z	0.311000	0.322511	-0.170830
2018	2025-09-23T02:00:00Z	0.293000	0.316017	0.099919
2019	2025-09-23T03:00:00Z	0.435000	0.367244	0.319098
2020	2025-09-23T04:00:00Z	0.689000	0.458874	0.444803
2021	2025-09-23T05:00:00Z	0.987000	0.566378	0.463336
2022	2025-09-23T06:00:00Z	1.264000	0.666306	0.389202
2023	2025-09-23T07:00:00Z	1.470000	0.740620	0.228848
2024	2025-09-23T08:00:00Z	1.548000	0.768759	-0.006446
2025	2025-09-23T09:00:00Z	1.462000	0.737734	-0.257051
2026	2025-09-23T10:00:00Z	1.229000	0.653680	-0.436745
2027	2025-09-23T11:00:00Z	0.920000	0.542208	-0.478646
2028	2025-09-23T12:00:00Z	0.635000	0.439394	-0.365834
2029	2025-09-23T13:00:00Z	0.466000	0.378427	-0.146656
2030	2025-09-23T14:00:00Z	0.453000	0.373737	0.099114
2031	2025-09-23T15:00:00Z	0.589000	0.422799	0.307816
2032	2025-09-23T16:00:00Z	0.835000	0.511544	0.437550
2033	2025-09-23T17:00:00Z	1.132000	0.618687	0.465753
2034	2025-09-23T18:00:00Z	1.413000	0.720058	0.398066
2035	2025-09-23T19:00:00Z	1.626000	0.796898	0.244964
2036	2025-09-23T20:00:00Z	1.717000	0.829726	0.008864
2037	2025-09-23T21:00:00Z	1.637000	0.800866	-0.269138
2038	2025-09-23T22:00:00Z	1.383000	0.709235	-0.501209
2039	2025-09-23T23:00:00Z	1.015000	0.576479	-0.602740
2040	2025-09-24T00:00:00Z	0.635000	0.439394	-0.535052
2041	2025-09-24T01:00:00Z	0.351000	0.336941	-0.327961
2042	2025-09-24T02:00:00Z	0.228000	0.292569	-0.061241
2043	2025-09-24T03:00:00Z	0.275000	0.309524	0.187752
2044	2025-09-24T04:00:00Z	0.461000	0.376623	0.366640
2045	2025-09-24T05:00:00Z	0.730000	0.473665	0.446414
2046	2025-09-24T06:00:00Z	1.015000	0.576479	0.427075
2047	2025-09-24T07:00:00Z	1.260000	0.664863	0.328767
2048	2025-09-24T08:00:00Z	1.423000	0.723665	0.159549
2049	2025-09-24T09:00:00Z	1.458000	0.736291	-0.058824
2050	2025-09-24T10:00:00Z	1.350000	0.697330	-0.263497
2051	2025-09-24T11:00:00Z	1.131000	0.618326	-0.381144
2052	2025-09-24T12:00:00Z	0.877000	0.526696	-0.366640
2053	2025-09-24T13:00:00Z	0.676000	0.454185	-0.225624
2054	2025-09-24T14:00:00Z	0.597000	0.425685	-0.015310
2055	2025-09-24T15:00:00Z	0.657000	0.447330	0.190169
2056	2025-09-24T16:00:00Z	0.833000	0.510823	0.345689
2057	2025-09-24T17:00:00Z	1.086000	0.602092	0.419823
2058	2025-09-24T18:00:00Z	1.354000	0.698773	0.395649
2059	2025-09-24T19:00:00Z	1.577000	0.779221	0.282836
2060	2025-09-24T20:00:00Z	1.705000	0.825397	0.094279
2061	2025-09-24T21:00:00Z	1.694000	0.821429	-0.151491
2062	2025-09-24T22:00:00Z	1.517000	0.757576	-0.400483
2063	2025-09-24T23:00:00Z	1.197000	0.642136	-0.566479
2064	2025-09-25T00:00:00Z	0.814000	0.503968	-0.587429
2065	2025-09-25T01:00:00Z	0.468000	0.379149	-0.454472
2066	2025-09-25T02:00:00Z	0.250000	0.300505	-0.218372
2067	2025-09-25T03:00:00Z	0.197000	0.281385	0.037067
2068	2025-09-25T04:00:00Z	0.296000	0.317100	0.248993
2069	2025-09-25T05:00:00Z	0.506000	0.392857	0.383562
2070	2025-09-25T06:00:00Z	0.772000	0.488817	0.423046
2071	2025-09-25T07:00:00Z	1.031000	0.582251	0.376309
2072	2025-09-25T08:00:00Z	1.239000	0.657287	0.265915
2073	2025-09-25T09:00:00Z	1.361000	0.701299	0.103948
2074	2025-09-25T10:00:00Z	1.368000	0.703824	-0.082998
2075	2025-09-25T11:00:00Z	1.258000	0.664141	-0.236100
2076	2025-09-25T12:00:00Z	1.075000	0.598124	-0.298147
2077	2025-09-25T13:00:00Z	0.888000	0.530664	-0.245770
2078	2025-09-25T14:00:00Z	0.770000	0.488095	-0.100725
2079	2025-09-25T15:00:00Z	0.763000	0.485570	0.077357
2080	2025-09-25T16:00:00Z	0.866000	0.522727	0.234488
2081	2025-09-25T17:00:00Z	1.054000	0.590548	0.340048
2082	2025-09-25T18:00:00Z	1.288000	0.674964	0.366640
2083	2025-09-25T19:00:00Z	1.509000	0.754690	0.302176
2084	2025-09-25T20:00:00Z	1.663000	0.810245	0.161160
2085	2025-09-25T21:00:00Z	1.709000	0.826840	-0.040290
2086	2025-09-25T22:00:00Z	1.613000	0.792208	-0.275584
2087	2025-09-25T23:00:00Z	1.367000	0.703463	-0.479452
2088	2025-09-26T00:00:00Z	1.018000	0.577561	-0.576954
2089	2025-09-26T01:00:00Z	0.651000	0.445166	-0.531023
2090	2025-09-26T02:00:00Z	0.359000	0.339827	-0.357776
2091	2025-09-26T03:00:00Z	0.207000	0.284993	-0.120064
2092	2025-09-26T04:00:00Z	0.210000	0.286075	0.105560
2093	2025-09-26T05:00:00Z	0.338000	0.332251	0.275584
2094	2025-09-26T06:00:00Z	0.552000	0.409452	0.371475
2095	2025-09-26T07:00:00Z	0.799000	0.498557	0.381144
2096	2025-09-26T08:00:00Z	1.025000	0.580087	0.321515
2097	2025-09-26T09:00:00Z	1.198000	0.642496	0.215149
2098	2025-09-26T10:00:00Z	1.292000	0.676407	0.073328
2099	2025-09-26T11:00:00Z	1.289000	0.675325	-0.075745
2100	2025-09-26T12:00:00Z	1.198000	0.642496	-0.181305
2101	2025-09-26T13:00:00Z	1.064000	0.594156	-0.203062
2102	2025-09-26T14:00:00Z	0.946000	0.551587	-0.136986
2103	2025-09-26T15:00:00Z	0.894000	0.532828	-0.011281
2104	2025-09-26T16:00:00Z	0.932000	0.546537	0.124899
2105	2025-09-26T17:00:00Z	1.049000	0.588745	0.233683
2106	2025-09-26T18:00:00Z	1.222000	0.651154	0.298147
2107	2025-09-26T19:00:00Z	1.419000	0.722222	0.294118
2108	2025-09-26T20:00:00Z	1.587000	0.782828	0.208703
2109	2025-09-26T21:00:00Z	1.678000	0.815657	0.057212
2110	2025-09-26T22:00:00Z	1.658000	0.808442	-0.140210
2111	2025-09-26T23:00:00Z	1.504000	0.752886	-0.348912
2112	2025-09-27T00:00:00Z	1.225000	0.652237	-0.503626
2113	2025-09-27T01:00:00Z	0.879000	0.527417	-0.544722
2114	2025-09-27T02:00:00Z	0.549000	0.408369	-0.457695
2115	2025-09-27T03:00:00Z	0.311000	0.322511	-0.272361
2116	2025-09-27T04:00:00Z	0.211000	0.286436	-0.053183
2117	2025-09-27T05:00:00Z	0.245000	0.298701	0.136180
2118	2025-09-27T06:00:00Z	0.380000	0.347403	0.269944
2119	2025-09-27T07:00:00Z	0.580000	0.419553	0.337631
2120	2025-09-27T08:00:00Z	0.799000	0.498557	0.334408
2121	2025-09-27T09:00:00Z	0.995000	0.569264	0.277196
2122	2025-09-27T10:00:00Z	1.143000	0.622655	0.186946
2123	2025-09-27T11:00:00Z	1.227000	0.652958	0.072522
2124	2025-09-27T12:00:00Z	1.233000	0.655123	-0.040290
2125	2025-09-27T13:00:00Z	1.177000	0.634921	-0.111201
2126	2025-09-27T14:00:00Z	1.095000	0.605339	-0.117647
2127	2025-09-27T15:00:00Z	1.031000	0.582251	-0.061241
2128	2025-09-27T16:00:00Z	1.019000	0.577922	0.032232
2129	2025-09-27T17:00:00Z	1.071000	0.596681	0.126511
2130	2025-09-27T18:00:00Z	1.176000	0.634560	0.200645
2131	2025-09-27T19:00:00Z	1.320000	0.686508	0.241741
2132	2025-09-27T20:00:00Z	1.476000	0.742785	0.224013
2133	2025-09-27T21:00:00Z	1.598000	0.786797	0.134569
2134	2025-09-27T22:00:00Z	1.643000	0.803030	-0.012087
2135	2025-09-27T23:00:00Z	1.583000	0.781385	-0.193392
2136	2025-09-28T00:00:00Z	1.403000	0.716450	-0.372280
2137	2025-09-28T01:00:00Z	1.121000	0.614719	-0.488316
2138	2025-09-28T02:00:00Z	0.797000	0.497835	-0.495568
2139	2025-09-28T03:00:00Z	0.506000	0.392857	-0.392425
2140	2025-09-28T04:00:00Z	0.310000	0.322150	-0.216761
2141	2025-09-28T05:00:00Z	0.237000	0.295815	-0.028203
2142	2025-09-28T06:00:00Z	0.275000	0.309524	0.129734
2143	2025-09-28T07:00:00Z	0.398000	0.353896	0.242546
2144	2025-09-28T08:00:00Z	0.576000	0.418110	0.299758
2145	2025-09-28T09:00:00Z	0.770000	0.488095	0.298952
2146	2025-09-28T10:00:00Z	0.947000	0.551948	0.257051
2147	2025-09-28T11:00:00Z	1.089000	0.603175	0.189363
2148	2025-09-28T12:00:00Z	1.182000	0.636724	0.099919
2149	2025-09-28T13:00:00Z	1.213000	0.647908	0.009670
2150	2025-09-28T14:00:00Z	1.194000	0.641053	-0.049154
2151	2025-09-28T15:00:00Z	1.152000	0.625902	-0.062047
2152	2025-09-28T16:00:00Z	1.117000	0.613276	-0.029009
2153	2025-09-28T17:00:00Z	1.116000	0.612915	0.030620
2154	2025-09-28T18:00:00Z	1.155000	0.626984	0.095085
2155	2025-09-28T19:00:00Z	1.234000	0.655483	0.154714
2156	2025-09-28T20:00:00Z	1.347000	0.696248	0.192587
2157	2025-09-28T21:00:00Z	1.473000	0.741703	0.176471
2158	2025-09-28T22:00:00Z	1.566000	0.775253	0.094279
2159	2025-09-28T23:00:00Z	1.590000	0.783911	-0.038678
2160	2025-09-29T00:00:00Z	1.518000	0.757937	-0.203868
2161	2025-09-29T01:00:00Z	1.337000	0.692641	-0.361805
2162	2025-09-29T02:00:00Z	1.069000	0.595960	-0.456890
2163	2025-09-29T03:00:00Z	0.770000	0.488095	-0.455278
2164	2025-09-29T04:00:00Z	0.504000	0.392136	-0.359388
2165	2025-09-29T05:00:00Z	0.324000	0.327201	-0.203062
2166	2025-09-29T06:00:00Z	0.252000	0.301227	-0.037873
2167	2025-09-29T07:00:00Z	0.277000	0.310245	0.103948
2168	2025-09-29T08:00:00Z	0.381000	0.347763	0.212732
2169	2025-09-29T09:00:00Z	0.541000	0.405483	0.276390
2170	2025-09-29T10:00:00Z	0.724000	0.471501	0.290089
2171	2025-09-29T11:00:00Z	0.901000	0.535354	0.268332
2172	2025-09-29T12:00:00Z	1.057000	0.591631	0.218372
2173	2025-09-29T13:00:00Z	1.172000	0.633117	0.141015
2174	2025-09-29T14:00:00Z	1.232000	0.654762	0.054795
2175	2025-09-29T15:00:00Z	1.240000	0.657648	-0.014504
2176	2025-09-29T16:00:00Z	1.214000	0.648268	-0.049154
2177	2025-09-29T17:00:00Z	1.179000	0.635642	-0.043513
2178	2025-09-29T18:00:00Z	1.160000	0.628788	-0.004835
2179	2025-09-29T19:00:00Z	1.173000	0.633478	0.053183
2180	2025-09-29T20:00:00Z	1.226000	0.652597	0.119259
2181	2025-09-29T21:00:00Z	1.321000	0.686869	0.167607
2182	2025-09-29T22:00:00Z	1.434000	0.727633	0.162772
2183	2025-09-29T23:00:00Z	1.523000	0.759740	0.094279
2184	2025-09-30T00:00:00Z	1.551000	0.769841	-0.028203
2185	2025-09-30T01:00:00Z	1.488000	0.747114	-0.186946
2186	2025-09-30T02:00:00Z	1.319000	0.686147	-0.340854
2187	2025-09-30T03:00:00Z	1.065000	0.594517	-0.437550
2188	2025-09-30T04:00:00Z	0.776000	0.490260	-0.445608
2189	2025-09-30T05:00:00Z	0.512000	0.395022	-0.365028
2190	2025-09-30T06:00:00Z	0.323000	0.326840	-0.224819
2191	2025-09-30T07:00:00Z	0.233000	0.294372	-0.066882
2192	2025-09-30T08:00:00Z	0.240000	0.296898	0.080580
2193	2025-09-30T09:00:00Z	0.333000	0.330447	0.203868
2194	2025-09-30T10:00:00Z	0.493000	0.388167	0.283642
2195	2025-09-30T11:00:00Z	0.685000	0.457431	0.314263
2196	2025-09-30T12:00:00Z	0.883000	0.528860	0.307010
2197	2025-09-30T13:00:00Z	1.066000	0.594877	0.261886
2198	2025-09-30T14:00:00Z	1.208000	0.646104	0.177276
2199	2025-09-30T15:00:00Z	1.286000	0.674242	0.070911
2200	2025-09-30T16:00:00Z	1.296000	0.677850	-0.024980
2201	2025-09-30T17:00:00Z	1.255000	0.663059	-0.084609
2202	2025-09-30T18:00:00Z	1.191000	0.639971	-0.093473
2203	2025-09-30T19:00:00Z	1.139000	0.621212	-0.053183
2204	2025-09-30T20:00:00Z	1.125000	0.616162	0.020951
2205	2025-09-30T21:00:00Z	1.165000	0.630592	0.111201
2206	2025-09-30T22:00:00Z	1.263000	0.665945	0.180500
2207	2025-09-30T23:00:00Z	1.389000	0.711400	0.186946
2208	2025-10-01T00:00:00Z	1.495000	0.749639	0.124093
2209	2025-10-01T01:00:00Z	1.543000	0.766955	0.003223
2210	2025-10-01T02:00:00Z	1.499000	0.751082	-0.162772
2211	2025-10-01T03:00:00Z	1.341000	0.694084	-0.331990
2212	2025-10-01T04:00:00Z	1.087000	0.602453	-0.447220
2213	2025-10-01T05:00:00Z	0.786000	0.493867	-0.473811
2214	2025-10-01T06:00:00Z	0.499000	0.390332	-0.402901
2215	2025-10-01T07:00:00Z	0.286000	0.313492	-0.259468
2216	2025-10-01T08:00:00Z	0.177000	0.274170	-0.087832
2217	2025-10-01T09:00:00Z	0.177000	0.274170	0.082998
2218	2025-10-01T10:00:00Z	0.280000	0.311328	0.229654
2219	2025-10-01T11:00:00Z	0.462000	0.376984	0.325544
2220	2025-10-01T12:00:00Z	0.684000	0.457071	0.366640
2221	2025-10-01T13:00:00Z	0.917000	0.541126	0.360193
2222	2025-10-01T14:00:00Z	1.131000	0.618326	0.298952
2223	2025-10-01T15:00:00Z	1.288000	0.674964	0.182917
2224	2025-10-01T16:00:00Z	1.358000	0.700216	0.040290
2225	2025-10-01T17:00:00Z	1.338000	0.693001	-0.087027
2226	2025-10-01T18:00:00Z	1.250000	0.661255	-0.161160
2227	2025-10-01T19:00:00Z	1.138000	0.620851	-0.160355
2228	2025-10-01T20:00:00Z	1.051000	0.589466	-0.092667
2229	2025-10-01T21:00:00Z	1.023000	0.579365	0.017728
2230	2025-10-01T22:00:00Z	1.073000	0.597403	0.141015
2231	2025-10-01T23:00:00Z	1.198000	0.642496	0.228042
2232	2025-10-02T00:00:00Z	1.356000	0.699495	0.239323
2233	2025-10-02T01:00:00Z	1.495000	0.749639	0.173247
2234	2025-10-02T02:00:00Z	1.571000	0.777056	0.037067
2235	2025-10-02T03:00:00Z	1.541000	0.766234	-0.153908
2236	2025-10-02T04:00:00Z	1.380000	0.708153	-0.350524
2237	2025-10-02T05:00:00Z	1.106000	0.609307	-0.489927
2238	2025-10-02T06:00:00Z	0.772000	0.488817	-0.526994
2239	2025-10-02T07:00:00Z	0.452000	0.373377	-0.448832
2240	2025-10-02T08:00:00Z	0.215000	0.287879	-0.282836
2241	2025-10-02T09:00:00Z	0.101000	0.246753	-0.077357
2242	2025-10-02T10:00:00Z	0.119000	0.253247	0.124899
2243	2025-10-02T11:00:00Z	0.256000	0.302670	0.291700
2244	2025-10-02T12:00:00Z	0.481000	0.383838	0.396454
2245	2025-10-02T13:00:00Z	0.748000	0.480159	0.431910
2246	2025-10-02T14:00:00Z	1.017000	0.577201	0.403707
2247	2025-10-02T15:00:00Z	1.249000	0.660895	0.304593
2248	2025-10-02T16:00:00Z	1.395000	0.713564	0.140210
2249	2025-10-02T17:00:00Z	1.423000	0.723665	-0.045931
2250	2025-10-02T18:00:00Z	1.338000	0.693001	-0.195810
2251	2025-10-02T19:00:00Z	1.180000	0.636003	-0.261080
2252	2025-10-02T20:00:00Z	1.014000	0.576118	-0.222401
2253	2025-10-02T21:00:00Z	0.904000	0.536436	-0.103948
2254	2025-10-02T22:00:00Z	0.885000	0.529582	0.052377
2255	2025-10-02T23:00:00Z	0.969000	0.559885	0.205479
2256	2025-10-03T00:00:00Z	1.140000	0.621573	0.301370
2257	2025-10-03T01:00:00Z	1.343000	0.694805	0.307010
2258	2025-10-03T02:00:00Z	1.521000	0.759019	0.224013
2259	2025-10-03T03:00:00Z	1.621000	0.795094	0.058824
2260	2025-10-03T04:00:00Z	1.594000	0.785354	-0.167607
2261	2025-10-03T05:00:00Z	1.413000	0.720058	-0.396454
2262	2025-10-03T06:00:00Z	1.102000	0.607864	-0.552780
2263	2025-10-03T07:00:00Z	0.727000	0.472583	-0.584206
2264	2025-10-03T08:00:00Z	0.377000	0.346320	-0.477840
2265	2025-10-03T09:00:00Z	0.134000	0.258658	-0.269944
2266	2025-10-03T10:00:00Z	0.042000	0.225469	-0.024174
2267	2025-10-03T11:00:00Z	0.104000	0.247835	0.206285
2268	2025-10-03T12:00:00Z	0.298000	0.317821	0.381950
2269	2025-10-03T13:00:00Z	0.578000	0.418831	0.474617
2270	2025-10-03T14:00:00Z	0.887000	0.530303	0.485093
2271	2025-10-03T15:00:00Z	1.180000	0.636003	0.416600
2272	2025-10-03T16:00:00Z	1.404000	0.716811	0.261080
2273	2025-10-03T17:00:00Z	1.504000	0.752886	0.039484
2274	2025-10-03T18:00:00Z	1.453000	0.734488	-0.183723
2275	2025-10-03T19:00:00Z	1.276000	0.670635	-0.333602
2276	2025-10-03T20:00:00Z	1.039000	0.585137	-0.360999
2277	2025-10-03T21:00:00Z	0.828000	0.509019	-0.261886
2278	2025-10-03T22:00:00Z	0.714000	0.467893	-0.080580
2279	2025-10-03T23:00:00Z	0.728000	0.472944	0.123288
2280	2025-10-04T00:00:00Z	0.867000	0.523088	0.295729
2281	2025-10-04T01:00:00Z	1.095000	0.605339	0.386785
2282	2025-10-04T02:00:00Z	1.347000	0.696248	0.373086
2283	2025-10-04T03:00:00Z	1.558000	0.772367	0.262691
2284	2025-10-04T04:00:00Z	1.673000	0.813853	0.062047
2285	2025-10-04T05:00:00Z	1.635000	0.800144	-0.201450
2286	2025-10-04T06:00:00Z	1.423000	0.723665	-0.456084
2287	2025-10-04T07:00:00Z	1.069000	0.595960	-0.615633
2288	2025-10-04T08:00:00Z	0.659000	0.448052	-0.620467
2289	2025-10-04T09:00:00Z	0.299000	0.318182	-0.466559
2290	2025-10-04T10:00:00Z	0.080000	0.239177	-0.210314
2291	2025-10-04T11:00:00Z	0.038000	0.224026	0.068493
2292	2025-10-04T12:00:00Z	0.165000	0.269841	0.311845
2293	2025-10-04T13:00:00Z	0.425000	0.363636	0.477035
2294	2025-10-04T14:00:00Z	0.757000	0.483405	0.539887
2295	2025-10-04T15:00:00Z	1.095000	0.605339	0.506044
2296	2025-10-04T16:00:00Z	1.385000	0.709957	0.380338
2297	2025-10-04T17:00:00Z	1.567000	0.775613	0.159549
2298	2025-10-04T18:00:00Z	1.583000	0.781385	-0.113618
2299	2025-10-04T19:00:00Z	1.426000	0.724747	-0.352941
2300	2025-10-04T20:00:00Z	1.145000	0.623377	-0.477840
2301	2025-10-04T21:00:00Z	0.833000	0.510823	-0.441579
2302	2025-10-04T22:00:00Z	0.597000	0.425685	-0.265109
2303	2025-10-04T23:00:00Z	0.504000	0.392136	-0.021757
2304	2025-10-05T00:00:00Z	0.570000	0.415945	0.216761
2305	2025-10-05T01:00:00Z	0.773000	0.489177	0.394843
2306	2025-10-05T02:00:00Z	1.060000	0.592713	0.468977
2307	2025-10-05T03:00:00Z	1.355000	0.699134	0.427881
2308	2025-10-05T04:00:00Z	1.591000	0.784271	0.285254
2309	2025-10-05T05:00:00Z	1.709000	0.826840	0.048348
2310	2025-10-05T06:00:00Z	1.651000	0.805916	-0.246575
2311	2025-10-05T07:00:00Z	1.403000	0.716450	-0.511684
2312	2025-10-05T08:00:00Z	1.016000	0.576840	-0.652699
2313	2025-10-05T09:00:00Z	0.593000	0.424242	-0.614827
2314	2025-10-05T10:00:00Z	0.253000	0.301587	-0.408541
2315	2025-10-05T11:00:00Z	0.086000	0.241342	-0.111201
2316	2025-10-05T12:00:00Z	0.115000	0.251804	0.185334
2317	2025-10-05T13:00:00Z	0.316000	0.324315	0.419823
2318	2025-10-05T14:00:00Z	0.636000	0.439755	0.553586
2319	2025-10-05T15:00:00Z	1.003000	0.572150	0.571313
2320	2025-10-05T16:00:00Z	1.345000	0.695527	0.481064
2321	2025-10-05T17:00:00Z	1.600000	0.787518	0.289283
2322	2025-10-05T18:00:00Z	1.704000	0.825036	0.008058
2323	2025-10-05T19:00:00Z	1.610000	0.791126	-0.298952
2324	2025-10-05T20:00:00Z	1.333000	0.691198	-0.530218
2325	2025-10-05T21:00:00Z	0.952000	0.553752	-0.601934
2326	2025-10-05T22:00:00Z	0.586000	0.421717	-0.486704
2327	2025-10-05T23:00:00Z	0.348000	0.335859	-0.233683
2328	2025-10-06T00:00:00Z	0.296000	0.317100	0.061241
2329	2025-10-06T01:00:00Z	0.424000	0.363276	0.318292
2330	2025-10-06T02:00:00Z	0.691000	0.459596	0.486704
2331	2025-10-06T03:00:00Z	1.028000	0.581169	0.535052
2332	2025-10-06T04:00:00Z	1.355000	0.699134	0.464948
2333	2025-10-06T05:00:00Z	1.605000	0.789322	0.291700
2334	2025-10-06T06:00:00Z	1.717000	0.829726	0.025786
2335	2025-10-06T07:00:00Z	1.637000	0.800866	-0.286060
2336	2025-10-06T08:00:00Z	1.362000	0.701659	-0.543916
2337	2025-10-06T09:00:00Z	0.962000	0.557359	-0.651088
2338	2025-10-06T10:00:00Z	0.554000	0.410173	-0.561644
2339	2025-10-06T11:00:00Z	0.265000	0.305916	-0.308622
2340	2025-10-06T12:00:00Z	0.171000	0.272006	0.010475
2341	2025-10-06T13:00:00Z	0.278000	0.310606	0.301370
2342	2025-10-06T14:00:00Z	0.545000	0.406926	0.506849
2343	2025-10-06T15:00:00Z	0.907000	0.537518	0.593876
2344	2025-10-06T16:00:00Z	1.282000	0.672799	0.556003
2345	2025-10-06T17:00:00Z	1.597000	0.786436	0.408541
2346	2025-10-06T18:00:00Z	1.789000	0.855700	0.156326
2347	2025-10-06T19:00:00Z	1.791000	0.856421	-0.172442
2348	2025-10-06T20:00:00Z	1.575000	0.778499	-0.490733
2349	2025-10-06T21:00:00Z	1.182000	0.636724	-0.688155
2350	2025-10-06T22:00:00Z	0.721000	0.470418	-0.688155
2351	2025-10-06T23:00:00Z	0.328000	0.328644	-0.489122
2352	2025-10-07T00:00:00Z	0.114000	0.251443	-0.173247
2353	2025-10-07T01:00:00Z	0.113000	0.251082	0.151491
2354	2025-10-07T02:00:00Z	0.302000	0.319264	0.409347
2355	2025-10-07T03:00:00Z	0.621000	0.434343	0.556809
2356	2025-10-07T04:00:00Z	0.993000	0.568543	0.577760
2357	2025-10-07T05:00:00Z	1.338000	0.693001	0.483481
2358	2025-10-07T06:00:00Z	1.593000	0.784993	0.286865
2359	2025-10-07T07:00:00Z	1.694000	0.821429	0.002417
2360	2025-10-07T08:00:00Z	1.596000	0.786075	-0.307816
2361	2025-10-07T09:00:00Z	1.312000	0.683622	-0.540693
2362	2025-10-07T10:00:00Z	0.925000	0.544012	-0.603546
2363	2025-10-07T11:00:00Z	0.563000	0.413420	-0.467365
2364	2025-10-07T12:00:00Z	0.345000	0.334776	-0.187752
2365	2025-10-07T13:00:00Z	0.330000	0.329365	0.129734
2366	2025-10-07T14:00:00Z	0.506000	0.392857	0.393231
2367	2025-10-07T15:00:00Z	0.818000	0.505411	0.555197
2368	2025-10-07T16:00:00Z	1.195000	0.641414	0.590653
2369	2025-10-07T17:00:00Z	1.551000	0.769841	0.498791
2370	2025-10-07T18:00:00Z	1.814000	0.864719	0.298147
2371	2025-10-07T19:00:00Z	1.921000	0.903319	-0.000806
2372	2025-10-07T20:00:00Z	1.813000	0.864358	-0.353747
2373	2025-10-07T21:00:00Z	1.482000	0.744949	-0.658340
2374	2025-10-07T22:00:00Z	0.996000	0.569625	-0.800967
2375	2025-10-07T23:00:00Z	0.488000	0.386364	-0.723610
2376	2025-10-08T00:00:00Z	0.098000	0.245671	-0.455278
2377	2025-10-08T01:00:00Z	-0.077000	0.182540	-0.099114
2378	2025-10-08T02:00:00Z	-0.025000	0.201299	0.232877
2379	2025-10-08T03:00:00Z	0.212000	0.286797	0.474617
2380	2025-10-08T04:00:00Z	0.564000	0.413781	0.596293
2381	2025-10-08T05:00:00Z	0.952000	0.553752	0.593070
2382	2025-10-08T06:00:00Z	1.300000	0.679293	0.482675
2383	2025-10-08T07:00:00Z	1.551000	0.769841	0.276390
2384	2025-10-08T08:00:00Z	1.643000	0.803030	-0.008864
2385	2025-10-08T09:00:00Z	1.540000	0.765873	-0.302981
2386	2025-10-08T10:00:00Z	1.267000	0.667388	-0.500403
2387	2025-10-08T11:00:00Z	0.919000	0.541847	-0.518936
2388	2025-10-08T12:00:00Z	0.623000	0.435065	-0.351330
2389	2025-10-08T13:00:00Z	0.483000	0.384560	-0.068493
2390	2025-10-08T14:00:00Z	0.538000	0.404401	0.224013
2391	2025-10-08T15:00:00Z	0.761000	0.484848	0.445608
2392	2025-10-08T16:00:00Z	1.091000	0.603896	0.558421
2393	2025-10-08T17:00:00Z	1.454000	0.734848	0.545528
2394	2025-10-08T18:00:00Z	1.768000	0.848124	0.410959
2395	2025-10-08T19:00:00Z	1.964000	0.918831	0.172442
2396	2025-10-08T20:00:00Z	1.982000	0.925325	-0.153102
2397	2025-10-08T21:00:00Z	1.774000	0.850289	-0.506849
2398	2025-10-08T22:00:00Z	1.353000	0.698413	-0.775181
2399	2025-10-08T23:00:00Z	0.812000	0.503247	-0.854956
2400	2025-10-09T00:00:00Z	0.292000	0.315657	-0.711523
2401	2025-10-09T01:00:00Z	-0.071000	0.184704	-0.397260
2402	2025-10-09T02:00:00Z	-0.201000	0.137807	-0.029009
2403	2025-10-09T03:00:00Z	-0.107000	0.171717	0.288477
2404	2025-10-09T04:00:00Z	0.157000	0.266955	0.504432
2405	2025-10-09T05:00:00Z	0.519000	0.397547	0.600322
2406	2025-10-09T06:00:00Z	0.902000	0.535714	0.582595
2407	2025-10-09T07:00:00Z	1.242000	0.658369	0.468977
2408	2025-10-09T08:00:00Z	1.484000	0.745671	0.265915
2409	2025-10-09T09:00:00Z	1.572000	0.777417	-0.004835
2410	2025-10-09T10:00:00Z	1.478000	0.743506	-0.269138
2411	2025-10-09T11:00:00Z	1.238000	0.656926	-0.427075
2412	2025-10-09T12:00:00Z	0.948000	0.552309	-0.413376
2413	2025-10-09T13:00:00Z	0.725000	0.471861	-0.236100
2414	2025-10-09T14:00:00Z	0.655000	0.446609	0.026591
2415	2025-10-09T15:00:00Z	0.758000	0.483766	0.276390
2416	2025-10-09T16:00:00Z	0.998000	0.570346	0.451249
2417	2025-10-09T17:00:00Z	1.318000	0.685786	0.522160
2418	2025-10-09T18:00:00Z	1.646000	0.804113	0.472200
2419	2025-10-09T19:00:00Z	1.904000	0.897186	0.311039
2420	2025-10-09T20:00:00Z	2.032000	0.943362	0.055600
2421	2025-10-09T21:00:00Z	1.973000	0.922078	-0.274778
2422	2025-10-09T22:00:00Z	1.691000	0.820346	-0.606769
2423	2025-10-09T23:00:00Z	1.220000	0.650433	-0.827558
2424	2025-10-10T00:00:00Z	0.664000	0.449856	-0.850121
2425	2025-10-10T01:00:00Z	0.165000	0.269841	-0.661563
2426	2025-10-10T02:00:00Z	-0.157000	0.153680	-0.333602
2427	2025-10-10T03:00:00Z	-0.249000	0.120491	0.018533
2428	2025-10-10T04:00:00Z	-0.134000	0.161977	0.307010
2429	2025-10-10T05:00:00Z	0.132000	0.257937	0.494762
2430	2025-10-10T06:00:00Z	0.480000	0.383478	0.572925
2431	2025-10-10T07:00:00Z	0.843000	0.514430	0.552780
2432	2025-10-10T08:00:00Z	1.166000	0.630952	0.448026
2433	2025-10-10T09:00:00Z	1.399000	0.715007	0.262691
2434	2025-10-10T10:00:00Z	1.492000	0.748557	0.019339
2435	2025-10-10T11:00:00Z	1.423000	0.723665	-0.209508
2436	2025-10-10T12:00:00Z	1.232000	0.654762	-0.335214
2437	2025-10-10T13:00:00Z	1.007000	0.573593	-0.307816
2438	2025-10-10T14:00:00Z	0.850000	0.516955	-0.144239
2439	2025-10-10T15:00:00Z	0.828000	0.509019	0.078969
2440	2025-10-10T16:00:00Z	0.948000	0.552309	0.281225
2441	2025-10-10T17:00:00Z	1.177000	0.634921	0.415794
2442	2025-10-10T18:00:00Z	1.464000	0.738456	0.456890
2443	2025-10-10T19:00:00Z	1.744000	0.839466	0.390008
2444	2025-10-10T20:00:00Z	1.948000	0.913059	0.222401
2445	2025-10-10T21:00:00Z	2.020000	0.939033	-0.031426
2446	2025-10-10T22:00:00Z	1.909000	0.898990	-0.344077
2447	2025-10-10T23:00:00Z	1.593000	0.784993	-0.640612
2448	2025-10-11T00:00:00Z	1.114000	0.612193	-0.816277
2449	2025-10-11T01:00:00Z	0.580000	0.419553	-0.799355
2450	2025-10-11T02:00:00Z	0.122000	0.254329	-0.596293
2451	2025-10-11T03:00:00Z	-0.160000	0.152597	-0.283642
2452	2025-10-11T04:00:00Z	-0.230000	0.127345	0.034649
2453	2025-10-11T05:00:00Z	-0.117000	0.168110	0.286865
2454	2025-10-11T06:00:00Z	0.126000	0.255772	0.452055
2455	2025-10-11T07:00:00Z	0.444000	0.370491	0.523771
2456	2025-10-11T08:00:00Z	0.776000	0.490260	0.512490
2457	2025-10-11T09:00:00Z	1.080000	0.599928	0.431104
2458	2025-10-11T10:00:00Z	1.311000	0.683261	0.273973
2459	2025-10-11T11:00:00Z	1.420000	0.722583	0.062047
2460	2025-10-11T12:00:00Z	1.388000	0.711039	-0.135375
2461	2025-10-11T13:00:00Z	1.252000	0.661977	-0.243352
2462	2025-10-11T14:00:00Z	1.086000	0.602092	-0.224013
2463	2025-10-11T15:00:00Z	0.974000	0.561688	-0.094279
2464	2025-10-11T16:00:00Z	0.969000	0.559885	0.082998
2465	2025-10-11T17:00:00Z	1.077000	0.598846	0.243352
2466	2025-10-11T18:00:00Z	1.271000	0.668831	0.351330
2467	2025-10-11T19:00:00Z	1.513000	0.756133	0.381950
2468	2025-10-11T20:00:00Z	1.745000	0.839827	0.317486
2469	2025-10-11T21:00:00Z	1.907000	0.898268	0.162772
2470	2025-10-11T22:00:00Z	1.947000	0.912698	-0.070911
2471	2025-10-11T23:00:00Z	1.819000	0.866522	-0.355359
2472	2025-10-12T00:00:00Z	1.506000	0.753608	-0.614827
2473	2025-10-12T01:00:00Z	1.056000	0.591270	-0.755842
2474	2025-10-12T02:00:00Z	0.568000	0.415224	-0.725222
2475	2025-10-12T03:00:00Z	0.156000	0.266595	-0.535052
2476	2025-10-12T04:00:00Z	-0.096000	0.175685	-0.259468
2477	2025-10-12T05:00:00Z	-0.166000	0.150433	0.014504
2478	2025-10-12T06:00:00Z	-0.078000	0.182179	0.236906
2479	2025-10-12T07:00:00Z	0.128000	0.256494	0.390008
2480	2025-10-12T08:00:00Z	0.406000	0.356782	0.468171
2481	2025-10-12T09:00:00Z	0.709000	0.466089	0.478646
2482	2025-10-12T10:00:00Z	1.000000	0.571068	0.426269
2483	2025-10-12T11:00:00Z	1.238000	0.656926	0.301370
2484	2025-10-12T12:00:00Z	1.374000	0.705988	0.118453
2485	2025-10-12T13:00:00Z	1.385000	0.709957	-0.062047
2486	2025-10-12T14:00:00Z	1.297000	0.678211	-0.174053
2487	2025-10-12T15:00:00Z	1.169000	0.632035	-0.180500
2488	2025-10-12T16:00:00Z	1.073000	0.597403	-0.092667
2489	2025-10-12T17:00:00Z	1.054000	0.590548	0.041096
2490	2025-10-12T18:00:00Z	1.124000	0.615801	0.174859
2491	2025-10-12T19:00:00Z	1.271000	0.668831	0.277196
2492	2025-10-12T20:00:00Z	1.468000	0.739899	0.316680
2493	2025-10-12T21:00:00Z	1.664000	0.810606	0.270749
2494	2025-10-12T22:00:00Z	1.804000	0.861111	0.141821
2495	2025-10-12T23:00:00Z	1.840000	0.874098	-0.062047
2496	2025-10-13T00:00:00Z	1.727000	0.833333	-0.314263
2497	2025-10-13T01:00:00Z	1.450000	0.733405	-0.543916
2498	2025-10-13T02:00:00Z	1.052000	0.589827	-0.671233
2499	2025-10-13T03:00:00Z	0.617000	0.432900	-0.652699
2500	2025-10-13T04:00:00Z	0.242000	0.297619	-0.497180
2501	2025-10-13T05:00:00Z	0.000000	0.210317	-0.265915
2502	2025-10-13T06:00:00Z	-0.088000	0.178571	-0.029009
2503	2025-10-13T07:00:00Z	-0.036000	0.197330	0.174859
2504	2025-10-13T08:00:00Z	0.129000	0.256854	0.329573
2505	2025-10-13T09:00:00Z	0.373000	0.344877	0.425463
2506	2025-10-13T10:00:00Z	0.657000	0.447330	0.463336
2507	2025-10-13T11:00:00Z	0.948000	0.552309	0.439968
2508	2025-10-13T12:00:00Z	1.203000	0.644300	0.339243
2509	2025-10-13T13:00:00Z	1.369000	0.704185	0.171636
2510	2025-10-13T14:00:00Z	1.416000	0.721140	-0.009670
2511	2025-10-13T15:00:00Z	1.357000	0.699856	-0.142627
2512	2025-10-13T16:00:00Z	1.239000	0.657287	-0.186140
2513	2025-10-13T17:00:00Z	1.126000	0.616522	-0.138598
2514	2025-10-13T18:00:00Z	1.067000	0.595238	-0.031426
2515	2025-10-13T19:00:00Z	1.087000	0.602453	0.097502
2516	2025-10-13T20:00:00Z	1.188000	0.638889	0.212732
2517	2025-10-13T21:00:00Z	1.351000	0.697691	0.274778
2518	2025-10-13T22:00:00Z	1.529000	0.761905	0.257051
2519	2025-10-13T23:00:00Z	1.670000	0.812771	0.160355
2520	2025-10-14T00:00:00Z	1.728000	0.833694	-0.012893
2521	2025-10-14T01:00:00Z	1.654000	0.806999	-0.240129
2522	2025-10-14T02:00:00Z	1.430000	0.726190	-0.456890
2523	2025-10-14T03:00:00Z	1.087000	0.602453	-0.591459
2524	2025-10-14T04:00:00Z	0.696000	0.461400	-0.599517
2525	2025-10-14T05:00:00Z	0.343000	0.334055	-0.484287
2526	2025-10-14T06:00:00Z	0.095000	0.244589	-0.292506
2527	2025-10-14T07:00:00Z	-0.020000	0.203102	-0.078969
2528	2025-10-14T08:00:00Z	-0.003000	0.209235	0.124093
2529	2025-10-14T09:00:00Z	0.134000	0.258658	0.292506
2530	2025-10-14T10:00:00Z	0.360000	0.340188	0.407736
2531	2025-10-14T11:00:00Z	0.640000	0.441198	0.470588
2532	2025-10-14T12:00:00Z	0.944000	0.550866	0.468977
2533	2025-10-14T13:00:00Z	1.222000	0.651154	0.377115
2534	2025-10-14T14:00:00Z	1.412000	0.719697	0.204674
2535	2025-10-14T15:00:00Z	1.476000	0.742785	0.003223
2536	2025-10-14T16:00:00Z	1.416000	0.721140	-0.162772
2537	2025-10-14T17:00:00Z	1.274000	0.669913	-0.240935
2538	2025-10-14T18:00:00Z	1.117000	0.613276	-0.215955
2539	2025-10-14T19:00:00Z	1.006000	0.573232	-0.112812
2540	2025-10-14T20:00:00Z	0.977000	0.562771	0.031426
2541	2025-10-14T21:00:00Z	1.045000	0.587302	0.174859
2542	2025-10-14T22:00:00Z	1.194000	0.641053	0.265109
2543	2025-10-14T23:00:00Z	1.374000	0.705988	0.276390
2544	2025-10-15T00:00:00Z	1.537000	0.764791	0.208703
2545	2025-10-15T01:00:00Z	1.633000	0.799423	0.056406
2546	2025-10-15T02:00:00Z	1.607000	0.790043	-0.160355
2547	2025-10-15T03:00:00Z	1.434000	0.727633	-0.380338
2548	2025-10-15T04:00:00Z	1.135000	0.619769	-0.534247
2549	2025-10-15T05:00:00Z	0.771000	0.488456	-0.573731
2550	2025-10-15T06:00:00Z	0.423000	0.362915	-0.489927
2551	2025-10-15T07:00:00Z	0.163000	0.269120	-0.318292
2552	2025-10-15T08:00:00Z	0.028000	0.220418	-0.107977
2553	2025-10-15T09:00:00Z	0.029000	0.220779	0.105560
2554	2025-10-15T10:00:00Z	0.159000	0.267677	0.289283
2555	2025-10-15T11:00:00Z	0.388000	0.350289	0.421434
2556	2025-10-15T12:00:00Z	0.682000	0.456349	0.497985
2557	2025-10-15T13:00:00Z	1.006000	0.573232	0.497985
2558	2025-10-15T14:00:00Z	1.300000	0.679293	0.394037
2559	2025-10-15T15:00:00Z	1.495000	0.749639	0.197421
2560	2025-10-15T16:00:00Z	1.545000	0.767677	-0.036261
2561	2025-10-15T17:00:00Z	1.450000	0.733405	-0.232877
2562	2025-10-15T18:00:00Z	1.256000	0.663420	-0.328767
2563	2025-10-15T19:00:00Z	1.042000	0.586219	-0.302981
2564	2025-10-15T20:00:00Z	0.880000	0.527778	-0.180500
2565	2025-10-15T21:00:00Z	0.818000	0.505411	-0.003223
2566	2025-10-15T22:00:00Z	0.876000	0.526335	0.171636
2567	2025-10-15T23:00:00Z	1.031000	0.582251	0.286865
2568	2025-10-16T00:00:00Z	1.232000	0.654762	0.319903
2569	2025-10-16T01:00:00Z	1.428000	0.725469	0.268332
2570	2025-10-16T02:00:00Z	1.565000	0.774892	0.123288
2571	2025-10-16T03:00:00Z	1.581000	0.780664	-0.096696
2572	2025-10-16T04:00:00Z	1.445000	0.731602	-0.331185
2573	2025-10-16T05:00:00Z	1.170000	0.632395	-0.506849
2574	2025-10-16T06:00:00Z	0.816000	0.504690	-0.566479
2575	2025-10-16T07:00:00Z	0.467000	0.378788	-0.495568
2576	2025-10-16T08:00:00Z	0.201000	0.282828	-0.323127
2577	2025-10-16T09:00:00Z	0.066000	0.234127	-0.099919
2578	2025-10-16T10:00:00Z	0.077000	0.238095	0.128928
2579	2025-10-16T11:00:00Z	0.226000	0.291847	0.322321
2580	2025-10-16T12:00:00Z	0.477000	0.382395	0.456890
2581	2025-10-16T13:00:00Z	0.793000	0.496392	0.527800
2582	2025-10-16T14:00:00Z	1.132000	0.618687	0.508461
2583	2025-10-16T15:00:00Z	1.424000	0.724026	0.371475
2584	2025-10-16T16:00:00Z	1.593000	0.784993	0.137792
2585	2025-10-16T17:00:00Z	1.595000	0.785714	-0.128122
2586	2025-10-16T18:00:00Z	1.434000	0.727633	-0.340048
2587	2025-10-16T19:00:00Z	1.173000	0.633478	-0.427075
2588	2025-10-16T20:00:00Z	0.904000	0.536436	-0.373086
2589	2025-10-16T21:00:00Z	0.710000	0.466450	-0.211926
2590	2025-10-16T22:00:00Z	0.641000	0.441558	0.002417
2591	2025-10-16T23:00:00Z	0.713000	0.467532	0.202256
2592	2025-10-17T00:00:00Z	0.892000	0.532107	0.330379
2593	2025-10-17T01:00:00Z	1.123000	0.615440	0.371475
2594	2025-10-17T02:00:00Z	1.353000	0.698413	0.321515
2595	2025-10-17T03:00:00Z	1.522000	0.759380	0.170024
2596	2025-10-17T04:00:00Z	1.564000	0.774531	-0.064464
2597	2025-10-17T05:00:00Z	1.442000	0.730519	-0.315068
2598	2025-10-17T06:00:00Z	1.173000	0.633478	-0.501209
2599	2025-10-17T07:00:00Z	0.820000	0.506133	-0.561644
2600	2025-10-17T08:00:00Z	0.476000	0.382035	-0.479452
2601	2025-10-17T09:00:00Z	0.225000	0.291486	-0.289283
2602	2025-10-17T10:00:00Z	0.117000	0.252525	-0.048348
2603	2025-10-17T11:00:00Z	0.165000	0.269841	0.190169
2604	2025-10-17T12:00:00Z	0.353000	0.337662	0.378727
2605	2025-10-17T13:00:00Z	0.635000	0.439394	0.496374
2606	2025-10-17T14:00:00Z	0.969000	0.559885	0.539081
2607	2025-10-17T15:00:00Z	1.304000	0.680736	0.479452
2608	2025-10-17T16:00:00Z	1.564000	0.774531	0.297341
2609	2025-10-17T17:00:00Z	1.673000	0.813853	0.024174
2610	2025-10-17T18:00:00Z	1.594000	0.785354	-0.260274
2611	2025-10-17T19:00:00Z	1.350000	0.697330	-0.459307
2612	2025-10-17T20:00:00Z	1.024000	0.579726	-0.508461
2613	2025-10-17T21:00:00Z	0.719000	0.469697	-0.404512
2614	2025-10-17T22:00:00Z	0.522000	0.398629	-0.195810
2615	2025-10-17T23:00:00Z	0.476000	0.382035	0.048348
2616	2025-10-18T00:00:00Z	0.582000	0.420274	0.257857
2617	2025-10-18T01:00:00Z	0.796000	0.497475	0.383562
2618	2025-10-18T02:00:00Z	1.058000	0.591991	0.417405
2619	2025-10-18T03:00:00Z	1.314000	0.684343	0.354553
2620	2025-10-18T04:00:00Z	1.498000	0.750722	0.183723
2621	2025-10-18T05:00:00Z	1.542000	0.766595	-0.066076
2622	2025-10-18T06:00:00Z	1.416000	0.721140	-0.323127
2623	2025-10-18T07:00:00Z	1.141000	0.621934	-0.502820
2624	2025-10-18T08:00:00Z	0.792000	0.496032	-0.539887
2625	2025-10-18T09:00:00Z	0.471000	0.380231	-0.427881
2626	2025-10-18T10:00:00Z	0.261000	0.304473	-0.213537
2627	2025-10-18T11:00:00Z	0.206000	0.284632	0.040290
2628	2025-10-18T12:00:00Z	0.311000	0.322511	0.271555
2629	2025-10-18T13:00:00Z	0.543000	0.406205	0.435133
2630	2025-10-18T14:00:00Z	0.851000	0.517316	0.517325
2631	2025-10-18T15:00:00Z	1.185000	0.637807	0.514907
2632	2025-10-18T16:00:00Z	1.490000	0.747835	0.401289
2633	2025-10-18T17:00:00Z	1.683000	0.817460	0.168413
2634	2025-10-18T18:00:00Z	1.699000	0.823232	-0.130540
2635	2025-10-18T19:00:00Z	1.521000	0.759019	-0.406124
2636	2025-10-18T20:00:00Z	1.195000	0.641414	-0.563255
2637	2025-10-18T21:00:00Z	0.822000	0.506854	-0.548751
2638	2025-10-18T22:00:00Z	0.514000	0.395743	-0.384367
2639	2025-10-18T23:00:00Z	0.345000	0.334776	-0.135375
2640	2025-10-19T00:00:00Z	0.346000	0.335137	0.124899
2641	2025-10-19T01:00:00Z	0.500000	0.390693	0.325544
2642	2025-10-19T02:00:00Z	0.750000	0.480880	0.431910
2643	2025-10-19T03:00:00Z	1.036000	0.584055	0.445608
2644	2025-10-19T04:00:00Z	1.303000	0.680375	0.359388
2645	2025-10-19T05:00:00Z	1.482000	0.744949	0.166801
2646	2025-10-19T06:00:00Z	1.510000	0.755051	-0.092667
2647	2025-10-19T07:00:00Z	1.367000	0.703463	-0.341660
2648	2025-10-19T08:00:00Z	1.086000	0.602092	-0.493151
2649	2025-10-19T09:00:00Z	0.755000	0.482684	-0.489122
2650	2025-10-19T10:00:00Z	0.479000	0.383117	-0.339243
2651	2025-10-19T11:00:00Z	0.334000	0.330808	-0.105560
2652	2025-10-19T12:00:00Z	0.348000	0.335859	0.144239
2653	2025-10-19T13:00:00Z	0.513000	0.395382	0.350524
2654	2025-10-19T14:00:00Z	0.783000	0.492785	0.471394
2655	2025-10-19T15:00:00Z	1.098000	0.606421	0.503626
2656	2025-10-19T16:00:00Z	1.408000	0.718254	0.443997
2657	2025-10-19T17:00:00Z	1.649000	0.805195	0.272361
2658	2025-10-19T18:00:00Z	1.746000	0.840188	0.001612
2659	2025-10-19T19:00:00Z	1.651000	0.805916	-0.301370
2660	2025-10-19T20:00:00Z	1.372000	0.705267	-0.539887
2661	2025-10-19T21:00:00Z	0.981000	0.564214	-0.626914
2662	2025-10-19T22:00:00Z	0.594000	0.424603	-0.536664
2663	2025-10-19T23:00:00Z	0.315000	0.323954	-0.314263
2664	2025-10-20T00:00:00Z	0.204000	0.283911	-0.037873
2665	2025-10-20T01:00:00Z	0.268000	0.306999	0.215955
2666	2025-10-20T02:00:00Z	0.472000	0.380592	0.390814
2667	2025-10-20T03:00:00Z	0.753000	0.481962	0.465753
2668	2025-10-20T04:00:00Z	1.050000	0.589105	0.449637
2669	2025-10-20T05:00:00Z	1.311000	0.683261	0.336019
2670	2025-10-20T06:00:00Z	1.467000	0.739538	0.125705
2671	2025-10-20T07:00:00Z	1.467000	0.739538	-0.132151
2672	2025-10-20T08:00:00Z	1.303000	0.680375	-0.354553
2673	2025-10-20T09:00:00Z	1.027000	0.580808	-0.458501
2674	2025-10-20T10:00:00Z	0.734000	0.475108	-0.406124
2675	2025-10-20T11:00:00Z	0.523000	0.398990	-0.225624
2676	2025-10-20T12:00:00Z	0.454000	0.374098	0.012893
2677	2025-10-20T13:00:00Z	0.539000	0.404762	0.241741
2678	2025-10-20T14:00:00Z	0.754000	0.482323	0.405318
2679	2025-10-20T15:00:00Z	1.042000	0.586219	0.473006
2680	2025-10-20T16:00:00Z	1.341000	0.694084	0.447220
2681	2025-10-20T17:00:00Z	1.597000	0.786436	0.329573
2682	2025-10-20T18:00:00Z	1.750000	0.841631	0.109589
2683	2025-10-20T19:00:00Z	1.733000	0.835498	-0.182917
2684	2025-10-20T20:00:00Z	1.523000	0.759740	-0.462530
2685	2025-10-20T21:00:00Z	1.159000	0.628427	-0.634166
2686	2025-10-20T22:00:00Z	0.736000	0.475830	-0.635778
2687	2025-10-20T23:00:00Z	0.370000	0.343795	-0.469782
2688	2025-10-21T00:00:00Z	0.153000	0.265512	-0.204674
2689	2025-10-21T01:00:00Z	0.116000	0.252165	0.074940
2690	2025-10-21T02:00:00Z	0.246000	0.299062	0.304593
2691	2025-10-21T03:00:00Z	0.494000	0.388528	0.440774
2692	2025-10-21T04:00:00Z	0.793000	0.496392	0.478646
2693	2025-10-21T05:00:00Z	1.088000	0.602814	0.430298
2694	2025-10-21T06:00:00Z	1.327000	0.689033	0.290894
2695	2025-10-21T07:00:00Z	1.449000	0.733045	0.071716
2696	2025-10-21T08:00:00Z	1.416000	0.721140	-0.169218
2697	2025-10-21T09:00:00Z	1.239000	0.657287	-0.349718
2698	2025-10-21T10:00:00Z	0.982000	0.564574	-0.398872
2699	2025-10-21T11:00:00Z	0.744000	0.478716	-0.300564
2700	2025-10-21T12:00:00Z	0.609000	0.430014	-0.103143
2701	2025-10-21T13:00:00Z	0.616000	0.432540	0.122482
2702	2025-10-21T14:00:00Z	0.761000	0.484848	0.313457
2703	2025-10-21T15:00:00Z	1.005000	0.572872	0.423852
2704	2025-10-21T16:00:00Z	1.287000	0.674603	0.434327
2705	2025-10-21T17:00:00Z	1.544000	0.767316	0.352941
2706	2025-10-21T18:00:00Z	1.725000	0.832612	0.184529
2707	2025-10-21T19:00:00Z	1.773000	0.849928	-0.068493
2708	2025-10-21T20:00:00Z	1.640000	0.801948	-0.355359
2709	2025-10-21T21:00:00Z	1.332000	0.690837	-0.585012
2710	2025-10-21T22:00:00Z	0.914000	0.540043	-0.674456
2711	2025-10-21T23:00:00Z	0.495000	0.388889	-0.588235
2712	2025-10-22T00:00:00Z	0.184000	0.276696	-0.361805
2713	2025-10-22T01:00:00Z	0.046000	0.226912	-0.077357
2714	2025-10-22T02:00:00Z	0.088000	0.242063	0.186140
2715	2025-10-22T03:00:00Z	0.277000	0.310245	0.376309
2716	2025-10-22T04:00:00Z	0.555000	0.410534	0.468171
2717	2025-10-22T05:00:00Z	0.858000	0.519841	0.467365
2718	2025-10-22T06:00:00Z	1.135000	0.619769	0.389202
2719	2025-10-22T07:00:00Z	1.341000	0.694084	0.232877
2720	2025-10-22T08:00:00Z	1.424000	0.724026	0.016922
2721	2025-10-22T09:00:00Z	1.362000	0.701659	-0.193392
2722	2025-10-22T10:00:00Z	1.184000	0.637446	-0.321515
2723	2025-10-22T11:00:00Z	0.963000	0.557720	-0.317486
2724	2025-10-22T12:00:00Z	0.790000	0.495310	-0.187752
2725	2025-10-22T13:00:00Z	0.730000	0.473665	0.008864
2726	2025-10-22T14:00:00Z	0.801000	0.499278	0.203868
2727	2025-10-22T15:00:00Z	0.983000	0.564935	0.347301
2728	2025-10-22T16:00:00Z	1.232000	0.654762	0.404512
2729	2025-10-22T17:00:00Z	1.485000	0.746032	0.363417
2730	2025-10-22T18:00:00Z	1.683000	0.817460	0.235294
2731	2025-10-22T19:00:00Z	1.777000	0.851371	0.029815
2732	2025-10-22T20:00:00Z	1.720000	0.830808	-0.235294
2733	2025-10-22T21:00:00Z	1.485000	0.746032	-0.493956
2734	2025-10-22T22:00:00Z	1.107000	0.609668	-0.655117
2735	2025-10-22T23:00:00Z	0.672000	0.452742	-0.657534
2736	2025-10-23T00:00:00Z	0.291000	0.315296	-0.495568
2737	2025-10-23T01:00:00Z	0.057000	0.230880	-0.231265
2738	2025-10-23T02:00:00Z	0.004000	0.211760	0.046737
2739	2025-10-23T03:00:00Z	0.115000	0.251804	0.275584
2740	2025-10-23T04:00:00Z	0.346000	0.335137	0.420629
2741	2025-10-23T05:00:00Z	0.637000	0.440115	0.468977
2742	2025-10-23T06:00:00Z	0.928000	0.545094	0.435939
2743	2025-10-23T07:00:00Z	1.178000	0.635281	0.336019
2744	2025-10-23T08:00:00Z	1.345000	0.695527	0.170830
2745	2025-10-23T09:00:00Z	1.390000	0.711760	-0.029009
2746	2025-10-23T10:00:00Z	1.309000	0.682540	-0.197421
2747	2025-10-23T11:00:00Z	1.145000	0.623377	-0.272361
2748	2025-10-23T12:00:00Z	0.971000	0.560606	-0.225624
2749	2025-10-23T13:00:00Z	0.865000	0.522367	-0.082192
2750	2025-10-23T14:00:00Z	0.869000	0.523810	0.095085
2751	2025-10-23T15:00:00Z	0.983000	0.564935	0.248993
2752	2025-10-23T16:00:00Z	1.178000	0.635281	0.344883
2753	2025-10-23T17:00:00Z	1.411000	0.719336	0.354553
2754	2025-10-23T18:00:00Z	1.618000	0.794012	0.271555
2755	2025-10-23T19:00:00Z	1.748000	0.840909	0.111201
2756	2025-10-23T20:00:00Z	1.756000	0.843795	-0.113618
2757	2025-10-23T21:00:00Z	1.607000	0.790043	-0.369863
2758	2025-10-23T22:00:00Z	1.297000	0.678211	-0.581789
2759	2025-10-23T23:00:00Z	0.885000	0.529582	-0.668010
2760	2025-10-24T00:00:00Z	0.468000	0.379149	-0.592264
2761	2025-10-24T01:00:00Z	0.150000	0.264430	-0.378727
2762	2025-10-24T02:00:00Z	-0.002000	0.209596	-0.105560
2763	2025-10-24T03:00:00Z	0.019000	0.217172	0.146656
2764	2025-10-24T04:00:00Z	0.180000	0.275253	0.333602
2765	2025-10-24T05:00:00Z	0.433000	0.366522	0.434327
2766	2025-10-24T06:00:00Z	0.719000	0.469697	0.446414
2767	2025-10-24T07:00:00Z	0.987000	0.566378	0.390008
2768	2025-10-24T08:00:00Z	1.203000	0.644300	0.278807
2769	2025-10-24T09:00:00Z	1.333000	0.691198	0.118453
2770	2025-10-24T10:00:00Z	1.350000	0.697330	-0.055600
2771	2025-10-24T11:00:00Z	1.264000	0.666306	-0.179694
2772	2025-10-24T12:00:00Z	1.127000	0.616883	-0.209508
2773	2025-10-24T13:00:00Z	1.004000	0.572511	-0.137792
2774	2025-10-24T14:00:00Z	0.956000	0.555195	0.000806
2775	2025-10-24T15:00:00Z	1.005000	0.572872	0.145850
2776	2025-10-24T16:00:00Z	1.137000	0.620491	0.258662
2777	2025-10-24T17:00:00Z	1.326000	0.688672	0.313457
2778	2025-10-24T18:00:00Z	1.526000	0.760823	0.286060
2779	2025-10-24T19:00:00Z	1.681000	0.816739	0.176471
2780	2025-10-24T20:00:00Z	1.745000	0.839827	-0.000806
2781	2025-10-24T21:00:00Z	1.680000	0.816378	-0.228042
2782	2025-10-24T22:00:00Z	1.462000	0.737734	-0.460113
2783	2025-10-24T23:00:00Z	1.109000	0.610390	-0.616438
2784	2025-10-25T00:00:00Z	0.697000	0.461760	-0.632554
2785	2025-10-25T01:00:00Z	0.324000	0.327201	-0.499597
2786	2025-10-25T02:00:00Z	0.077000	0.238095	-0.262691
2787	2025-10-25T03:00:00Z	-0.002000	0.209596	-0.003223
2788	2025-10-25T04:00:00Z	0.073000	0.236652	0.211926
2789	2025-10-25T05:00:00Z	0.261000	0.304473	0.356970
2790	2025-10-25T06:00:00Z	0.516000	0.396465	0.421434
2791	2025-10-25T07:00:00Z	0.784000	0.493146	0.408541
2792	2025-10-25T08:00:00Z	1.023000	0.579365	0.340854
2793	2025-10-25T09:00:00Z	1.207000	0.645743	0.229654
2794	2025-10-25T10:00:00Z	1.308000	0.682179	0.082192
2795	2025-10-25T11:00:00Z	1.309000	0.682540	-0.060435
2796	2025-10-25T12:00:00Z	1.233000	0.655123	-0.145044
2797	2025-10-25T13:00:00Z	1.129000	0.617605	-0.145044
2798	2025-10-25T14:00:00Z	1.053000	0.590188	-0.065270
2799	2025-10-25T15:00:00Z	1.048000	0.588384	0.052377
2800	2025-10-25T16:00:00Z	1.118000	0.613636	0.161160
2801	2025-10-25T17:00:00Z	1.248000	0.660534	0.238517
2802	2025-10-25T18:00:00Z	1.414000	0.720418	0.264303
2803	2025-10-25T19:00:00Z	1.576000	0.778860	0.216761
2804	2025-10-25T20:00:00Z	1.683000	0.817460	0.093473
2805	2025-10-25T21:00:00Z	1.692000	0.820707	-0.087832
2806	2025-10-25T22:00:00Z	1.574000	0.778139	-0.303787
2807	2025-10-25T23:00:00Z	1.315000	0.684704	-0.501209
2808	2025-10-26T00:00:00Z	0.952000	0.553752	-0.605157
2809	2025-10-26T01:00:00Z	0.564000	0.413781	-0.570508
2810	2025-10-26T02:00:00Z	0.244000	0.298341	-0.405318
2811	2025-10-26T03:00:00Z	0.061000	0.232323	-0.168413
2812	2025-10-26T04:00:00Z	0.035000	0.222944	0.062047
2813	2025-10-26T05:00:00Z	0.138000	0.260101	0.239323
2814	2025-10-26T06:00:00Z	0.332000	0.330087	0.351330
2815	2025-10-26T07:00:00Z	0.574000	0.417388	0.393231
2816	2025-10-26T08:00:00Z	0.820000	0.506133	0.370669
2817	2025-10-26T09:00:00Z	1.034000	0.583333	0.302176
2818	2025-10-26T10:00:00Z	1.195000	0.641414	0.198227
2819	2025-10-26T11:00:00Z	1.280000	0.672078	0.068493
2820	2025-10-26T12:00:00Z	1.280000	0.672078	-0.046737
2821	2025-10-26T13:00:00Z	1.222000	0.651154	-0.105560
2822	2025-10-26T14:00:00Z	1.149000	0.624820	-0.092667
2823	2025-10-26T15:00:00Z	1.107000	0.609668	-0.021757
2824	2025-10-26T16:00:00Z	1.122000	0.615079	0.069299
2825	2025-10-26T17:00:00Z	1.193000	0.640693	0.148268
2826	2025-10-26T18:00:00Z	1.306000	0.681457	0.202256
2827	2025-10-26T19:00:00Z	1.444000	0.731241	0.213537
2828	2025-10-26T20:00:00Z	1.571000	0.777056	0.157937
2829	2025-10-26T21:00:00Z	1.640000	0.801948	0.034649
2830	2025-10-26T22:00:00Z	1.614000	0.792569	-0.140210
2831	2025-10-26T23:00:00Z	1.466000	0.739177	-0.339243
2832	2025-10-27T00:00:00Z	1.193000	0.640693	-0.503626
2833	2025-10-27T01:00:00Z	0.841000	0.513709	-0.566479
2834	2025-10-27T02:00:00Z	0.490000	0.387085	-0.501209
2835	2025-10-27T03:00:00Z	0.219000	0.289322	-0.330379
2836	2025-10-27T04:00:00Z	0.080000	0.239177	-0.112006
2837	2025-10-27T05:00:00Z	0.080000	0.239177	0.088638
2838	2025-10-27T06:00:00Z	0.190000	0.278860	0.238517
2839	2025-10-27T07:00:00Z	0.376000	0.345960	0.332796
2840	2025-10-27T08:00:00Z	0.603000	0.427850	0.366640
2841	2025-10-27T09:00:00Z	0.831000	0.510101	0.344883
2842	2025-10-27T10:00:00Z	1.031000	0.582251	0.283642
2843	2025-10-27T11:00:00Z	1.183000	0.637085	0.189363
2844	2025-10-27T12:00:00Z	1.266000	0.667027	0.073328
2845	2025-10-27T13:00:00Z	1.274000	0.669913	-0.026591
2846	2025-10-27T14:00:00Z	1.233000	0.655123	-0.075745
2847	2025-10-27T15:00:00Z	1.180000	0.636003	-0.067687
2848	2025-10-27T16:00:00Z	1.149000	0.624820	-0.014504
2849	2025-10-27T17:00:00Z	1.162000	0.629509	0.054795
2850	2025-10-27T18:00:00Z	1.217000	0.649351	0.116841
2851	2025-10-27T19:00:00Z	1.307000	0.681818	0.165189
2852	2025-10-27T20:00:00Z	1.422000	0.723304	0.176471
2853	2025-10-27T21:00:00Z	1.526000	0.760823	0.122482
2854	2025-10-27T22:00:00Z	1.574000	0.778139	0.004835
2855	2025-10-27T23:00:00Z	1.532000	0.762987	-0.157937
2856	2025-10-28T00:00:00Z	1.378000	0.707431	-0.338437
2857	2025-10-28T01:00:00Z	1.112000	0.611472	-0.480258
2858	2025-10-28T02:00:00Z	0.782000	0.492424	-0.522965
2859	2025-10-28T03:00:00Z	0.463000	0.377345	-0.449637
2860	2025-10-28T04:00:00Z	0.224000	0.291126	-0.286865
2861	2025-10-28T05:00:00Z	0.107000	0.248918	-0.089444
2862	2025-10-28T06:00:00Z	0.113000	0.251082	0.088638
2863	2025-10-28T07:00:00Z	0.217000	0.288600	0.226430
2864	2025-10-28T08:00:00Z	0.394000	0.352453	0.319098
2865	2025-10-28T09:00:00Z	0.613000	0.431457	0.356970
2866	2025-10-28T10:00:00Z	0.837000	0.512266	0.342466
2867	2025-10-28T11:00:00Z	1.038000	0.584776	0.287671
2868	2025-10-28T12:00:00Z	1.194000	0.641053	0.196616
2869	2025-10-28T13:00:00Z	1.282000	0.672799	0.082998
2870	2025-10-28T14:00:00Z	1.297000	0.678211	-0.017728
2871	2025-10-28T15:00:00Z	1.260000	0.664863	-0.075745
2872	2025-10-28T16:00:00Z	1.203000	0.644300	-0.081386
2873	2025-10-28T17:00:00Z	1.159000	0.628427	-0.041902
2874	2025-10-28T18:00:00Z	1.151000	0.625541	0.018533
2875	2025-10-28T19:00:00Z	1.182000	0.636724	0.083803
2876	2025-10-28T20:00:00Z	1.255000	0.663059	0.142627
2877	2025-10-28T21:00:00Z	1.359000	0.700577	0.162772
2878	2025-10-28T22:00:00Z	1.457000	0.735931	0.116841
2879	2025-10-28T23:00:00Z	1.504000	0.752886	0.008864
2880	2025-10-29T00:00:00Z	1.468000	0.739899	-0.145850
2881	2025-10-29T01:00:00Z	1.323000	0.687590	-0.317486
2882	2025-10-29T02:00:00Z	1.074000	0.597763	-0.449637
2883	2025-10-29T03:00:00Z	0.765000	0.486291	-0.490733
2884	2025-10-29T04:00:00Z	0.465000	0.378066	-0.424658
2885	2025-10-29T05:00:00Z	0.238000	0.296176	-0.275584
2886	2025-10-29T06:00:00Z	0.123000	0.254690	-0.092667
2887	2025-10-29T07:00:00Z	0.123000	0.254690	0.080580
2888	2025-10-29T08:00:00Z	0.223000	0.290765	0.225624
2889	2025-10-29T09:00:00Z	0.403000	0.355700	0.327961
2890	2025-10-29T10:00:00Z	0.630000	0.437590	0.372280
2891	2025-10-29T11:00:00Z	0.865000	0.522367	0.362611
2892	2025-10-29T12:00:00Z	1.080000	0.599928	0.307010
2893	2025-10-29T13:00:00Z	1.246000	0.659812	0.206285
2894	2025-10-29T14:00:00Z	1.336000	0.692280	0.076551
2895	2025-10-29T15:00:00Z	1.341000	0.694084	-0.042707
2896	2025-10-29T16:00:00Z	1.283000	0.673160	-0.118453
2897	2025-10-29T17:00:00Z	1.194000	0.641053	-0.135375
2898	2025-10-29T18:00:00Z	1.115000	0.612554	-0.095890
2899	2025-10-29T19:00:00Z	1.075000	0.598124	-0.022562
2900	2025-10-29T20:00:00Z	1.087000	0.602453	0.066076
2901	2025-10-29T21:00:00Z	1.157000	0.627706	0.146656
2902	2025-10-29T22:00:00Z	1.269000	0.668110	0.180500
2903	2025-10-29T23:00:00Z	1.381000	0.708514	0.143433
2904	2025-10-30T00:00:00Z	1.447000	0.732323	0.040290
2905	2025-10-30T01:00:00Z	1.431000	0.726551	-0.113618
2906	2025-10-30T02:00:00Z	1.306000	0.681457	-0.288477
2907	2025-10-30T03:00:00Z	1.073000	0.597403	-0.427881
2908	2025-10-30T04:00:00Z	0.775000	0.489899	-0.480258
2909	2025-10-30T05:00:00Z	0.477000	0.382395	-0.427075
2910	2025-10-30T06:00:00Z	0.245000	0.298701	-0.284448
2911	2025-10-30T07:00:00Z	0.124000	0.255051	-0.098308
2912	2025-10-30T08:00:00Z	0.123000	0.254690	0.087832
2913	2025-10-30T09:00:00Z	0.233000	0.294372	0.249799
2914	2025-10-30T10:00:00Z	0.433000	0.366522	0.363417
2915	2025-10-30T11:00:00Z	0.684000	0.457071	0.410959
2916	2025-10-30T12:00:00Z	0.943000	0.550505	0.395649
2917	2025-10-30T13:00:00Z	1.175000	0.634199	0.323932
2918	2025-10-30T14:00:00Z	1.345000	0.695527	0.195004
2919	2025-10-30T15:00:00Z	1.417000	0.721501	0.033038
2920	2025-10-30T16:00:00Z	1.386000	0.710317	-0.115230
2921	2025-10-30T17:00:00Z	1.274000	0.669913	-0.207897
2922	2025-10-30T18:00:00Z	1.128000	0.617244	-0.220790
2923	2025-10-30T19:00:00Z	1.000000	0.571068	-0.157937
2924	2025-10-30T20:00:00Z	0.932000	0.546537	-0.049154
2925	2025-10-30T21:00:00Z	0.939000	0.549062	0.075745
2926	2025-10-30T22:00:00Z	1.026000	0.580447	0.184529
2927	2025-10-30T23:00:00Z	1.168000	0.631674	0.230459
2928	2025-10-31T00:00:00Z	1.312000	0.683622	0.195810
2929	2025-10-31T01:00:00Z	1.411000	0.719336	0.090250
2930	2025-10-31T02:00:00Z	1.424000	0.724026	-0.074134
2931	2025-10-31T03:00:00Z	1.319000	0.686147	-0.264303
2932	2025-10-31T04:00:00Z	1.096000	0.605700	-0.421434
2933	2025-10-31T05:00:00Z	0.796000	0.497475	-0.489122
2934	2025-10-31T06:00:00Z	0.489000	0.386724	-0.441579
2935	2025-10-31T07:00:00Z	0.248000	0.299784	-0.292506
2936	2025-10-31T08:00:00Z	0.126000	0.255772	-0.087832
2937	2025-10-31T09:00:00Z	0.139000	0.260462	0.122482
2938	2025-10-31T10:00:00Z	0.278000	0.310606	0.302981
2939	2025-10-31T11:00:00Z	0.515000	0.396104	0.421434
2940	2025-10-31T12:00:00Z	0.801000	0.499278	0.459307
2941	2025-10-31T13:00:00Z	1.085000	0.601732	0.423046
2942	2025-10-31T14:00:00Z	1.326000	0.688672	0.316680
2943	2025-10-31T15:00:00Z	1.478000	0.743506	0.143433
2944	2025-10-31T16:00:00Z	1.504000	0.752886	-0.062047
2945	2025-10-31T17:00:00Z	1.401000	0.715729	-0.239323
2946	2025-10-31T18:00:00Z	1.207000	0.645743	-0.333602
2947	2025-10-31T19:00:00Z	0.987000	0.566378	-0.319098
2948	2025-10-31T20:00:00Z	0.811000	0.502886	-0.208703
2949	2025-10-31T21:00:00Z	0.728000	0.472944	-0.046737
2950	2025-10-31T22:00:00Z	0.753000	0.481962	0.121676
2951	2025-10-31T23:00:00Z	0.879000	0.527417	0.252216
2952	2025-11-01T00:00:00Z	1.066000	0.594877	0.303787
2953	2025-11-01T01:00:00Z	1.256000	0.663420	0.265915
2954	2025-11-01T02:00:00Z	1.396000	0.713925	0.149073
2955	2025-11-01T03:00:00Z	1.441000	0.730159	-0.035455
2956	2025-11-01T04:00:00Z	1.352000	0.698052	-0.250604
2957	2025-11-01T05:00:00Z	1.130000	0.617965	-0.428687
2958	2025-11-01T06:00:00Z	0.820000	0.506133	-0.507655
2959	2025-11-01T07:00:00Z	0.500000	0.390693	-0.453666
2960	2025-11-01T08:00:00Z	0.257000	0.303030	-0.280419
2961	2025-11-01T09:00:00Z	0.152000	0.265152	-0.046737
2962	2025-11-01T10:00:00Z	0.199000	0.282107	0.186946
2963	2025-11-01T11:00:00Z	0.384000	0.348846	0.377921
2964	2025-11-01T12:00:00Z	0.668000	0.451299	0.486704
2965	2025-11-01T13:00:00Z	0.988000	0.566739	0.497985
2966	2025-11-01T14:00:00Z	1.286000	0.674242	0.424658
2967	2025-11-01T15:00:00Z	1.515000	0.756854	0.268332
2968	2025-11-01T16:00:00Z	1.619000	0.794372	0.040290
2969	2025-11-01T17:00:00Z	1.565000	0.774892	-0.207897
2970	2025-11-01T18:00:00Z	1.361000	0.701299	-0.401289
2971	2025-11-01T19:00:00Z	1.067000	0.595238	-0.474617
2972	2025-11-01T20:00:00Z	0.772000	0.488817	-0.407736
2973	2025-11-01T21:00:00Z	0.561000	0.412698	-0.232071
2974	2025-11-01T22:00:00Z	0.484000	0.384921	-0.009670
2975	2025-11-01T23:00:00Z	0.549000	0.408369	0.199033
2976	2025-11-02T00:00:00Z	0.731000	0.474026	0.343272
2977	2025-11-02T01:00:00Z	0.975000	0.562049	0.390814
2978	2025-11-02T02:00:00Z	1.216000	0.648990	0.340854
2979	2025-11-02T03:00:00Z	1.398000	0.714646	0.205479
2980	2025-11-02T04:00:00Z	1.471000	0.740981	-0.003223
2981	2025-11-02T05:00:00Z	1.394000	0.713203	-0.245770
2982	2025-11-02T06:00:00Z	1.166000	0.630952	-0.442385
2983	2025-11-02T07:00:00Z	0.845000	0.515152	-0.519742
2984	2025-11-02T08:00:00Z	0.521000	0.398268	-0.444803
2985	2025-11-02T09:00:00Z	0.293000	0.316017	-0.240129
2986	2025-11-02T10:00:00Z	0.223000	0.290765	0.023368
2987	2025-11-02T11:00:00Z	0.322000	0.326479	0.273167
2988	2025-11-02T12:00:00Z	0.562000	0.413059	0.456084
2989	2025-11-02T13:00:00Z	0.888000	0.530664	0.537470
2990	2025-11-02T14:00:00Z	1.229000	0.653680	0.510073
2991	2025-11-02T15:00:00Z	1.521000	0.759019	0.386785
2992	2025-11-02T16:00:00Z	1.709000	0.826840	0.173247
2993	2025-11-02T17:00:00Z	1.736000	0.836580	-0.108783
2994	2025-11-02T18:00:00Z	1.574000	0.778139	-0.389202
2995	2025-11-02T19:00:00Z	1.253000	0.662338	-0.576954
2996	2025-11-02T20:00:00Z	0.858000	0.519841	-0.605963
2997	2025-11-02T21:00:00Z	0.501000	0.391053	-0.466559
2998	2025-11-02T22:00:00Z	0.279000	0.310967	-0.216761
2999	2025-11-02T23:00:00Z	0.232000	0.294012	0.059629
3000	2025-11-03T00:00:00Z	0.353000	0.337662	0.294923
3001	2025-11-03T01:00:00Z	0.598000	0.426046	0.441579
3002	2025-11-03T02:00:00Z	0.901000	0.535354	0.477035
3003	2025-11-03T03:00:00Z	1.190000	0.639610	0.410153
3004	2025-11-03T04:00:00Z	1.410000	0.718975	0.254633
3005	2025-11-03T05:00:00Z	1.506000	0.753608	0.017728
3006	2025-11-03T06:00:00Z	1.432000	0.726912	-0.247381
3007	2025-11-03T07:00:00Z	1.199000	0.642857	-0.450443
3008	2025-11-03T08:00:00Z	0.873000	0.525253	-0.514907
3009	2025-11-03T09:00:00Z	0.560000	0.412338	-0.407736
3010	2025-11-03T10:00:00Z	0.367000	0.342713	-0.170024
3011	2025-11-03T11:00:00Z	0.349000	0.336219	0.112006
3012	2025-11-03T12:00:00Z	0.506000	0.392857	0.360193
3013	2025-11-03T13:00:00Z	0.796000	0.497475	0.519742
3014	2025-11-03T14:00:00Z	1.151000	0.625541	0.560838
3015	2025-11-03T15:00:00Z	1.492000	0.748557	0.485898
3016	2025-11-03T16:00:00Z	1.754000	0.843074	0.309428
3017	2025-11-03T17:00:00Z	1.876000	0.887085	0.039484
3018	2025-11-03T18:00:00Z	1.803000	0.860750	-0.286865
3019	2025-11-03T19:00:00Z	1.520000	0.758658	-0.580177
3020	2025-11-03T20:00:00Z	1.083000	0.601010	-0.738114
3021	2025-11-03T21:00:00Z	0.604000	0.428211	-0.701853
3022	2025-11-03T22:00:00Z	0.212000	0.286797	-0.484287
3023	2025-11-03T23:00:00Z	0.003000	0.211400	-0.167607
3024	2025-11-04T00:00:00Z	0.004000	0.211760	0.148268
3025	2025-11-04T01:00:00Z	0.187000	0.277778	0.394037
3026	2025-11-04T02:00:00Z	0.493000	0.388167	0.531023
3027	2025-11-04T03:00:00Z	0.846000	0.515512	0.549557
3028	2025-11-04T04:00:00Z	1.175000	0.634199	0.466559
3029	2025-11-04T05:00:00Z	1.425000	0.724387	0.290089
3030	2025-11-04T06:00:00Z	1.535000	0.764069	0.029815
3031	2025-11-04T07:00:00Z	1.462000	0.737734	-0.248187
3032	2025-11-04T08:00:00Z	1.227000	0.652958	-0.445608
3033	2025-11-04T09:00:00Z	0.909000	0.538240	-0.485898
3034	2025-11-04T10:00:00Z	0.624000	0.435426	-0.345689
3035	2025-11-04T11:00:00Z	0.480000	0.383478	-0.083803
3036	2025-11-04T12:00:00Z	0.520000	0.397908	0.200645
3037	2025-11-04T13:00:00Z	0.729000	0.473304	0.430298
3038	2025-11-04T14:00:00Z	1.054000	0.590548	0.555197
3039	2025-11-04T15:00:00Z	1.418000	0.721861	0.551168
3040	2025-11-04T16:00:00Z	1.738000	0.837302	0.427881
3041	2025-11-04T17:00:00Z	1.949000	0.913420	0.202256
3042	2025-11-04T18:00:00Z	1.989000	0.927850	-0.113618
3043	2025-11-04T19:00:00Z	1.808000	0.862554	-0.466559
3044	2025-11-04T20:00:00Z	1.410000	0.718975	-0.750201
3045	2025-11-04T21:00:00Z	0.877000	0.526696	-0.860596
3046	2025-11-04T22:00:00Z	0.342000	0.333694	-0.750201
3047	2025-11-04T23:00:00Z	-0.054000	0.190837	-0.459307
3048	2025-11-05T00:00:00Z	-0.228000	0.128066	-0.095890
3049	2025-11-05T01:00:00Z	-0.173000	0.147908	0.237712
3050	2025-11-05T02:00:00Z	0.067000	0.234488	0.478646
3051	2025-11-05T03:00:00Z	0.421000	0.362193	0.598711
3052	2025-11-05T04:00:00Z	0.810000	0.502525	0.601128
3053	2025-11-05T05:00:00Z	1.167000	0.631313	0.503626
3054	2025-11-05T06:00:00Z	1.435000	0.727994	0.309428
3055	2025-11-05T07:00:00Z	1.551000	0.769841	0.035455
3056	2025-11-05T08:00:00Z	1.479000	0.743867	-0.244158
3057	2025-11-05T09:00:00Z	1.248000	0.660534	-0.425463
3058	2025-11-05T10:00:00Z	0.951000	0.553391	-0.434327
3059	2025-11-05T11:00:00Z	0.709000	0.466089	-0.266720
3060	2025-11-05T12:00:00Z	0.620000	0.433983	0.003223
3061	2025-11-05T13:00:00Z	0.713000	0.467532	0.273167
3062	2025-11-05T14:00:00Z	0.959000	0.556277	0.471394
3063	2025-11-05T15:00:00Z	1.298000	0.678571	0.556003
3064	2025-11-05T16:00:00Z	1.649000	0.805195	0.510073
3065	2025-11-05T17:00:00Z	1.931000	0.906926	0.348106
3066	2025-11-05T18:00:00Z	2.081000	0.961039	0.083803
3067	2025-11-05T19:00:00Z	2.035000	0.944444	-0.263497
3068	2025-11-05T20:00:00Z	1.754000	0.843074	-0.622079
3069	2025-11-05T21:00:00Z	1.263000	0.665945	-0.875101
3070	2025-11-05T22:00:00Z	0.668000	0.451299	-0.925060
3071	2025-11-05T23:00:00Z	0.115000	0.251804	-0.746172
3072	2025-11-06T00:00:00Z	-0.258000	0.117244	-0.402901
3073	2025-11-06T01:00:00Z	-0.385000	0.071429	-0.017728
3074	2025-11-06T02:00:00Z	-0.280000	0.109307	0.311845
3075	2025-11-06T03:00:00Z	0.002000	0.211039	0.535052
3076	2025-11-06T04:00:00Z	0.384000	0.348846	0.634972
3077	2025-11-06T05:00:00Z	0.790000	0.495310	0.624496
3078	2025-11-06T06:00:00Z	1.159000	0.628427	0.518936
3079	2025-11-06T07:00:00Z	1.434000	0.727633	0.315068
3080	2025-11-06T08:00:00Z	1.550000	0.769481	0.037067
3081	2025-11-06T09:00:00Z	1.480000	0.744228	-0.231265
3082	2025-11-06T10:00:00Z	1.263000	0.665945	-0.388396
3083	2025-11-06T11:00:00Z	0.998000	0.570346	-0.369863
3084	2025-11-06T12:00:00Z	0.804000	0.500361	-0.187752
3085	2025-11-06T13:00:00Z	0.765000	0.486291	0.073328
3086	2025-11-06T14:00:00Z	0.895000	0.533189	0.316680
3087	2025-11-06T15:00:00Z	1.158000	0.628066	0.479452
3088	2025-11-06T16:00:00Z	1.490000	0.747835	0.526994
3089	2025-11-06T17:00:00Z	1.812000	0.863997	0.449637
3090	2025-11-06T18:00:00Z	2.048000	0.949134	0.261080
3091	2025-11-06T19:00:00Z	2.136000	0.980880	-0.026591
3092	2025-11-06T20:00:00Z	2.015000	0.937229	-0.385173
3093	2025-11-06T21:00:00Z	1.658000	0.808442	-0.729251
3094	2025-11-06T22:00:00Z	1.110000	0.610750	-0.939565
3095	2025-11-06T23:00:00Z	0.492000	0.387807	-0.930701
3096	2025-11-07T00:00:00Z	-0.045000	0.194084	-0.699436
3097	2025-11-07T01:00:00Z	-0.376000	0.074675	-0.331990
3098	2025-11-07T02:00:00Z	-0.457000	0.045455	0.049154
3099	2025-11-07T03:00:00Z	-0.315000	0.096681	0.357776
3100	2025-11-07T04:00:00Z	-0.013000	0.205628	0.556809
3101	2025-11-07T05:00:00Z	0.376000	0.345960	0.640612
3102	2025-11-07T06:00:00Z	0.782000	0.492424	0.622079
3103	2025-11-07T07:00:00Z	1.148000	0.624459	0.513296
3104	2025-11-07T08:00:00Z	1.419000	0.722222	0.310234
3105	2025-11-07T09:00:00Z	1.533000	0.763348	0.039484
3106	2025-11-07T10:00:00Z	1.468000	0.739899	-0.210314
3107	2025-11-07T11:00:00Z	1.272000	0.669192	-0.340854
3108	2025-11-07T12:00:00Z	1.045000	0.587302	-0.302981
3109	2025-11-07T13:00:00Z	0.896000	0.533550	-0.121676
3110	2025-11-07T14:00:00Z	0.894000	0.532828	0.116841
3111	2025-11-07T15:00:00Z	1.041000	0.585859	0.325544
3112	2025-11-07T16:00:00Z	1.298000	0.678571	0.455278
3113	2025-11-07T17:00:00Z	1.606000	0.789683	0.477035
3114	2025-11-07T18:00:00Z	1.890000	0.892136	0.381950
3115	2025-11-07T19:00:00Z	2.080000	0.960678	0.182111
3116	2025-11-07T20:00:00Z	2.116000	0.973665	-0.112006
3117	2025-11-07T21:00:00Z	1.941000	0.910534	-0.463336
3118	2025-11-07T22:00:00Z	1.541000	0.766234	-0.777599
3119	2025-11-07T23:00:00Z	0.976000	0.562410	-0.940371
3120	2025-11-08T00:00:00Z	0.374000	0.345238	-0.883965
3121	2025-11-08T01:00:00Z	-0.121000	0.166667	-0.626108
3122	2025-11-08T02:00:00Z	-0.403000	0.064935	-0.261886
3123	2025-11-08T03:00:00Z	-0.446000	0.049423	0.092667
3124	2025-11-08T04:00:00Z	-0.288000	0.106421	0.369863
3125	2025-11-08T05:00:00Z	0.013000	0.215007	0.545528
3126	2025-11-08T06:00:00Z	0.389000	0.350649	0.617244
3127	2025-11-08T07:00:00Z	0.779000	0.491342	0.599517
3128	2025-11-08T08:00:00Z	1.133000	0.619048	0.495568
3129	2025-11-08T09:00:00Z	1.394000	0.713203	0.298952
3130	2025-11-08T10:00:00Z	1.504000	0.752886	0.045125
3131	2025-11-08T11:00:00Z	1.450000	0.733405	-0.179694
3132	2025-11-08T12:00:00Z	1.281000	0.672439	-0.290089
3133	2025-11-08T13:00:00Z	1.090000	0.603535	-0.246575
3134	2025-11-08T14:00:00Z	0.975000	0.562049	-0.080580
3135	2025-11-08T15:00:00Z	0.990000	0.567460	0.124899
3136	2025-11-08T16:00:00Z	1.130000	0.617965	0.301370
3137	2025-11-08T17:00:00Z	1.364000	0.702381	0.408541
3138	2025-11-08T18:00:00Z	1.637000	0.800866	0.416600
3139	2025-11-08T19:00:00Z	1.881000	0.888889	0.318292
3140	2025-11-08T20:00:00Z	2.032000	0.943362	0.121676
3141	2025-11-08T21:00:00Z	2.032000	0.943362	-0.161966
3142	2025-11-08T22:00:00Z	1.831000	0.870851	-0.489927
3143	2025-11-08T23:00:00Z	1.424000	0.724026	-0.765512
3144	2025-11-09T00:00:00Z	0.881000	0.528139	-0.886382
3145	2025-11-09T01:00:00Z	0.324000	0.327201	-0.802579
3146	2025-11-09T02:00:00Z	-0.115000	0.168831	-0.543916
3147	2025-11-09T03:00:00Z	-0.351000	0.083694	-0.207897
3148	2025-11-09T04:00:00Z	-0.373000	0.075758	0.107172
3149	2025-11-09T05:00:00Z	-0.218000	0.131674	0.352135
3150	2025-11-09T06:00:00Z	0.064000	0.233405	0.509267
3151	2025-11-09T07:00:00Z	0.414000	0.359668	0.576954
3152	2025-11-09T08:00:00Z	0.780000	0.491703	0.566479
3153	2025-11-09T09:00:00Z	1.117000	0.613276	0.473811
3154	2025-11-09T10:00:00Z	1.368000	0.703824	0.290894
3155	2025-11-09T11:00:00Z	1.478000	0.743506	0.056406
3156	2025-11-09T12:00:00Z	1.438000	0.729076	-0.147462
3157	2025-11-09T13:00:00Z	1.295000	0.677489	-0.246575
3158	2025-11-09T14:00:00Z	1.132000	0.618687	-0.211926
3159	2025-11-09T15:00:00Z	1.032000	0.582612	-0.074134
3160	2025-11-09T16:00:00Z	1.040000	0.585498	0.098308
3161	2025-11-09T17:00:00Z	1.154000	0.626623	0.250604
3162	2025-11-09T18:00:00Z	1.351000	0.697691	0.346495
3163	2025-11-09T19:00:00Z	1.584000	0.781746	0.356164
3164	2025-11-09T20:00:00Z	1.793000	0.857143	0.269138
3165	2025-11-09T21:00:00Z	1.918000	0.902237	0.089444
3166	2025-11-09T22:00:00Z	1.904000	0.897186	-0.171636
3167	2025-11-09T23:00:00Z	1.705000	0.825397	-0.467365
3168	2025-11-10T00:00:00Z	1.324000	0.687951	-0.705077
3169	2025-11-10T01:00:00Z	0.830000	0.509740	-0.795326
3170	2025-11-10T02:00:00Z	0.337000	0.331890	-0.705077
3171	2025-11-10T03:00:00Z	-0.045000	0.194084	-0.470588
3172	2025-11-10T04:00:00Z	-0.247000	0.121212	-0.176471
3173	2025-11-10T05:00:00Z	-0.264000	0.115079	0.097502
3174	2025-11-10T06:00:00Z	-0.126000	0.164863	0.315874
3175	2025-11-10T07:00:00Z	0.128000	0.256494	0.462530
3176	2025-11-10T08:00:00Z	0.448000	0.371934	0.534247
3177	2025-11-10T09:00:00Z	0.791000	0.495671	0.535858
3178	2025-11-10T10:00:00Z	1.113000	0.611833	0.456084
3179	2025-11-10T11:00:00Z	1.357000	0.699856	0.287671
3180	2025-11-10T12:00:00Z	1.470000	0.740620	0.070105
3181	2025-11-10T13:00:00Z	1.444000	0.731241	-0.122482
3182	2025-11-10T14:00:00Z	1.318000	0.685786	-0.224819
3183	2025-11-10T15:00:00Z	1.165000	0.630592	-0.209508
3184	2025-11-10T16:00:00Z	1.058000	0.591991	-0.102337
3185	2025-11-10T17:00:00Z	1.038000	0.584776	0.042707
3186	2025-11-10T18:00:00Z	1.111000	0.611111	0.183723
3187	2025-11-10T19:00:00Z	1.266000	0.667027	0.283642
3188	2025-11-10T20:00:00Z	1.463000	0.738095	0.305399
3189	2025-11-10T21:00:00Z	1.645000	0.803752	0.238517
3190	2025-11-10T22:00:00Z	1.759000	0.844877	0.086221
3191	2025-11-10T23:00:00Z	1.752000	0.842352	-0.144239
3192	2025-11-11T00:00:00Z	1.580000	0.780303	-0.405318
3193	2025-11-11T01:00:00Z	1.249000	0.660895	-0.610798
3194	2025-11-11T02:00:00Z	0.822000	0.506854	-0.688155
3195	2025-11-11T03:00:00Z	0.395000	0.352814	-0.611604
3196	2025-11-11T04:00:00Z	0.063000	0.233045	-0.414182
3197	2025-11-11T05:00:00Z	-0.119000	0.167388	-0.165995
3198	2025-11-11T06:00:00Z	-0.143000	0.158730	0.074940
3199	2025-11-11T07:00:00Z	-0.026000	0.200938	0.277196
3200	2025-11-11T08:00:00Z	0.201000	0.282828	0.421434
3201	2025-11-11T09:00:00Z	0.497000	0.389610	0.501209
3202	2025-11-11T10:00:00Z	0.823000	0.507215	0.514102
3203	2025-11-11T11:00:00Z	1.135000	0.619769	0.445608
3204	2025-11-11T12:00:00Z	1.376000	0.706710	0.288477
3205	2025-11-11T13:00:00Z	1.493000	0.748918	0.077357
3206	2025-11-11T14:00:00Z	1.472000	0.741342	-0.117647
3207	2025-11-11T15:00:00Z	1.347000	0.696248	-0.233683
3208	2025-11-11T16:00:00Z	1.182000	0.636724	-0.243352
3209	2025-11-11T17:00:00Z	1.045000	0.587302	-0.162772
3210	2025-11-11T18:00:00Z	0.980000	0.563853	-0.030620
3211	2025-11-11T19:00:00Z	1.007000	0.573593	0.115230
3212	2025-11-11T20:00:00Z	1.123000	0.615440	0.229654
3213	2025-11-11T21:00:00Z	1.292000	0.676407	0.273167
3214	2025-11-11T22:00:00Z	1.462000	0.737734	0.232877
3215	2025-11-11T23:00:00Z	1.581000	0.780664	0.109589
3216	2025-11-12T00:00:00Z	1.598000	0.786797	-0.087832
3217	2025-11-12T01:00:00Z	1.472000	0.741342	-0.318292
3218	2025-11-12T02:00:00Z	1.203000	0.644300	-0.505238
3219	2025-11-12T03:00:00Z	0.845000	0.515152	-0.585818
3220	2025-11-12T04:00:00Z	0.476000	0.382035	-0.535858
3221	2025-11-12T05:00:00Z	0.180000	0.275253	-0.376309
3222	2025-11-12T06:00:00Z	0.009000	0.213564	-0.164384
3223	2025-11-12T07:00:00Z	-0.024000	0.201659	0.054795
3224	2025-11-12T08:00:00Z	0.077000	0.238095	0.252216
3225	2025-11-12T09:00:00Z	0.289000	0.314574	0.399678
3226	2025-11-12T10:00:00Z	0.573000	0.417027	0.485093
3227	2025-11-12T11:00:00Z	0.891000	0.531746	0.504432
3228	2025-11-12T12:00:00Z	1.199000	0.642857	0.439162
3229	2025-11-12T13:00:00Z	1.436000	0.728355	0.279613
3230	2025-11-12T14:00:00Z	1.546000	0.768038	0.062853
3231	2025-11-12T15:00:00Z	1.514000	0.756494	-0.145044
3232	2025-11-12T16:00:00Z	1.366000	0.703102	-0.282031
3233	2025-11-12T17:00:00Z	1.164000	0.630231	-0.310234
3234	2025-11-12T18:00:00Z	0.981000	0.564214	-0.238517
3235	2025-11-12T19:00:00Z	0.868000	0.523449	-0.102337
3236	2025-11-12T20:00:00Z	0.854000	0.518398	0.059629
3237	2025-11-12T21:00:00Z	0.942000	0.550144	0.196616
3238	2025-11-12T22:00:00Z	1.098000	0.606421	0.264303
3239	2025-11-12T23:00:00Z	1.270000	0.668470	0.250604
3240	2025-11-13T00:00:00Z	1.409000	0.718615	0.156326
3241	2025-11-13T01:00:00Z	1.464000	0.738456	-0.016116
3242	2025-11-13T02:00:00Z	1.389000	0.711400	-0.226430
3243	2025-11-13T03:00:00Z	1.183000	0.637085	-0.407736
3244	2025-11-13T04:00:00Z	0.883000	0.528860	-0.502015
3245	2025-11-13T05:00:00Z	0.560000	0.412338	-0.478646
3246	2025-11-13T06:00:00Z	0.289000	0.314574	-0.349718
3247	2025-11-13T07:00:00Z	0.126000	0.255772	-0.158743
3248	2025-11-13T08:00:00Z	0.092000	0.243506	0.053183
3249	2025-11-13T09:00:00Z	0.192000	0.279582	0.251410
3250	2025-11-13T10:00:00Z	0.404000	0.356061	0.399678
3251	2025-11-13T11:00:00Z	0.688000	0.458514	0.484287
3252	2025-11-13T12:00:00Z	1.005000	0.572872	0.499597
3253	2025-11-13T13:00:00Z	1.308000	0.682179	0.423046
3254	2025-11-13T14:00:00Z	1.530000	0.762266	0.248187
3255	2025-11-13T15:00:00Z	1.616000	0.793290	0.013699
3256	2025-11-13T16:00:00Z	1.547000	0.768398	-0.213537
3257	2025-11-13T17:00:00Z	1.351000	0.697691	-0.363417
3258	2025-11-13T18:00:00Z	1.096000	0.605700	-0.394843
3259	2025-11-13T19:00:00Z	0.861000	0.520924	-0.312651
3260	2025-11-13T20:00:00Z	0.708000	0.465729	-0.153908
3261	2025-11-13T21:00:00Z	0.670000	0.452020	0.034649
3262	2025-11-13T22:00:00Z	0.751000	0.481241	0.193392
3263	2025-11-13T23:00:00Z	0.910000	0.538600	0.279613
3264	2025-11-14T00:00:00Z	1.098000	0.606421	0.287671
3265	2025-11-14T01:00:00Z	1.267000	0.667388	0.212732
3266	2025-11-14T02:00:00Z	1.362000	0.701659	0.057212
3267	2025-11-14T03:00:00Z	1.338000	0.693001	-0.145044
3268	2025-11-14T04:00:00Z	1.182000	0.636724	-0.332796
3269	2025-11-14T05:00:00Z	0.925000	0.544012	-0.442385
3270	2025-11-14T06:00:00Z	0.633000	0.438672	-0.436745
3271	2025-11-14T07:00:00Z	0.383000	0.348485	-0.321515
3272	2025-11-14T08:00:00Z	0.234000	0.294733	-0.136180
3273	2025-11-14T09:00:00Z	0.214000	0.287518	0.078163
3274	2025-11-14T10:00:00Z	0.331000	0.329726	0.276390
3275	2025-11-14T11:00:00Z	0.557000	0.411255	0.416600
3276	2025-11-14T12:00:00Z	0.848000	0.516234	0.489122
3277	2025-11-14T13:00:00Z	1.164000	0.630231	0.485898
3278	2025-11-14T14:00:00Z	1.451000	0.733766	0.382756
3279	2025-11-14T15:00:00Z	1.639000	0.801587	0.179694
3280	2025-11-14T16:00:00Z	1.674000	0.814214	-0.078163
3281	2025-11-14T17:00:00Z	1.542000	0.766595	-0.317486
3282	2025-11-14T18:00:00Z	1.280000	0.672078	-0.463336
3283	2025-11-14T19:00:00Z	0.967000	0.559163	-0.474617
3284	2025-11-14T20:00:00Z	0.691000	0.459596	-0.361805
3285	2025-11-14T21:00:00Z	0.518000	0.397186	-0.169218
3286	2025-11-14T22:00:00Z	0.481000	0.383838	0.045931
3287	2025-11-14T23:00:00Z	0.575000	0.417749	0.219984
3288	2025-11-15T00:00:00Z	0.754000	0.482323	0.316680
3289	2025-11-15T01:00:00Z	0.968000	0.559524	0.335214
3290	2025-11-15T02:00:00Z	1.170000	0.632395	0.269944
3291	2025-11-15T03:00:00Z	1.303000	0.680375	0.116035
3292	2025-11-15T04:00:00Z	1.314000	0.684343	-0.089444
3293	2025-11-15T05:00:00Z	1.192000	0.640332	-0.283642
3294	2025-11-15T06:00:00Z	0.962000	0.557359	-0.402095
3295	2025-11-15T07:00:00Z	0.693000	0.460317	-0.398872
3296	2025-11-15T08:00:00Z	0.467000	0.378788	-0.281225
3297	2025-11-15T09:00:00Z	0.344000	0.334416	-0.089444
3298	2025-11-15T10:00:00Z	0.356000	0.338745	0.128122
3299	2025-11-15T11:00:00Z	0.503000	0.391775	0.317486
3300	2025-11-15T12:00:00Z	0.750000	0.480880	0.438356
3301	2025-11-15T13:00:00Z	1.047000	0.588023	0.484287
3302	2025-11-15T14:00:00Z	1.351000	0.697691	0.447220
3303	2025-11-15T15:00:00Z	1.602000	0.788240	0.306205
3304	2025-11-15T16:00:00Z	1.731000	0.834776	0.070105
3305	2025-11-15T17:00:00Z	1.689000	0.819625	-0.206285
3306	2025-11-15T18:00:00Z	1.475000	0.742424	-0.441579
3307	2025-11-15T19:00:00Z	1.141000	0.621934	-0.560032
3308	2025-11-15T20:00:00Z	0.780000	0.491703	-0.526994
3309	2025-11-15T21:00:00Z	0.487000	0.386003	-0.368251
3310	2025-11-15T22:00:00Z	0.323000	0.326840	-0.139404
3311	2025-11-15T23:00:00Z	0.314000	0.323593	0.094279
3312	2025-11-16T00:00:00Z	0.440000	0.369048	0.271555
3313	2025-11-16T01:00:00Z	0.651000	0.445166	0.366640
3314	2025-11-16T02:00:00Z	0.895000	0.533189	0.382756
3315	2025-11-16T03:00:00Z	1.126000	0.616522	0.312651
3316	2025-11-16T04:00:00Z	1.283000	0.673160	0.151491
3317	2025-11-16T05:00:00Z	1.314000	0.684343	-0.062047
3318	2025-11-16T06:00:00Z	1.206000	0.645382	-0.259468
3319	2025-11-16T07:00:00Z	0.992000	0.568182	-0.371475
3320	2025-11-16T08:00:00Z	0.745000	0.479076	-0.355359
3321	2025-11-16T09:00:00Z	0.551000	0.409091	-0.222401
3322	2025-11-16T10:00:00Z	0.469000	0.379509	-0.021757
3323	2025-11-16T11:00:00Z	0.524000	0.399351	0.191781
3324	2025-11-16T12:00:00Z	0.707000	0.465368	0.360193
3325	2025-11-16T13:00:00Z	0.971000	0.560606	0.448832
3326	2025-11-16T14:00:00Z	1.264000	0.666306	0.456084
3327	2025-11-16T15:00:00Z	1.537000	0.764791	0.375504
3328	2025-11-16T16:00:00Z	1.730000	0.834416	0.191781
3329	2025-11-16T17:00:00Z	1.775000	0.850649	-0.074940
3330	2025-11-16T18:00:00Z	1.637000	0.800866	-0.355359
3331	2025-11-16T19:00:00Z	1.334000	0.691558	-0.562450
3332	2025-11-16T20:00:00Z	0.939000	0.549062	-0.626108
3333	2025-11-16T21:00:00Z	0.557000	0.411255	-0.532635
3334	2025-11-16T22:00:00Z	0.278000	0.310606	-0.324738
3335	2025-11-16T23:00:00Z	0.154000	0.265873	-0.067687
3336	2025-11-17T00:00:00Z	0.194000	0.280303	0.169218
3337	2025-11-17T01:00:00Z	0.364000	0.341631	0.334408
3338	2025-11-17T02:00:00Z	0.609000	0.430014	0.416600
3339	2025-11-17T03:00:00Z	0.881000	0.528139	0.420629
3340	2025-11-17T04:00:00Z	1.131000	0.618326	0.333602
3341	2025-11-17T05:00:00Z	1.295000	0.677489	0.157937
3342	2025-11-17T06:00:00Z	1.327000	0.689033	-0.061241
3343	2025-11-17T07:00:00Z	1.219000	0.650072	-0.251410
3344	2025-11-17T08:00:00Z	1.015000	0.576479	-0.341660
3345	2025-11-17T09:00:00Z	0.795000	0.497114	-0.299758
3346	2025-11-17T10:00:00Z	0.643000	0.442280	-0.147462
3347	2025-11-17T11:00:00Z	0.612000	0.431097	0.058018
3348	2025-11-17T12:00:00Z	0.715000	0.468254	0.255439
3349	2025-11-17T13:00:00Z	0.929000	0.545455	0.390008
3350	2025-11-17T14:00:00Z	1.199000	0.642857	0.436745
3351	2025-11-17T15:00:00Z	1.471000	0.740981	0.398872
3352	2025-11-17T16:00:00Z	1.694000	0.821429	0.269944
3353	2025-11-17T17:00:00Z	1.806000	0.861833	0.045125
3354	2025-11-17T18:00:00Z	1.750000	0.841631	-0.237712
3355	2025-11-17T19:00:00Z	1.511000	0.755411	-0.499597
3356	2025-11-17T20:00:00Z	1.130000	0.617965	-0.654311
3357	2025-11-17T21:00:00Z	0.699000	0.462482	-0.647059
3358	2025-11-17T22:00:00Z	0.327000	0.328283	-0.486704
3359	2025-11-17T23:00:00Z	0.095000	0.244589	-0.236100
3360	2025-11-18T00:00:00Z	0.034000	0.222583	0.032232
3361	2025-11-18T01:00:00Z	0.135000	0.259019	0.257051
3362	2025-11-18T02:00:00Z	0.353000	0.337662	0.398066
3363	2025-11-18T03:00:00Z	0.629000	0.437229	0.455278
3364	2025-11-18T04:00:00Z	0.918000	0.541486	0.436745
3365	2025-11-18T05:00:00Z	1.171000	0.632756	0.328767
3366	2025-11-18T06:00:00Z	1.326000	0.688672	0.138598
3367	2025-11-18T07:00:00Z	1.343000	0.694805	-0.079774
3368	2025-11-18T08:00:00Z	1.227000	0.652958	-0.249799
3369	2025-11-18T09:00:00Z	1.033000	0.582973	-0.306205
3370	2025-11-18T10:00:00Z	0.847000	0.515873	-0.230459
3371	2025-11-18T11:00:00Z	0.747000	0.479798	-0.062853
3372	2025-11-18T12:00:00Z	0.769000	0.487734	0.134569
3373	2025-11-18T13:00:00Z	0.914000	0.540043	0.304593
3374	2025-11-18T14:00:00Z	1.147000	0.624098	0.398066
3375	2025-11-18T15:00:00Z	1.408000	0.718254	0.398066
3376	2025-11-18T16:00:00Z	1.641000	0.802309	0.313457
3377	2025-11-18T17:00:00Z	1.797000	0.858586	0.140210
3378	2025-11-18T18:00:00Z	1.815000	0.865079	-0.116035
3379	2025-11-18T19:00:00Z	1.653000	0.806638	-0.397260
3380	2025-11-18T20:00:00Z	1.322000	0.687229	-0.618050
3381	2025-11-18T21:00:00Z	0.886000	0.529942	-0.701048
3382	2025-11-18T22:00:00Z	0.452000	0.373377	-0.613215
3383	2025-11-18T23:00:00Z	0.125000	0.255411	-0.394037
3384	2025-11-19T00:00:00Z	-0.037000	0.196970	-0.119259
3385	2025-11-19T01:00:00Z	-0.023000	0.202020	0.142627
3386	2025-11-19T02:00:00Z	0.140000	0.260823	0.340048
3387	2025-11-19T03:00:00Z	0.399000	0.354257	0.448026
3388	2025-11-19T04:00:00Z	0.696000	0.461400	0.475423
3389	2025-11-19T05:00:00Z	0.989000	0.567100	0.430298
3390	2025-11-19T06:00:00Z	1.230000	0.654040	0.298147
3391	2025-11-19T07:00:00Z	1.359000	0.700577	0.097502
3392	2025-11-19T08:00:00Z	1.351000	0.697691	-0.107172
3393	2025-11-19T09:00:00Z	1.226000	0.652597	-0.244158
3394	2025-11-19T10:00:00Z	1.048000	0.588384	-0.259468
3395	2025-11-19T11:00:00Z	0.904000	0.536436	-0.154714
3396	2025-11-19T12:00:00Z	0.856000	0.519120	0.018533
3397	2025-11-19T13:00:00Z	0.927000	0.544733	0.198227
3398	2025-11-19T14:00:00Z	1.102000	0.607864	0.331990
3399	2025-11-19T15:00:00Z	1.339000	0.693362	0.381950
3400	2025-11-19T16:00:00Z	1.576000	0.778860	0.337631
3401	2025-11-19T17:00:00Z	1.758000	0.844517	0.209508
3402	2025-11-19T18:00:00Z	1.836000	0.872655	-0.001612
3403	2025-11-19T19:00:00Z	1.756000	0.843795	-0.272361
3404	2025-11-19T20:00:00Z	1.498000	0.750722	-0.532635
3405	2025-11-19T21:00:00Z	1.095000	0.605339	-0.693795
3406	2025-11-19T22:00:00Z	0.637000	0.440115	-0.694601
3407	2025-11-19T23:00:00Z	0.233000	0.294372	-0.534247
3408	2025-11-20T00:00:00Z	-0.026000	0.200938	-0.272361
3409	2025-11-20T01:00:00Z	-0.105000	0.172439	0.007252
3410	2025-11-20T02:00:00Z	-0.017000	0.204185	0.245770
3411	2025-11-20T03:00:00Z	0.200000	0.282468	0.405318
3412	2025-11-20T04:00:00Z	0.486000	0.385642	0.476229
3413	2025-11-20T05:00:00Z	0.791000	0.495671	0.474617
3414	2025-11-20T06:00:00Z	1.075000	0.598124	0.400483
3415	2025-11-20T07:00:00Z	1.288000	0.674964	0.247381
3416	2025-11-20T08:00:00Z	1.382000	0.708874	0.046737
3417	2025-11-20T09:00:00Z	1.346000	0.695887	-0.135375
3418	2025-11-20T10:00:00Z	1.214000	0.648268	-0.230459
3419	2025-11-20T11:00:00Z	1.060000	0.592713	-0.203868
3420	2025-11-20T12:00:00Z	0.961000	0.556999	-0.077357
3421	2025-11-20T13:00:00Z	0.964000	0.558081	0.089444
3422	2025-11-20T14:00:00Z	1.072000	0.597042	0.241741
3423	2025-11-20T15:00:00Z	1.264000	0.666306	0.337631
3424	2025-11-20T16:00:00Z	1.491000	0.748196	0.344883
3425	2025-11-20T17:00:00Z	1.692000	0.820707	0.261080
3426	2025-11-20T18:00:00Z	1.815000	0.865079	0.097502
3427	2025-11-20T19:00:00Z	1.813000	0.864358	-0.138598
3428	2025-11-20T20:00:00Z	1.643000	0.803030	-0.408541
3429	2025-11-20T21:00:00Z	1.306000	0.681457	-0.630137
3430	2025-11-20T22:00:00Z	0.861000	0.520924	-0.721193
3431	2025-11-20T23:00:00Z	0.411000	0.358586	-0.642224
3432	2025-11-21T00:00:00Z	0.064000	0.233405	-0.423046
3433	2025-11-21T01:00:00Z	-0.114000	0.169192	-0.141821
3434	2025-11-21T02:00:00Z	-0.112000	0.169913	0.123288
3435	2025-11-21T03:00:00Z	0.039000	0.224387	0.327156
3436	2025-11-21T04:00:00Z	0.294000	0.316378	0.447220
3437	2025-11-21T05:00:00Z	0.594000	0.424603	0.482675
3438	2025-11-21T06:00:00Z	0.893000	0.532468	0.452055
3439	2025-11-21T07:00:00Z	1.155000	0.626984	0.352941
3440	2025-11-21T08:00:00Z	1.331000	0.690476	0.186140
3441	2025-11-21T09:00:00Z	1.386000	0.710317	-0.005641
3442	2025-11-21T10:00:00Z	1.324000	0.687951	-0.153908
3443	2025-11-21T11:00:00Z	1.195000	0.641414	-0.204674
3444	2025-11-21T12:00:00Z	1.070000	0.596320	-0.143433
3445	2025-11-21T13:00:00Z	1.017000	0.577201	-0.007252
3446	2025-11-21T14:00:00Z	1.061000	0.593074	0.142627
3447	2025-11-21T15:00:00Z	1.194000	0.641053	0.264303
3448	2025-11-21T16:00:00Z	1.389000	0.711400	0.323127
3449	2025-11-21T17:00:00Z	1.595000	0.785714	0.294118
3450	2025-11-21T18:00:00Z	1.754000	0.843074	0.179694
3451	2025-11-21T19:00:00Z	1.818000	0.866162	-0.010475
3452	2025-11-21T20:00:00Z	1.741000	0.838384	-0.261080
3453	2025-11-21T21:00:00Z	1.494000	0.749278	-0.514907
3454	2025-11-21T22:00:00Z	1.102000	0.607864	-0.684126
3455	2025-11-21T23:00:00Z	0.645000	0.443001	-0.702659
3456	2025-11-22T00:00:00Z	0.230000	0.293290	-0.556809
3457	2025-11-22T01:00:00Z	-0.046000	0.193723	-0.300564
3458	2025-11-22T02:00:00Z	-0.143000	0.158730	-0.020951
3459	2025-11-22T03:00:00Z	-0.072000	0.184343	0.216761
3460	2025-11-22T04:00:00Z	0.126000	0.255772	0.381950
3461	2025-11-22T05:00:00Z	0.402000	0.355339	0.464142
3462	2025-11-22T06:00:00Z	0.702000	0.463564	0.470588
3463	2025-11-22T07:00:00Z	0.986000	0.566017	0.414988
3464	2025-11-22T08:00:00Z	1.217000	0.649351	0.294923
3465	2025-11-22T09:00:00Z	1.352000	0.698052	0.123288
3466	2025-11-22T10:00:00Z	1.370000	0.704545	-0.048348
3467	2025-11-22T11:00:00Z	1.292000	0.676407	-0.158743
3468	2025-11-22T12:00:00Z	1.173000	0.633478	-0.169218
3469	2025-11-22T13:00:00Z	1.082000	0.600649	-0.083803
3470	2025-11-22T14:00:00Z	1.069000	0.595960	0.049154
3471	2025-11-22T15:00:00Z	1.143000	0.622655	0.176471
3472	2025-11-22T16:00:00Z	1.288000	0.674964	0.267526
3473	2025-11-22T17:00:00Z	1.475000	0.742424	0.294118
3474	2025-11-22T18:00:00Z	1.653000	0.806638	0.236906
3475	2025-11-22T19:00:00Z	1.769000	0.848485	0.098308
3476	2025-11-22T20:00:00Z	1.775000	0.850649	-0.109589
3477	2025-11-22T21:00:00Z	1.633000	0.799423	-0.359388
3478	2025-11-22T22:00:00Z	1.329000	0.689755	-0.584206
3479	2025-11-22T23:00:00Z	0.908000	0.537879	-0.697019
3480	2025-11-23T00:00:00Z	0.464000	0.377706	-0.649476
3481	2025-11-23T01:00:00Z	0.102000	0.247114	-0.455278
3482	2025-11-23T02:00:00Z	-0.101000	0.173882	-0.184529
3483	2025-11-23T03:00:00Z	-0.127000	0.164502	0.077357
3484	2025-11-23T04:00:00Z	-0.005000	0.208514	0.282031
3485	2025-11-23T05:00:00Z	0.223000	0.290765	0.412571
3486	2025-11-23T06:00:00Z	0.507000	0.393218	0.463336
3487	2025-11-23T07:00:00Z	0.798000	0.498196	0.444803
3488	2025-11-23T08:00:00Z	1.059000	0.592352	0.369863
3489	2025-11-23T09:00:00Z	1.257000	0.663781	0.238517
3490	2025-11-23T10:00:00Z	1.355000	0.699134	0.070105
3491	2025-11-23T11:00:00Z	1.344000	0.695166	-0.078163
3492	2025-11-23T12:00:00Z	1.258000	0.664141	-0.151491
3493	2025-11-23T13:00:00Z	1.156000	0.627345	-0.129734
3494	2025-11-23T14:00:00Z	1.097000	0.606061	-0.033844
3495	2025-11-23T15:00:00Z	1.114000	0.612193	0.086221
3496	2025-11-23T16:00:00Z	1.204000	0.644661	0.189363
3497	2025-11-23T17:00:00Z	1.349000	0.696970	0.254633
3498	2025-11-23T18:00:00Z	1.520000	0.758658	0.257051
3499	2025-11-23T19:00:00Z	1.668000	0.812049	0.178082
3500	2025-11-23T20:00:00Z	1.741000	0.838384	0.023368
3501	2025-11-23T21:00:00Z	1.697000	0.822511	-0.190169
3502	2025-11-23T22:00:00Z	1.505000	0.753247	-0.428687
3503	2025-11-23T23:00:00Z	1.165000	0.630592	-0.616438
3504	2025-11-24T00:00:00Z	0.740000	0.477273	-0.673650
3505	2025-11-24T01:00:00Z	0.329000	0.329004	-0.575342
3506	2025-11-24T02:00:00Z	0.026000	0.219697	-0.353747
3507	2025-11-24T03:00:00Z	-0.110000	0.170635	-0.087832
3508	2025-11-24T04:00:00Z	-0.083000	0.180375	0.147462
3509	2025-11-24T05:00:00Z	0.073000	0.236652	0.321515
3510	2025-11-24T06:00:00Z	0.316000	0.324315	0.423852
3511	2025-11-24T07:00:00Z	0.599000	0.426407	0.451249
3512	2025-11-24T08:00:00Z	0.876000	0.526335	0.415794
3513	2025-11-24T09:00:00Z	1.115000	0.612554	0.327961
3514	2025-11-24T10:00:00Z	1.283000	0.673160	0.189363
3515	2025-11-24T11:00:00Z	1.350000	0.697330	0.029009
3516	2025-11-24T12:00:00Z	1.319000	0.686147	-0.094279
3517	2025-11-24T13:00:00Z	1.233000	0.655123	-0.139404
3518	2025-11-24T14:00:00Z	1.146000	0.623737	-0.099114
3519	2025-11-24T15:00:00Z	1.110000	0.610750	-0.002417
3520	2025-11-24T16:00:00Z	1.143000	0.622655	0.101531
3521	2025-11-24T17:00:00Z	1.236000	0.656205	0.184529
3522	2025-11-24T18:00:00Z	1.372000	0.705267	0.231265
3523	2025-11-24T19:00:00Z	1.523000	0.759740	0.216761
3524	2025-11-24T20:00:00Z	1.641000	0.802309	0.125705
3525	2025-11-24T21:00:00Z	1.679000	0.816017	-0.035455
3526	2025-11-24T22:00:00Z	1.597000	0.786436	-0.247381
3527	2025-11-24T23:00:00Z	1.372000	0.705267	-0.465753
3528	2025-11-25T00:00:00Z	1.019000	0.577922	-0.613215
3529	2025-11-25T01:00:00Z	0.611000	0.430736	-0.626108
3530	2025-11-25T02:00:00Z	0.242000	0.297619	-0.495568
3531	2025-11-25T03:00:00Z	-0.004000	0.208874	-0.265915
3532	2025-11-25T04:00:00Z	-0.088000	0.178571	-0.016116
3533	2025-11-25T05:00:00Z	-0.024000	0.201659	0.193392
3534	2025-11-25T06:00:00Z	0.152000	0.265152	0.343272
3535	2025-11-25T07:00:00Z	0.402000	0.355339	0.427075
3536	2025-11-25T08:00:00Z	0.682000	0.456349	0.439968
3537	2025-11-25T09:00:00Z	0.948000	0.552309	0.391620
3538	2025-11-25T10:00:00Z	1.168000	0.631674	0.292506
3539	2025-11-25T11:00:00Z	1.311000	0.683261	0.149073
3540	2025-11-25T12:00:00Z	1.353000	0.698413	-0.002417
3541	2025-11-25T13:00:00Z	1.308000	0.682179	-0.107977
3542	2025-11-25T14:00:00Z	1.219000	0.650072	-0.136180
3543	2025-11-25T15:00:00Z	1.139000	0.621212	-0.088638
3544	2025-11-25T16:00:00Z	1.109000	0.610390	0.002417
3545	2025-11-25T17:00:00Z	1.142000	0.622294	0.094279
3546	2025-11-25T18:00:00Z	1.226000	0.652597	0.166801
3547	2025-11-25T19:00:00Z	1.349000	0.696970	0.205479
3548	2025-11-25T20:00:00Z	1.481000	0.744589	0.183723
3549	2025-11-25T21:00:00Z	1.577000	0.779221	0.087832
3550	2025-11-25T22:00:00Z	1.590000	0.783911	-0.072522
3551	2025-11-25T23:00:00Z	1.487000	0.746753	-0.273973
3552	2025-11-26T00:00:00Z	1.250000	0.661255	-0.468977
3553	2025-11-26T01:00:00Z	0.905000	0.536797	-0.582595
3554	2025-11-26T02:00:00Z	0.527000	0.400433	-0.564867
3555	2025-11-26T03:00:00Z	0.204000	0.283911	-0.420629
3556	2025-11-26T04:00:00Z	0.005000	0.212121	-0.198227
3557	2025-11-26T05:00:00Z	-0.042000	0.195166	0.032232
3558	2025-11-26T06:00:00Z	0.045000	0.226551	0.222401
3559	2025-11-26T07:00:00Z	0.234000	0.294733	0.358582
3560	2025-11-26T08:00:00Z	0.490000	0.387085	0.431104
3561	2025-11-26T09:00:00Z	0.769000	0.487734	0.432716
3562	2025-11-26T10:00:00Z	1.027000	0.580808	0.373892
3563	2025-11-26T11:00:00Z	1.233000	0.655123	0.265109
3564	2025-11-26T12:00:00Z	1.356000	0.699495	0.115230
3565	2025-11-26T13:00:00Z	1.376000	0.706710	-0.035455
3566	2025-11-26T14:00:00Z	1.312000	0.683622	-0.134569
3567	2025-11-26T15:00:00Z	1.209000	0.646465	-0.157131
3568	2025-11-26T16:00:00Z	1.117000	0.613276	-0.108783
3569	2025-11-26T17:00:00Z	1.074000	0.597763	-0.020145
3570	2025-11-26T18:00:00Z	1.092000	0.604257	0.070911
3571	2025-11-26T19:00:00Z	1.162000	0.629509	0.145850
3572	2025-11-26T20:00:00Z	1.273000	0.669553	0.188558
3573	2025-11-26T21:00:00Z	1.396000	0.713925	0.167607
3574	2025-11-26T22:00:00Z	1.481000	0.744589	0.072522
3575	2025-11-26T23:00:00Z	1.486000	0.746392	-0.079774
3576	2025-11-27T00:00:00Z	1.382000	0.708874	-0.266720
3577	2025-11-27T01:00:00Z	1.155000	0.626984	-0.439968
3578	2025-11-27T02:00:00Z	0.836000	0.511905	-0.532635
3579	2025-11-27T03:00:00Z	0.494000	0.388528	-0.503626
3580	2025-11-27T04:00:00Z	0.211000	0.286436	-0.360193
3581	2025-11-27T05:00:00Z	0.047000	0.227273	-0.149879
3582	2025-11-27T06:00:00Z	0.025000	0.219336	0.065270
3583	2025-11-27T07:00:00Z	0.128000	0.256494	0.245770
3584	2025-11-27T08:00:00Z	0.330000	0.329365	0.377115
3585	2025-11-27T09:00:00Z	0.596000	0.425325	0.441579
3586	2025-11-27T10:00:00Z	0.878000	0.527056	0.432716
3587	2025-11-27T11:00:00Z	1.133000	0.619048	0.361805
3588	2025-11-27T12:00:00Z	1.327000	0.689033	0.236906
3589	2025-11-27T13:00:00Z	1.427000	0.725108	0.072522
3590	2025-11-27T14:00:00Z	1.417000	0.721501	-0.086221
3591	2025-11-27T15:00:00Z	1.320000	0.686508	-0.190169
3592	2025-11-27T16:00:00Z	1.181000	0.636364	-0.213537
3593	2025-11-27T17:00:00Z	1.055000	0.590909	-0.160355
3594	2025-11-27T18:00:00Z	0.982000	0.564574	-0.062853
3595	2025-11-27T19:00:00Z	0.977000	0.562771	0.043513
3596	2025-11-27T20:00:00Z	1.036000	0.584055	0.136180
3597	2025-11-27T21:00:00Z	1.146000	0.623737	0.190169
3598	2025-11-27T22:00:00Z	1.272000	0.669192	0.176471
3599	2025-11-27T23:00:00Z	1.365000	0.702742	0.090250
3600	2025-11-28T00:00:00Z	1.384000	0.709596	-0.052377
3601	2025-11-28T01:00:00Z	1.300000	0.679293	-0.227236
3602	2025-11-28T02:00:00Z	1.102000	0.607864	-0.389202
3603	2025-11-28T03:00:00Z	0.817000	0.505051	-0.476229
3604	2025-11-28T04:00:00Z	0.511000	0.394661	-0.449637
3605	2025-11-28T05:00:00Z	0.259000	0.303752	-0.315874
3606	2025-11-28T06:00:00Z	0.119000	0.253247	-0.116035
3607	2025-11-28T07:00:00Z	0.115000	0.251804	0.093473
3608	2025-11-28T08:00:00Z	0.235000	0.295094	0.273167
3609	2025-11-28T09:00:00Z	0.454000	0.374098	0.402901
3610	2025-11-28T10:00:00Z	0.735000	0.475469	0.460113
3611	2025-11-28T11:00:00Z	1.025000	0.580087	0.436745
3612	2025-11-28T12:00:00Z	1.277000	0.670996	0.345689
3613	2025-11-28T13:00:00Z	1.454000	0.734848	0.196616
3614	2025-11-28T14:00:00Z	1.521000	0.759019	0.008864
3615	2025-11-28T15:00:00Z	1.465000	0.738817	-0.170024
3616	2025-11-28T16:00:00Z	1.310000	0.682900	-0.284448
3617	2025-11-28T17:00:00Z	1.112000	0.611472	-0.304593
3618	2025-11-28T18:00:00Z	0.932000	0.546537	-0.236100
3619	2025-11-28T19:00:00Z	0.819000	0.505772	-0.112006
3620	2025-11-28T20:00:00Z	0.793000	0.496392	0.026591
3621	2025-11-28T21:00:00Z	0.852000	0.517677	0.149073
3622	2025-11-28T22:00:00Z	0.978000	0.563131	0.221595
3623	2025-11-28T23:00:00Z	1.127000	0.616883	0.216761
3624	2025-11-29T00:00:00Z	1.247000	0.660173	0.139404
3625	2025-11-29T01:00:00Z	1.300000	0.679293	0.006446
3626	2025-11-29T02:00:00Z	1.255000	0.663059	-0.165189
3627	2025-11-29T03:00:00Z	1.095000	0.605339	-0.327961
3628	2025-11-29T04:00:00Z	0.848000	0.516234	-0.421434
3629	2025-11-29T05:00:00Z	0.572000	0.416667	-0.407736
3630	2025-11-29T06:00:00Z	0.342000	0.333694	-0.283642
3631	2025-11-29T07:00:00Z	0.220000	0.289683	-0.087832
3632	2025-11-29T08:00:00Z	0.233000	0.294372	0.123288
3633	2025-11-29T09:00:00Z	0.373000	0.344877	0.308622
3634	2025-11-29T10:00:00Z	0.616000	0.432540	0.437550
3635	2025-11-29T11:00:00Z	0.916000	0.540765	0.480258
3636	2025-11-29T12:00:00Z	1.212000	0.647547	0.435133
3637	2025-11-29T13:00:00Z	1.456000	0.735570	0.316680
3638	2025-11-29T14:00:00Z	1.605000	0.789322	0.133763
3639	2025-11-29T15:00:00Z	1.622000	0.795455	-0.087832
3640	2025-11-29T16:00:00Z	1.496000	0.750000	-0.290894
3641	2025-11-29T17:00:00Z	1.261000	0.665224	-0.414182
3642	2025-11-29T18:00:00Z	0.982000	0.564574	-0.421434
3643	2025-11-29T19:00:00Z	0.738000	0.476551	-0.317486
3644	2025-11-29T20:00:00Z	0.588000	0.422439	-0.148268
3645	2025-11-29T21:00:00Z	0.554000	0.410173	0.034649
3646	2025-11-29T22:00:00Z	0.631000	0.437951	0.190169
3647	2025-11-29T23:00:00Z	0.790000	0.495310	0.280419
3648	2025-11-30T00:00:00Z	0.979000	0.563492	0.285254
3649	2025-11-30T01:00:00Z	1.144000	0.623016	0.215955
3650	2025-11-30T02:00:00Z	1.247000	0.660173	0.086221
3651	2025-11-30T03:00:00Z	1.251000	0.661616	-0.091056
3652	2025-11-30T04:00:00Z	1.134000	0.619408	-0.267526
3653	2025-11-30T05:00:00Z	0.919000	0.541847	-0.377921
3654	2025-11-30T06:00:00Z	0.665000	0.450216	-0.377921
3655	2025-11-30T07:00:00Z	0.450000	0.372655	-0.258662
3656	2025-11-30T08:00:00Z	0.344000	0.334416	-0.057212
3657	2025-11-30T09:00:00Z	0.379000	0.347042	0.163578
3658	2025-11-30T10:00:00Z	0.547000	0.407648	0.352941
3659	2025-11-30T11:00:00Z	0.817000	0.505051	0.472200
3660	2025-11-30T12:00:00Z	1.133000	0.619048	0.493956
3661	2025-11-30T13:00:00Z	1.430000	0.726190	0.420629
3662	2025-11-30T14:00:00Z	1.655000	0.807359	0.266720
3663	2025-11-30T15:00:00Z	1.761000	0.845599	0.042707
3664	2025-11-30T16:00:00Z	1.708000	0.826479	-0.217566
3665	2025-11-30T17:00:00Z	1.491000	0.748196	-0.443997
3666	2025-11-30T18:00:00Z	1.157000	0.627706	-0.564867
3667	2025-11-30T19:00:00Z	0.790000	0.495310	-0.541499
3668	2025-11-30T20:00:00Z	0.485000	0.385281	-0.385979
3669	2025-11-30T21:00:00Z	0.311000	0.322511	-0.158743
3670	2025-11-30T22:00:00Z	0.288000	0.314214	0.072522
3671	2025-11-30T23:00:00Z	0.401000	0.354978	0.258662
3672	2025-12-01T00:00:00Z	0.609000	0.430014	0.361805
3673	2025-12-01T01:00:00Z	0.850000	0.516955	0.373086
3674	2025-12-01T02:00:00Z	1.072000	0.597042	0.307010
3675	2025-12-01T03:00:00Z	1.231000	0.654401	0.171636
3676	2025-12-01T04:00:00Z	1.285000	0.673882	-0.020145
3677	2025-12-01T05:00:00Z	1.206000	0.645382	-0.217566
3678	2025-12-01T06:00:00Z	1.015000	0.576479	-0.348106
3679	2025-12-01T07:00:00Z	0.774000	0.489538	-0.356970
3680	2025-12-01T08:00:00Z	0.572000	0.416667	-0.232877
3681	2025-12-01T09:00:00Z	0.485000	0.385281	-0.020145
3682	2025-12-01T10:00:00Z	0.547000	0.407648	0.210314
3683	2025-12-01T11:00:00Z	0.746000	0.479437	0.398872
3684	2025-12-01T12:00:00Z	1.042000	0.586219	0.502015
3685	2025-12-01T13:00:00Z	1.369000	0.704185	0.494762
3686	2025-12-01T14:00:00Z	1.656000	0.807720	0.386785
3687	2025-12-01T15:00:00Z	1.849000	0.877345	0.194198
3688	2025-12-01T16:00:00Z	1.897000	0.894661	-0.074134
3689	2025-12-01T17:00:00Z	1.757000	0.844156	-0.370669
3690	2025-12-01T18:00:00Z	1.437000	0.728716	-0.609992
3691	2025-12-01T19:00:00Z	1.000000	0.571068	-0.713135
3692	2025-12-01T20:00:00Z	0.552000	0.409452	-0.641418
3693	2025-12-01T21:00:00Z	0.204000	0.283911	-0.423046
3694	2025-12-01T22:00:00Z	0.027000	0.220058	-0.137792
3695	2025-12-01T23:00:00Z	0.033000	0.222222	0.135375
3696	2025-12-02T00:00:00Z	0.195000	0.280664	0.342466
3697	2025-12-02T01:00:00Z	0.458000	0.375541	0.452055
3698	2025-12-02T02:00:00Z	0.756000	0.483045	0.464948
3699	2025-12-02T03:00:00Z	1.035000	0.583694	0.397260
3700	2025-12-02T04:00:00Z	1.249000	0.660895	0.249799
3701	2025-12-02T05:00:00Z	1.345000	0.695527	0.035455
3702	2025-12-02T06:00:00Z	1.293000	0.676768	-0.185334
3703	2025-12-02T07:00:00Z	1.115000	0.612554	-0.331185
3704	2025-12-02T08:00:00Z	0.882000	0.528499	-0.340048
3705	2025-12-02T09:00:00Z	0.693000	0.460317	-0.202256
3706	2025-12-02T10:00:00Z	0.631000	0.437951	0.024174
3707	2025-12-02T11:00:00Z	0.723000	0.471140	0.258662
3708	2025-12-02T12:00:00Z	0.952000	0.553752	0.439162
3709	2025-12-02T13:00:00Z	1.268000	0.667749	0.518936
3710	2025-12-02T14:00:00Z	1.596000	0.786075	0.480258
3711	2025-12-02T15:00:00Z	1.864000	0.882756	0.337631
3712	2025-12-02T16:00:00Z	2.015000	0.937229	0.103948
3713	2025-12-02T17:00:00Z	1.993000	0.929293	-0.204674
3714	2025-12-02T18:00:00Z	1.761000	0.845599	-0.527800
3715	2025-12-02T19:00:00Z	1.338000	0.693001	-0.767123
3716	2025-12-02T20:00:00Z	0.809000	0.502165	-0.836422
3717	2025-12-02T21:00:00Z	0.300000	0.318543	-0.705882
3718	2025-12-02T22:00:00Z	-0.067000	0.186147	-0.423852
3719	2025-12-02T23:00:00Z	-0.226000	0.128788	-0.088638
3720	2025-12-03T00:00:00Z	-0.177000	0.146465	0.212732
3721	2025-12-03T01:00:00Z	0.038000	0.224026	0.428687
3722	2025-12-03T02:00:00Z	0.355000	0.338384	0.536664
3723	2025-12-03T03:00:00Z	0.704000	0.464286	0.546334
3724	2025-12-03T04:00:00Z	1.033000	0.582973	0.471394
3725	2025-12-03T05:00:00Z	1.289000	0.675325	0.307010
3726	2025-12-03T06:00:00Z	1.414000	0.720418	0.069299
3727	2025-12-03T07:00:00Z	1.375000	0.706349	-0.172442
3728	2025-12-03T08:00:00Z	1.200000	0.643218	-0.323932
3729	2025-12-03T09:00:00Z	0.973000	0.561328	-0.321515
3730	2025-12-03T10:00:00Z	0.801000	0.499278	-0.166801
3731	2025-12-03T11:00:00Z	0.766000	0.486652	0.070105
3732	2025-12-03T12:00:00Z	0.888000	0.530664	0.302981
3733	2025-12-03T13:00:00Z	1.142000	0.622294	0.466559
3734	2025-12-03T14:00:00Z	1.467000	0.739538	0.519742
3735	2025-12-03T15:00:00Z	1.787000	0.854978	0.452055
3736	2025-12-03T16:00:00Z	2.028000	0.941919	0.277196
3737	2025-12-03T17:00:00Z	2.131000	0.979076	0.008864
3738	2025-12-03T18:00:00Z	2.039000	0.945887	-0.332796
3739	2025-12-03T19:00:00Z	1.718000	0.830087	-0.670427
3740	2025-12-03T20:00:00Z	1.207000	0.645743	-0.892828
3741	2025-12-03T21:00:00Z	0.610000	0.430375	-0.916197
3742	2025-12-03T22:00:00Z	0.070000	0.235570	-0.724416
3743	2025-12-03T23:00:00Z	-0.289000	0.106061	-0.390008
3744	2025-12-04T00:00:00Z	-0.414000	0.060967	-0.023368
3745	2025-12-04T01:00:00Z	-0.318000	0.095599	0.288477
3746	2025-12-04T02:00:00Z	-0.056000	0.190115	0.501209
3747	2025-12-04T03:00:00Z	0.304000	0.319986	0.602740
3748	2025-12-04T04:00:00Z	0.692000	0.459957	0.605963
3749	2025-12-04T05:00:00Z	1.056000	0.591270	0.522160
3750	2025-12-04T06:00:00Z	1.340000	0.693723	0.337631
3751	2025-12-04T07:00:00Z	1.475000	0.742424	0.077357
3752	2025-12-04T08:00:00Z	1.436000	0.728355	-0.174053
3753	2025-12-04T09:00:00Z	1.259000	0.664502	-0.321515
3754	2025-12-04T10:00:00Z	1.037000	0.584416	-0.301370
3755	2025-12-04T11:00:00Z	0.885000	0.529582	-0.129734
3756	2025-12-04T12:00:00Z	0.876000	0.526335	0.112006
3757	2025-12-04T13:00:00Z	1.024000	0.579726	0.335214
3758	2025-12-04T14:00:00Z	1.292000	0.676407	0.478646
3759	2025-12-04T15:00:00Z	1.618000	0.794012	0.507655
3760	2025-12-04T16:00:00Z	1.922000	0.903680	0.414988
3761	2025-12-04T17:00:00Z	2.133000	0.979798	0.215149
3762	2025-12-04T18:00:00Z	2.189000	1.000000	-0.081386
3763	2025-12-04T19:00:00Z	2.032000	0.943362	-0.443997
3764	2025-12-04T20:00:00Z	1.638000	0.801227	-0.780822
3765	2025-12-04T21:00:00Z	1.063000	0.593795	-0.972603
3766	2025-12-04T22:00:00Z	0.431000	0.365801	-0.944400
3767	2025-12-04T23:00:00Z	-0.109000	0.170996	-0.700242
3768	2025-12-05T00:00:00Z	-0.438000	0.052309	-0.331185
3769	2025-12-05T01:00:00Z	-0.520000	0.022727	0.045125
3770	2025-12-05T02:00:00Z	-0.382000	0.072511	0.351330
3771	2025-12-05T03:00:00Z	-0.084000	0.180014	0.551168
3772	2025-12-05T04:00:00Z	0.302000	0.319264	0.642224
3773	2025-12-05T05:00:00Z	0.713000	0.467532	0.640612
3774	2025-12-05T06:00:00Z	1.097000	0.606061	0.543110
3775	2025-12-05T07:00:00Z	1.387000	0.710678	0.339243
3776	2025-12-05T08:00:00Z	1.518000	0.757937	0.064464
3777	2025-12-05T09:00:00Z	1.467000	0.739538	-0.187752
3778	2025-12-05T10:00:00Z	1.285000	0.673882	-0.318292
3779	2025-12-05T11:00:00Z	1.072000	0.597042	-0.278002
3780	2025-12-05T12:00:00Z	0.940000	0.549423	-0.095085
3781	2025-12-05T13:00:00Z	0.954000	0.554473	0.142627
3782	2025-12-05T14:00:00Z	1.117000	0.613276	0.351330
3783	2025-12-05T15:00:00Z	1.390000	0.711760	0.475423
3784	2025-12-05T16:00:00Z	1.707000	0.826118	0.483481
3785	2025-12-05T17:00:00Z	1.990000	0.928211	0.373892
3786	2025-12-05T18:00:00Z	2.171000	0.993506	0.157937
3787	2025-12-05T19:00:00Z	2.186000	0.998918	-0.157937
3788	2025-12-05T20:00:00Z	1.975000	0.922799	-0.527800
3789	2025-12-05T21:00:00Z	1.531000	0.762626	-0.846898
3790	2025-12-05T22:00:00Z	0.924000	0.543651	-1.000000
3791	2025-12-05T23:00:00Z	0.290000	0.314935	-0.921837
3792	2025-12-06T00:00:00Z	-0.220000	0.130952	-0.640612
3793	2025-12-06T01:00:00Z	-0.505000	0.028139	-0.261080
3794	2025-12-06T02:00:00Z	-0.544000	0.014069	0.105560
3795	2025-12-06T03:00:00Z	-0.374000	0.075397	0.394037
3796	2025-12-06T04:00:00Z	-0.055000	0.190476	0.577760
3797	2025-12-06T05:00:00Z	0.343000	0.334055	0.656728
3798	2025-12-06T06:00:00Z	0.760000	0.484488	0.646253
3799	2025-12-06T07:00:00Z	1.145000	0.623377	0.536664
3800	2025-12-06T08:00:00Z	1.426000	0.724747	0.316680
3801	2025-12-06T09:00:00Z	1.538000	0.765152	0.036261
3802	2025-12-06T10:00:00Z	1.471000	0.740981	-0.204674
3803	2025-12-06T11:00:00Z	1.284000	0.673521	-0.314263
3804	2025-12-06T12:00:00Z	1.081000	0.600289	-0.254633
3805	2025-12-06T13:00:00Z	0.968000	0.559524	-0.067687
3806	2025-12-06T14:00:00Z	0.997000	0.569986	0.158743
3807	2025-12-06T15:00:00Z	1.165000	0.630592	0.348912
3808	2025-12-06T16:00:00Z	1.430000	0.726190	0.456084
3809	2025-12-06T17:00:00Z	1.731000	0.834776	0.451249
3810	2025-12-06T18:00:00Z	1.990000	0.928211	0.331185
3811	2025-12-06T19:00:00Z	2.142000	0.983045	0.106366
3812	2025-12-06T20:00:00Z	2.122000	0.975830	-0.215149
3813	2025-12-06T21:00:00Z	1.875000	0.886724	-0.576148
3814	2025-12-06T22:00:00Z	1.407000	0.717893	-0.864625
3815	2025-12-06T23:00:00Z	0.802000	0.499639	-0.973409
3816	2025-12-07T00:00:00Z	0.199000	0.282107	-0.856567
3817	2025-12-07T01:00:00Z	-0.261000	0.116162	-0.558421
3818	2025-12-07T02:00:00Z	-0.494000	0.032107	-0.188558
3819	2025-12-07T03:00:00Z	-0.495000	0.031746	0.153102
3820	2025-12-07T04:00:00Z	-0.304000	0.100649	0.415794
3821	2025-12-07T05:00:00Z	0.021000	0.217893	0.580177
3822	2025-12-07T06:00:00Z	0.416000	0.360390	0.648670
3823	2025-12-07T07:00:00Z	0.826000	0.508297	0.628525
3824	2025-12-07T08:00:00Z	1.196000	0.641775	0.506044
3825	2025-12-07T09:00:00Z	1.454000	0.734848	0.278002
3826	2025-12-07T10:00:00Z	1.541000	0.766234	0.002417
3827	2025-12-07T11:00:00Z	1.457000	0.735931	-0.219984
3828	2025-12-07T12:00:00Z	1.268000	0.667749	-0.307010
3829	2025-12-07T13:00:00Z	1.076000	0.598485	-0.236100
3830	2025-12-07T14:00:00Z	0.975000	0.562049	-0.054795
3831	2025-12-07T15:00:00Z	1.008000	0.573954	0.154714
3832	2025-12-07T16:00:00Z	1.167000	0.631313	0.327961
3833	2025-12-07T17:00:00Z	1.415000	0.720779	0.422240
3834	2025-12-07T18:00:00Z	1.691000	0.820346	0.410153
3835	2025-12-07T19:00:00Z	1.924000	0.904401	0.289283
3836	2025-12-07T20:00:00Z	2.050000	0.949856	0.064464
3837	2025-12-07T21:00:00Z	2.004000	0.933261	-0.249799
3838	2025-12-07T22:00:00Z	1.740000	0.838023	-0.585818
3839	2025-12-07T23:00:00Z	1.277000	0.670996	-0.834005
3840	2025-12-08T00:00:00Z	0.705000	0.464646	-0.900886
3841	2025-12-08T01:00:00Z	0.159000	0.267677	-0.759065
3842	2025-12-08T02:00:00Z	-0.237000	0.124820	-0.465753
3843	2025-12-08T03:00:00Z	-0.419000	0.059163	-0.123288
3844	2025-12-08T04:00:00Z	-0.390000	0.069625	0.185334
3845	2025-12-08T05:00:00Z	-0.189000	0.142136	0.420629
3846	2025-12-08T06:00:00Z	0.132000	0.257937	0.566479
3847	2025-12-08T07:00:00Z	0.514000	0.395743	0.623691
3848	2025-12-08T08:00:00Z	0.906000	0.537157	0.593876
3849	2025-12-08T09:00:00Z	1.251000	0.661616	0.460919
3850	2025-12-08T10:00:00Z	1.478000	0.743506	0.231265
3851	2025-12-08T11:00:00Z	1.538000	0.765152	-0.031426
3852	2025-12-08T12:00:00Z	1.439000	0.729437	-0.232877
3853	2025-12-08T13:00:00Z	1.249000	0.660895	-0.302176
3854	2025-12-08T14:00:00Z	1.064000	0.594156	-0.228042
3855	2025-12-08T15:00:00Z	0.966000	0.558802	-0.060435
3856	2025-12-08T16:00:00Z	0.989000	0.567100	0.128928
3857	2025-12-08T17:00:00Z	1.126000	0.616522	0.288477
3858	2025-12-08T18:00:00Z	1.347000	0.696248	0.377115
3859	2025-12-08T19:00:00Z	1.594000	0.785354	0.364222
3860	2025-12-08T20:00:00Z	1.799000	0.859307	0.247381
3861	2025-12-08T21:00:00Z	1.901000	0.896104	0.034649
3862	2025-12-08T22:00:00Z	1.842000	0.874820	-0.257051
3863	2025-12-08T23:00:00Z	1.582000	0.781025	-0.556809
3864	2025-12-09T00:00:00Z	1.151000	0.625541	-0.759871
3865	2025-12-09T01:00:00Z	0.639000	0.440837	-0.792909
3866	2025-12-09T02:00:00Z	0.167000	0.270563	-0.644641
3867	2025-12-09T03:00:00Z	-0.161000	0.152237	-0.372280
3868	2025-12-09T04:00:00Z	-0.295000	0.103896	-0.066882
3869	2025-12-09T05:00:00Z	-0.244000	0.122294	0.204674
3870	2025-12-09T06:00:00Z	-0.041000	0.195527	0.414182
3871	2025-12-09T07:00:00Z	0.270000	0.307720	0.542305
3872	2025-12-09T08:00:00Z	0.632000	0.438312	0.587429
3873	2025-12-09T09:00:00Z	0.999000	0.570707	0.548751
3874	2025-12-09T10:00:00Z	1.313000	0.683983	0.409347
3875	2025-12-09T11:00:00Z	1.507000	0.753968	0.182917
3876	2025-12-09T12:00:00Z	1.540000	0.765873	-0.063658
3877	2025-12-09T13:00:00Z	1.428000	0.725469	-0.245770
3878	2025-12-09T14:00:00Z	1.235000	0.655844	-0.306205
3879	2025-12-09T15:00:00Z	1.048000	0.588384	-0.237712
3880	2025-12-09T16:00:00Z	0.940000	0.549423	-0.087832
3881	2025-12-09T17:00:00Z	0.939000	0.549062	0.084609
3882	2025-12-09T18:00:00Z	1.045000	0.587302	0.236100
3883	2025-12-09T19:00:00Z	1.232000	0.654762	0.322321
3884	2025-12-09T20:00:00Z	1.445000	0.731602	0.315874
3885	2025-12-09T21:00:00Z	1.624000	0.796176	0.214343
3886	2025-12-09T22:00:00Z	1.711000	0.827561	0.022562
3887	2025-12-09T23:00:00Z	1.652000	0.806277	-0.234488
3888	2025-12-10T00:00:00Z	1.420000	0.722583	-0.489122
3889	2025-12-10T01:00:00Z	1.045000	0.587302	-0.652699
3890	2025-12-10T02:00:00Z	0.610000	0.430375	-0.665592
3891	2025-12-10T03:00:00Z	0.219000	0.289322	-0.526189
3892	2025-12-10T04:00:00Z	-0.043000	0.194805	-0.287671
3893	2025-12-10T05:00:00Z	-0.138000	0.160534	-0.023368
3894	2025-12-10T06:00:00Z	-0.072000	0.184343	0.215955
3895	2025-12-10T07:00:00Z	0.130000	0.257215	0.402095
3896	2025-12-10T08:00:00Z	0.427000	0.364358	0.514102
3897	2025-12-10T09:00:00Z	0.768000	0.487374	0.547139
3898	2025-12-10T10:00:00Z	1.106000	0.609307	0.498791
3899	2025-12-10T11:00:00Z	1.387000	0.710678	0.355359
3900	2025-12-10T12:00:00Z	1.547000	0.768398	0.135375
3901	2025-12-10T13:00:00Z	1.555000	0.771284	-0.096696
3902	2025-12-10T14:00:00Z	1.427000	0.725108	-0.268332
3903	2025-12-10T15:00:00Z	1.222000	0.651154	-0.327156
3904	2025-12-10T16:00:00Z	1.021000	0.578644	-0.269138
3905	2025-12-10T17:00:00Z	0.888000	0.530664	-0.135375
3906	2025-12-10T18:00:00Z	0.853000	0.518038	0.028203
3907	2025-12-10T19:00:00Z	0.923000	0.543290	0.178888
3908	2025-12-10T20:00:00Z	1.075000	0.598124	0.270749
3909	2025-12-10T21:00:00Z	1.259000	0.664502	0.276390
3910	2025-12-10T22:00:00Z	1.418000	0.721861	0.195810
3911	2025-12-10T23:00:00Z	1.502000	0.752165	0.035455
3912	2025-12-11T00:00:00Z	1.462000	0.737734	-0.182111
3913	2025-12-11T01:00:00Z	1.276000	0.670635	-0.394037
3914	2025-12-11T02:00:00Z	0.973000	0.561328	-0.526994
3915	2025-12-11T03:00:00Z	0.622000	0.434704	-0.535052
3916	2025-12-11T04:00:00Z	0.309000	0.321789	-0.417405
3917	2025-12-11T05:00:00Z	0.104000	0.247835	-0.216761
3918	2025-12-11T06:00:00Z	0.040000	0.224747	0.009670
3919	2025-12-11T07:00:00Z	0.116000	0.252165	0.222401
3920	2025-12-11T08:00:00Z	0.316000	0.324315	0.389202
3921	2025-12-11T09:00:00Z	0.599000	0.426407	0.485093
3922	2025-12-11T10:00:00Z	0.918000	0.541486	0.506849
3923	2025-12-11T11:00:00Z	1.228000	0.653319	0.448832
3924	2025-12-11T12:00:00Z	1.475000	0.742424	0.300564
3925	2025-12-11T13:00:00Z	1.601000	0.787879	0.082998
3926	2025-12-11T14:00:00Z	1.578000	0.779582	-0.141015
3927	2025-12-11T15:00:00Z	1.426000	0.724747	-0.307010
3928	2025-12-11T16:00:00Z	1.197000	0.642136	-0.369863
3929	2025-12-11T17:00:00Z	0.967000	0.559163	-0.319903
3930	2025-12-11T18:00:00Z	0.800000	0.498918	-0.191781
3931	2025-12-11T19:00:00Z	0.729000	0.473304	-0.027397
3932	2025-12-11T20:00:00Z	0.766000	0.486652	0.130540
3933	2025-12-11T21:00:00Z	0.891000	0.531746	0.232071
3934	2025-12-11T22:00:00Z	1.054000	0.590548	0.253828
3935	2025-12-11T23:00:00Z	1.206000	0.645382	0.200645
3936	2025-12-12T00:00:00Z	1.303000	0.680375	0.074940
3937	2025-12-12T01:00:00Z	1.299000	0.678932	-0.104754
3938	2025-12-12T02:00:00Z	1.173000	0.633478	-0.282836
3939	2025-12-12T03:00:00Z	0.948000	0.552309	-0.400483
3940	2025-12-12T04:00:00Z	0.676000	0.454185	-0.418211
3941	2025-12-12T05:00:00Z	0.429000	0.365079	-0.327961
3942	2025-12-12T06:00:00Z	0.269000	0.307359	-0.161966
3943	2025-12-12T07:00:00Z	0.228000	0.292569	0.035455
3944	2025-12-12T08:00:00Z	0.313000	0.323232	0.228042
3945	2025-12-12T09:00:00Z	0.511000	0.394661	0.379533
3946	2025-12-12T10:00:00Z	0.784000	0.493146	0.459307
3947	2025-12-12T11:00:00Z	1.081000	0.600289	0.465753
3948	2025-12-12T12:00:00Z	1.362000	0.701659	0.396454
3949	2025-12-12T13:00:00Z	1.573000	0.777778	0.239323
3950	2025-12-12T14:00:00Z	1.659000	0.808802	0.019339
3951	2025-12-12T15:00:00Z	1.597000	0.786436	-0.203868
3952	2025-12-12T16:00:00Z	1.406000	0.717532	-0.369057
3953	2025-12-12T17:00:00Z	1.139000	0.621212	-0.430298
3954	2025-12-12T18:00:00Z	0.872000	0.524892	-0.377921
3955	2025-12-12T19:00:00Z	0.670000	0.452020	-0.243352
3956	2025-12-12T20:00:00Z	0.570000	0.415945	-0.066076
3957	2025-12-12T21:00:00Z	0.588000	0.422439	0.104754
3958	2025-12-12T22:00:00Z	0.700000	0.462843	0.217566
3959	2025-12-12T23:00:00Z	0.858000	0.519841	0.257857
3960	2025-12-13T00:00:00Z	1.020000	0.578283	0.230459
3961	2025-12-13T01:00:00Z	1.144000	0.623016	0.135375
3962	2025-12-13T02:00:00Z	1.188000	0.638889	-0.014504
3963	2025-12-13T03:00:00Z	1.126000	0.616522	-0.175665
3964	2025-12-13T04:00:00Z	0.970000	0.560245	-0.292506
3965	2025-12-13T05:00:00Z	0.763000	0.485570	-0.326350
3966	2025-12-13T06:00:00Z	0.565000	0.414141	-0.261886
3967	2025-12-13T07:00:00Z	0.438000	0.368326	-0.120064
3968	2025-12-13T08:00:00Z	0.416000	0.360390	0.058824
3969	2025-12-13T09:00:00Z	0.511000	0.394661	0.237712
3970	2025-12-13T10:00:00Z	0.711000	0.466811	0.373086
3971	2025-12-13T11:00:00Z	0.974000	0.561688	0.435133
3972	2025-12-13T12:00:00Z	1.251000	0.661616	0.423852
3973	2025-12-13T13:00:00Z	1.500000	0.751443	0.336825
3974	2025-12-13T14:00:00Z	1.669000	0.812410	0.165995
3975	2025-12-13T15:00:00Z	1.706000	0.825758	-0.062047
3976	2025-12-13T16:00:00Z	1.592000	0.784632	-0.288477
3977	2025-12-13T17:00:00Z	1.348000	0.696609	-0.448832
3978	2025-12-13T18:00:00Z	1.035000	0.583694	-0.497180
3979	2025-12-13T19:00:00Z	0.731000	0.474026	-0.428687
3980	2025-12-13T20:00:00Z	0.503000	0.391775	-0.272361
3981	2025-12-13T21:00:00Z	0.393000	0.352092	-0.074134
3982	2025-12-13T22:00:00Z	0.411000	0.358586	0.109589
3983	2025-12-13T23:00:00Z	0.529000	0.401154	0.232877
3984	2025-12-14T00:00:00Z	0.700000	0.462843	0.287671
3985	2025-12-14T01:00:00Z	0.886000	0.529942	0.281225
3986	2025-12-14T02:00:00Z	1.049000	0.588745	0.205479
3987	2025-12-14T03:00:00Z	1.141000	0.621934	0.069299
3988	2025-12-14T04:00:00Z	1.135000	0.619769	-0.087832
3989	2025-12-14T05:00:00Z	1.032000	0.582612	-0.215955
3990	2025-12-14T06:00:00Z	0.867000	0.523088	-0.265109
3991	2025-12-14T07:00:00Z	0.703000	0.463925	-0.215149
3992	2025-12-14T08:00:00Z	0.600000	0.426768	-0.087027
3993	2025-12-14T09:00:00Z	0.595000	0.424964	0.083803
3994	2025-12-14T10:00:00Z	0.704000	0.464286	0.252216
3995	2025-12-14T11:00:00Z	0.908000	0.537879	0.369057
3996	2025-12-14T12:00:00Z	1.162000	0.629509	0.410153
3997	2025-12-14T13:00:00Z	1.417000	0.721501	0.377115
3998	2025-12-14T14:00:00Z	1.630000	0.798341	0.266720
3999	2025-12-14T15:00:00Z	1.748000	0.840909	0.074940
4000	2025-12-14T16:00:00Z	1.723000	0.831890	-0.164384
4001	2025-12-14T17:00:00Z	1.544000	0.767316	-0.390008
4002	2025-12-14T18:00:00Z	1.239000	0.657287	-0.535858
4003	2025-12-14T19:00:00Z	0.879000	0.527417	-0.555197
4004	2025-12-14T20:00:00Z	0.550000	0.408730	-0.451249
4005	2025-12-14T21:00:00Z	0.319000	0.325397	-0.265109
4006	2025-12-14T22:00:00Z	0.221000	0.290043	-0.047542
4007	2025-12-14T23:00:00Z	0.260000	0.304113	0.146656
4008	2025-12-15T00:00:00Z	0.403000	0.355700	0.274778
4009	2025-12-15T01:00:00Z	0.601000	0.427128	0.337631
4010	2025-12-15T02:00:00Z	0.822000	0.506854	0.340854
4011	2025-12-15T03:00:00Z	1.024000	0.579726	0.269138
4012	2025-12-15T04:00:00Z	1.156000	0.627345	0.130540
4013	2025-12-15T05:00:00Z	1.186000	0.638167	-0.035455
4014	2025-12-15T06:00:00Z	1.112000	0.611472	-0.173247
4015	2025-12-15T07:00:00Z	0.971000	0.560606	-0.229654
4016	2025-12-15T08:00:00Z	0.827000	0.508658	-0.182917
4017	2025-12-15T09:00:00Z	0.744000	0.478716	-0.053989
4018	2025-12-15T10:00:00Z	0.760000	0.484488	0.113618
4019	2025-12-15T11:00:00Z	0.885000	0.529582	0.269944
4020	2025-12-15T12:00:00Z	1.095000	0.605339	0.365028
4021	2025-12-15T13:00:00Z	1.338000	0.693001	0.380338
4022	2025-12-15T14:00:00Z	1.567000	0.775613	0.322321
4023	2025-12-15T15:00:00Z	1.738000	0.837302	0.183723
4024	2025-12-15T16:00:00Z	1.795000	0.857864	-0.033038
4025	2025-12-15T17:00:00Z	1.697000	0.822511	-0.282836
4026	2025-12-15T18:00:00Z	1.444000	0.731241	-0.497985
4027	2025-12-15T19:00:00Z	1.079000	0.599567	-0.611604
4028	2025-12-15T20:00:00Z	0.685000	0.457431	-0.585818
4029	2025-12-15T21:00:00Z	0.352000	0.337302	-0.438356
4030	2025-12-15T22:00:00Z	0.141000	0.261183	-0.219178
4031	2025-12-15T23:00:00Z	0.080000	0.239177	0.015310
4032	2025-12-16T00:00:00Z	0.160000	0.268038	0.208703
4033	2025-12-16T01:00:00Z	0.339000	0.332612	0.332796
4034	2025-12-16T02:00:00Z	0.573000	0.417027	0.394843
4035	2025-12-16T03:00:00Z	0.829000	0.509380	0.393231
4036	2025-12-16T04:00:00Z	1.061000	0.593074	0.310234
4037	2025-12-16T05:00:00Z	1.214000	0.648268	0.157131
4038	2025-12-16T06:00:00Z	1.256000	0.663420	-0.020145
4039	2025-12-16T07:00:00Z	1.189000	0.639250	-0.161966
4040	2025-12-16T08:00:00Z	1.055000	0.590909	-0.211926
4041	2025-12-16T09:00:00Z	0.926000	0.544372	-0.153908
4042	2025-12-16T10:00:00Z	0.864000	0.522006	-0.018533
4043	2025-12-16T11:00:00Z	0.903000	0.536075	0.147462
4044	2025-12-16T12:00:00Z	1.047000	0.588023	0.289283
4045	2025-12-16T13:00:00Z	1.262000	0.665584	0.359388
4046	2025-12-16T14:00:00Z	1.493000	0.748918	0.346495
4047	2025-12-16T15:00:00Z	1.692000	0.820707	0.257857
4048	2025-12-16T16:00:00Z	1.813000	0.864358	0.087027
4049	2025-12-16T17:00:00Z	1.800000	0.859668	-0.153102
4050	2025-12-16T18:00:00Z	1.623000	0.795815	-0.406124
4051	2025-12-16T19:00:00Z	1.296000	0.677850	-0.597905
4052	2025-12-16T20:00:00Z	0.881000	0.528139	-0.663175
4053	2025-12-16T21:00:00Z	0.473000	0.380952	-0.579371
4054	2025-12-16T22:00:00Z	0.162000	0.268759	-0.384367
4055	2025-12-16T23:00:00Z	-0.004000	0.208874	-0.139404
4056	2025-12-17T00:00:00Z	-0.011000	0.206349	0.099919
4057	2025-12-17T01:00:00Z	0.120000	0.253608	0.283642
4058	2025-12-17T02:00:00Z	0.341000	0.333333	0.394037
4059	2025-12-17T03:00:00Z	0.609000	0.430014	0.443997
4060	2025-12-17T04:00:00Z	0.892000	0.532107	0.426269
4061	2025-12-17T05:00:00Z	1.138000	0.620851	0.320709
4062	2025-12-17T06:00:00Z	1.290000	0.675685	0.147462
4063	2025-12-17T07:00:00Z	1.321000	0.686869	-0.038678
4064	2025-12-17T08:00:00Z	1.242000	0.658369	-0.171636
4065	2025-12-17T09:00:00Z	1.108000	0.610029	-0.199839
4066	2025-12-17T10:00:00Z	0.994000	0.568903	-0.120870
4067	2025-12-17T11:00:00Z	0.958000	0.555916	0.024174
4068	2025-12-17T12:00:00Z	1.024000	0.579726	0.184529
4069	2025-12-17T13:00:00Z	1.187000	0.638528	0.307010
4070	2025-12-17T14:00:00Z	1.405000	0.717172	0.348912
4071	2025-12-17T15:00:00Z	1.620000	0.794733	0.306205
4072	2025-12-17T16:00:00Z	1.785000	0.854257	0.184529
4073	2025-12-17T17:00:00Z	1.849000	0.877345	-0.020145
4074	2025-12-17T18:00:00Z	1.760000	0.845238	-0.279613
4075	2025-12-17T19:00:00Z	1.502000	0.752165	-0.523771
4076	2025-12-17T20:00:00Z	1.110000	0.610750	-0.675262
4077	2025-12-17T21:00:00Z	0.664000	0.449856	-0.678485
4078	2025-12-17T22:00:00Z	0.268000	0.306999	-0.533441
4079	2025-12-17T23:00:00Z	0.002000	0.211039	-0.297341
4080	2025-12-18T00:00:00Z	-0.101000	0.173882	-0.037067
4081	2025-12-18T01:00:00Z	-0.044000	0.194444	0.194198
4082	2025-12-18T02:00:00Z	0.140000	0.260823	0.356970
4083	2025-12-18T03:00:00Z	0.399000	0.354257	0.447220
4084	2025-12-18T04:00:00Z	0.695000	0.461039	0.477035
4085	2025-12-18T05:00:00Z	0.991000	0.567821	0.430298
4086	2025-12-18T06:00:00Z	1.229000	0.653680	0.295729
4087	2025-12-18T07:00:00Z	1.358000	0.700216	0.104754
4088	2025-12-18T08:00:00Z	1.359000	0.700577	-0.078969
4089	2025-12-18T09:00:00Z	1.260000	0.664863	-0.186946
4090	2025-12-18T10:00:00Z	1.127000	0.616883	-0.182111
4091	2025-12-18T11:00:00Z	1.034000	0.583333	-0.079774
4092	2025-12-18T12:00:00Z	1.028000	0.581169	0.072522
4093	2025-12-18T13:00:00Z	1.124000	0.615801	0.223207
4094	2025-12-18T14:00:00Z	1.305000	0.681097	0.321515
4095	2025-12-18T15:00:00Z	1.523000	0.759740	0.333602
4096	2025-12-18T16:00:00Z	1.719000	0.830447	0.258662
4097	2025-12-18T17:00:00Z	1.844000	0.875541	0.101531
4098	2025-12-18T18:00:00Z	1.845000	0.875902	-0.133763
4099	2025-12-18T19:00:00Z	1.678000	0.815657	-0.403707
4100	2025-12-18T20:00:00Z	1.344000	0.695166	-0.624496
4101	2025-12-18T21:00:00Z	0.903000	0.536075	-0.720387
4102	2025-12-18T22:00:00Z	0.450000	0.372655	-0.655117
4103	2025-12-18T23:00:00Z	0.090000	0.242785	-0.453666
4104	2025-12-19T00:00:00Z	-0.113000	0.169553	-0.189363
4105	2025-12-19T01:00:00Z	-0.145000	0.158009	0.071716
4106	2025-12-19T02:00:00Z	-0.024000	0.201659	0.284448
4107	2025-12-19T03:00:00Z	0.208000	0.285354	0.421434
4108	2025-12-19T04:00:00Z	0.499000	0.390332	0.485093
4109	2025-12-19T05:00:00Z	0.810000	0.502525	0.485093
4110	2025-12-19T06:00:00Z	1.101000	0.607504	0.404512
4111	2025-12-19T07:00:00Z	1.312000	0.683622	0.240935
4112	2025-12-19T08:00:00Z	1.400000	0.715368	0.041096
4113	2025-12-19T09:00:00Z	1.363000	0.702020	-0.125705
4114	2025-12-19T10:00:00Z	1.244000	0.659091	-0.197421
4115	2025-12-19T11:00:00Z	1.118000	0.613636	-0.153908
4116	2025-12-19T12:00:00Z	1.053000	0.590188	-0.029009
4117	2025-12-19T13:00:00Z	1.082000	0.600649	0.124093
4118	2025-12-19T14:00:00Z	1.207000	0.645743	0.258662
4119	2025-12-19T15:00:00Z	1.403000	0.716450	0.329573
4120	2025-12-19T16:00:00Z	1.616000	0.793290	0.310234
4121	2025-12-19T17:00:00Z	1.788000	0.855339	0.203062
4122	2025-12-19T18:00:00Z	1.868000	0.884199	0.011281
4123	2025-12-19T19:00:00Z	1.802000	0.860390	-0.249799
4124	2025-12-19T20:00:00Z	1.558000	0.772367	-0.516519
4125	2025-12-19T21:00:00Z	1.161000	0.629149	-0.699436
4126	2025-12-19T22:00:00Z	0.690000	0.459235	-0.731668
4127	2025-12-19T23:00:00Z	0.253000	0.301587	-0.597905
4128	2025-12-20T00:00:00Z	-0.052000	0.191558	-0.350524
4129	2025-12-20T01:00:00Z	-0.182000	0.144661	-0.072522
4130	2025-12-20T02:00:00Z	-0.142000	0.159091	0.177276
4131	2025-12-20T03:00:00Z	0.038000	0.224026	0.363417
4132	2025-12-20T04:00:00Z	0.309000	0.321789	0.469782
4133	2025-12-20T05:00:00Z	0.621000	0.434343	0.504432
4134	2025-12-20T06:00:00Z	0.935000	0.547619	0.469782
4135	2025-12-20T07:00:00Z	1.204000	0.644661	0.352941
4136	2025-12-20T08:00:00Z	1.373000	0.705628	0.165995
4137	2025-12-20T09:00:00Z	1.410000	0.718975	-0.031426
4138	2025-12-20T10:00:00Z	1.334000	0.691558	-0.166801
4139	2025-12-20T11:00:00Z	1.203000	0.644300	-0.194198
4140	2025-12-20T12:00:00Z	1.093000	0.604618	-0.113618
4141	2025-12-20T13:00:00Z	1.062000	0.593434	0.027397
4142	2025-12-20T14:00:00Z	1.127000	0.616883	0.174859
4143	2025-12-20T15:00:00Z	1.279000	0.671717	0.287671
4144	2025-12-20T16:00:00Z	1.484000	0.745671	0.327961
4145	2025-12-20T17:00:00Z	1.686000	0.818543	0.277196
4146	2025-12-20T18:00:00Z	1.828000	0.869769	0.136986
4147	2025-12-20T19:00:00Z	1.856000	0.879870	-0.087027
4148	2025-12-20T20:00:00Z	1.720000	0.830808	-0.362611
4149	2025-12-20T21:00:00Z	1.406000	0.717532	-0.611604
4150	2025-12-20T22:00:00Z	0.961000	0.556999	-0.742949
4151	2025-12-20T23:00:00Z	0.484000	0.384921	-0.705882
4152	2025-12-21T00:00:00Z	0.085000	0.240981	-0.512490
4153	2025-12-21T01:00:00Z	-0.152000	0.155483	-0.234488
4154	2025-12-21T02:00:00Z	-0.206000	0.136003	0.042707
4155	2025-12-21T03:00:00Z	-0.099000	0.174603	0.271555
4156	2025-12-21T04:00:00Z	0.131000	0.257576	0.427881
4157	2025-12-21T05:00:00Z	0.432000	0.366162	0.502015
4158	2025-12-21T06:00:00Z	0.754000	0.482323	0.503626
4159	2025-12-21T07:00:00Z	1.057000	0.591631	0.432716
4160	2025-12-21T08:00:00Z	1.291000	0.676046	0.281225
4161	2025-12-21T09:00:00Z	1.406000	0.717532	0.080580
4162	2025-12-21T10:00:00Z	1.391000	0.712121	-0.099114
4163	2025-12-21T11:00:00Z	1.283000	0.673160	-0.194198
4164	2025-12-21T12:00:00Z	1.150000	0.625180	-0.175665
4165	2025-12-21T13:00:00Z	1.065000	0.594517	-0.063658
4166	2025-12-21T14:00:00Z	1.071000	0.596681	0.082998
4167	2025-12-21T15:00:00Z	1.168000	0.631674	0.216761
4168	2025-12-21T16:00:00Z	1.340000	0.693723	0.305399
4169	2025-12-21T17:00:00Z	1.547000	0.768398	0.314263
4170	2025-12-21T18:00:00Z	1.730000	0.834416	0.231265
4171	2025-12-21T19:00:00Z	1.834000	0.871934	0.060435
4172	2025-12-21T20:00:00Z	1.805000	0.861472	-0.186946
4173	2025-12-21T21:00:00Z	1.602000	0.788240	-0.463336
4174	2025-12-21T22:00:00Z	1.230000	0.654040	-0.679291
4175	2025-12-21T23:00:00Z	0.759000	0.484127	-0.751007
4176	2025-12-22T00:00:00Z	0.298000	0.317821	-0.647865
4177	2025-12-22T01:00:00Z	-0.045000	0.194084	-0.406930
4178	2025-12-22T02:00:00Z	-0.207000	0.135642	-0.115230
4179	2025-12-22T03:00:00Z	-0.188000	0.142496	0.149879
4180	2025-12-22T04:00:00Z	-0.021000	0.202742	0.352135
4181	2025-12-22T05:00:00Z	0.249000	0.300144	0.475423
4182	2025-12-22T06:00:00Z	0.569000	0.415584	0.516519
4183	2025-12-22T07:00:00Z	0.890000	0.531385	0.484287
4184	2025-12-22T08:00:00Z	1.170000	0.632395	0.377115
4185	2025-12-22T09:00:00Z	1.358000	0.700216	0.199033
4186	2025-12-22T10:00:00Z	1.417000	0.721501	-0.003223
4187	2025-12-22T11:00:00Z	1.354000	0.698773	-0.157131
4188	2025-12-22T12:00:00Z	1.222000	0.651154	-0.207091
4189	2025-12-22T13:00:00Z	1.097000	0.606061	-0.145850
4190	2025-12-22T14:00:00Z	1.041000	0.585859	-0.013699
4191	2025-12-22T15:00:00Z	1.080000	0.599928	0.129734
4192	2025-12-22T16:00:00Z	1.202000	0.643939	0.244158
4193	2025-12-22T17:00:00Z	1.383000	0.709235	0.306205
4194	2025-12-22T18:00:00Z	1.582000	0.781025	0.286865
4195	2025-12-22T19:00:00Z	1.739000	0.837662	0.174053
4196	2025-12-22T20:00:00Z	1.798000	0.858947	-0.020951
4197	2025-12-22T21:00:00Z	1.713000	0.828283	-0.278807
4198	2025-12-22T22:00:00Z	1.452000	0.734127	-0.539887
4199	2025-12-22T23:00:00Z	1.043000	0.586580	-0.709911
4200	2025-12-23T00:00:00Z	0.571000	0.416306	-0.719581
4201	2025-12-23T01:00:00Z	0.150000	0.264430	-0.560032
4202	2025-12-23T02:00:00Z	-0.124000	0.165584	-0.290894
4203	2025-12-23T03:00:00Z	-0.211000	0.134199	-0.001612
4204	2025-12-23T04:00:00Z	-0.126000	0.164863	0.241741
4205	2025-12-23T05:00:00Z	0.089000	0.242424	0.414988
4206	2025-12-23T06:00:00Z	0.389000	0.350649	0.506849
4207	2025-12-23T07:00:00Z	0.718000	0.469336	0.514102
4208	2025-12-23T08:00:00Z	1.027000	0.580808	0.447220
4209	2025-12-23T09:00:00Z	1.273000	0.669553	0.307816
4210	2025-12-23T10:00:00Z	1.409000	0.718615	0.112006
4211	2025-12-23T11:00:00Z	1.412000	0.719697	-0.081386
4212	2025-12-23T12:00:00Z	1.308000	0.682179	-0.201450
4213	2025-12-23T13:00:00Z	1.162000	0.629509	-0.209508
4214	2025-12-23T14:00:00Z	1.048000	0.588384	-0.116841
4215	2025-12-23T15:00:00Z	1.017000	0.577201	0.024980
4216	2025-12-23T16:00:00Z	1.079000	0.599567	0.158743
4217	2025-12-23T17:00:00Z	1.214000	0.648268	0.255439
4218	2025-12-23T18:00:00Z	1.396000	0.713925	0.293312
4219	2025-12-23T19:00:00Z	1.578000	0.779582	0.246575
4220	2025-12-23T20:00:00Z	1.702000	0.824315	0.112812
4221	2025-12-23T21:00:00Z	1.718000	0.830087	-0.095085
4222	2025-12-23T22:00:00Z	1.584000	0.781746	-0.348106
4223	2025-12-23T23:00:00Z	1.286000	0.674242	-0.578566
4224	2025-12-24T00:00:00Z	0.866000	0.522727	-0.697019
4225	2025-12-24T01:00:00Z	0.421000	0.362193	-0.651088
4226	2025-12-24T02:00:00Z	0.058000	0.231241	-0.453666
4227	2025-12-24T03:00:00Z	-0.142000	0.159091	-0.174053
4228	2025-12-24T04:00:00Z	-0.158000	0.153319	0.099114
4229	2025-12-24T05:00:00Z	-0.019000	0.203463	0.315874
4230	2025-12-24T06:00:00Z	0.234000	0.294733	0.460113
4231	2025-12-24T07:00:00Z	0.552000	0.409452	0.519742
4232	2025-12-24T08:00:00Z	0.879000	0.527417	0.494762
4233	2025-12-24T09:00:00Z	1.166000	0.630952	0.394843
4234	2025-12-24T10:00:00Z	1.369000	0.704185	0.229654
4235	2025-12-24T11:00:00Z	1.451000	0.733766	0.026591
4236	2025-12-24T12:00:00Z	1.402000	0.716089	-0.151491
4237	2025-12-24T13:00:00Z	1.263000	0.665945	-0.239323
4238	2025-12-24T14:00:00Z	1.105000	0.608947	-0.214343
4239	2025-12-24T15:00:00Z	0.997000	0.569986	-0.101531
4240	2025-12-24T16:00:00Z	0.979000	0.563492	0.042707
4241	2025-12-24T17:00:00Z	1.050000	0.589105	0.167607
4242	2025-12-24T18:00:00Z	1.187000	0.638528	0.249799
4243	2025-12-24T19:00:00Z	1.360000	0.700938	0.269138
4244	2025-12-24T20:00:00Z	1.521000	0.759019	0.204674
4245	2025-12-24T21:00:00Z	1.614000	0.792569	0.061241
4246	2025-12-24T22:00:00Z	1.597000	0.786436	-0.144239
4247	2025-12-24T23:00:00Z	1.435000	0.727994	-0.379533
4248	2025-12-25T00:00:00Z	1.126000	0.616522	-0.570508
4249	2025-12-25T01:00:00Z	0.727000	0.472583	-0.639807
4250	2025-12-25T02:00:00Z	0.332000	0.330087	-0.555197
4251	2025-12-25T03:00:00Z	0.038000	0.224026	-0.340048
4252	2025-12-25T04:00:00Z	-0.090000	0.177850	-0.068493
4253	2025-12-25T05:00:00Z	-0.047000	0.193362	0.180500
4254	2025-12-25T06:00:00Z	0.134000	0.258658	0.369863
4255	2025-12-25T07:00:00Z	0.412000	0.358947	0.485093
4256	2025-12-25T08:00:00Z	0.736000	0.475830	0.514102
4257	2025-12-25T09:00:00Z	1.050000	0.589105	0.459307
4258	2025-12-25T10:00:00Z	1.306000	0.681457	0.332796
4259	2025-12-25T11:00:00Z	1.463000	0.738095	0.148268
4260	2025-12-25T12:00:00Z	1.490000	0.747835	-0.058018
4261	2025-12-25T13:00:00Z	1.391000	0.712121	-0.219178
4262	2025-12-25T14:00:00Z	1.218000	0.649711	-0.281225
4263	2025-12-25T15:00:00Z	1.042000	0.586219	-0.233683
4264	2025-12-25T16:00:00Z	0.928000	0.545094	-0.108783
4265	2025-12-25T17:00:00Z	0.907000	0.537518	0.037067
4266	2025-12-25T18:00:00Z	0.974000	0.561688	0.157937
4267	2025-12-25T19:00:00Z	1.103000	0.608225	0.233683
4268	2025-12-25T20:00:00Z	1.264000	0.666306	0.244964
4269	2025-12-25T21:00:00Z	1.407000	0.717893	0.175665
4270	2025-12-25T22:00:00Z	1.482000	0.744949	0.035455
4271	2025-12-25T23:00:00Z	1.451000	0.733766	-0.155520
4272	2025-12-26T00:00:00Z	1.289000	0.675325	-0.360999
4273	2025-12-26T01:00:00Z	1.003000	0.572150	-0.514102
4274	2025-12-26T02:00:00Z	0.651000	0.445166	-0.548751
4275	2025-12-26T03:00:00Z	0.322000	0.326479	-0.445608
4276	2025-12-26T04:00:00Z	0.098000	0.245671	-0.235294
4277	2025-12-26T05:00:00Z	0.030000	0.221140	0.015310
4278	2025-12-26T06:00:00Z	0.117000	0.252525	0.238517
4279	2025-12-26T07:00:00Z	0.326000	0.327922	0.402095
4280	2025-12-26T08:00:00Z	0.616000	0.432540	0.491539
4281	2025-12-26T09:00:00Z	0.936000	0.547980	0.494762
4282	2025-12-26T10:00:00Z	1.230000	0.654040	0.413376
4283	2025-12-26T11:00:00Z	1.449000	0.733045	0.264303
4284	2025-12-26T12:00:00Z	1.558000	0.772367	0.066076
4285	2025-12-26T13:00:00Z	1.531000	0.762626	-0.142627
4286	2025-12-26T14:00:00Z	1.381000	0.708514	-0.293312
4287	2025-12-26T15:00:00Z	1.167000	0.631313	-0.339243
4288	2025-12-26T16:00:00Z	0.960000	0.556638	-0.277196
4289	2025-12-26T17:00:00Z	0.823000	0.507215	-0.141821
4290	2025-12-26T18:00:00Z	0.784000	0.493146	0.010475
4291	2025-12-26T19:00:00Z	0.836000	0.511905	0.138598
4292	2025-12-26T20:00:00Z	0.956000	0.555195	0.220790
4293	2025-12-26T21:00:00Z	1.110000	0.610750	0.235294
4294	2025-12-26T22:00:00Z	1.248000	0.660534	0.172442
4295	2025-12-26T23:00:00Z	1.324000	0.687951	0.047542
4296	2025-12-27T00:00:00Z	1.307000	0.681818	-0.118453
4297	2025-12-27T01:00:00Z	1.177000	0.634921	-0.294923
4298	2025-12-27T02:00:00Z	0.941000	0.549784	-0.421434
4299	2025-12-27T03:00:00Z	0.654000	0.446248	-0.442385
4300	2025-12-27T04:00:00Z	0.392000	0.351732	-0.342466
4301	2025-12-27T05:00:00Z	0.229000	0.292929	-0.150685
4302	2025-12-27T06:00:00Z	0.205000	0.284271	0.072522
4303	2025-12-27T07:00:00Z	0.319000	0.325397	0.271555
4304	2025-12-27T08:00:00Z	0.542000	0.405844	0.415794
4305	2025-12-27T09:00:00Z	0.835000	0.511544	0.485898
4306	2025-12-27T10:00:00Z	1.145000	0.623377	0.465753
4307	2025-12-27T11:00:00Z	1.413000	0.720058	0.361805
4308	2025-12-27T12:00:00Z	1.594000	0.785354	0.194198
4309	2025-12-27T13:00:00Z	1.654000	0.806999	-0.017728
4310	2025-12-27T14:00:00Z	1.572000	0.777417	-0.231265
4311	2025-12-27T15:00:00Z	1.367000	0.703463	-0.380338
4312	2025-12-27T16:00:00Z	1.100000	0.607143	-0.419823
4313	2025-12-27T17:00:00Z	0.846000	0.515512	-0.346495
4314	2025-12-27T18:00:00Z	0.670000	0.452020	-0.195810
4315	2025-12-27T19:00:00Z	0.603000	0.427850	-0.024980
4316	2025-12-27T20:00:00Z	0.639000	0.440837	0.122482
4317	2025-12-27T21:00:00Z	0.755000	0.482684	0.221595
4318	2025-12-27T22:00:00Z	0.914000	0.540043	0.250604
4319	2025-12-27T23:00:00Z	1.066000	0.594877	0.204674
4320	2025-12-28T00:00:00Z	1.168000	0.631674	0.103143
4321	2025-12-28T01:00:00Z	1.194000	0.641053	-0.038678
4322	2025-12-28T02:00:00Z	1.120000	0.614358	-0.195004
4323	2025-12-28T03:00:00Z	0.952000	0.553752	-0.312651
4324	2025-12-28T04:00:00Z	0.732000	0.474387	-0.341660
4325	2025-12-28T05:00:00Z	0.528000	0.400794	-0.262691
4326	2025-12-28T06:00:00Z	0.406000	0.356782	-0.096696
4327	2025-12-28T07:00:00Z	0.408000	0.357504	0.104754
4328	2025-12-28T08:00:00Z	0.536000	0.403680	0.286865
4329	2025-12-28T09:00:00Z	0.764000	0.485931	0.418211
4330	2025-12-28T10:00:00Z	1.055000	0.590909	0.472200
4331	2025-12-28T11:00:00Z	1.350000	0.697330	0.432716
4332	2025-12-28T12:00:00Z	1.592000	0.784632	0.311845
4333	2025-12-28T13:00:00Z	1.737000	0.836941	0.126511
4334	2025-12-28T14:00:00Z	1.749000	0.841270	-0.103143
4335	2025-12-28T15:00:00Z	1.609000	0.790765	-0.328767
4336	2025-12-28T16:00:00Z	1.341000	0.694084	-0.484287
4337	2025-12-28T17:00:00Z	1.008000	0.573954	-0.521354
4338	2025-12-28T18:00:00Z	0.694000	0.460678	-0.431910
4339	2025-12-28T19:00:00Z	0.472000	0.380592	-0.256245
4340	2025-12-28T20:00:00Z	0.376000	0.345960	-0.056406
4341	2025-12-28T21:00:00Z	0.402000	0.355339	0.120870
4342	2025-12-28T22:00:00Z	0.526000	0.400072	0.245770
4343	2025-12-28T23:00:00Z	0.707000	0.465368	0.294118
4344	2025-12-29T00:00:00Z	0.891000	0.531746	0.269944
4345	2025-12-29T01:00:00Z	1.042000	0.586219	0.192587
4346	2025-12-29T02:00:00Z	1.130000	0.617965	0.068493
4347	2025-12-29T03:00:00Z	1.127000	0.616883	-0.083803
4348	2025-12-29T04:00:00Z	1.026000	0.580447	-0.212732
4349	2025-12-29T05:00:00Z	0.863000	0.521645	-0.265109
4350	2025-12-29T06:00:00Z	0.697000	0.461760	-0.214343
4351	2025-12-29T07:00:00Z	0.597000	0.425685	-0.070911
4352	2025-12-29T08:00:00Z	0.609000	0.430014	0.116035
4353	2025-12-29T09:00:00Z	0.741000	0.477633	0.291700
4354	2025-12-29T10:00:00Z	0.971000	0.560606	0.417405
4355	2025-12-29T11:00:00Z	1.259000	0.664502	0.459307
4356	2025-12-29T12:00:00Z	1.541000	0.766234	0.403707
4357	2025-12-29T13:00:00Z	1.760000	0.845238	0.266720
4358	2025-12-29T14:00:00Z	1.872000	0.885642	0.062047
4359	2025-12-29T15:00:00Z	1.837000	0.873016	-0.190169
4360	2025-12-29T16:00:00Z	1.636000	0.800505	-0.435939
4361	2025-12-29T17:00:00Z	1.296000	0.677850	-0.601128
4362	2025-12-29T18:00:00Z	0.890000	0.531385	-0.632554
4363	2025-12-29T19:00:00Z	0.511000	0.394661	-0.521354
4364	2025-12-29T20:00:00Z	0.243000	0.297980	-0.310234
4365	2025-12-29T21:00:00Z	0.126000	0.255772	-0.070105
4366	2025-12-29T22:00:00Z	0.156000	0.266595	0.142627
4367	2025-12-29T23:00:00Z	0.303000	0.319625	0.292506
4368	2025-12-30T00:00:00Z	0.519000	0.397547	0.361805
4369	2025-12-30T01:00:00Z	0.752000	0.481602	0.359388
4370	2025-12-30T02:00:00Z	0.965000	0.558442	0.299758
4371	2025-12-30T03:00:00Z	1.124000	0.615801	0.179694
4372	2025-12-30T04:00:00Z	1.188000	0.638889	0.014504
4373	2025-12-30T05:00:00Z	1.142000	0.622294	-0.141015
4374	2025-12-30T06:00:00Z	1.013000	0.575758	-0.225624
4375	2025-12-30T07:00:00Z	0.862000	0.521284	-0.198227
4376	2025-12-30T08:00:00Z	0.767000	0.487013	-0.066076
4377	2025-12-30T09:00:00Z	0.780000	0.491703	0.118453
4378	2025-12-30T10:00:00Z	0.914000	0.540043	0.296535
4379	2025-12-30T11:00:00Z	1.148000	0.624459	0.419823
4380	2025-12-30T12:00:00Z	1.435000	0.727994	0.451249
4381	2025-12-30T13:00:00Z	1.708000	0.826479	0.381950
4382	2025-12-30T14:00:00Z	1.909000	0.898990	0.228848
4383	2025-12-30T15:00:00Z	1.992000	0.928932	0.001612
4384	2025-12-30T16:00:00Z	1.911000	0.899711	-0.278807
4385	2025-12-30T17:00:00Z	1.646000	0.804113	-0.547945
4386	2025-12-30T18:00:00Z	1.231000	0.654401	-0.721998
4387	2025-12-30T19:00:00Z	0.750000	0.480880	-0.740532
4388	2025-12-30T20:00:00Z	0.312000	0.322872	-0.595488
4389	2025-12-30T21:00:00Z	0.011000	0.214286	-0.341660
4390	2025-12-30T22:00:00Z	-0.112000	0.169913	-0.060435
4391	2025-12-30T23:00:00Z	-0.064000	0.187229	0.184529
4392	2025-12-31T00:00:00Z	0.117000	0.252525	0.356164
4393	2025-12-31T01:00:00Z	0.378000	0.346681	0.442385
4394	2025-12-31T02:00:00Z	0.666000	0.450577	0.456084
4395	2025-12-31T03:00:00Z	0.944000	0.550866	0.402901
4396	2025-12-31T04:00:00Z	1.166000	0.630952	0.272361
4397	2025-12-31T05:00:00Z	1.282000	0.672799	0.080580
4398	2025-12-31T06:00:00Z	1.266000	0.667027	-0.108783
4399	2025-12-31T07:00:00Z	1.147000	0.624098	-0.220790
4400	2025-12-31T08:00:00Z	0.992000	0.568182	-0.206285
4401	2025-12-31T09:00:00Z	0.891000	0.531746	-0.071716
4402	2025-12-31T10:00:00Z	0.903000	0.536075	0.121676
4403	2025-12-31T11:00:00Z	1.042000	0.586219	0.305399
4404	2025-12-31T12:00:00Z	1.282000	0.672799	0.427881
4405	2025-12-31T13:00:00Z	1.573000	0.777778	0.451249
4406	2025-12-31T14:00:00Z	1.842000	0.874820	0.369863
4407	2025-12-31T15:00:00Z	2.032000	0.943362	0.199033
4408	2025-12-31T16:00:00Z	2.089000	0.963925	-0.055600
4409	2025-12-31T17:00:00Z	1.963000	0.918470	-0.366640
4410	2025-12-31T18:00:00Z	1.634000	0.799784	-0.658340
4411	2025-12-31T19:00:00Z	1.146000	0.623737	-0.834005
4412	2025-12-31T20:00:00Z	0.599000	0.426407	-0.828364
4413	2025-12-31T21:00:00Z	0.118000	0.252886	-0.640612
4414	2025-12-31T22:00:00Z	-0.196000	0.139610	-0.343272
4415	2025-12-31T23:00:00Z	-0.308000	0.099206	-0.024980
4416	2026-01-01T00:00:00Z	-0.227000	0.128427	0.242546
4417	2026-01-01T01:00:00Z	-0.007000	0.207792	0.423046
4418	2026-01-01T02:00:00Z	0.298000	0.317821	0.518936
4419	2026-01-01T03:00:00Z	0.637000	0.440115	0.543110
4420	2026-01-01T04:00:00Z	0.972000	0.560967	0.488316
4421	2026-01-01T05:00:00Z	1.243000	0.658730	0.334408
4422	2026-01-01T06:00:00Z	1.387000	0.710678	0.108783
4423	2026-01-01T07:00:00Z	1.378000	0.707431	-0.111201
4424	2026-01-01T08:00:00Z	1.249000	0.660895	-0.239323
4425	2026-01-01T09:00:00Z	1.081000	0.600289	-0.224013
4426	2026-01-01T10:00:00Z	0.971000	0.560606	-0.078969
4427	2026-01-01T11:00:00Z	0.983000	0.564935	0.124899
4428	2026-01-01T12:00:00Z	1.126000	0.616522	0.313457
4429	2026-01-01T13:00:00Z	1.372000	0.705267	0.432716
4430	2026-01-01T14:00:00Z	1.663000	0.810245	0.448026
4431	2026-01-01T15:00:00Z	1.928000	0.905844	0.356970
4432	2026-01-01T16:00:00Z	2.106000	0.970058	0.169218
4433	2026-01-01T17:00:00Z	2.138000	0.981602	-0.111201
4434	2026-01-01T18:00:00Z	1.968000	0.920274	-0.449637
4435	2026-01-01T19:00:00Z	1.580000	0.780303	-0.752619
4436	2026-01-01T20:00:00Z	1.034000	0.583333	-0.913779
4437	2026-01-01T21:00:00Z	0.446000	0.371212	-0.872683
4438	2026-01-01T22:00:00Z	-0.049000	0.192641	-0.643030
4439	2026-01-01T23:00:00Z	-0.352000	0.083333	-0.311845
4440	2026-01-02T00:00:00Z	-0.436000	0.053030	0.024174
4441	2026-01-02T01:00:00Z	-0.322000	0.094156	0.302176
4442	2026-01-02T02:00:00Z	-0.061000	0.188312	0.490733
4443	2026-01-02T03:00:00Z	0.287000	0.313853	0.589847
4444	2026-01-02T04:00:00Z	0.671000	0.452381	0.610798
4445	2026-01-02T05:00:00Z	1.045000	0.587302	0.536664
4446	2026-01-02T06:00:00Z	1.337000	0.692641	0.348106
4447	2026-01-02T07:00:00Z	1.477000	0.743146	0.086221
4448	2026-01-02T08:00:00Z	1.444000	0.731241	-0.156326
4449	2026-01-02T09:00:00Z	1.283000	0.673160	-0.283642
4450	2026-01-02T10:00:00Z	1.092000	0.604257	-0.248187
4451	2026-01-02T11:00:00Z	0.975000	0.562049	-0.080580
4452	2026-01-02T12:00:00Z	0.992000	0.568182	0.138598
4453	2026-01-02T13:00:00Z	1.147000	0.624098	0.335214
4454	2026-01-02T14:00:00Z	1.408000	0.718254	0.453666
4455	2026-01-02T15:00:00Z	1.710000	0.827201	0.460113
4456	2026-01-02T16:00:00Z	1.979000	0.924242	0.356164
4457	2026-01-02T17:00:00Z	2.152000	0.986652	0.148268
4458	2026-01-02T18:00:00Z	2.163000	0.990620	-0.161966
4459	2026-01-02T19:00:00Z	1.951000	0.914141	-0.523771
4460	2026-01-02T20:00:00Z	1.513000	0.756133	-0.828364
4461	2026-01-02T21:00:00Z	0.923000	0.543290	-0.966962
4462	2026-01-02T22:00:00Z	0.313000	0.323232	-0.885576
4463	2026-01-02T23:00:00Z	-0.176000	0.146825	-0.615633
4464	2026-01-03T00:00:00Z	-0.451000	0.047619	-0.257857
4465	2026-01-03T01:00:00Z	-0.496000	0.031385	0.087832
4466	2026-01-03T02:00:00Z	-0.342000	0.086941	0.365028
4467	2026-01-03T03:00:00Z	-0.043000	0.194805	0.549557
4468	2026-01-03T04:00:00Z	0.340000	0.332973	0.642224
4469	2026-01-03T05:00:00Z	0.754000	0.482323	0.647865
4470	2026-01-03T06:00:00Z	1.144000	0.623016	0.543916
4471	2026-01-03T07:00:00Z	1.429000	0.725830	0.318292
4472	2026-01-03T08:00:00Z	1.539000	0.765512	0.029009
4473	2026-01-03T09:00:00Z	1.465000	0.738817	-0.218372
4474	2026-01-03T10:00:00Z	1.268000	0.667749	-0.327961
4475	2026-01-03T11:00:00Z	1.058000	0.591991	-0.264303
4476	2026-01-03T12:00:00Z	0.940000	0.549423	-0.073328
4477	2026-01-03T13:00:00Z	0.967000	0.559163	0.159549
4478	2026-01-03T14:00:00Z	1.138000	0.620851	0.358582
4479	2026-01-03T15:00:00Z	1.412000	0.719697	0.469782
4480	2026-01-03T16:00:00Z	1.721000	0.831169	0.465753
4481	2026-01-03T17:00:00Z	1.990000	0.928211	0.348106
4482	2026-01-03T18:00:00Z	2.153000	0.987013	0.118453
4483	2026-01-03T19:00:00Z	2.137000	0.981241	-0.215149
4484	2026-01-03T20:00:00Z	1.886000	0.890693	-0.585818
4485	2026-01-03T21:00:00Z	1.410000	0.718975	-0.875101
4486	2026-01-03T22:00:00Z	0.800000	0.498918	-0.976632
4487	2026-01-03T23:00:00Z	0.198000	0.281746	-0.851732
4488	2026-01-04T00:00:00Z	-0.257000	0.117605	-0.551168
4489	2026-01-04T01:00:00Z	-0.486000	0.034993	-0.182917
4490	2026-01-04T02:00:00Z	-0.484000	0.035714	0.159549
4491	2026-01-04T03:00:00Z	-0.288000	0.106421	0.425463
4492	2026-01-04T04:00:00Z	0.044000	0.226190	0.594682
4493	2026-01-04T05:00:00Z	0.450000	0.372655	0.670427
4494	2026-01-04T06:00:00Z	0.876000	0.526335	0.651088
4495	2026-01-04T07:00:00Z	1.258000	0.664141	0.510878
4496	2026-01-04T08:00:00Z	1.510000	0.755051	0.252216
4497	2026-01-04T09:00:00Z	1.571000	0.777056	-0.049960
4498	2026-01-04T10:00:00Z	1.448000	0.732684	-0.284448
4499	2026-01-04T11:00:00Z	1.218000	0.649711	-0.363417
4500	2026-01-04T12:00:00Z	0.997000	0.569986	-0.267526
4501	2026-01-04T13:00:00Z	0.886000	0.529942	-0.057212
4502	2026-01-04T14:00:00Z	0.926000	0.544372	0.178888
4503	2026-01-04T15:00:00Z	1.108000	0.610029	0.372280
4504	2026-01-04T16:00:00Z	1.388000	0.711039	0.473811
4505	2026-01-04T17:00:00Z	1.696000	0.822150	0.457695
4506	2026-01-04T18:00:00Z	1.956000	0.915945	0.324738
4507	2026-01-04T19:00:00Z	2.099000	0.967532	0.077357
4508	2026-01-04T20:00:00Z	2.052000	0.950577	-0.267526
4509	2026-01-04T21:00:00Z	1.767000	0.847763	-0.627720
4510	2026-01-04T22:00:00Z	1.273000	0.669553	-0.882353
4511	2026-01-04T23:00:00Z	0.672000	0.452742	-0.937953
4512	2026-01-05T00:00:00Z	0.109000	0.249639	-0.771958
4513	2026-01-05T01:00:00Z	-0.286000	0.107143	-0.453666
4514	2026-01-05T02:00:00Z	-0.454000	0.046537	-0.092667
4515	2026-01-05T03:00:00Z	-0.401000	0.065657	0.232071
4516	2026-01-05T04:00:00Z	-0.166000	0.150433	0.476229
4517	2026-01-05T05:00:00Z	0.190000	0.278860	0.622079
4518	2026-01-05T06:00:00Z	0.606000	0.428932	0.672039
4519	2026-01-05T07:00:00Z	1.024000	0.579726	0.619662
4520	2026-01-05T08:00:00Z	1.375000	0.706349	0.443191
4521	2026-01-05T09:00:00Z	1.574000	0.778139	0.161966
4522	2026-01-05T10:00:00Z	1.576000	0.778860	-0.136180
4523	2026-01-05T11:00:00Z	1.405000	0.717172	-0.343272
4524	2026-01-05T12:00:00Z	1.150000	0.625180	-0.384367
4525	2026-01-05T13:00:00Z	0.928000	0.545094	-0.260274
4526	2026-01-05T14:00:00Z	0.827000	0.508658	-0.041096
4527	2026-01-05T15:00:00Z	0.877000	0.526696	0.190169
4528	2026-01-05T16:00:00Z	1.063000	0.593795	0.372280
4529	2026-01-05T17:00:00Z	1.339000	0.693362	0.459307
4530	2026-01-05T18:00:00Z	1.633000	0.799423	0.429492
4531	2026-01-05T19:00:00Z	1.872000	0.885642	0.285254
4532	2026-01-05T20:00:00Z	1.987000	0.927128	0.029009
4533	2026-01-05T21:00:00Z	1.908000	0.898629	-0.309428
4534	2026-01-05T22:00:00Z	1.603000	0.788600	-0.638195
4535	2026-01-05T23:00:00Z	1.116000	0.612915	-0.843674
4536	2026-01-06T00:00:00Z	0.556000	0.410895	-0.849315
4537	2026-01-06T01:00:00Z	0.062000	0.232684	-0.654311
4538	2026-01-06T02:00:00Z	-0.256000	0.117965	-0.336019
4539	2026-01-06T03:00:00Z	-0.355000	0.082251	0.004835
4540	2026-01-06T04:00:00Z	-0.250000	0.120130	0.298952
4541	2026-01-06T05:00:00Z	0.016000	0.216089	0.510878
4542	2026-01-06T06:00:00Z	0.384000	0.348846	0.626108
4543	2026-01-06T07:00:00Z	0.793000	0.496392	0.643836
4544	2026-01-06T08:00:00Z	1.183000	0.637085	0.555197
4545	2026-01-06T09:00:00Z	1.482000	0.744949	0.349718
4546	2026-01-06T10:00:00Z	1.617000	0.793651	0.061241
4547	2026-01-06T11:00:00Z	1.558000	0.772367	-0.216761
4548	2026-01-06T12:00:00Z	1.348000	0.696609	-0.385173
4549	2026-01-06T13:00:00Z	1.080000	0.599928	-0.390814
4550	2026-01-06T14:00:00Z	0.863000	0.521645	-0.248993
4551	2026-01-06T15:00:00Z	0.771000	0.488456	-0.031426
4552	2026-01-06T16:00:00Z	0.824000	0.507576	0.186946
4553	2026-01-06T17:00:00Z	1.003000	0.572150	0.352941
4554	2026-01-06T18:00:00Z	1.262000	0.665584	0.424658
4555	2026-01-06T19:00:00Z	1.530000	0.762266	0.382756
4556	2026-01-06T20:00:00Z	1.737000	0.836941	0.232877
4557	2026-01-06T21:00:00Z	1.819000	0.866522	-0.016922
4558	2026-01-06T22:00:00Z	1.716000	0.829365	-0.327961
4559	2026-01-06T23:00:00Z	1.412000	0.719697	-0.607575
4560	2026-01-07T00:00:00Z	0.962000	0.557359	-0.755842
4561	2026-01-07T01:00:00Z	0.474000	0.381313	-0.718775
4562	2026-01-07T02:00:00Z	0.070000	0.235570	-0.510878
4563	2026-01-07T03:00:00Z	-0.160000	0.152597	-0.211120
4564	2026-01-07T04:00:00Z	-0.192000	0.141053	0.093473
4565	2026-01-07T05:00:00Z	-0.044000	0.194444	0.350524
4566	2026-01-07T06:00:00Z	0.243000	0.297980	0.525383
4567	2026-01-07T07:00:00Z	0.608000	0.429654	0.603546
4568	2026-01-07T08:00:00Z	0.992000	0.568182	0.586624
4569	2026-01-07T09:00:00Z	1.336000	0.692280	0.467365
4570	2026-01-07T10:00:00Z	1.572000	0.777417	0.243352
4571	2026-01-07T11:00:00Z	1.638000	0.801227	-0.037067
4572	2026-01-07T12:00:00Z	1.526000	0.760823	-0.282836
4573	2026-01-07T13:00:00Z	1.287000	0.674603	-0.412571
4574	2026-01-07T14:00:00Z	1.014000	0.576118	-0.389202
4575	2026-01-07T15:00:00Z	0.804000	0.500361	-0.240129
4576	2026-01-07T16:00:00Z	0.716000	0.468615	-0.033844
4577	2026-01-07T17:00:00Z	0.762000	0.485209	0.167607
4578	2026-01-07T18:00:00Z	0.924000	0.543651	0.315874
4579	2026-01-07T19:00:00Z	1.154000	0.626623	0.372280
4580	2026-01-07T20:00:00Z	1.386000	0.710317	0.324738
4581	2026-01-07T21:00:00Z	1.557000	0.772006	0.182111
4582	2026-01-07T22:00:00Z	1.612000	0.791847	-0.043513
4583	2026-01-07T23:00:00Z	1.503000	0.752525	-0.310234
4584	2026-01-08T00:00:00Z	1.227000	0.652958	-0.531829
4585	2026-01-08T01:00:00Z	0.843000	0.514430	-0.627720
4586	2026-01-08T02:00:00Z	0.448000	0.371934	-0.563255
4587	2026-01-08T03:00:00Z	0.144000	0.262266	-0.361805
4588	2026-01-08T04:00:00Z	-0.001000	0.209957	-0.096696
4589	2026-01-08T05:00:00Z	0.024000	0.218975	0.163578
4590	2026-01-08T06:00:00Z	0.202000	0.283189	0.377921
4591	2026-01-08T07:00:00Z	0.493000	0.388167	0.514102
4592	2026-01-08T08:00:00Z	0.840000	0.513348	0.556003
4593	2026-01-08T09:00:00Z	1.183000	0.637085	0.506849
4594	2026-01-08T10:00:00Z	1.469000	0.740260	0.365028
4595	2026-01-08T11:00:00Z	1.636000	0.800505	0.136986
4596	2026-01-08T12:00:00Z	1.639000	0.801587	-0.122482
4597	2026-01-08T13:00:00Z	1.484000	0.745671	-0.332796
4598	2026-01-08T14:00:00Z	1.226000	0.652597	-0.428687
4599	2026-01-08T15:00:00Z	0.952000	0.553752	-0.386785
4600	2026-01-08T16:00:00Z	0.746000	0.479437	-0.240935
4601	2026-01-08T17:00:00Z	0.653000	0.445887	-0.050766
4602	2026-01-08T18:00:00Z	0.683000	0.456710	0.133763
4603	2026-01-08T19:00:00Z	0.819000	0.505772	0.267526
4604	2026-01-08T20:00:00Z	1.015000	0.576479	0.315068
4605	2026-01-08T21:00:00Z	1.210000	0.646825	0.271555
4606	2026-01-08T22:00:00Z	1.352000	0.698052	0.149073
4607	2026-01-08T23:00:00Z	1.395000	0.713564	-0.038678
4608	2026-01-09T00:00:00Z	1.304000	0.680736	-0.251410
4609	2026-01-09T01:00:00Z	1.083000	0.601010	-0.418211
4610	2026-01-09T02:00:00Z	0.785000	0.493506	-0.476229
4611	2026-01-09T03:00:00Z	0.492000	0.387807	-0.405318
4612	2026-01-09T04:00:00Z	0.282000	0.312049	-0.230459
4613	2026-01-09T05:00:00Z	0.206000	0.284632	-0.008864
4614	2026-01-09T06:00:00Z	0.271000	0.308081	0.206285
4615	2026-01-09T07:00:00Z	0.462000	0.376984	0.379533
4616	2026-01-09T08:00:00Z	0.742000	0.477994	0.477840
4617	2026-01-09T09:00:00Z	1.055000	0.590909	0.488316
4618	2026-01-09T10:00:00Z	1.348000	0.696609	0.416600
4619	2026-01-09T11:00:00Z	1.572000	0.777417	0.263497
4620	2026-01-09T12:00:00Z	1.675000	0.814574	0.042707
4621	2026-01-09T13:00:00Z	1.625000	0.796537	-0.191781
4622	2026-01-09T14:00:00Z	1.437000	0.728716	-0.369863
4623	2026-01-09T15:00:00Z	1.166000	0.630952	-0.440774
4624	2026-01-09T16:00:00Z	0.890000	0.531385	-0.391620
4625	2026-01-09T17:00:00Z	0.680000	0.455628	-0.254633
4626	2026-01-09T18:00:00Z	0.574000	0.417388	-0.078163
4627	2026-01-09T19:00:00Z	0.583000	0.420635	0.094279
4628	2026-01-09T20:00:00Z	0.691000	0.459596	0.219984
4629	2026-01-09T21:00:00Z	0.856000	0.519120	0.266720
4630	2026-01-09T22:00:00Z	1.022000	0.579004	0.237712
4631	2026-01-09T23:00:00Z	1.151000	0.625541	0.146656
4632	2026-01-10T00:00:00Z	1.204000	0.644661	0.002417
4633	2026-01-10T01:00:00Z	1.154000	0.626623	-0.159549
4634	2026-01-10T02:00:00Z	1.006000	0.573232	-0.284448
4635	2026-01-10T03:00:00Z	0.801000	0.499278	-0.326350
4636	2026-01-10T04:00:00Z	0.601000	0.427128	-0.269138
4637	2026-01-10T05:00:00Z	0.467000	0.378788	-0.132151
4638	2026-01-10T06:00:00Z	0.437000	0.367965	0.042707
4639	2026-01-10T07:00:00Z	0.520000	0.397908	0.217566
4640	2026-01-10T08:00:00Z	0.707000	0.465368	0.357776
4641	2026-01-10T09:00:00Z	0.964000	0.558081	0.427075
4642	2026-01-10T10:00:00Z	1.237000	0.656566	0.414988
4643	2026-01-10T11:00:00Z	1.479000	0.743867	0.328767
4644	2026-01-10T12:00:00Z	1.645000	0.803752	0.172442
4645	2026-01-10T13:00:00Z	1.693000	0.821068	-0.036261
4646	2026-01-10T14:00:00Z	1.600000	0.787518	-0.247381
4647	2026-01-10T15:00:00Z	1.386000	0.710317	-0.402095
4648	2026-01-10T16:00:00Z	1.101000	0.607504	-0.459307
4649	2026-01-10T17:00:00Z	0.816000	0.504690	-0.407736
4650	2026-01-10T18:00:00Z	0.595000	0.424964	-0.276390
4651	2026-01-10T19:00:00Z	0.473000	0.380952	-0.107172
4652	2026-01-10T20:00:00Z	0.462000	0.376984	0.061241
4653	2026-01-10T21:00:00Z	0.549000	0.408369	0.186140
4654	2026-01-10T22:00:00Z	0.693000	0.460317	0.240935
4655	2026-01-10T23:00:00Z	0.848000	0.516234	0.234488
4656	2026-01-11T00:00:00Z	0.984000	0.565296	0.178082
4657	2026-01-11T01:00:00Z	1.069000	0.595960	0.074134
4658	2026-01-11T02:00:00Z	1.076000	0.598485	-0.051571
4659	2026-01-11T03:00:00Z	1.005000	0.572872	-0.155520
4660	2026-01-11T04:00:00Z	0.883000	0.528860	-0.203062
4661	2026-01-11T05:00:00Z	0.753000	0.481962	-0.174859
4662	2026-01-11T06:00:00Z	0.666000	0.450577	-0.076551
4663	2026-01-11T07:00:00Z	0.658000	0.447691	0.061241
4664	2026-01-11T08:00:00Z	0.742000	0.477994	0.206285
4665	2026-01-11T09:00:00Z	0.914000	0.540043	0.323932
4666	2026-01-11T10:00:00Z	1.144000	0.623016	0.373892
4667	2026-01-11T11:00:00Z	1.378000	0.707431	0.347301
4668	2026-01-11T12:00:00Z	1.575000	0.778499	0.255439
4669	2026-01-11T13:00:00Z	1.695000	0.821789	0.099919
4670	2026-01-11T14:00:00Z	1.699000	0.823232	-0.100725
4671	2026-01-11T15:00:00Z	1.570000	0.776696	-0.298147
4672	2026-01-11T16:00:00Z	1.329000	0.689755	-0.439968
4673	2026-01-11T17:00:00Z	1.024000	0.579726	-0.488316
4674	2026-01-11T18:00:00Z	0.723000	0.471140	-0.431910
4675	2026-01-11T19:00:00Z	0.488000	0.386364	-0.298147
4676	2026-01-11T20:00:00Z	0.353000	0.337662	-0.126511
4677	2026-01-11T21:00:00Z	0.331000	0.329726	0.046737
4678	2026-01-11T22:00:00Z	0.411000	0.358586	0.177276
4679	2026-01-11T23:00:00Z	0.551000	0.409091	0.244964
4680	2026-01-12T00:00:00Z	0.715000	0.468254	0.263497
4681	2026-01-12T01:00:00Z	0.878000	0.527056	0.236100
4682	2026-01-12T02:00:00Z	1.008000	0.573954	0.158743
4683	2026-01-12T03:00:00Z	1.075000	0.598124	0.049154
4684	2026-01-12T04:00:00Z	1.069000	0.595960	-0.058018
4685	2026-01-12T05:00:00Z	1.003000	0.572150	-0.126511
4686	2026-01-12T06:00:00Z	0.912000	0.539322	-0.128122
4687	2026-01-12T07:00:00Z	0.844000	0.514791	-0.058824
4688	2026-01-12T08:00:00Z	0.839000	0.512987	0.056406
4689	2026-01-12T09:00:00Z	0.914000	0.540043	0.187752
4690	2026-01-12T10:00:00Z	1.072000	0.597042	0.293312
4691	2026-01-12T11:00:00Z	1.278000	0.671356	0.331185
4692	2026-01-12T12:00:00Z	1.483000	0.745310	0.296535
4693	2026-01-12T13:00:00Z	1.646000	0.804113	0.199839
4694	2026-01-12T14:00:00Z	1.731000	0.834776	0.041902
4695	2026-01-12T15:00:00Z	1.698000	0.822872	-0.158743
4696	2026-01-12T16:00:00Z	1.534000	0.763709	-0.352941
4697	2026-01-12T17:00:00Z	1.260000	0.664863	-0.488316
4698	2026-01-12T18:00:00Z	0.928000	0.545094	-0.526189
4699	2026-01-12T19:00:00Z	0.607000	0.429293	-0.457695
4700	2026-01-12T20:00:00Z	0.360000	0.340188	-0.310234
4701	2026-01-12T21:00:00Z	0.222000	0.290404	-0.124093
4702	2026-01-12T22:00:00Z	0.206000	0.284632	0.058824
4703	2026-01-12T23:00:00Z	0.295000	0.316739	0.197421
4704	2026-01-13T00:00:00Z	0.451000	0.373016	0.278807
4705	2026-01-13T01:00:00Z	0.641000	0.441558	0.315874
4706	2026-01-13T02:00:00Z	0.843000	0.514430	0.305399
4707	2026-01-13T03:00:00Z	1.020000	0.578283	0.235294
4708	2026-01-13T04:00:00Z	1.135000	0.619769	0.118453
4709	2026-01-13T05:00:00Z	1.167000	0.631313	-0.008864
4710	2026-01-13T06:00:00Z	1.124000	0.615801	-0.100725
4711	2026-01-13T07:00:00Z	1.042000	0.586219	-0.120064
4712	2026-01-13T08:00:00Z	0.975000	0.562049	-0.063658
4713	2026-01-13T09:00:00Z	0.963000	0.557720	0.045931
4714	2026-01-13T10:00:00Z	1.032000	0.582612	0.176471
4715	2026-01-13T11:00:00Z	1.182000	0.636724	0.276390
4716	2026-01-13T12:00:00Z	1.375000	0.706349	0.307010
4717	2026-01-13T13:00:00Z	1.563000	0.774170	0.265915
4718	2026-01-13T14:00:00Z	1.705000	0.825397	0.160355
4719	2026-01-13T15:00:00Z	1.762000	0.845960	-0.010475
4720	2026-01-13T16:00:00Z	1.692000	0.820707	-0.221595
4721	2026-01-13T17:00:00Z	1.487000	0.746753	-0.418211
4722	2026-01-13T18:00:00Z	1.173000	0.633478	-0.547139
4723	2026-01-13T19:00:00Z	0.808000	0.501804	-0.566479
4724	2026-01-13T20:00:00Z	0.470000	0.379870	-0.472200
4725	2026-01-13T21:00:00Z	0.222000	0.290404	-0.300564
4726	2026-01-13T22:00:00Z	0.097000	0.245310	-0.095085
4727	2026-01-13T23:00:00Z	0.104000	0.247835	0.099114
4728	2026-01-14T00:00:00Z	0.220000	0.289683	0.243352
4729	2026-01-14T01:00:00Z	0.406000	0.356782	0.332796
4730	2026-01-14T02:00:00Z	0.633000	0.438672	0.378727
4731	2026-01-14T03:00:00Z	0.876000	0.526335	0.366640
4732	2026-01-14T04:00:00Z	1.088000	0.602814	0.281225
4733	2026-01-14T05:00:00Z	1.225000	0.652237	0.141821
4734	2026-01-14T06:00:00Z	1.264000	0.666306	-0.008864
4735	2026-01-14T07:00:00Z	1.214000	0.648268	-0.115230
4736	2026-01-14T08:00:00Z	1.121000	0.614719	-0.136986
4737	2026-01-14T09:00:00Z	1.044000	0.586941	-0.073328
4738	2026-01-14T10:00:00Z	1.030000	0.581890	0.047542
4739	2026-01-14T11:00:00Z	1.103000	0.608225	0.182917
4740	2026-01-14T12:00:00Z	1.257000	0.663781	0.280419
4741	2026-01-14T13:00:00Z	1.451000	0.733766	0.302981
4742	2026-01-14T14:00:00Z	1.633000	0.799423	0.249799
4743	2026-01-14T15:00:00Z	1.761000	0.845599	0.126511
4744	2026-01-14T16:00:00Z	1.790000	0.856061	-0.067687
4745	2026-01-14T17:00:00Z	1.677000	0.815296	-0.297341
4746	2026-01-14T18:00:00Z	1.421000	0.722944	-0.497985
4747	2026-01-14T19:00:00Z	1.059000	0.592352	-0.611604
4748	2026-01-14T20:00:00Z	0.662000	0.449134	-0.597905
4749	2026-01-14T21:00:00Z	0.317000	0.324675	-0.465753
4750	2026-01-14T22:00:00Z	0.084000	0.240620	-0.262691
4751	2026-01-14T23:00:00Z	-0.009000	0.207071	-0.037873
4752	2026-01-15T00:00:00Z	0.037000	0.223665	0.162772
4753	2026-01-15T01:00:00Z	0.193000	0.279942	0.307816
4754	2026-01-15T02:00:00Z	0.419000	0.361472	0.397260
4755	2026-01-15T03:00:00Z	0.686000	0.457792	0.435939
4756	2026-01-15T04:00:00Z	0.960000	0.556638	0.402901
4757	2026-01-15T05:00:00Z	1.186000	0.638167	0.285254
4758	2026-01-15T06:00:00Z	1.314000	0.684343	0.115230
4759	2026-01-15T07:00:00Z	1.329000	0.689755	-0.050766
4760	2026-01-15T08:00:00Z	1.251000	0.661616	-0.153102
4761	2026-01-15T09:00:00Z	1.139000	0.621212	-0.155520
4762	2026-01-15T10:00:00Z	1.058000	0.591991	-0.068493
4763	2026-01-15T11:00:00Z	1.054000	0.590548	0.070105
4764	2026-01-15T12:00:00Z	1.145000	0.623377	0.211926
4765	2026-01-15T13:00:00Z	1.317000	0.685426	0.302176
4766	2026-01-15T14:00:00Z	1.520000	0.758658	0.310234
4767	2026-01-15T15:00:00Z	1.702000	0.824315	0.238517
4768	2026-01-15T16:00:00Z	1.816000	0.865440	0.085415
4769	2026-01-15T17:00:00Z	1.808000	0.862554	-0.140210
4770	2026-01-15T18:00:00Z	1.642000	0.802670	-0.389202
4771	2026-01-15T19:00:00Z	1.325000	0.688312	-0.587429
4772	2026-01-15T20:00:00Z	0.913000	0.539683	-0.669621
4773	2026-01-15T21:00:00Z	0.494000	0.388528	-0.608380
4774	2026-01-15T22:00:00Z	0.158000	0.267316	-0.430298
4775	2026-01-15T23:00:00Z	-0.040000	0.195887	-0.195004
4776	2026-01-16T00:00:00Z	-0.084000	0.180014	0.044319
4777	2026-01-16T01:00:00Z	0.015000	0.215729	0.244158
4778	2026-01-16T02:00:00Z	0.219000	0.289322	0.381144
4779	2026-01-16T03:00:00Z	0.488000	0.386364	0.457695
4780	2026-01-16T04:00:00Z	0.787000	0.494228	0.472200
4781	2026-01-16T05:00:00Z	1.074000	0.597763	0.402095
4782	2026-01-16T06:00:00Z	1.286000	0.674242	0.244964
4783	2026-01-16T07:00:00Z	1.378000	0.707431	0.049960
4784	2026-01-16T08:00:00Z	1.348000	0.696609	-0.116035
4785	2026-01-16T09:00:00Z	1.234000	0.655483	-0.194198
4786	2026-01-16T10:00:00Z	1.107000	0.609668	-0.159549
4787	2026-01-16T11:00:00Z	1.036000	0.584055	-0.040290
4788	2026-01-16T12:00:00Z	1.057000	0.591631	0.115230
4789	2026-01-16T13:00:00Z	1.179000	0.635642	0.257051
4790	2026-01-16T14:00:00Z	1.376000	0.706710	0.333602
4791	2026-01-16T15:00:00Z	1.593000	0.784993	0.319903
4792	2026-01-16T16:00:00Z	1.773000	0.849928	0.216761
4793	2026-01-16T17:00:00Z	1.862000	0.882035	0.025786
4794	2026-01-16T18:00:00Z	1.805000	0.861472	-0.233683
4795	2026-01-16T19:00:00Z	1.572000	0.777417	-0.494762
4796	2026-01-16T20:00:00Z	1.191000	0.639971	-0.673650
4797	2026-01-16T21:00:00Z	0.736000	0.475830	-0.708300
4798	2026-01-16T22:00:00Z	0.312000	0.322872	-0.588235
4799	2026-01-16T23:00:00Z	0.006000	0.212482	-0.362611
4800	2026-01-17T00:00:00Z	-0.138000	0.160534	-0.100725
4801	2026-01-17T01:00:00Z	-0.119000	0.167388	0.143433
4802	2026-01-17T02:00:00Z	0.040000	0.224747	0.333602
4803	2026-01-17T03:00:00Z	0.295000	0.316739	0.452861
4804	2026-01-17T04:00:00Z	0.602000	0.427489	0.503626
4805	2026-01-17T05:00:00Z	0.920000	0.542208	0.479452
4806	2026-01-17T06:00:00Z	1.197000	0.642136	0.361805
4807	2026-01-17T07:00:00Z	1.369000	0.704185	0.166801
4808	2026-01-17T08:00:00Z	1.404000	0.716811	-0.041096
4809	2026-01-17T09:00:00Z	1.318000	0.685786	-0.187752
4810	2026-01-17T10:00:00Z	1.171000	0.632756	-0.219984
4811	2026-01-17T11:00:00Z	1.045000	0.587302	-0.138598
4812	2026-01-17T12:00:00Z	0.999000	0.570707	0.011281
4813	2026-01-17T13:00:00Z	1.059000	0.592352	0.177276
4814	2026-01-17T14:00:00Z	1.219000	0.650072	0.309428
4815	2026-01-17T15:00:00Z	1.443000	0.730880	0.361805
4816	2026-01-17T16:00:00Z	1.668000	0.812049	0.316680
4817	2026-01-17T17:00:00Z	1.836000	0.872655	0.175665
4818	2026-01-17T18:00:00Z	1.886000	0.890693	-0.057212
4819	2026-01-17T19:00:00Z	1.765000	0.847042	-0.344883
4820	2026-01-17T20:00:00Z	1.458000	0.736291	-0.603546
4821	2026-01-17T21:00:00Z	1.016000	0.576840	-0.742949
4822	2026-01-17T22:00:00Z	0.536000	0.403680	-0.714746
4823	2026-01-17T23:00:00Z	0.129000	0.256854	-0.531829
4824	2026-01-18T00:00:00Z	-0.124000	0.165584	-0.263497
4825	2026-01-18T01:00:00Z	-0.198000	0.138889	0.014504
4826	2026-01-18T02:00:00Z	-0.106000	0.172078	0.253828
4827	2026-01-18T03:00:00Z	0.117000	0.252525	0.423046
4828	2026-01-18T04:00:00Z	0.419000	0.361472	0.511684
4829	2026-01-18T05:00:00Z	0.752000	0.481602	0.525383
4830	2026-01-18T06:00:00Z	1.071000	0.596681	0.452055
4831	2026-01-18T07:00:00Z	1.313000	0.683983	0.282836
4832	2026-01-18T08:00:00Z	1.422000	0.723304	0.059629
4833	2026-01-18T09:00:00Z	1.387000	0.710678	-0.140210
4834	2026-01-18T10:00:00Z	1.248000	0.660534	-0.245770
4835	2026-01-18T11:00:00Z	1.082000	0.600649	-0.221595
4836	2026-01-18T12:00:00Z	0.973000	0.561328	-0.093473
4837	2026-01-18T13:00:00Z	0.966000	0.558802	0.078969
4838	2026-01-18T14:00:00Z	1.071000	0.596681	0.244158
4839	2026-01-18T15:00:00Z	1.269000	0.668110	0.355359
4840	2026-01-18T16:00:00Z	1.512000	0.755772	0.375504
4841	2026-01-18T17:00:00Z	1.735000	0.836219	0.292506
4842	2026-01-18T18:00:00Z	1.875000	0.886724	0.109589
4843	2026-01-18T19:00:00Z	1.871000	0.885281	-0.161160
4844	2026-01-18T20:00:00Z	1.675000	0.814574	-0.462530
4845	2026-01-18T21:00:00Z	1.297000	0.678211	-0.696213
4846	2026-01-18T22:00:00Z	0.811000	0.502886	-0.778405
4847	2026-01-18T23:00:00Z	0.331000	0.329726	-0.679291
4848	2026-01-19T00:00:00Z	-0.032000	0.198773	-0.436745
4849	2026-01-19T01:00:00Z	-0.211000	0.134199	-0.137792
4850	2026-01-19T02:00:00Z	-0.203000	0.137085	0.141015
4851	2026-01-19T03:00:00Z	-0.036000	0.197330	0.361805
4852	2026-01-19T04:00:00Z	0.246000	0.299062	0.501209
4853	2026-01-19T05:00:00Z	0.586000	0.421717	0.550363
4854	2026-01-19T06:00:00Z	0.929000	0.545455	0.514907
4855	2026-01-19T07:00:00Z	1.225000	0.652237	0.387591
4856	2026-01-19T08:00:00Z	1.410000	0.718975	0.174053
4857	2026-01-19T09:00:00Z	1.441000	0.730159	-0.062047
4858	2026-01-19T10:00:00Z	1.333000	0.691198	-0.234488
4859	2026-01-19T11:00:00Z	1.150000	0.625180	-0.282836
4860	2026-01-19T12:00:00Z	0.982000	0.564574	-0.199033
4861	2026-01-19T13:00:00Z	0.903000	0.536075	-0.031426
4862	2026-01-19T14:00:00Z	0.943000	0.550505	0.152297
4863	2026-01-19T15:00:00Z	1.092000	0.604257	0.303787
4864	2026-01-19T16:00:00Z	1.320000	0.686508	0.385979
4865	2026-01-19T17:00:00Z	1.571000	0.777056	0.367446
4866	2026-01-19T18:00:00Z	1.776000	0.851010	0.242546
4867	2026-01-19T19:00:00Z	1.872000	0.885642	0.021757
4868	2026-01-19T20:00:00Z	1.803000	0.860750	-0.271555
4869	2026-01-19T21:00:00Z	1.535000	0.764069	-0.565673
4870	2026-01-19T22:00:00Z	1.101000	0.607504	-0.755036
4871	2026-01-19T23:00:00Z	0.598000	0.426046	-0.767123
4872	2026-01-20T00:00:00Z	0.149000	0.264069	-0.597099
4873	2026-01-20T01:00:00Z	-0.143000	0.158730	-0.308622
4874	2026-01-20T02:00:00Z	-0.234000	0.125902	0.001612
4875	2026-01-20T03:00:00Z	-0.141000	0.159452	0.267526
4876	2026-01-20T04:00:00Z	0.098000	0.245671	0.459307
4877	2026-01-20T05:00:00Z	0.429000	0.365079	0.556003
4878	2026-01-20T06:00:00Z	0.788000	0.494589	0.556809
4879	2026-01-20T07:00:00Z	1.120000	0.614358	0.468171
4880	2026-01-20T08:00:00Z	1.369000	0.704185	0.287671
4881	2026-01-20T09:00:00Z	1.477000	0.743146	0.044319
4882	2026-01-20T10:00:00Z	1.424000	0.724026	-0.182917
4883	2026-01-20T11:00:00Z	1.250000	0.661255	-0.311039
4884	2026-01-20T12:00:00Z	1.038000	0.584776	-0.297341
4885	2026-01-20T13:00:00Z	0.881000	0.528139	-0.158743
4886	2026-01-20T14:00:00Z	0.841000	0.513709	0.035455
4887	2026-01-20T15:00:00Z	0.925000	0.544012	0.216761
4888	2026-01-20T16:00:00Z	1.110000	0.610750	0.347301
4889	2026-01-20T17:00:00Z	1.356000	0.699495	0.393231
4890	2026-01-20T18:00:00Z	1.598000	0.786797	0.334408
4891	2026-01-20T19:00:00Z	1.771000	0.849206	0.175665
4892	2026-01-20T20:00:00Z	1.816000	0.865440	-0.071716
4893	2026-01-20T21:00:00Z	1.682000	0.817100	-0.369863
4894	2026-01-20T22:00:00Z	1.357000	0.699856	-0.632554
4895	2026-01-20T23:00:00Z	0.897000	0.533911	-0.761483
4896	2026-01-21T00:00:00Z	0.412000	0.358947	-0.702659
4897	2026-01-21T01:00:00Z	0.025000	0.219336	-0.474617
4898	2026-01-21T02:00:00Z	-0.177000	0.146465	-0.161160
4899	2026-01-21T03:00:00Z	-0.175000	0.147186	0.141821
4900	2026-01-21T04:00:00Z	-0.001000	0.209957	0.378727
4901	2026-01-21T05:00:00Z	0.295000	0.316739	0.527800
4902	2026-01-21T06:00:00Z	0.654000	0.446248	0.576954
4903	2026-01-21T07:00:00Z	1.011000	0.575036	0.526189
4904	2026-01-21T08:00:00Z	1.307000	0.681818	0.385173
4905	2026-01-21T09:00:00Z	1.489000	0.747475	0.163578
4906	2026-01-21T10:00:00Z	1.510000	0.755051	-0.091861
4907	2026-01-21T11:00:00Z	1.375000	0.706349	-0.292506
4908	2026-01-21T12:00:00Z	1.147000	0.624098	-0.365834
4909	2026-01-21T13:00:00Z	0.921000	0.542569	-0.291700
4910	2026-01-21T14:00:00Z	0.785000	0.493506	-0.112006
4911	2026-01-21T15:00:00Z	0.782000	0.492424	0.093473
4912	2026-01-21T16:00:00Z	0.901000	0.535354	0.262691
4913	2026-01-21T17:00:00Z	1.108000	0.610029	0.365028
4914	2026-01-21T18:00:00Z	1.354000	0.698773	0.377115
4915	2026-01-21T19:00:00Z	1.576000	0.778860	0.286060
4916	2026-01-21T20:00:00Z	1.709000	0.826840	0.103143
4917	2026-01-21T21:00:00Z	1.704000	0.825036	-0.150685
4918	2026-01-21T22:00:00Z	1.522000	0.759380	-0.431104
4919	2026-01-21T23:00:00Z	1.169000	0.632035	-0.646253
4920	2026-01-22T00:00:00Z	0.720000	0.470058	-0.709106
4921	2026-01-22T01:00:00Z	0.289000	0.314574	-0.589041
4922	2026-01-22T02:00:00Z	-0.011000	0.206349	-0.326350
4923	2026-01-22T03:00:00Z	-0.116000	0.168470	-0.013699
4924	2026-01-22T04:00:00Z	-0.028000	0.200216	0.261886
4925	2026-01-22T05:00:00Z	0.209000	0.285714	0.458501
4926	2026-01-22T06:00:00Z	0.541000	0.405483	0.560838
4927	2026-01-22T07:00:00Z	0.905000	0.536797	0.558421
4928	2026-01-22T08:00:00Z	1.234000	0.655483	0.458501
4929	2026-01-22T09:00:00Z	1.474000	0.742063	0.275584
4930	2026-01-22T10:00:00Z	1.576000	0.778860	0.029009
4931	2026-01-22T11:00:00Z	1.510000	0.755051	-0.219984
4932	2026-01-22T12:00:00Z	1.303000	0.680375	-0.382756
4933	2026-01-22T13:00:00Z	1.035000	0.583694	-0.402095
4934	2026-01-22T14:00:00Z	0.804000	0.500361	-0.278807
4935	2026-01-22T15:00:00Z	0.689000	0.458874	-0.072522
4936	2026-01-22T16:00:00Z	0.714000	0.467893	0.132151
4937	2026-01-22T17:00:00Z	0.853000	0.518038	0.282836
4938	2026-01-22T18:00:00Z	1.065000	0.594517	0.360193
4939	2026-01-22T19:00:00Z	1.300000	0.679293	0.344883
4940	2026-01-22T20:00:00Z	1.493000	0.748918	0.233683
4941	2026-01-22T21:00:00Z	1.590000	0.783911	0.045931
4942	2026-01-22T22:00:00Z	1.550000	0.769481	-0.195004
4943	2026-01-22T23:00:00Z	1.348000	0.696609	-0.437550
4944	2026-01-23T00:00:00Z	1.007000	0.573593	-0.597099
4945	2026-01-23T01:00:00Z	0.607000	0.429293	-0.602740
4946	2026-01-23T02:00:00Z	0.259000	0.303752	-0.444803
4947	2026-01-23T03:00:00Z	0.055000	0.230159	-0.176471
4948	2026-01-23T04:00:00Z	0.040000	0.224747	0.112006
4949	2026-01-23T05:00:00Z	0.194000	0.280303	0.345689
4950	2026-01-23T06:00:00Z	0.469000	0.379509	0.497180
4951	2026-01-23T07:00:00Z	0.811000	0.502886	0.552780
4952	2026-01-23T08:00:00Z	1.155000	0.626984	0.504432
4953	2026-01-23T09:00:00Z	1.437000	0.728716	0.365834
4954	2026-01-23T10:00:00Z	1.609000	0.790765	0.153908
4955	2026-01-23T11:00:00Z	1.628000	0.797619	-0.100725
4956	2026-01-23T12:00:00Z	1.484000	0.745671	-0.328767
4957	2026-01-23T13:00:00Z	1.220000	0.650433	-0.450443
4958	2026-01-23T14:00:00Z	0.925000	0.544012	-0.424658
4959	2026-01-23T15:00:00Z	0.693000	0.460317	-0.269944
4960	2026-01-23T16:00:00Z	0.590000	0.423160	-0.053989
4961	2026-01-23T17:00:00Z	0.626000	0.436147	0.142627
4962	2026-01-23T18:00:00Z	0.767000	0.487013	0.278002
4963	2026-01-23T19:00:00Z	0.971000	0.560606	0.337631
4964	2026-01-23T20:00:00Z	1.186000	0.638167	0.307816
4965	2026-01-23T21:00:00Z	1.353000	0.698413	0.195810
4966	2026-01-23T22:00:00Z	1.429000	0.725830	0.022562
4967	2026-01-23T23:00:00Z	1.381000	0.708514	-0.186946
4968	2026-01-24T00:00:00Z	1.197000	0.642136	-0.384367
4969	2026-01-24T01:00:00Z	0.904000	0.536436	-0.494762
4970	2026-01-24T02:00:00Z	0.583000	0.420635	-0.464142
4971	2026-01-24T03:00:00Z	0.328000	0.328644	-0.297341
4972	2026-01-24T04:00:00Z	0.214000	0.287518	-0.049960
4973	2026-01-24T05:00:00Z	0.266000	0.306277	0.196616
4974	2026-01-24T06:00:00Z	0.458000	0.375541	0.385173
4975	2026-01-24T07:00:00Z	0.744000	0.478716	0.494762
4976	2026-01-24T08:00:00Z	1.072000	0.597042	0.510878
4977	2026-01-24T09:00:00Z	1.378000	0.707431	0.427881
4978	2026-01-24T10:00:00Z	1.603000	0.788600	0.264303
4979	2026-01-24T11:00:00Z	1.706000	0.825758	0.041902
4980	2026-01-24T12:00:00Z	1.655000	0.807359	-0.207897
4981	2026-01-24T13:00:00Z	1.448000	0.732684	-0.412571
4982	2026-01-24T14:00:00Z	1.143000	0.622655	-0.501209
4983	2026-01-24T15:00:00Z	0.826000	0.508297	-0.447220
4984	2026-01-24T16:00:00Z	0.588000	0.422439	-0.277196
4985	2026-01-24T17:00:00Z	0.482000	0.384199	-0.063658
4986	2026-01-24T18:00:00Z	0.509000	0.393939	0.124899
4987	2026-01-24T19:00:00Z	0.637000	0.440115	0.253828
4988	2026-01-24T20:00:00Z	0.824000	0.507576	0.308622
4989	2026-01-24T21:00:00Z	1.020000	0.578283	0.282836
4990	2026-01-24T22:00:00Z	1.175000	0.634199	0.186946
4991	2026-01-24T23:00:00Z	1.252000	0.661977	0.044319
4992	2026-01-25T00:00:00Z	1.230000	0.654040	-0.124899
4993	2026-01-25T01:00:00Z	1.097000	0.606061	-0.280419
4994	2026-01-25T02:00:00Z	0.882000	0.528499	-0.359388
4995	2026-01-25T03:00:00Z	0.651000	0.445166	-0.322321
4996	2026-01-25T04:00:00Z	0.482000	0.384199	-0.176471
4997	2026-01-25T05:00:00Z	0.432000	0.366162	0.030620
4998	2026-01-25T06:00:00Z	0.520000	0.397908	0.232877
4999	2026-01-25T07:00:00Z	0.721000	0.470418	0.382756
5000	2026-01-25T08:00:00Z	0.995000	0.569264	0.460919
5001	2026-01-25T09:00:00Z	1.293000	0.676768	0.450443
5002	2026-01-25T10:00:00Z	1.554000	0.770924	0.349718
5003	2026-01-25T11:00:00Z	1.727000	0.833333	0.177276
5004	2026-01-25T12:00:00Z	1.774000	0.850289	-0.045931
5005	2026-01-25T13:00:00Z	1.670000	0.812771	-0.285254
5006	2026-01-25T14:00:00Z	1.420000	0.722583	-0.473006
5007	2026-01-25T15:00:00Z	1.083000	0.601010	-0.544722
5008	2026-01-25T16:00:00Z	0.744000	0.478716	-0.481064
5009	2026-01-25T17:00:00Z	0.486000	0.385642	-0.310234
5010	2026-01-25T18:00:00Z	0.359000	0.339827	-0.099114
5011	2026-01-25T19:00:00Z	0.363000	0.341270	0.087832
5012	2026-01-25T20:00:00Z	0.468000	0.379149	0.221595
5013	2026-01-25T21:00:00Z	0.638000	0.440476	0.288477
5014	2026-01-25T22:00:00Z	0.826000	0.508297	0.280419
5015	2026-01-25T23:00:00Z	0.986000	0.566017	0.215149
5016	2026-01-26T00:00:00Z	1.093000	0.604618	0.112006
5017	2026-01-26T01:00:00Z	1.125000	0.616162	-0.020145
5018	2026-01-26T02:00:00Z	1.068000	0.595599	-0.149879
5019	2026-01-26T03:00:00Z	0.939000	0.549062	-0.224819
5020	2026-01-26T04:00:00Z	0.789000	0.494949	-0.209508
5021	2026-01-26T05:00:00Z	0.679000	0.455267	-0.102337
5022	2026-01-26T06:00:00Z	0.662000	0.449134	0.061241
5023	2026-01-26T07:00:00Z	0.755000	0.482684	0.225624
5024	2026-01-26T08:00:00Z	0.942000	0.550144	0.350524
5025	2026-01-26T09:00:00Z	1.190000	0.639610	0.414182
5026	2026-01-26T10:00:00Z	1.456000	0.735570	0.394843
5027	2026-01-26T11:00:00Z	1.680000	0.816378	0.289283
5028	2026-01-26T12:00:00Z	1.815000	0.865079	0.119259
5029	2026-01-26T13:00:00Z	1.828000	0.869769	-0.099919
5030	2026-01-26T14:00:00Z	1.691000	0.820346	-0.334408
5031	2026-01-26T15:00:00Z	1.413000	0.720058	-0.518936
5032	2026-01-26T16:00:00Z	1.047000	0.588023	-0.593070
5033	2026-01-26T17:00:00Z	0.677000	0.454545	-0.533441
5034	2026-01-26T18:00:00Z	0.385000	0.349206	-0.366640
5035	2026-01-26T19:00:00Z	0.222000	0.290404	-0.153908
5036	2026-01-26T20:00:00Z	0.194000	0.280303	0.044319
5037	2026-01-26T21:00:00Z	0.277000	0.310245	0.196616
5038	2026-01-26T22:00:00Z	0.438000	0.368326	0.285254
5039	2026-01-26T23:00:00Z	0.631000	0.437951	0.307010
5040	2026-01-27T00:00:00Z	0.819000	0.505772	0.280419
5041	2026-01-27T01:00:00Z	0.979000	0.563492	0.213537
5042	2026-01-27T02:00:00Z	1.084000	0.601371	0.103143
5043	2026-01-27T03:00:00Z	1.107000	0.609668	-0.024980
5044	2026-01-27T04:00:00Z	1.053000	0.590188	-0.121676
5045	2026-01-27T05:00:00Z	0.956000	0.555195	-0.145850
5046	2026-01-27T06:00:00Z	0.872000	0.524892	-0.081386
5047	2026-01-27T07:00:00Z	0.855000	0.518759	0.046737
5048	2026-01-27T08:00:00Z	0.930000	0.545815	0.190169
5049	2026-01-27T09:00:00Z	1.091000	0.603896	0.311039
5050	2026-01-27T10:00:00Z	1.316000	0.685065	0.376309
5051	2026-01-27T11:00:00Z	1.558000	0.772367	0.359388
5052	2026-01-27T12:00:00Z	1.762000	0.845960	0.260274
5053	2026-01-27T13:00:00Z	1.881000	0.888889	0.095890
5054	2026-01-27T14:00:00Z	1.881000	0.888889	-0.123288
5055	2026-01-27T15:00:00Z	1.728000	0.833694	-0.365834
5056	2026-01-27T16:00:00Z	1.427000	0.725108	-0.564061
5057	2026-01-27T17:00:00Z	1.028000	0.581169	-0.653505
5058	2026-01-27T18:00:00Z	0.616000	0.432540	-0.603546
5059	2026-01-27T19:00:00Z	0.279000	0.310967	-0.435939
5060	2026-01-27T20:00:00Z	0.075000	0.237374	-0.211120
5061	2026-01-27T21:00:00Z	0.017000	0.216450	0.009670
5062	2026-01-27T22:00:00Z	0.087000	0.241703	0.189363
5063	2026-01-27T23:00:00Z	0.252000	0.301227	0.307816
5064	2026-01-28T00:00:00Z	0.469000	0.379509	0.362611
5065	2026-01-28T01:00:00Z	0.702000	0.463564	0.369863
5066	2026-01-28T02:00:00Z	0.928000	0.545094	0.325544
5067	2026-01-28T03:00:00Z	1.106000	0.609307	0.216761
5068	2026-01-28T04:00:00Z	1.197000	0.642136	0.066882
5069	2026-01-28T05:00:00Z	1.189000	0.639250	-0.070105
5070	2026-01-28T06:00:00Z	1.110000	0.610750	-0.137792
5071	2026-01-28T07:00:00Z	1.018000	0.577561	-0.107172
5072	2026-01-28T08:00:00Z	0.977000	0.562771	0.004835
5073	2026-01-28T09:00:00Z	1.024000	0.579726	0.149879
5074	2026-01-28T10:00:00Z	1.163000	0.629870	0.282031
5075	2026-01-28T11:00:00Z	1.374000	0.705988	0.360999
5076	2026-01-28T12:00:00Z	1.611000	0.791486	0.354553
5077	2026-01-28T13:00:00Z	1.814000	0.864719	0.264303
5078	2026-01-28T14:00:00Z	1.939000	0.909812	0.101531
5079	2026-01-28T15:00:00Z	1.940000	0.910173	-0.129734
5080	2026-01-28T16:00:00Z	1.778000	0.851732	-0.393231
5081	2026-01-28T17:00:00Z	1.452000	0.734127	-0.617244
5082	2026-01-28T18:00:00Z	1.012000	0.575397	-0.726027
5083	2026-01-28T19:00:00Z	0.551000	0.409091	-0.681708
5084	2026-01-28T20:00:00Z	0.166000	0.270202	-0.502015
5085	2026-01-28T21:00:00Z	-0.072000	0.184343	-0.253022
5086	2026-01-28T22:00:00Z	-0.148000	0.156926	-0.003223
5087	2026-01-28T23:00:00Z	-0.076000	0.182900	0.207897
5088	2026-01-29T00:00:00Z	0.110000	0.250000	0.354553
5089	2026-01-29T01:00:00Z	0.364000	0.341631	0.436745
5090	2026-01-29T02:00:00Z	0.652000	0.445527	0.466559
5091	2026-01-29T03:00:00Z	0.943000	0.550505	0.426269
5092	2026-01-29T04:00:00Z	1.181000	0.636364	0.296535
5093	2026-01-29T05:00:00Z	1.311000	0.683261	0.106366
5094	2026-01-29T06:00:00Z	1.313000	0.683983	-0.076551
5095	2026-01-29T07:00:00Z	1.216000	0.648990	-0.178888
5096	2026-01-29T08:00:00Z	1.091000	0.603896	-0.161160
5097	2026-01-29T09:00:00Z	1.016000	0.576840	-0.042707
5098	2026-01-29T10:00:00Z	1.038000	0.584776	0.122482
5099	2026-01-29T11:00:00Z	1.168000	0.631674	0.277196
5100	2026-01-29T12:00:00Z	1.382000	0.708874	0.372280
5101	2026-01-29T13:00:00Z	1.630000	0.798341	0.377115
5102	2026-01-29T14:00:00Z	1.850000	0.877706	0.291700
5103	2026-01-29T15:00:00Z	1.992000	0.928932	0.120870
5104	2026-01-29T16:00:00Z	2.000000	0.931818	-0.133763
5105	2026-01-29T17:00:00Z	1.826000	0.869048	-0.429492
5106	2026-01-29T18:00:00Z	1.467000	0.739538	-0.680902
5107	2026-01-29T19:00:00Z	0.981000	0.564214	-0.802579
5108	2026-01-29T20:00:00Z	0.471000	0.380231	-0.750201
5109	2026-01-29T21:00:00Z	0.050000	0.228355	-0.546334
5110	2026-01-29T22:00:00Z	-0.207000	0.135642	-0.266720
5111	2026-01-29T23:00:00Z	-0.281000	0.108947	0.015310
5112	2026-01-30T00:00:00Z	-0.188000	0.142496	0.252216
5113	2026-01-30T01:00:00Z	0.032000	0.221861	0.419017
5114	2026-01-30T02:00:00Z	0.332000	0.330087	0.518131
5115	2026-01-30T03:00:00Z	0.675000	0.453824	0.552780
5116	2026-01-30T04:00:00Z	1.018000	0.577561	0.494762
5117	2026-01-30T05:00:00Z	1.289000	0.675325	0.324738
5118	2026-01-30T06:00:00Z	1.421000	0.722944	0.087027
5119	2026-01-30T07:00:00Z	1.397000	0.714286	-0.132957
5120	2026-01-30T08:00:00Z	1.256000	0.663420	-0.249799
5121	2026-01-30T09:00:00Z	1.087000	0.602453	-0.220790
5122	2026-01-30T10:00:00Z	0.982000	0.564574	-0.076551
5123	2026-01-30T11:00:00Z	0.992000	0.568182	0.117647
5124	2026-01-30T12:00:00Z	1.128000	0.617244	0.297341
5125	2026-01-30T13:00:00Z	1.361000	0.701299	0.406124
5126	2026-01-30T14:00:00Z	1.632000	0.799062	0.415794
5127	2026-01-30T15:00:00Z	1.877000	0.887446	0.326350
5128	2026-01-30T16:00:00Z	2.037000	0.945166	0.136180
5129	2026-01-30T17:00:00Z	2.046000	0.948413	-0.150685
5130	2026-01-30T18:00:00Z	1.850000	0.877706	-0.479452
5131	2026-01-30T19:00:00Z	1.451000	0.733766	-0.750201
5132	2026-01-30T20:00:00Z	0.919000	0.541847	-0.868654
5133	2026-01-30T21:00:00Z	0.373000	0.344877	-0.791297
5134	2026-01-30T22:00:00Z	-0.063000	0.187590	-0.553586
5135	2026-01-30T23:00:00Z	-0.314000	0.097042	-0.241741
5136	2026-01-31T00:00:00Z	-0.363000	0.079365	0.065270
5137	2026-01-31T01:00:00Z	-0.233000	0.126263	0.318292
5138	2026-01-31T02:00:00Z	0.032000	0.221861	0.493151
5139	2026-01-31T03:00:00Z	0.379000	0.347042	0.592264
5140	2026-01-31T04:00:00Z	0.767000	0.487013	0.611604
5141	2026-01-31T05:00:00Z	1.138000	0.620851	0.515713
5142	2026-01-31T06:00:00Z	1.407000	0.717893	0.296535
5143	2026-01-31T07:00:00Z	1.506000	0.753608	0.016116
5144	2026-01-31T08:00:00Z	1.427000	0.725108	-0.222401
5145	2026-01-31T09:00:00Z	1.230000	0.654040	-0.327961
5146	2026-01-31T10:00:00Z	1.020000	0.578283	-0.267526
5147	2026-01-31T11:00:00Z	0.898000	0.534271	-0.086221
5148	2026-01-31T12:00:00Z	0.913000	0.539683	0.137792
5149	2026-01-31T13:00:00Z	1.069000	0.595960	0.335214
5150	2026-01-31T14:00:00Z	1.329000	0.689755	0.448832
5151	2026-01-31T15:00:00Z	1.626000	0.796898	0.453666
5152	2026-01-31T16:00:00Z	1.892000	0.892857	0.349718
5153	2026-01-31T17:00:00Z	2.060000	0.953463	0.132957
5154	2026-01-31T18:00:00Z	2.057000	0.952381	-0.186946
5155	2026-01-31T19:00:00Z	1.828000	0.869769	-0.539887
5156	2026-01-31T20:00:00Z	1.387000	0.710678	-0.812248
5157	2026-01-31T21:00:00Z	0.820000	0.506133	-0.906527
5158	2026-01-31T22:00:00Z	0.262000	0.304834	-0.789686
5159	2026-01-31T23:00:00Z	-0.160000	0.152597	-0.513296
5160	2026-02-01T00:00:00Z	-0.375000	0.075036	-0.175665
5161	2026-02-01T01:00:00Z	-0.378000	0.073954	0.142627
5162	2026-02-01T02:00:00Z	-0.198000	0.138889	0.396454
5163	2026-02-01T03:00:00Z	0.114000	0.251443	0.563255
5164	2026-02-01T04:00:00Z	0.501000	0.391053	0.645447
5165	2026-02-01T05:00:00Z	0.915000	0.540404	0.630943
5166	2026-02-01T06:00:00Z	1.284000	0.673521	0.484287
5167	2026-02-01T07:00:00Z	1.516000	0.757215	0.216761
5168	2026-02-01T08:00:00Z	1.553000	0.770563	-0.090250
5169	2026-02-01T09:00:00Z	1.404000	0.716811	-0.323127
5170	2026-02-01T10:00:00Z	1.152000	0.625902	-0.394037
5171	2026-02-01T11:00:00Z	0.915000	0.540404	-0.290089
5172	2026-02-01T12:00:00Z	0.792000	0.496032	-0.072522
5173	2026-02-01T13:00:00Z	0.825000	0.507937	0.174859
5174	2026-02-01T14:00:00Z	1.009000	0.574315	0.378727
5175	2026-02-01T15:00:00Z	1.295000	0.677489	0.485093
5176	2026-02-01T16:00:00Z	1.611000	0.791486	0.475423
5177	2026-02-01T17:00:00Z	1.885000	0.890332	0.349718
5178	2026-02-01T18:00:00Z	2.045000	0.948052	0.103143
5179	2026-02-01T19:00:00Z	2.013000	0.936508	-0.241741
5180	2026-02-01T20:00:00Z	1.745000	0.839827	-0.598711
5181	2026-02-01T21:00:00Z	1.270000	0.668470	-0.848509
5182	2026-02-01T22:00:00Z	0.692000	0.459957	-0.899275
5183	2026-02-01T23:00:00Z	0.154000	0.265873	-0.734891
5184	2026-02-02T00:00:00Z	-0.220000	0.130952	-0.427075
5185	2026-02-02T01:00:00Z	-0.376000	0.074675	-0.078163
5186	2026-02-02T02:00:00Z	-0.317000	0.095960	0.237712
5187	2026-02-02T03:00:00Z	-0.081000	0.181097	0.475423
5188	2026-02-02T04:00:00Z	0.273000	0.308802	0.618050
5189	2026-02-02T05:00:00Z	0.686000	0.457792	0.666398
5190	2026-02-02T06:00:00Z	1.100000	0.607143	0.601934
5191	2026-02-02T07:00:00Z	1.433000	0.727273	0.402095
5192	2026-02-02T08:00:00Z	1.599000	0.787157	0.098308
5193	2026-02-02T09:00:00Z	1.555000	0.771284	-0.212732
5194	2026-02-02T10:00:00Z	1.335000	0.691919	-0.414988
5195	2026-02-02T11:00:00Z	1.040000	0.585498	-0.435939
5196	2026-02-02T12:00:00Z	0.794000	0.496753	-0.284448
5197	2026-02-02T13:00:00Z	0.687000	0.458153	-0.037873
5198	2026-02-02T14:00:00Z	0.747000	0.479798	0.217566
5199	2026-02-02T15:00:00Z	0.957000	0.555556	0.413376
5200	2026-02-02T16:00:00Z	1.260000	0.664863	0.502820
5201	2026-02-02T17:00:00Z	1.581000	0.780664	0.471394
5202	2026-02-02T18:00:00Z	1.845000	0.875902	0.320709
5203	2026-02-02T19:00:00Z	1.979000	0.924242	0.050766
5204	2026-02-02T20:00:00Z	1.908000	0.898629	-0.302981
5205	2026-02-02T21:00:00Z	1.603000	0.788600	-0.639807
5206	2026-02-02T22:00:00Z	1.114000	0.612193	-0.842869
5207	2026-02-02T23:00:00Z	0.557000	0.411255	-0.837228
5208	2026-02-03T00:00:00Z	0.075000	0.237374	-0.630137
5209	2026-02-03T01:00:00Z	-0.225000	0.129149	-0.303787
5210	2026-02-03T02:00:00Z	-0.302000	0.101371	0.040290
5211	2026-02-03T03:00:00Z	-0.175000	0.147186	0.334408
5212	2026-02-03T04:00:00Z	0.113000	0.251082	0.540693
5213	2026-02-03T05:00:00Z	0.496000	0.389250	0.642224
5214	2026-02-03T06:00:00Z	0.910000	0.538600	0.643030
5215	2026-02-03T07:00:00Z	1.294000	0.677128	0.526189
5216	2026-02-03T08:00:00Z	1.563000	0.774170	0.280419
5217	2026-02-03T09:00:00Z	1.642000	0.802670	-0.041096
5218	2026-02-03T10:00:00Z	1.512000	0.755772	-0.329573
5219	2026-02-03T11:00:00Z	1.233000	0.655123	-0.481869
5220	2026-02-03T12:00:00Z	0.914000	0.540043	-0.446414
5221	2026-02-03T13:00:00Z	0.679000	0.455267	-0.254633
5222	2026-02-03T14:00:00Z	0.598000	0.426046	0.005641
5223	2026-02-03T15:00:00Z	0.686000	0.457792	0.254633
5224	2026-02-03T16:00:00Z	0.914000	0.540043	0.431104
5225	2026-02-03T17:00:00Z	1.221000	0.650794	0.493956
5226	2026-02-03T18:00:00Z	1.527000	0.761183	0.436745
5227	2026-02-03T19:00:00Z	1.763000	0.846320	0.265915
5228	2026-02-03T20:00:00Z	1.857000	0.880231	-0.013699
5229	2026-02-03T21:00:00Z	1.746000	0.840188	-0.351330
5230	2026-02-03T22:00:00Z	1.421000	0.722944	-0.643836
5231	2026-02-03T23:00:00Z	0.947000	0.551948	-0.785657
5232	2026-02-04T00:00:00Z	0.446000	0.371212	-0.723610
5233	2026-02-04T01:00:00Z	0.049000	0.227994	-0.485093
5234	2026-02-04T02:00:00Z	-0.156000	0.154040	-0.160355
5235	2026-02-04T03:00:00Z	-0.150000	0.156205	0.158743
5236	2026-02-04T04:00:00Z	0.041000	0.225108	0.414988
5237	2026-02-04T05:00:00Z	0.365000	0.341991	0.575342
5238	2026-02-04T06:00:00Z	0.755000	0.482684	0.627720
5239	2026-02-04T07:00:00Z	1.144000	0.623016	0.576148
5240	2026-02-04T08:00:00Z	1.470000	0.740620	0.410153
5241	2026-02-04T09:00:00Z	1.653000	0.806638	0.134569
5242	2026-02-04T10:00:00Z	1.637000	0.800866	-0.178888
5243	2026-02-04T11:00:00Z	1.431000	0.726551	-0.423852
5244	2026-02-04T12:00:00Z	1.111000	0.611111	-0.514907
5245	2026-02-04T13:00:00Z	0.792000	0.496032	-0.427075
5246	2026-02-04T14:00:00Z	0.581000	0.419913	-0.210314
5247	2026-02-04T15:00:00Z	0.531000	0.401876	0.048348
5248	2026-02-04T16:00:00Z	0.641000	0.441558	0.277196
5249	2026-02-04T17:00:00Z	0.875000	0.525974	0.423852
5250	2026-02-04T18:00:00Z	1.167000	0.631313	0.457695
5251	2026-02-04T19:00:00Z	1.443000	0.730880	0.380338
5252	2026-02-04T20:00:00Z	1.639000	0.801587	0.199033
5253	2026-02-04T21:00:00Z	1.690000	0.819986	-0.071716
5254	2026-02-04T22:00:00Z	1.550000	0.769481	-0.370669
5255	2026-02-04T23:00:00Z	1.230000	0.654040	-0.600322
5256	2026-02-05T00:00:00Z	0.805000	0.500722	-0.676873
5257	2026-02-05T01:00:00Z	0.390000	0.351010	-0.569702
5258	2026-02-05T02:00:00Z	0.098000	0.245671	-0.320709
5259	2026-02-05T03:00:00Z	-0.008000	0.207431	-0.020145
5260	2026-02-05T04:00:00Z	0.073000	0.236652	0.255439
5261	2026-02-05T05:00:00Z	0.309000	0.321789	0.462530
5262	2026-02-05T06:00:00Z	0.647000	0.443723	0.570508
5263	2026-02-05T07:00:00Z	1.017000	0.577201	0.570508
5264	2026-02-05T08:00:00Z	1.355000	0.699134	0.470588
5265	2026-02-05T09:00:00Z	1.601000	0.787879	0.268332
5266	2026-02-05T10:00:00Z	1.688000	0.819264	-0.012893
5267	2026-02-05T11:00:00Z	1.585000	0.782107	-0.294923
5268	2026-02-05T12:00:00Z	1.322000	0.687229	-0.482675
5269	2026-02-05T13:00:00Z	0.986000	0.566017	-0.513296
5270	2026-02-05T14:00:00Z	0.685000	0.457431	-0.385979
5271	2026-02-05T15:00:00Z	0.507000	0.393218	-0.161966
5272	2026-02-05T16:00:00Z	0.484000	0.384921	0.078969
5273	2026-02-05T17:00:00Z	0.605000	0.428571	0.278807
5274	2026-02-05T18:00:00Z	0.830000	0.509740	0.394037
5275	2026-02-05T19:00:00Z	1.094000	0.604978	0.402095
5276	2026-02-05T20:00:00Z	1.329000	0.689755	0.311845
5277	2026-02-05T21:00:00Z	1.481000	0.744589	0.136180
5278	2026-02-05T22:00:00Z	1.498000	0.750722	-0.103143
5279	2026-02-05T23:00:00Z	1.353000	0.698413	-0.346495
5280	2026-02-06T00:00:00Z	1.068000	0.595599	-0.509267
5281	2026-02-06T01:00:00Z	0.721000	0.470418	-0.529412
5282	2026-02-06T02:00:00Z	0.411000	0.358586	-0.398872
5283	2026-02-06T03:00:00Z	0.226000	0.291847	-0.165189
5284	2026-02-06T04:00:00Z	0.206000	0.284632	0.091861
5285	2026-02-06T05:00:00Z	0.340000	0.332973	0.315068
5286	2026-02-06T06:00:00Z	0.597000	0.425685	0.468171
5287	2026-02-06T07:00:00Z	0.921000	0.542569	0.523771
5288	2026-02-06T08:00:00Z	1.247000	0.660173	0.478646
5289	2026-02-06T09:00:00Z	1.515000	0.756854	0.343272
5290	2026-02-06T10:00:00Z	1.673000	0.813853	0.125705
5291	2026-02-06T11:00:00Z	1.671000	0.813131	-0.140210
5292	2026-02-06T12:00:00Z	1.499000	0.751082	-0.376309
5293	2026-02-06T13:00:00Z	1.204000	0.644661	-0.504432
5294	2026-02-06T14:00:00Z	0.873000	0.525253	-0.485898
5295	2026-02-06T15:00:00Z	0.601000	0.427128	-0.337631
5296	2026-02-06T16:00:00Z	0.454000	0.374098	-0.123288
5297	2026-02-06T17:00:00Z	0.448000	0.371934	0.091056
5298	2026-02-06T18:00:00Z	0.567000	0.414863	0.259468
5299	2026-02-06T19:00:00Z	0.770000	0.488095	0.346495
5300	2026-02-06T20:00:00Z	0.997000	0.569986	0.338437
5301	2026-02-06T21:00:00Z	1.190000	0.639610	0.249799
5302	2026-02-06T22:00:00Z	1.307000	0.681818	0.098308
5303	2026-02-06T23:00:00Z	1.312000	0.683622	-0.095890
5304	2026-02-07T00:00:00Z	1.188000	0.638889	-0.278002
5305	2026-02-07T01:00:00Z	0.967000	0.559163	-0.381144
5306	2026-02-07T02:00:00Z	0.715000	0.468254	-0.368251
5307	2026-02-07T03:00:00Z	0.510000	0.394300	-0.240129
5308	2026-02-07T04:00:00Z	0.417000	0.360750	-0.043513
5309	2026-02-07T05:00:00Z	0.456000	0.374820	0.158743
5310	2026-02-07T06:00:00Z	0.614000	0.431818	0.328767
5311	2026-02-07T07:00:00Z	0.864000	0.522006	0.433521
5312	2026-02-07T08:00:00Z	1.152000	0.625902	0.446414
5313	2026-02-07T09:00:00Z	1.418000	0.721861	0.369863
5314	2026-02-07T10:00:00Z	1.611000	0.791486	0.216761
5315	2026-02-07T11:00:00Z	1.687000	0.818903	0.003223
5316	2026-02-07T12:00:00Z	1.615000	0.792929	-0.231265
5317	2026-02-07T13:00:00Z	1.400000	0.715368	-0.417405
5318	2026-02-07T14:00:00Z	1.097000	0.606061	-0.495568
5319	2026-02-07T15:00:00Z	0.785000	0.493506	-0.447220
5320	2026-02-07T16:00:00Z	0.542000	0.405844	-0.296535
5321	2026-02-07T17:00:00Z	0.417000	0.360750	-0.103143
5322	2026-02-07T18:00:00Z	0.414000	0.359668	0.082192
5323	2026-02-07T19:00:00Z	0.519000	0.397547	0.224819
5324	2026-02-07T20:00:00Z	0.693000	0.460317	0.292506
5325	2026-02-07T21:00:00Z	0.882000	0.528499	0.282031
5326	2026-02-07T22:00:00Z	1.043000	0.586580	0.211120
5327	2026-02-07T23:00:00Z	1.144000	0.623016	0.095085
5328	2026-02-08T00:00:00Z	1.161000	0.629149	-0.048348
5329	2026-02-08T01:00:00Z	1.084000	0.601371	-0.176471
5330	2026-02-08T02:00:00Z	0.942000	0.550144	-0.241741
5331	2026-02-08T03:00:00Z	0.784000	0.493146	-0.221595
5332	2026-02-08T04:00:00Z	0.667000	0.450938	-0.120064
5333	2026-02-08T05:00:00Z	0.635000	0.439394	0.026591
5334	2026-02-08T06:00:00Z	0.700000	0.462843	0.177276
5335	2026-02-08T07:00:00Z	0.855000	0.518759	0.302981
5336	2026-02-08T08:00:00Z	1.076000	0.598485	0.371475
5337	2026-02-08T09:00:00Z	1.316000	0.685065	0.357776
5338	2026-02-08T10:00:00Z	1.520000	0.758658	0.266720
5339	2026-02-08T11:00:00Z	1.647000	0.804473	0.115230
5340	2026-02-08T12:00:00Z	1.663000	0.810245	-0.082192
5341	2026-02-08T13:00:00Z	1.545000	0.767677	-0.282836
5342	2026-02-08T14:00:00Z	1.312000	0.683622	-0.426269
5343	2026-02-08T15:00:00Z	1.016000	0.576840	-0.473811
5344	2026-02-08T16:00:00Z	0.724000	0.471501	-0.414988
5345	2026-02-08T17:00:00Z	0.501000	0.391053	-0.275584
5346	2026-02-08T18:00:00Z	0.382000	0.348124	-0.105560
5347	2026-02-08T19:00:00Z	0.370000	0.343795	0.058018
5348	2026-02-08T20:00:00Z	0.454000	0.374098	0.185334
5349	2026-02-08T21:00:00Z	0.600000	0.426768	0.248187
5350	2026-02-08T22:00:00Z	0.762000	0.485209	0.247381
5351	2026-02-08T23:00:00Z	0.907000	0.537518	0.205479
5352	2026-02-09T00:00:00Z	1.017000	0.577201	0.129734
5353	2026-02-09T01:00:00Z	1.068000	0.595599	0.029009
5354	2026-02-09T02:00:00Z	1.053000	0.590188	-0.064464
5355	2026-02-09T03:00:00Z	0.988000	0.566739	-0.119259
5356	2026-02-09T04:00:00Z	0.905000	0.536797	-0.116035
5357	2026-02-09T05:00:00Z	0.844000	0.514791	-0.053989
5358	2026-02-09T06:00:00Z	0.838000	0.512626	0.045125
5359	2026-02-09T07:00:00Z	0.900000	0.534993	0.155520
5360	2026-02-09T08:00:00Z	1.031000	0.582251	0.254633
5361	2026-02-09T09:00:00Z	1.216000	0.648990	0.305399
5362	2026-02-09T10:00:00Z	1.410000	0.718975	0.281225
5363	2026-02-09T11:00:00Z	1.565000	0.774892	0.190975
5364	2026-02-09T12:00:00Z	1.647000	0.804473	0.049960
5365	2026-02-09T13:00:00Z	1.627000	0.797258	-0.127317
5366	2026-02-09T14:00:00Z	1.489000	0.747475	-0.302176
5367	2026-02-09T15:00:00Z	1.252000	0.661977	-0.423852
5368	2026-02-09T16:00:00Z	0.963000	0.557720	-0.460113
5369	2026-02-09T17:00:00Z	0.681000	0.455988	-0.403707
5370	2026-02-09T18:00:00Z	0.462000	0.376984	-0.278807
5371	2026-02-09T19:00:00Z	0.335000	0.331169	-0.123288
5372	2026-02-09T20:00:00Z	0.309000	0.321789	0.031426
5373	2026-02-09T21:00:00Z	0.374000	0.345238	0.154714
5374	2026-02-09T22:00:00Z	0.501000	0.391053	0.224013
5375	2026-02-09T23:00:00Z	0.652000	0.445527	0.244964
5376	2026-02-10T00:00:00Z	0.805000	0.500722	0.235294
5377	2026-02-10T01:00:00Z	0.944000	0.550866	0.190975
5378	2026-02-10T02:00:00Z	1.042000	0.586219	0.115230
5379	2026-02-10T03:00:00Z	1.087000	0.602453	0.030620
5380	2026-02-10T04:00:00Z	1.080000	0.599928	-0.038678
5381	2026-02-10T05:00:00Z	1.039000	0.585137	-0.066882
5382	2026-02-10T06:00:00Z	0.997000	0.569986	-0.041902
5383	2026-02-10T07:00:00Z	0.987000	0.566378	0.024980
5384	2026-02-10T08:00:00Z	1.028000	0.581169	0.116841
5385	2026-02-10T09:00:00Z	1.132000	0.618687	0.207897
5386	2026-02-10T10:00:00Z	1.286000	0.674242	0.255439
5387	2026-02-10T11:00:00Z	1.449000	0.733045	0.235294
5388	2026-02-10T12:00:00Z	1.578000	0.779582	0.153908
5389	2026-02-10T13:00:00Z	1.640000	0.801948	0.021757
5390	2026-02-10T14:00:00Z	1.605000	0.789322	-0.145044
5391	2026-02-10T15:00:00Z	1.460000	0.737013	-0.310234
5392	2026-02-10T16:00:00Z	1.220000	0.650433	-0.429492
5393	2026-02-10T17:00:00Z	0.927000	0.544733	-0.468171
5394	2026-02-10T18:00:00Z	0.639000	0.440837	-0.418211
5395	2026-02-10T19:00:00Z	0.408000	0.357504	-0.298952
5396	2026-02-10T20:00:00Z	0.268000	0.306999	-0.145044
5397	2026-02-10T21:00:00Z	0.228000	0.292569	0.013699
5398	2026-02-10T22:00:00Z	0.285000	0.313131	0.147462
5399	2026-02-10T23:00:00Z	0.411000	0.358586	0.232071
5400	2026-02-11T00:00:00Z	0.573000	0.417027	0.276390
5401	2026-02-11T01:00:00Z	0.754000	0.482323	0.290089
5402	2026-02-11T02:00:00Z	0.933000	0.546898	0.261080
5403	2026-02-11T03:00:00Z	1.078000	0.599206	0.186140
5404	2026-02-11T04:00:00Z	1.164000	0.630231	0.084609
5405	2026-02-11T05:00:00Z	1.183000	0.637085	-0.012893
5406	2026-02-11T06:00:00Z	1.148000	0.624459	-0.070911
5407	2026-02-11T07:00:00Z	1.095000	0.605339	-0.069299
5408	2026-02-11T08:00:00Z	1.062000	0.593434	-0.011281
5409	2026-02-11T09:00:00Z	1.081000	0.600289	0.084609
5410	2026-02-11T10:00:00Z	1.167000	0.631313	0.182917
5411	2026-02-11T11:00:00Z	1.308000	0.682179	0.238517
5412	2026-02-11T12:00:00Z	1.463000	0.738095	0.225624
5413	2026-02-11T13:00:00Z	1.588000	0.783189	0.149879
5414	2026-02-11T14:00:00Z	1.649000	0.805195	0.018533
5415	2026-02-11T15:00:00Z	1.611000	0.791486	-0.155520
5416	2026-02-11T16:00:00Z	1.456000	0.735570	-0.330379
5417	2026-02-11T17:00:00Z	1.201000	0.643579	-0.458501
5418	2026-02-11T18:00:00Z	0.887000	0.530303	-0.503626
5419	2026-02-11T19:00:00Z	0.576000	0.418110	-0.451249
5420	2026-02-11T20:00:00Z	0.327000	0.328283	-0.322321
5421	2026-02-11T21:00:00Z	0.176000	0.273810	-0.153102
5422	2026-02-11T22:00:00Z	0.137000	0.259740	0.022562
5423	2026-02-11T23:00:00Z	0.204000	0.283911	0.170830
5424	2026-02-12T00:00:00Z	0.349000	0.336219	0.271555
5425	2026-02-12T01:00:00Z	0.541000	0.405483	0.331990
5426	2026-02-12T02:00:00Z	0.761000	0.484848	0.354553
5427	2026-02-12T03:00:00Z	0.981000	0.564214	0.319098
5428	2026-02-12T04:00:00Z	1.157000	0.627706	0.219984
5429	2026-02-12T05:00:00Z	1.254000	0.662698	0.085415
5430	2026-02-12T06:00:00Z	1.263000	0.665945	-0.041096
5431	2026-02-12T07:00:00Z	1.203000	0.644300	-0.114424
5432	2026-02-12T08:00:00Z	1.121000	0.614719	-0.110395
5433	2026-02-12T09:00:00Z	1.066000	0.594877	-0.038678
5434	2026-02-12T10:00:00Z	1.073000	0.597403	0.077357
5435	2026-02-12T11:00:00Z	1.162000	0.629509	0.193392
5436	2026-02-12T12:00:00Z	1.313000	0.683983	0.255439
5437	2026-02-12T13:00:00Z	1.479000	0.743867	0.244158
5438	2026-02-12T14:00:00Z	1.616000	0.793290	0.165189
5439	2026-02-12T15:00:00Z	1.684000	0.817821	0.017728
5440	2026-02-12T16:00:00Z	1.638000	0.801227	-0.179694
5441	2026-02-12T17:00:00Z	1.461000	0.737374	-0.377115
5442	2026-02-12T18:00:00Z	1.170000	0.632395	-0.518131
5443	2026-02-12T19:00:00Z	0.818000	0.505411	-0.558421
5444	2026-02-12T20:00:00Z	0.477000	0.382395	-0.485898
5445	2026-02-12T21:00:00Z	0.215000	0.287879	-0.329573
5446	2026-02-12T22:00:00Z	0.068000	0.234848	-0.133763
5447	2026-02-12T23:00:00Z	0.049000	0.227994	0.064464
5448	2026-02-13T00:00:00Z	0.148000	0.263709	0.226430
5449	2026-02-13T01:00:00Z	0.330000	0.329365	0.336825
5450	2026-02-13T02:00:00Z	0.566000	0.414502	0.401289
5451	2026-02-13T03:00:00Z	0.828000	0.509019	0.410153
5452	2026-02-13T04:00:00Z	1.075000	0.598124	0.342466
5453	2026-02-13T05:00:00Z	1.253000	0.662338	0.203868
5454	2026-02-13T06:00:00Z	1.328000	0.689394	0.034649
5455	2026-02-13T07:00:00Z	1.296000	0.677850	-0.108783
5456	2026-02-13T08:00:00Z	1.193000	0.640693	-0.173247
5457	2026-02-13T09:00:00Z	1.081000	0.600289	-0.142627
5458	2026-02-13T10:00:00Z	1.016000	0.576840	-0.037067
5459	2026-02-13T11:00:00Z	1.035000	0.583694	0.105560
5460	2026-02-13T12:00:00Z	1.147000	0.624098	0.234488
5461	2026-02-13T13:00:00Z	1.326000	0.688672	0.297341
5462	2026-02-13T14:00:00Z	1.516000	0.757215	0.277196
5463	2026-02-13T15:00:00Z	1.670000	0.812771	0.178082
5464	2026-02-13T16:00:00Z	1.737000	0.836941	-0.002417
5465	2026-02-13T17:00:00Z	1.667000	0.811688	-0.235294
5466	2026-02-13T18:00:00Z	1.445000	0.731602	-0.456084
5467	2026-02-13T19:00:00Z	1.101000	0.607504	-0.597099
5468	2026-02-13T20:00:00Z	0.704000	0.464286	-0.613215
5469	2026-02-13T21:00:00Z	0.340000	0.332973	-0.501209
5470	2026-02-13T22:00:00Z	0.082000	0.239899	-0.304593
5471	2026-02-13T23:00:00Z	-0.038000	0.196609	-0.076551
5472	2026-02-14T00:00:00Z	-0.013000	0.205628	0.141015
5473	2026-02-14T01:00:00Z	0.137000	0.259740	0.308622
5474	2026-02-14T02:00:00Z	0.370000	0.343795	0.414988
5475	2026-02-14T03:00:00Z	0.652000	0.445527	0.463336
5476	2026-02-14T04:00:00Z	0.945000	0.551227	0.437550
5477	2026-02-14T05:00:00Z	1.195000	0.641414	0.321515
5478	2026-02-14T06:00:00Z	1.344000	0.695166	0.136180
5479	2026-02-14T07:00:00Z	1.364000	0.702381	-0.058824
5480	2026-02-14T08:00:00Z	1.271000	0.668831	-0.194198
5481	2026-02-14T09:00:00Z	1.123000	0.615440	-0.223207
5482	2026-02-14T10:00:00Z	0.994000	0.568903	-0.146656
5483	2026-02-14T11:00:00Z	0.941000	0.549784	-0.001612
5484	2026-02-14T12:00:00Z	0.992000	0.568182	0.165189
5485	2026-02-14T13:00:00Z	1.146000	0.623737	0.296535
5486	2026-02-14T14:00:00Z	1.360000	0.700938	0.346495
5487	2026-02-14T15:00:00Z	1.576000	0.778860	0.304593
5488	2026-02-14T16:00:00Z	1.738000	0.837302	0.169218
5489	2026-02-14T17:00:00Z	1.786000	0.854618	-0.053989
5490	2026-02-14T18:00:00Z	1.671000	0.813131	-0.321515
5491	2026-02-14T19:00:00Z	1.387000	0.710678	-0.555197
5492	2026-02-14T20:00:00Z	0.982000	0.564574	-0.677679
5493	2026-02-14T21:00:00Z	0.546000	0.407287	-0.647059
5494	2026-02-14T22:00:00Z	0.179000	0.274892	-0.479452
5495	2026-02-14T23:00:00Z	-0.049000	0.192641	-0.236906
5496	2026-02-15T00:00:00Z	-0.115000	0.168831	0.018533
5497	2026-02-15T01:00:00Z	-0.026000	0.200938	0.243352
5498	2026-02-15T02:00:00Z	0.187000	0.277778	0.404512
5499	2026-02-15T03:00:00Z	0.476000	0.382035	0.489927
5500	2026-02-15T04:00:00Z	0.795000	0.497114	0.502015
5501	2026-02-15T05:00:00Z	1.099000	0.606782	0.423852
5502	2026-02-15T06:00:00Z	1.321000	0.686869	0.248187
5503	2026-02-15T07:00:00Z	1.407000	0.717893	0.023368
5504	2026-02-15T08:00:00Z	1.350000	0.697330	-0.174053
5505	2026-02-15T09:00:00Z	1.191000	0.639971	-0.275584
5506	2026-02-15T10:00:00Z	1.008000	0.573954	-0.248187
5507	2026-02-15T11:00:00Z	0.883000	0.528860	-0.116035
5508	2026-02-15T12:00:00Z	0.864000	0.522006	0.065270
5509	2026-02-15T13:00:00Z	0.964000	0.558081	0.243352
5510	2026-02-15T14:00:00Z	1.166000	0.630952	0.363417
5511	2026-02-15T15:00:00Z	1.415000	0.720779	0.387591
5512	2026-02-15T16:00:00Z	1.647000	0.804473	0.309428
5513	2026-02-15T17:00:00Z	1.799000	0.859307	0.129734
5514	2026-02-15T18:00:00Z	1.808000	0.862554	-0.137792
5515	2026-02-15T19:00:00Z	1.628000	0.797619	-0.431104
5516	2026-02-15T20:00:00Z	1.273000	0.669553	-0.654311
5517	2026-02-15T21:00:00Z	0.816000	0.504690	-0.733280
5518	2026-02-15T22:00:00Z	0.363000	0.341270	-0.639001
5519	2026-02-15T23:00:00Z	0.023000	0.218615	-0.410153
5520	2026-02-16T00:00:00Z	-0.146000	0.157648	-0.128928
5521	2026-02-16T01:00:00Z	-0.137000	0.160895	0.142627
5522	2026-02-16T02:00:00Z	0.031000	0.221501	0.360193
5523	2026-02-16T03:00:00Z	0.310000	0.322150	0.494762
5524	2026-02-16T04:00:00Z	0.645000	0.443001	0.542305
5525	2026-02-16T05:00:00Z	0.983000	0.564935	0.502015
5526	2026-02-16T06:00:00Z	1.268000	0.667749	0.359388
5527	2026-02-16T07:00:00Z	1.429000	0.725830	0.128928
5528	2026-02-16T08:00:00Z	1.428000	0.725469	-0.116841
5529	2026-02-16T09:00:00Z	1.284000	0.673521	-0.292506
5530	2026-02-16T10:00:00Z	1.065000	0.594517	-0.336019
5531	2026-02-16T11:00:00Z	0.867000	0.523088	-0.240129
5532	2026-02-16T12:00:00Z	0.767000	0.487013	-0.056406
5533	2026-02-16T13:00:00Z	0.797000	0.497835	0.150685
5534	2026-02-16T14:00:00Z	0.954000	0.554473	0.325544
5535	2026-02-16T15:00:00Z	1.201000	0.643579	0.419823
5536	2026-02-16T16:00:00Z	1.475000	0.742424	0.406930
5537	2026-02-16T17:00:00Z	1.706000	0.825758	0.285254
5538	2026-02-16T18:00:00Z	1.829000	0.870130	0.060435
5539	2026-02-16T19:00:00Z	1.781000	0.852814	-0.240129
5540	2026-02-16T20:00:00Z	1.531000	0.762626	-0.537470
5541	2026-02-16T21:00:00Z	1.114000	0.612193	-0.729251
5542	2026-02-16T22:00:00Z	0.626000	0.436147	-0.743755
5543	2026-02-16T23:00:00Z	0.191000	0.279221	-0.577760
5544	2026-02-17T00:00:00Z	-0.091000	0.177489	-0.296535
5545	2026-02-17T01:00:00Z	-0.177000	0.146465	0.010475
5546	2026-02-17T02:00:00Z	-0.078000	0.182179	0.278002
5547	2026-02-17T03:00:00Z	0.168000	0.270924	0.468977
5548	2026-02-17T04:00:00Z	0.504000	0.392136	0.562450
5549	2026-02-17T05:00:00Z	0.866000	0.522727	0.556809
5550	2026-02-17T06:00:00Z	1.195000	0.641414	0.452861
5551	2026-02-17T07:00:00Z	1.428000	0.725469	0.246575
5552	2026-02-17T08:00:00Z	1.501000	0.751804	-0.024174
5553	2026-02-17T09:00:00Z	1.398000	0.714646	-0.267526
5554	2026-02-17T10:00:00Z	1.169000	0.632035	-0.395649
5555	2026-02-17T11:00:00Z	0.907000	0.537518	-0.366640
5556	2026-02-17T12:00:00Z	0.714000	0.467893	-0.201450
5557	2026-02-17T13:00:00Z	0.657000	0.447330	0.024980
5558	2026-02-17T14:00:00Z	0.745000	0.479076	0.240129
5559	2026-02-17T15:00:00Z	0.955000	0.554834	0.395649
5560	2026-02-17T16:00:00Z	1.236000	0.656205	0.454472
5561	2026-02-17T17:00:00Z	1.519000	0.758297	0.399678
5562	2026-02-17T18:00:00Z	1.732000	0.835137	0.236100
5563	2026-02-17T19:00:00Z	1.812000	0.863997	-0.024980
5564	2026-02-17T20:00:00Z	1.701000	0.823954	-0.341660
5565	2026-02-17T21:00:00Z	1.388000	0.711039	-0.619662
5566	2026-02-17T22:00:00Z	0.932000	0.546537	-0.755842
5567	2026-02-17T23:00:00Z	0.450000	0.372655	-0.696213
5568	2026-02-18T00:00:00Z	0.068000	0.234848	-0.464948
5569	2026-02-18T01:00:00Z	-0.127000	0.164502	-0.149073
5570	2026-02-18T02:00:00Z	-0.117000	0.168110	0.158743
5571	2026-02-18T03:00:00Z	0.070000	0.235570	0.402901
5572	2026-02-18T04:00:00Z	0.383000	0.348485	0.551974
5573	2026-02-18T05:00:00Z	0.755000	0.482684	0.590653
5574	2026-02-18T06:00:00Z	1.116000	0.612915	0.522965
5575	2026-02-18T07:00:00Z	1.404000	0.716811	0.354553
5576	2026-02-18T08:00:00Z	1.556000	0.771645	0.095085
5577	2026-02-18T09:00:00Z	1.522000	0.759380	-0.193392
5578	2026-02-18T10:00:00Z	1.316000	0.685065	-0.408541
5579	2026-02-18T11:00:00Z	1.015000	0.576479	-0.470588
5580	2026-02-18T12:00:00Z	0.732000	0.474387	-0.363417
5581	2026-02-18T13:00:00Z	0.564000	0.413781	-0.140210
5582	2026-02-18T14:00:00Z	0.558000	0.411616	0.110395
5583	2026-02-18T15:00:00Z	0.701000	0.463203	0.318292
5584	2026-02-18T16:00:00Z	0.953000	0.554113	0.444803
5585	2026-02-18T17:00:00Z	1.253000	0.662338	0.463336
5586	2026-02-18T18:00:00Z	1.528000	0.761544	0.368251
5587	2026-02-18T19:00:00Z	1.710000	0.827201	0.171636
5588	2026-02-18T20:00:00Z	1.741000	0.838384	-0.108783
5589	2026-02-18T21:00:00Z	1.575000	0.778499	-0.417405
5590	2026-02-18T22:00:00Z	1.223000	0.651515	-0.651894
5591	2026-02-18T23:00:00Z	0.766000	0.486652	-0.721193
5592	2026-02-19T00:00:00Z	0.328000	0.328644	-0.593876
5593	2026-02-19T01:00:00Z	0.029000	0.220779	-0.316680
5594	2026-02-19T02:00:00Z	-0.065000	0.186869	0.009670
5595	2026-02-19T03:00:00Z	0.041000	0.225108	0.294923
5596	2026-02-19T04:00:00Z	0.301000	0.318903	0.496374
5597	2026-02-19T05:00:00Z	0.657000	0.447330	0.590653
5598	2026-02-19T06:00:00Z	1.034000	0.583333	0.568896
5599	2026-02-19T07:00:00Z	1.363000	0.702020	0.441579
5600	2026-02-19T08:00:00Z	1.582000	0.781025	0.216761
5601	2026-02-19T09:00:00Z	1.632000	0.799062	-0.075745
5602	2026-02-19T10:00:00Z	1.488000	0.747114	-0.355359
5603	2026-02-19T11:00:00Z	1.191000	0.639971	-0.520548
5604	2026-02-19T12:00:00Z	0.842000	0.514069	-0.510073
5605	2026-02-19T13:00:00Z	0.558000	0.411616	-0.333602
5606	2026-02-19T14:00:00Z	0.428000	0.364719	-0.070105
5607	2026-02-19T15:00:00Z	0.471000	0.380231	0.184529
5608	2026-02-19T16:00:00Z	0.657000	0.447330	0.372280
5609	2026-02-19T17:00:00Z	0.933000	0.546898	0.464948
5610	2026-02-19T18:00:00Z	1.234000	0.655483	0.446414
5611	2026-02-19T19:00:00Z	1.487000	0.746753	0.322321
5612	2026-02-19T20:00:00Z	1.634000	0.799784	0.110395
5613	2026-02-19T21:00:00Z	1.624000	0.796176	-0.167607
5614	2026-02-19T22:00:00Z	1.426000	0.724747	-0.447220
5615	2026-02-19T23:00:00Z	1.069000	0.595960	-0.625302
5616	2026-02-20T00:00:00Z	0.650000	0.444805	-0.627720
5617	2026-02-20T01:00:00Z	0.290000	0.314935	-0.449637
5618	2026-02-20T02:00:00Z	0.092000	0.243506	-0.156326
5619	2026-02-20T03:00:00Z	0.096000	0.244949	0.150685
5620	2026-02-20T04:00:00Z	0.279000	0.310967	0.394843
5621	2026-02-20T05:00:00Z	0.586000	0.421717	0.542305
5622	2026-02-20T06:00:00Z	0.952000	0.553752	0.578566
5623	2026-02-20T07:00:00Z	1.304000	0.680736	0.501209
5624	2026-02-20T08:00:00Z	1.574000	0.778139	0.323127
5625	2026-02-20T09:00:00Z	1.705000	0.825397	0.062047
5626	2026-02-20T10:00:00Z	1.651000	0.805916	-0.238517
5627	2026-02-20T11:00:00Z	1.409000	0.718615	-0.488316
5628	2026-02-20T12:00:00Z	1.045000	0.587302	-0.593876
5629	2026-02-20T13:00:00Z	0.672000	0.452742	-0.515713
5630	2026-02-20T14:00:00Z	0.405000	0.356421	-0.289283
5631	2026-02-20T15:00:00Z	0.313000	0.323232	-0.009670
5632	2026-02-20T16:00:00Z	0.393000	0.352092	0.233683
5633	2026-02-20T17:00:00Z	0.603000	0.427850	0.394843
5634	2026-02-20T18:00:00Z	0.883000	0.528860	0.456084
5635	2026-02-20T19:00:00Z	1.169000	0.632035	0.412571
5636	2026-02-20T20:00:00Z	1.395000	0.713564	0.275584
5637	2026-02-20T21:00:00Z	1.511000	0.755411	0.066882
5638	2026-02-20T22:00:00Z	1.478000	0.743506	-0.186140
5639	2026-02-20T23:00:00Z	1.280000	0.672078	-0.418211
5640	2026-02-21T00:00:00Z	0.959000	0.556277	-0.538276
5641	2026-02-21T01:00:00Z	0.612000	0.431097	-0.492345
5642	2026-02-21T02:00:00Z	0.348000	0.335859	-0.293312
5643	2026-02-21T03:00:00Z	0.248000	0.299784	-0.013699
5644	2026-02-21T04:00:00Z	0.331000	0.329726	0.251410
5645	2026-02-21T05:00:00Z	0.560000	0.412338	0.442385
5646	2026-02-21T06:00:00Z	0.880000	0.527778	0.537470
5647	2026-02-21T07:00:00Z	1.227000	0.652958	0.523771
5648	2026-02-21T08:00:00Z	1.530000	0.762266	0.402095
5649	2026-02-21T09:00:00Z	1.726000	0.832973	0.191781
5650	2026-02-21T10:00:00Z	1.768000	0.848124	-0.082192
5651	2026-02-21T11:00:00Z	1.624000	0.796176	-0.369863
5652	2026-02-21T12:00:00Z	1.309000	0.682540	-0.576954
5653	2026-02-21T13:00:00Z	0.908000	0.537879	-0.625302
5654	2026-02-21T14:00:00Z	0.533000	0.402597	-0.499597
5655	2026-02-21T15:00:00Z	0.288000	0.314214	-0.249799
5656	2026-02-21T16:00:00Z	0.223000	0.290765	0.025786
5657	2026-02-21T17:00:00Z	0.320000	0.325758	0.248187
5658	2026-02-21T18:00:00Z	0.531000	0.401876	0.384367
5659	2026-02-21T19:00:00Z	0.797000	0.497835	0.424658
5660	2026-02-21T20:00:00Z	1.058000	0.591991	0.371475
5661	2026-02-21T21:00:00Z	1.258000	0.664141	0.243352
5662	2026-02-21T22:00:00Z	1.360000	0.700938	0.059629
5663	2026-02-21T23:00:00Z	1.332000	0.690837	-0.154714
5664	2026-02-22T00:00:00Z	1.168000	0.631674	-0.336825
5665	2026-02-22T01:00:00Z	0.914000	0.540043	-0.411765
5666	2026-02-22T02:00:00Z	0.657000	0.447330	-0.344077
5667	2026-02-22T03:00:00Z	0.487000	0.386003	-0.154714
5668	2026-02-22T04:00:00Z	0.465000	0.378066	0.086221
5669	2026-02-22T05:00:00Z	0.594000	0.424603	0.297341
5670	2026-02-22T06:00:00Z	0.834000	0.511183	0.437550
5671	2026-02-22T07:00:00Z	1.137000	0.620491	0.489927
5672	2026-02-22T08:00:00Z	1.442000	0.730519	0.440774
5673	2026-02-22T09:00:00Z	1.684000	0.817821	0.296535
5674	2026-02-22T10:00:00Z	1.810000	0.863276	0.077357
5675	2026-02-22T11:00:00Z	1.780000	0.852453	-0.190169
5676	2026-02-22T12:00:00Z	1.574000	0.778139	-0.451249
5677	2026-02-22T13:00:00Z	1.220000	0.650433	-0.618050
5678	2026-02-22T14:00:00Z	0.807000	0.501443	-0.627720
5679	2026-02-22T15:00:00Z	0.441000	0.369408	-0.478646
5680	2026-02-22T16:00:00Z	0.213000	0.287157	-0.230459
5681	2026-02-22T17:00:00Z	0.155000	0.266234	0.025786
5682	2026-02-22T18:00:00Z	0.245000	0.298701	0.225624
5683	2026-02-22T19:00:00Z	0.435000	0.367244	0.346495
5684	2026-02-22T20:00:00Z	0.675000	0.453824	0.382756
5685	2026-02-22T21:00:00Z	0.910000	0.538600	0.339243
5686	2026-02-22T22:00:00Z	1.096000	0.605700	0.237712
5687	2026-02-22T23:00:00Z	1.205000	0.645022	0.092667
5688	2026-02-23T00:00:00Z	1.211000	0.647186	-0.076551
5689	2026-02-23T01:00:00Z	1.110000	0.610750	-0.218372
5690	2026-02-23T02:00:00Z	0.940000	0.549423	-0.273167
5691	2026-02-23T03:00:00Z	0.771000	0.488456	-0.214343
5692	2026-02-23T04:00:00Z	0.674000	0.453463	-0.061241
5693	2026-02-23T05:00:00Z	0.695000	0.461039	0.127317
5694	2026-02-23T06:00:00Z	0.832000	0.510462	0.288477
5695	2026-02-23T07:00:00Z	1.053000	0.590188	0.392425
5696	2026-02-23T08:00:00Z	1.319000	0.686147	0.420629
5697	2026-02-23T09:00:00Z	1.575000	0.778499	0.357776
5698	2026-02-23T10:00:00Z	1.763000	0.846320	0.211926
5699	2026-02-23T11:00:00Z	1.838000	0.873377	0.002417
5700	2026-02-23T12:00:00Z	1.766000	0.847403	-0.246575
5701	2026-02-23T13:00:00Z	1.532000	0.762987	-0.481064
5702	2026-02-23T14:00:00Z	1.169000	0.632035	-0.622079
5703	2026-02-23T15:00:00Z	0.760000	0.484488	-0.618050
5704	2026-02-23T16:00:00Z	0.402000	0.355339	-0.473006
5705	2026-02-23T17:00:00Z	0.173000	0.272727	-0.243352
5706	2026-02-23T18:00:00Z	0.100000	0.246392	-0.009670
5707	2026-02-23T19:00:00Z	0.161000	0.268398	0.175665
5708	2026-02-23T20:00:00Z	0.318000	0.325036	0.295729
5709	2026-02-23T21:00:00Z	0.528000	0.400794	0.344077
5710	2026-02-23T22:00:00Z	0.745000	0.479076	0.327961
5711	2026-02-23T23:00:00Z	0.935000	0.547619	0.265915
5712	2026-02-24T00:00:00Z	1.075000	0.598124	0.164384
5713	2026-02-24T01:00:00Z	1.139000	0.621212	0.031426
5714	2026-02-24T02:00:00Z	1.114000	0.612193	-0.092667
5715	2026-02-24T03:00:00Z	1.024000	0.579726	-0.155520
5716	2026-02-24T04:00:00Z	0.921000	0.542569	-0.131346
5717	2026-02-24T05:00:00Z	0.861000	0.520924	-0.028203
5718	2026-02-24T06:00:00Z	0.886000	0.529942	0.112812
5719	2026-02-24T07:00:00Z	1.001000	0.571429	0.240935
5720	2026-02-24T08:00:00Z	1.185000	0.637807	0.328767
5721	2026-02-24T09:00:00Z	1.409000	0.718615	0.355359
5722	2026-02-24T10:00:00Z	1.626000	0.796898	0.299758
5723	2026-02-24T11:00:00Z	1.781000	0.852814	0.167607
5724	2026-02-24T12:00:00Z	1.834000	0.871934	-0.022562
5725	2026-02-24T13:00:00Z	1.753000	0.842713	-0.252216
5726	2026-02-24T14:00:00Z	1.521000	0.759019	-0.471394
5727	2026-02-24T15:00:00Z	1.168000	0.631674	-0.609186
5728	2026-02-24T16:00:00Z	0.765000	0.486291	-0.617244
5729	2026-02-24T17:00:00Z	0.402000	0.355339	-0.494762
5730	2026-02-24T18:00:00Z	0.151000	0.264791	-0.289283
5731	2026-02-24T19:00:00Z	0.043000	0.225830	-0.070105
5732	2026-02-24T20:00:00Z	0.064000	0.233405	0.116035
5733	2026-02-24T21:00:00Z	0.187000	0.277778	0.251410
5734	2026-02-24T22:00:00Z	0.376000	0.345960	0.325544
5735	2026-02-24T23:00:00Z	0.591000	0.423521	0.346495
5736	2026-02-25T00:00:00Z	0.806000	0.501082	0.327156
5737	2026-02-25T01:00:00Z	0.997000	0.569986	0.260274
5738	2026-02-25T02:00:00Z	1.129000	0.617605	0.142627
5739	2026-02-25T03:00:00Z	1.174000	0.633838	0.009670
5740	2026-02-25T04:00:00Z	1.141000	0.621934	-0.087027
5741	2026-02-25T05:00:00Z	1.066000	0.594877	-0.109589
5742	2026-02-25T06:00:00Z	1.005000	0.572872	-0.051571
5743	2026-02-25T07:00:00Z	1.002000	0.571789	0.056406
5744	2026-02-25T08:00:00Z	1.075000	0.598124	0.175665
5745	2026-02-25T09:00:00Z	1.220000	0.650433	0.273167
5746	2026-02-25T10:00:00Z	1.414000	0.720418	0.315874
5747	2026-02-25T11:00:00Z	1.612000	0.791847	0.280419
5748	2026-02-25T12:00:00Z	1.762000	0.845960	0.171636
5749	2026-02-25T13:00:00Z	1.825000	0.868687	0.000000
5750	2026-02-25T14:00:00Z	1.762000	0.845960	-0.222401
5751	2026-02-25T15:00:00Z	1.549000	0.769120	-0.447220
5752	2026-02-25T16:00:00Z	1.207000	0.645743	-0.602740
5753	2026-02-25T17:00:00Z	0.801000	0.499278	-0.638195
5754	2026-02-25T18:00:00Z	0.415000	0.360029	-0.542305
5755	2026-02-25T19:00:00Z	0.128000	0.256494	-0.353747
5756	2026-02-25T20:00:00Z	-0.024000	0.201659	-0.135375
5757	2026-02-25T21:00:00Z	-0.040000	0.195887	0.067687
5758	2026-02-25T22:00:00Z	0.060000	0.231962	0.228848
5759	2026-02-25T23:00:00Z	0.244000	0.298341	0.336825
5760	2026-02-26T00:00:00Z	0.478000	0.382756	0.395649
5761	2026-02-26T01:00:00Z	0.735000	0.475469	0.409347
5762	2026-02-26T02:00:00Z	0.986000	0.566017	0.356970
5763	2026-02-26T03:00:00Z	1.178000	0.635281	0.229654
5764	2026-02-26T04:00:00Z	1.271000	0.668831	0.064464
5765	2026-02-26T05:00:00Z	1.258000	0.664141	-0.080580
5766	2026-02-26T06:00:00Z	1.171000	0.632756	-0.148268
5767	2026-02-26T07:00:00Z	1.074000	0.597763	-0.117647
5768	2026-02-26T08:00:00Z	1.025000	0.580087	-0.014504
5769	2026-02-26T09:00:00Z	1.056000	0.591270	0.120064
5770	2026-02-26T10:00:00Z	1.174000	0.633838	0.244158
5771	2026-02-26T11:00:00Z	1.359000	0.700577	0.312651
5772	2026-02-26T12:00:00Z	1.562000	0.773810	0.301370
5773	2026-02-26T13:00:00Z	1.733000	0.835498	0.213537
5774	2026-02-26T14:00:00Z	1.827000	0.869408	0.049154
5775	2026-02-26T15:00:00Z	1.794000	0.857504	-0.182111
5776	2026-02-26T16:00:00Z	1.601000	0.787879	-0.429492
5777	2026-02-26T17:00:00Z	1.261000	0.665224	-0.618050
5778	2026-02-26T18:00:00Z	0.834000	0.511183	-0.682514
5779	2026-02-26T19:00:00Z	0.414000	0.359668	-0.602740
5780	2026-02-26T20:00:00Z	0.086000	0.241342	-0.414988
5781	2026-02-26T21:00:00Z	-0.101000	0.173882	-0.180500
5782	2026-02-26T22:00:00Z	-0.138000	0.160534	0.049960
5783	2026-02-26T23:00:00Z	-0.039000	0.196248	0.242546
5784	2026-02-27T00:00:00Z	0.163000	0.269120	0.379533
5785	2026-02-27T01:00:00Z	0.432000	0.366162	0.465753
5786	2026-02-27T02:00:00Z	0.741000	0.477633	0.493956
5787	2026-02-27T03:00:00Z	1.045000	0.587302	0.430298
5788	2026-02-27T04:00:00Z	1.275000	0.670274	0.268332
5789	2026-02-27T05:00:00Z	1.378000	0.707431	0.054795
5790	2026-02-27T06:00:00Z	1.343000	0.694805	-0.134569
5791	2026-02-27T07:00:00Z	1.211000	0.647186	-0.228848
5792	2026-02-27T08:00:00Z	1.059000	0.592352	-0.199839
5793	2026-02-27T09:00:00Z	0.963000	0.557720	-0.075745
5794	2026-02-27T10:00:00Z	0.965000	0.558442	0.091861
5795	2026-02-27T11:00:00Z	1.077000	0.598846	0.250604
5796	2026-02-27T12:00:00Z	1.276000	0.670635	0.344883
5797	2026-02-27T13:00:00Z	1.505000	0.753247	0.351330
5798	2026-02-27T14:00:00Z	1.712000	0.827922	0.272361
5799	2026-02-27T15:00:00Z	1.843000	0.875180	0.100725
5800	2026-02-27T16:00:00Z	1.837000	0.873016	-0.155520
5801	2026-02-27T17:00:00Z	1.650000	0.805556	-0.437550
5802	2026-02-27T18:00:00Z	1.294000	0.677128	-0.655923
5803	2026-02-27T19:00:00Z	0.836000	0.511905	-0.737309
5804	2026-02-27T20:00:00Z	0.379000	0.347042	-0.655117
5805	2026-02-27T21:00:00Z	0.023000	0.218615	-0.447220
5806	2026-02-27T22:00:00Z	-0.176000	0.146825	-0.185334
5807	2026-02-27T23:00:00Z	-0.207000	0.135642	0.074134
5808	2026-02-28T00:00:00Z	-0.084000	0.180014	0.290894
5809	2026-02-28T01:00:00Z	0.154000	0.265873	0.446414
5810	2026-02-28T02:00:00Z	0.470000	0.379870	0.541499
5811	2026-02-28T03:00:00Z	0.826000	0.508297	0.557615
5812	2026-02-28T04:00:00Z	1.162000	0.629509	0.459307
5813	2026-02-28T05:00:00Z	1.396000	0.713925	0.247381
5814	2026-02-28T06:00:00Z	1.469000	0.740260	-0.015310
5815	2026-02-28T07:00:00Z	1.377000	0.707071	-0.234488
5816	2026-02-28T08:00:00Z	1.178000	0.635281	-0.327961
5817	2026-02-28T09:00:00Z	0.970000	0.560245	-0.272361
5818	2026-02-28T10:00:00Z	0.840000	0.513348	-0.107977
5819	2026-02-28T11:00:00Z	0.836000	0.511905	0.100725
5820	2026-02-28T12:00:00Z	0.965000	0.558442	0.287671
5821	2026-02-28T13:00:00Z	1.193000	0.640693	0.397260
5822	2026-02-28T14:00:00Z	1.458000	0.736291	0.410153
5823	2026-02-28T15:00:00Z	1.702000	0.824315	0.325544
5824	2026-02-28T16:00:00Z	1.862000	0.882035	0.130540
5825	2026-02-28T17:00:00Z	1.864000	0.882756	-0.159549
5826	2026-02-28T18:00:00Z	1.664000	0.810606	-0.470588
5827	2026-02-28T19:00:00Z	1.280000	0.672078	-0.705077
5828	2026-02-28T20:00:00Z	0.789000	0.494949	-0.780822
5829	2026-02-28T21:00:00Z	0.311000	0.322511	-0.673650
5830	2026-02-28T22:00:00Z	-0.047000	0.193362	-0.434327
5831	2026-02-28T23:00:00Z	-0.228000	0.128066	-0.141821
5832	2026-03-01T00:00:00Z	-0.223000	0.129870	0.140210
5833	2026-03-01T01:00:00Z	-0.054000	0.190837	0.367446
5834	2026-03-01T02:00:00Z	0.233000	0.294372	0.521354
5835	2026-03-01T03:00:00Z	0.593000	0.424242	0.601128
5836	2026-03-01T04:00:00Z	0.979000	0.563492	0.582595
5837	2026-03-01T05:00:00Z	1.316000	0.685065	0.431104
5838	2026-03-01T06:00:00Z	1.514000	0.756494	0.164384
5839	2026-03-01T07:00:00Z	1.520000	0.758658	-0.133763
5840	2026-03-01T08:00:00Z	1.348000	0.696609	-0.354553
5841	2026-03-01T09:00:00Z	1.080000	0.599928	-0.417405
5842	2026-03-01T10:00:00Z	0.830000	0.509740	-0.314263
5843	2026-03-01T11:00:00Z	0.690000	0.459235	-0.103143
5844	2026-03-01T12:00:00Z	0.702000	0.463564	0.139404
5845	2026-03-01T13:00:00Z	0.863000	0.521645	0.342466
5846	2026-03-01T14:00:00Z	1.127000	0.616883	0.453666
5847	2026-03-01T15:00:00Z	1.426000	0.724747	0.457695
5848	2026-03-01T16:00:00Z	1.695000	0.821789	0.352941
5849	2026-03-01T17:00:00Z	1.864000	0.882756	0.127317
5850	2026-03-01T18:00:00Z	1.853000	0.878788	-0.193392
5851	2026-03-01T19:00:00Z	1.624000	0.796176	-0.520548
5852	2026-03-01T20:00:00Z	1.207000	0.645743	-0.746172
5853	2026-03-01T21:00:00Z	0.698000	0.462121	-0.790492
5854	2026-03-01T22:00:00Z	0.226000	0.291847	-0.643030
5855	2026-03-01T23:00:00Z	-0.100000	0.174242	-0.368251
5856	2026-03-02T00:00:00Z	-0.231000	0.126984	-0.052377
5857	2026-03-02T01:00:00Z	-0.165000	0.150794	0.236100
5858	2026-03-02T02:00:00Z	0.062000	0.232684	0.452861
5859	2026-03-02T03:00:00Z	0.397000	0.353535	0.584206
5860	2026-03-02T04:00:00Z	0.787000	0.494228	0.627720
5861	2026-03-02T05:00:00Z	1.176000	0.634560	0.555197
5862	2026-03-02T06:00:00Z	1.476000	0.742785	0.341660
5863	2026-03-02T07:00:00Z	1.600000	0.787518	0.031426
5864	2026-03-02T08:00:00Z	1.515000	0.756854	-0.275584
5865	2026-03-02T09:00:00Z	1.258000	0.664141	-0.468171
5866	2026-03-02T10:00:00Z	0.934000	0.547258	-0.477035
5867	2026-03-02T11:00:00Z	0.666000	0.450577	-0.316680
5868	2026-03-02T12:00:00Z	0.541000	0.405483	-0.063658
5869	2026-03-02T13:00:00Z	0.587000	0.422078	0.198227
5870	2026-03-02T14:00:00Z	0.787000	0.494228	0.400483
5871	2026-03-02T15:00:00Z	1.084000	0.601371	0.497180
5872	2026-03-02T16:00:00Z	1.404000	0.716811	0.479452
5873	2026-03-02T17:00:00Z	1.679000	0.816017	0.345689
5874	2026-03-02T18:00:00Z	1.833000	0.871573	0.090250
5875	2026-03-02T19:00:00Z	1.791000	0.856421	-0.247381
5876	2026-03-02T20:00:00Z	1.526000	0.760823	-0.567284
5877	2026-03-02T21:00:00Z	1.087000	0.602453	-0.759065
5878	2026-03-02T22:00:00Z	0.584000	0.420996	-0.752619
5879	2026-03-02T23:00:00Z	0.153000	0.265512	-0.556809
5880	2026-03-03T00:00:00Z	-0.107000	0.171717	-0.253828
5881	2026-03-03T01:00:00Z	-0.162000	0.151876	0.066076
5882	2026-03-03T02:00:00Z	-0.025000	0.201299	0.340048
5883	2026-03-03T03:00:00Z	0.260000	0.304113	0.526994
5884	2026-03-03T04:00:00Z	0.629000	0.437229	0.616438
5885	2026-03-03T05:00:00Z	1.025000	0.580087	0.605157
5886	2026-03-03T06:00:00Z	1.380000	0.708153	0.469782
5887	2026-03-03T07:00:00Z	1.608000	0.790404	0.203868
5888	2026-03-03T08:00:00Z	1.633000	0.799423	-0.129734
5889	2026-03-03T09:00:00Z	1.447000	0.732323	-0.416600
5890	2026-03-03T10:00:00Z	1.116000	0.612915	-0.552780
5891	2026-03-03T11:00:00Z	0.761000	0.484848	-0.493151
5892	2026-03-03T12:00:00Z	0.504000	0.392136	-0.279613
5893	2026-03-03T13:00:00Z	0.414000	0.359668	0.000806
5894	2026-03-03T14:00:00Z	0.505000	0.392496	0.265109
5895	2026-03-03T15:00:00Z	0.743000	0.478355	0.447220
5896	2026-03-03T16:00:00Z	1.060000	0.592713	0.515713
5897	2026-03-03T17:00:00Z	1.383000	0.709235	0.468977
5898	2026-03-03T18:00:00Z	1.642000	0.802670	0.306205
5899	2026-03-03T19:00:00Z	1.763000	0.846320	0.029815
5900	2026-03-03T20:00:00Z	1.679000	0.816017	-0.305399
5901	2026-03-03T21:00:00Z	1.384000	0.709596	-0.591459
5902	2026-03-03T22:00:00Z	0.945000	0.551227	-0.726027
5903	2026-03-03T23:00:00Z	0.483000	0.384560	-0.660757
5904	2026-03-04T00:00:00Z	0.125000	0.255411	-0.426269
5905	2026-03-04T01:00:00Z	-0.046000	0.193723	-0.113618
5906	2026-03-04T02:00:00Z	-0.016000	0.204545	0.190975
5907	2026-03-04T03:00:00Z	0.191000	0.279221	0.431104
5908	2026-03-04T04:00:00Z	0.519000	0.397547	0.569702
5909	2026-03-04T05:00:00Z	0.898000	0.534271	0.602740
5910	2026-03-04T06:00:00Z	1.267000	0.667388	0.531023
5911	2026-03-04T07:00:00Z	1.557000	0.772006	0.336019
5912	2026-03-04T08:00:00Z	1.684000	0.817821	0.033038
5913	2026-03-04T09:00:00Z	1.598000	0.786797	-0.293312
5914	2026-03-04T10:00:00Z	1.320000	0.686508	-0.530218
5915	2026-03-04T11:00:00Z	0.940000	0.549423	-0.592264
5916	2026-03-04T12:00:00Z	0.585000	0.421356	-0.464142
5917	2026-03-04T13:00:00Z	0.364000	0.341631	-0.210314
5918	2026-03-04T14:00:00Z	0.324000	0.327201	0.077357
5919	2026-03-04T15:00:00Z	0.460000	0.376263	0.323127
5920	2026-03-04T16:00:00Z	0.725000	0.471861	0.473006
5921	2026-03-04T17:00:00Z	1.047000	0.588023	0.506044
5922	2026-03-04T18:00:00Z	1.353000	0.698413	0.428687
5923	2026-03-04T19:00:00Z	1.579000	0.779942	0.243352
5924	2026-03-04T20:00:00Z	1.655000	0.807359	-0.037873
5925	2026-03-04T21:00:00Z	1.532000	0.762987	-0.345689
5926	2026-03-04T22:00:00Z	1.226000	0.652597	-0.575342
5927	2026-03-04T23:00:00Z	0.818000	0.505411	-0.644641
5928	2026-03-05T00:00:00Z	0.426000	0.363997	-0.526189
5929	2026-03-05T01:00:00Z	0.165000	0.269841	-0.269944
5930	2026-03-05T02:00:00Z	0.091000	0.243146	0.029815
5931	2026-03-05T03:00:00Z	0.202000	0.283189	0.298147
5932	2026-03-05T04:00:00Z	0.461000	0.376623	0.485898
5933	2026-03-05T05:00:00Z	0.805000	0.500722	0.567284
5934	2026-03-05T06:00:00Z	1.165000	0.630592	0.540693
5935	2026-03-05T07:00:00Z	1.476000	0.742785	0.409347
5936	2026-03-05T08:00:00Z	1.673000	0.813853	0.170024
5937	2026-03-05T09:00:00Z	1.687000	0.818903	-0.141821
5938	2026-03-05T10:00:00Z	1.497000	0.750361	-0.431910
5939	2026-03-05T11:00:00Z	1.151000	0.625541	-0.598711
5940	2026-03-05T12:00:00Z	0.754000	0.482323	-0.581789
5941	2026-03-05T13:00:00Z	0.429000	0.365079	-0.397260
5942	2026-03-05T14:00:00Z	0.261000	0.304473	-0.124093
5943	2026-03-05T15:00:00Z	0.275000	0.309524	0.150685
5944	2026-03-05T16:00:00Z	0.448000	0.371934	0.363417
5945	2026-03-05T17:00:00Z	0.726000	0.472222	0.472200
5946	2026-03-05T18:00:00Z	1.034000	0.583333	0.468977
5947	2026-03-05T19:00:00Z	1.308000	0.682179	0.366640
5948	2026-03-05T20:00:00Z	1.489000	0.747475	0.171636
5949	2026-03-05T21:00:00Z	1.521000	0.759019	-0.091861
5950	2026-03-05T22:00:00Z	1.375000	0.706349	-0.352135
5951	2026-03-05T23:00:00Z	1.084000	0.601371	-0.515713
5952	2026-03-06T00:00:00Z	0.735000	0.475469	-0.522160
5953	2026-03-06T01:00:00Z	0.436000	0.367605	-0.368251
5954	2026-03-06T02:00:00Z	0.278000	0.310606	-0.116035
5955	2026-03-06T03:00:00Z	0.292000	0.315657	0.149073
5956	2026-03-06T04:00:00Z	0.463000	0.377345	0.366640
5957	2026-03-06T05:00:00Z	0.747000	0.479798	0.496374
5958	2026-03-06T06:00:00Z	1.079000	0.599567	0.517325
5959	2026-03-06T07:00:00Z	1.389000	0.711400	0.435939
5960	2026-03-06T08:00:00Z	1.620000	0.794733	0.260274
5961	2026-03-06T09:00:00Z	1.712000	0.827922	-0.000806
5962	2026-03-06T10:00:00Z	1.619000	0.794372	-0.294118
5963	2026-03-06T11:00:00Z	1.347000	0.696248	-0.525383
5964	2026-03-06T12:00:00Z	0.967000	0.559163	-0.613215
5965	2026-03-06T13:00:00Z	0.586000	0.421717	-0.527800
5966	2026-03-06T14:00:00Z	0.312000	0.322872	-0.307816
5967	2026-03-06T15:00:00Z	0.204000	0.283911	-0.038678
5968	2026-03-06T16:00:00Z	0.264000	0.305556	0.205479
5969	2026-03-06T17:00:00Z	0.459000	0.375902	0.377115
5970	2026-03-06T18:00:00Z	0.732000	0.474387	0.445608
5971	2026-03-06T19:00:00Z	1.012000	0.575397	0.412571
5972	2026-03-06T20:00:00Z	1.244000	0.659091	0.297341
5973	2026-03-06T21:00:00Z	1.381000	0.708514	0.110395
5974	2026-03-06T22:00:00Z	1.381000	0.708514	-0.118453
5975	2026-03-06T23:00:00Z	1.234000	0.655483	-0.319098
5976	2026-03-07T00:00:00Z	0.985000	0.565657	-0.418211
5977	2026-03-07T01:00:00Z	0.715000	0.468254	-0.377921
5978	2026-03-07T02:00:00Z	0.516000	0.396465	-0.212732
5979	2026-03-07T03:00:00Z	0.451000	0.373016	0.012087
5980	2026-03-07T04:00:00Z	0.531000	0.401876	0.225624
5981	2026-03-07T05:00:00Z	0.731000	0.474026	0.385173
5982	2026-03-07T06:00:00Z	1.009000	0.574315	0.459307
5983	2026-03-07T07:00:00Z	1.301000	0.679654	0.430298
5984	2026-03-07T08:00:00Z	1.543000	0.766955	0.308622
5985	2026-03-07T09:00:00Z	1.684000	0.817821	0.107977
5986	2026-03-07T10:00:00Z	1.677000	0.815296	-0.149073
5987	2026-03-07T11:00:00Z	1.499000	0.751082	-0.401289
5988	2026-03-07T12:00:00Z	1.179000	0.635642	-0.563255
5989	2026-03-07T13:00:00Z	0.800000	0.498918	-0.579371
5990	2026-03-07T14:00:00Z	0.460000	0.376263	-0.447220
5991	2026-03-07T15:00:00Z	0.245000	0.298701	-0.217566
5992	2026-03-07T16:00:00Z	0.190000	0.278860	0.028203
5993	2026-03-07T17:00:00Z	0.280000	0.311328	0.232877
5994	2026-03-07T18:00:00Z	0.479000	0.383117	0.362611
5995	2026-03-07T19:00:00Z	0.730000	0.473665	0.397260
5996	2026-03-07T20:00:00Z	0.972000	0.560967	0.348106
5997	2026-03-07T21:00:00Z	1.162000	0.629509	0.236100
5998	2026-03-07T22:00:00Z	1.265000	0.666667	0.073328
5999	2026-03-07T23:00:00Z	1.253000	0.662338	-0.108783
6000	2026-03-08T00:00:00Z	1.130000	0.617965	-0.249799
6001	2026-03-08T01:00:00Z	0.943000	0.550505	-0.297341
6002	2026-03-08T02:00:00Z	0.761000	0.484848	-0.235294
6003	2026-03-08T03:00:00Z	0.651000	0.445166	-0.087027
6004	2026-03-08T04:00:00Z	0.653000	0.445887	0.092667
6005	2026-03-08T05:00:00Z	0.766000	0.486652	0.251410
6006	2026-03-08T06:00:00Z	0.965000	0.558442	0.359388
6007	2026-03-08T07:00:00Z	1.212000	0.647547	0.389202
6008	2026-03-08T08:00:00Z	1.448000	0.732684	0.324738
6009	2026-03-08T09:00:00Z	1.615000	0.792929	0.182917
6010	2026-03-08T10:00:00Z	1.675000	0.814574	-0.019339
6011	2026-03-08T11:00:00Z	1.591000	0.784271	-0.253022
6012	2026-03-08T12:00:00Z	1.361000	0.701299	-0.452861
6013	2026-03-08T13:00:00Z	1.029000	0.581530	-0.551168
6014	2026-03-08T14:00:00Z	0.677000	0.454545	-0.516519
6015	2026-03-08T15:00:00Z	0.388000	0.350289	-0.362611
6016	2026-03-08T16:00:00Z	0.227000	0.292208	-0.146656
6017	2026-03-08T17:00:00Z	0.206000	0.284632	0.062853
6018	2026-03-08T18:00:00Z	0.305000	0.320346	0.228848
6019	2026-03-08T19:00:00Z	0.490000	0.387085	0.325544
6020	2026-03-08T20:00:00Z	0.709000	0.466089	0.340854
6021	2026-03-08T21:00:00Z	0.913000	0.539683	0.290089
6022	2026-03-08T22:00:00Z	1.069000	0.595960	0.195810
6023	2026-03-08T23:00:00Z	1.156000	0.627345	0.070105
6024	2026-03-09T00:00:00Z	1.156000	0.627345	-0.062853
6025	2026-03-09T01:00:00Z	1.078000	0.599206	-0.157131
6026	2026-03-09T02:00:00Z	0.961000	0.556999	-0.178888
6027	2026-03-09T03:00:00Z	0.856000	0.519120	-0.121676
6028	2026-03-09T04:00:00Z	0.810000	0.502525	-0.008058
6029	2026-03-09T05:00:00Z	0.846000	0.515512	0.120064
6030	2026-03-09T06:00:00Z	0.959000	0.556277	0.231265
6031	2026-03-09T07:00:00Z	1.133000	0.619048	0.302981
6032	2026-03-09T08:00:00Z	1.335000	0.691919	0.306205
6033	2026-03-09T09:00:00Z	1.513000	0.756133	0.228042
6034	2026-03-09T10:00:00Z	1.618000	0.794012	0.084609
6035	2026-03-09T11:00:00Z	1.618000	0.794012	-0.103143
6036	2026-03-09T12:00:00Z	1.490000	0.747835	-0.302176
6037	2026-03-09T13:00:00Z	1.243000	0.658730	-0.454472
6038	2026-03-09T14:00:00Z	0.926000	0.544372	-0.509267
6039	2026-03-09T15:00:00Z	0.611000	0.430736	-0.450443
6040	2026-03-09T16:00:00Z	0.367000	0.342713	-0.299758
6041	2026-03-09T17:00:00Z	0.239000	0.296537	-0.111201
6042	2026-03-09T18:00:00Z	0.229000	0.292929	0.063658
6043	2026-03-09T19:00:00Z	0.318000	0.325036	0.200645
6044	2026-03-09T20:00:00Z	0.478000	0.382756	0.278807
6045	2026-03-09T21:00:00Z	0.664000	0.449856	0.290089
6046	2026-03-09T22:00:00Z	0.838000	0.512626	0.254633
6047	2026-03-09T23:00:00Z	0.980000	0.563853	0.190169
6048	2026-03-10T00:00:00Z	1.074000	0.597763	0.099919
6049	2026-03-10T01:00:00Z	1.104000	0.608586	0.003223
6050	2026-03-10T02:00:00Z	1.078000	0.599206	-0.065270
6051	2026-03-10T03:00:00Z	1.023000	0.579365	-0.086221
6052	2026-03-10T04:00:00Z	0.971000	0.560606	-0.055600
6053	2026-03-10T05:00:00Z	0.954000	0.554473	0.016116
6054	2026-03-10T06:00:00Z	0.991000	0.567821	0.103143
6055	2026-03-10T07:00:00Z	1.082000	0.600649	0.185334
6056	2026-03-10T08:00:00Z	1.221000	0.650794	0.240129
6057	2026-03-10T09:00:00Z	1.380000	0.708153	0.235294
6058	2026-03-10T10:00:00Z	1.513000	0.756133	0.160355
6059	2026-03-10T11:00:00Z	1.579000	0.779942	0.029815
6060	2026-03-10T12:00:00Z	1.550000	0.769481	-0.136986
6061	2026-03-10T13:00:00Z	1.409000	0.718615	-0.306205
6062	2026-03-10T14:00:00Z	1.170000	0.632395	-0.427881
6063	2026-03-10T15:00:00Z	0.878000	0.527056	-0.464142
6064	2026-03-10T16:00:00Z	0.594000	0.424603	-0.404512
6065	2026-03-10T17:00:00Z	0.376000	0.345960	-0.272361
6066	2026-03-10T18:00:00Z	0.256000	0.302670	-0.112812
6067	2026-03-10T19:00:00Z	0.236000	0.295455	0.038678
6068	2026-03-10T20:00:00Z	0.304000	0.319986	0.162772
6069	2026-03-10T21:00:00Z	0.438000	0.368326	0.240129
6070	2026-03-10T22:00:00Z	0.602000	0.427489	0.263497
6071	2026-03-10T23:00:00Z	0.765000	0.486291	0.251410
6072	2026-03-11T00:00:00Z	0.914000	0.540043	0.215955
6073	2026-03-11T01:00:00Z	1.033000	0.582973	0.151491
6074	2026-03-11T02:00:00Z	1.102000	0.607864	0.071716
6075	2026-03-11T03:00:00Z	1.122000	0.615079	0.002417
6076	2026-03-11T04:00:00Z	1.105000	0.608947	-0.040290
6077	2026-03-11T05:00:00Z	1.072000	0.597042	-0.041902
6078	2026-03-11T06:00:00Z	1.053000	0.590188	-0.004029
6079	2026-03-11T07:00:00Z	1.067000	0.595238	0.059629
6080	2026-03-11T08:00:00Z	1.127000	0.616883	0.135375
6081	2026-03-11T09:00:00Z	1.235000	0.655844	0.193392
6082	2026-03-11T10:00:00Z	1.367000	0.703463	0.196616
6083	2026-03-11T11:00:00Z	1.479000	0.743867	0.133763
6084	2026-03-11T12:00:00Z	1.533000	0.763348	0.020145
6085	2026-03-11T13:00:00Z	1.504000	0.752886	-0.130540
6086	2026-03-11T14:00:00Z	1.371000	0.704906	-0.287671
6087	2026-03-11T15:00:00Z	1.147000	0.624098	-0.401289
6088	2026-03-11T16:00:00Z	0.873000	0.525253	-0.440774
6089	2026-03-11T17:00:00Z	0.600000	0.426768	-0.396454
6090	2026-03-11T18:00:00Z	0.381000	0.347763	-0.283642
6091	2026-03-11T19:00:00Z	0.248000	0.299784	-0.138598
6092	2026-03-11T20:00:00Z	0.209000	0.285714	0.008058
6093	2026-03-11T21:00:00Z	0.258000	0.303391	0.136986
6094	2026-03-11T22:00:00Z	0.379000	0.347042	0.227236
6095	2026-03-11T23:00:00Z	0.540000	0.405123	0.270749
6096	2026-03-12T00:00:00Z	0.715000	0.468254	0.282836
6097	2026-03-12T01:00:00Z	0.891000	0.531746	0.264303
6098	2026-03-12T02:00:00Z	1.043000	0.586580	0.205479
6099	2026-03-12T03:00:00Z	1.146000	0.623737	0.118453
6100	2026-03-12T04:00:00Z	1.190000	0.639610	0.024980
6101	2026-03-12T05:00:00Z	1.177000	0.634921	-0.048348
6102	2026-03-12T06:00:00Z	1.130000	0.617965	-0.074940
6103	2026-03-12T07:00:00Z	1.084000	0.601371	-0.049154
6104	2026-03-12T08:00:00Z	1.069000	0.595960	0.016922
6105	2026-03-12T09:00:00Z	1.105000	0.608947	0.105560
6106	2026-03-12T10:00:00Z	1.200000	0.643218	0.179694
6107	2026-03-12T11:00:00Z	1.328000	0.689394	0.197421
6108	2026-03-12T12:00:00Z	1.445000	0.731602	0.147462
6109	2026-03-12T13:00:00Z	1.511000	0.755411	0.041902
6110	2026-03-12T14:00:00Z	1.497000	0.750361	-0.107977
6111	2026-03-12T15:00:00Z	1.377000	0.707071	-0.272361
6112	2026-03-12T16:00:00Z	1.159000	0.628427	-0.399678
6113	2026-03-12T17:00:00Z	0.881000	0.528139	-0.455278
6114	2026-03-12T18:00:00Z	0.594000	0.424603	-0.423852
6115	2026-03-12T19:00:00Z	0.355000	0.338384	-0.316680
6116	2026-03-12T20:00:00Z	0.201000	0.282828	-0.167607
6117	2026-03-12T21:00:00Z	0.147000	0.263348	-0.005641
6118	2026-03-12T22:00:00Z	0.194000	0.280303	0.142627
6119	2026-03-12T23:00:00Z	0.324000	0.327201	0.250604
6120	2026-03-13T00:00:00Z	0.505000	0.392496	0.311845
6121	2026-03-13T01:00:00Z	0.711000	0.466811	0.336825
6122	2026-03-13T02:00:00Z	0.923000	0.543290	0.317486
6123	2026-03-13T03:00:00Z	1.105000	0.608947	0.240129
6124	2026-03-13T04:00:00Z	1.221000	0.650794	0.120064
6125	2026-03-13T05:00:00Z	1.254000	0.662698	-0.007252
6126	2026-03-13T06:00:00Z	1.212000	0.647547	-0.102337
6127	2026-03-13T07:00:00Z	1.127000	0.616883	-0.133763
6128	2026-03-13T08:00:00Z	1.046000	0.587662	-0.095890
6129	2026-03-13T09:00:00Z	1.008000	0.573954	-0.004835
6130	2026-03-13T10:00:00Z	1.040000	0.585498	0.111201
6131	2026-03-13T11:00:00Z	1.146000	0.623737	0.204674
6132	2026-03-13T12:00:00Z	1.294000	0.677128	0.232071
6133	2026-03-13T13:00:00Z	1.434000	0.727633	0.186140
6134	2026-03-13T14:00:00Z	1.525000	0.760462	0.074134
6135	2026-03-13T15:00:00Z	1.526000	0.760823	-0.094279
6136	2026-03-13T16:00:00Z	1.408000	0.718254	-0.282836
6137	2026-03-13T17:00:00Z	1.175000	0.634199	-0.435133
6138	2026-03-13T18:00:00Z	0.868000	0.523449	-0.504432
6139	2026-03-13T19:00:00Z	0.549000	0.408369	-0.470588
6140	2026-03-13T20:00:00Z	0.284000	0.312771	-0.347301
6141	2026-03-13T21:00:00Z	0.118000	0.252886	-0.173247
6142	2026-03-13T22:00:00Z	0.069000	0.235209	0.016116
6143	2026-03-13T23:00:00Z	0.138000	0.260101	0.187752
6144	2026-03-14T00:00:00Z	0.302000	0.319264	0.309428
6145	2026-03-14T01:00:00Z	0.522000	0.398629	0.377115
6146	2026-03-14T02:00:00Z	0.770000	0.488095	0.396454
6147	2026-03-14T03:00:00Z	1.014000	0.576118	0.350524
6148	2026-03-14T04:00:00Z	1.205000	0.645022	0.231265
6149	2026-03-14T05:00:00Z	1.301000	0.679654	0.069299
6150	2026-03-14T06:00:00Z	1.291000	0.676046	-0.087832
6151	2026-03-14T07:00:00Z	1.192000	0.640332	-0.187752
6152	2026-03-14T08:00:00Z	1.058000	0.591991	-0.196616
6153	2026-03-14T09:00:00Z	0.948000	0.552309	-0.121676
6154	2026-03-14T10:00:00Z	0.907000	0.537518	0.009670
6155	2026-03-14T11:00:00Z	0.960000	0.556638	0.155520
6156	2026-03-14T12:00:00Z	1.100000	0.607143	0.260274
6157	2026-03-14T13:00:00Z	1.283000	0.673160	0.286865
6158	2026-03-14T14:00:00Z	1.456000	0.735570	0.230459
6159	2026-03-14T15:00:00Z	1.569000	0.776335	0.094279
6160	2026-03-14T16:00:00Z	1.573000	0.777778	-0.107977
6161	2026-03-14T17:00:00Z	1.435000	0.727994	-0.329573
6162	2026-03-14T18:00:00Z	1.164000	0.630231	-0.502015
6163	2026-03-14T19:00:00Z	0.812000	0.503247	-0.569702
6164	2026-03-14T20:00:00Z	0.457000	0.375180	-0.511684
6165	2026-03-14T21:00:00Z	0.177000	0.274170	-0.350524
6166	2026-03-14T22:00:00Z	0.022000	0.218254	-0.136986
6167	2026-03-14T23:00:00Z	0.007000	0.212843	0.082192
6168	2026-03-15T00:00:00Z	0.124000	0.255051	0.269138
6169	2026-03-15T01:00:00Z	0.341000	0.333333	0.392425
6170	2026-03-15T02:00:00Z	0.611000	0.430736	0.447220
6171	2026-03-15T03:00:00Z	0.896000	0.533550	0.436745
6172	2026-03-15T04:00:00Z	1.153000	0.626263	0.342466
6173	2026-03-15T05:00:00Z	1.321000	0.686869	0.168413
6174	2026-03-15T06:00:00Z	1.362000	0.701659	-0.036261
6175	2026-03-15T07:00:00Z	1.276000	0.670635	-0.204674
6176	2026-03-15T08:00:00Z	1.108000	0.610029	-0.279613
6177	2026-03-15T09:00:00Z	0.929000	0.545455	-0.240129
6178	2026-03-15T10:00:00Z	0.810000	0.502525	-0.111201
6179	2026-03-15T11:00:00Z	0.791000	0.495671	0.062047
6180	2026-03-15T12:00:00Z	0.887000	0.530303	0.228848
6181	2026-03-15T13:00:00Z	1.075000	0.598124	0.332796
6182	2026-03-15T14:00:00Z	1.300000	0.679293	0.343272
6183	2026-03-15T15:00:00Z	1.501000	0.751804	0.261080
6184	2026-03-15T16:00:00Z	1.624000	0.796176	0.089444
6185	2026-03-15T17:00:00Z	1.612000	0.791847	-0.153908
6186	2026-03-15T18:00:00Z	1.433000	0.727273	-0.404512
6187	2026-03-15T19:00:00Z	1.110000	0.610750	-0.581789
6188	2026-03-15T20:00:00Z	0.711000	0.466811	-0.625302
6189	2026-03-15T21:00:00Z	0.334000	0.330808	-0.519742
6190	2026-03-15T22:00:00Z	0.066000	0.234127	-0.307816
6191	2026-03-15T23:00:00Z	-0.048000	0.193001	-0.055600
6192	2026-03-16T00:00:00Z	-0.003000	0.209235	0.185334
6193	2026-03-16T01:00:00Z	0.182000	0.275974	0.371475
6194	2026-03-16T02:00:00Z	0.458000	0.375541	0.475423
6195	2026-03-16T03:00:00Z	0.772000	0.488817	0.498791
6196	2026-03-16T04:00:00Z	1.077000	0.598846	0.437550
6197	2026-03-16T05:00:00Z	1.315000	0.684704	0.279613
6198	2026-03-16T06:00:00Z	1.424000	0.724026	0.049960
6199	2026-03-16T07:00:00Z	1.377000	0.707071	-0.181305
6200	2026-03-16T08:00:00Z	1.199000	0.642857	-0.334408
6201	2026-03-16T09:00:00Z	0.962000	0.557359	-0.356970
6202	2026-03-16T10:00:00Z	0.756000	0.483045	-0.250604
6203	2026-03-16T11:00:00Z	0.651000	0.445166	-0.062853
6204	2026-03-16T12:00:00Z	0.678000	0.454906	0.145044
6205	2026-03-16T13:00:00Z	0.831000	0.510101	0.317486
6206	2026-03-16T14:00:00Z	1.072000	0.597042	0.405318
6207	2026-03-16T15:00:00Z	1.334000	0.691558	0.387591
6208	2026-03-16T16:00:00Z	1.553000	0.770563	0.269944
6209	2026-03-16T17:00:00Z	1.669000	0.812410	0.054795
6210	2026-03-16T18:00:00Z	1.621000	0.795094	-0.225624
6211	2026-03-16T19:00:00Z	1.389000	0.711400	-0.489927
6212	2026-03-16T20:00:00Z	1.013000	0.575758	-0.648670
6213	2026-03-16T21:00:00Z	0.584000	0.420996	-0.644641
6214	2026-03-16T22:00:00Z	0.213000	0.287157	-0.480258
6215	2026-03-16T23:00:00Z	-0.012000	0.205988	-0.217566
6216	2026-03-17T00:00:00Z	-0.057000	0.189755	0.063658
6217	2026-03-17T01:00:00Z	0.067000	0.234488	0.307010
6218	2026-03-17T02:00:00Z	0.324000	0.327201	0.472200
6219	2026-03-17T03:00:00Z	0.653000	0.445887	0.539081
6220	2026-03-17T04:00:00Z	0.993000	0.568543	0.511684
6221	2026-03-17T05:00:00Z	1.288000	0.674964	0.385173
6222	2026-03-17T06:00:00Z	1.471000	0.740981	0.159549
6223	2026-03-17T07:00:00Z	1.486000	0.746392	-0.113618
6224	2026-03-17T08:00:00Z	1.330000	0.690115	-0.344883
6225	2026-03-17T09:00:00Z	1.058000	0.591991	-0.454472
6226	2026-03-17T10:00:00Z	0.766000	0.486652	-0.403707
6227	2026-03-17T11:00:00Z	0.557000	0.411255	-0.221595
6228	2026-03-17T12:00:00Z	0.491000	0.387446	0.016116
6229	2026-03-17T13:00:00Z	0.577000	0.418470	0.243352
6230	2026-03-17T14:00:00Z	0.793000	0.496392	0.406124
6231	2026-03-17T15:00:00Z	1.081000	0.600289	0.464948
6232	2026-03-17T16:00:00Z	1.370000	0.704545	0.411765
6233	2026-03-17T17:00:00Z	1.592000	0.784632	0.253828
6234	2026-03-17T18:00:00Z	1.685000	0.818182	0.000000
6235	2026-03-17T19:00:00Z	1.592000	0.784632	-0.303787
6236	2026-03-17T20:00:00Z	1.308000	0.682179	-0.561644
6237	2026-03-17T21:00:00Z	0.895000	0.533189	-0.680097
6238	2026-03-17T22:00:00Z	0.464000	0.377706	-0.614827
6239	2026-03-17T23:00:00Z	0.132000	0.257937	-0.390008
6240	2026-03-18T00:00:00Z	-0.020000	0.203102	-0.089444
6241	2026-03-18T01:00:00Z	0.021000	0.217893	0.199033
6242	2026-03-18T02:00:00Z	0.227000	0.292208	0.423046
6243	2026-03-18T03:00:00Z	0.546000	0.407287	0.548751
6244	2026-03-18T04:00:00Z	0.908000	0.537879	0.563255
6245	2026-03-18T05:00:00Z	1.245000	0.659452	0.472200
6246	2026-03-18T06:00:00Z	1.494000	0.749278	0.277196
6247	2026-03-18T07:00:00Z	1.589000	0.783550	-0.004029
6248	2026-03-18T08:00:00Z	1.489000	0.747475	-0.298952
6249	2026-03-18T09:00:00Z	1.218000	0.649711	-0.505238
6250	2026-03-18T10:00:00Z	0.862000	0.521284	-0.545528
6251	2026-03-18T11:00:00Z	0.541000	0.405483	-0.410153
6252	2026-03-18T12:00:00Z	0.353000	0.337662	-0.160355
6253	2026-03-18T13:00:00Z	0.342000	0.333694	0.113618
6254	2026-03-18T14:00:00Z	0.494000	0.388528	0.341660
6255	2026-03-18T15:00:00Z	0.766000	0.486652	0.480258
6256	2026-03-18T16:00:00Z	1.090000	0.603535	0.502820
6257	2026-03-18T17:00:00Z	1.390000	0.711760	0.413376
6258	2026-03-18T18:00:00Z	1.603000	0.788600	0.220790
6259	2026-03-18T19:00:00Z	1.664000	0.810606	-0.061241
6260	2026-03-18T20:00:00Z	1.527000	0.761183	-0.369057
6261	2026-03-18T21:00:00Z	1.206000	0.645382	-0.598711
6262	2026-03-18T22:00:00Z	0.784000	0.493146	-0.662369
6263	2026-03-18T23:00:00Z	0.384000	0.348846	-0.532635
6264	2026-03-19T00:00:00Z	0.123000	0.254690	-0.261080
6265	2026-03-19T01:00:00Z	0.060000	0.231962	0.052377
6266	2026-03-19T02:00:00Z	0.188000	0.278139	0.325544
6267	2026-03-19T03:00:00Z	0.464000	0.377706	0.511684
6268	2026-03-19T04:00:00Z	0.823000	0.507215	0.583400
6269	2026-03-19T05:00:00Z	1.188000	0.638889	0.536664
6270	2026-03-19T06:00:00Z	1.489000	0.747475	0.382756
6271	2026-03-19T07:00:00Z	1.663000	0.810245	0.127317
6272	2026-03-19T08:00:00Z	1.647000	0.804473	-0.191781
6273	2026-03-19T09:00:00Z	1.425000	0.724387	-0.481064
6274	2026-03-19T10:00:00Z	1.050000	0.589105	-0.634972
6275	2026-03-19T11:00:00Z	0.637000	0.440115	-0.593070
6276	2026-03-19T12:00:00Z	0.314000	0.323593	-0.377921
6277	2026-03-19T13:00:00Z	0.168000	0.270924	-0.078163
6278	2026-03-19T14:00:00Z	0.217000	0.288600	0.209508
6279	2026-03-19T15:00:00Z	0.428000	0.364719	0.423046
6280	2026-03-19T16:00:00Z	0.742000	0.477994	0.530218
6281	2026-03-19T17:00:00Z	1.086000	0.602092	0.517325
6282	2026-03-19T18:00:00Z	1.384000	0.709596	0.395649
6283	2026-03-19T19:00:00Z	1.577000	0.779221	0.178888
6284	2026-03-19T20:00:00Z	1.606000	0.789683	-0.112006
6285	2026-03-19T21:00:00Z	1.438000	0.729076	-0.402901
6286	2026-03-19T22:00:00Z	1.106000	0.609307	-0.588235
6287	2026-03-19T23:00:00Z	0.708000	0.465729	-0.592264
6288	2026-03-20T00:00:00Z	0.371000	0.344156	-0.411765
6289	2026-03-20T01:00:00Z	0.197000	0.281385	-0.118453
6290	2026-03-20T02:00:00Z	0.224000	0.291126	0.184529
6291	2026-03-20T03:00:00Z	0.426000	0.363997	0.421434
6292	2026-03-20T04:00:00Z	0.747000	0.479798	0.555197
6293	2026-03-20T05:00:00Z	1.115000	0.612554	0.568896
6294	2026-03-20T06:00:00Z	1.453000	0.734488	0.464948
6295	2026-03-20T07:00:00Z	1.692000	0.820707	0.255439
6296	2026-03-20T08:00:00Z	1.770000	0.848846	-0.042707
6297	2026-03-20T09:00:00Z	1.639000	0.801587	-0.373892
6298	2026-03-20T10:00:00Z	1.306000	0.681457	-0.631749
6299	2026-03-20T11:00:00Z	0.855000	0.518759	-0.717164
6300	2026-03-20T12:00:00Z	0.416000	0.360390	-0.597099
6301	2026-03-20T13:00:00Z	0.114000	0.251443	-0.319903
6302	2026-03-20T14:00:00Z	0.019000	0.217172	0.008058
6303	2026-03-20T15:00:00Z	0.124000	0.255051	0.289283
6304	2026-03-20T16:00:00Z	0.378000	0.346681	0.475423
6305	2026-03-20T17:00:00Z	0.714000	0.467893	0.548751
6306	2026-03-20T18:00:00Z	1.059000	0.592352	0.507655
6307	2026-03-20T19:00:00Z	1.344000	0.695166	0.366640
6308	2026-03-20T20:00:00Z	1.514000	0.756494	0.141821
6309	2026-03-20T21:00:00Z	1.520000	0.758658	-0.138598
6310	2026-03-20T22:00:00Z	1.342000	0.694444	-0.395649
6311	2026-03-20T23:00:00Z	1.029000	0.581530	-0.528606
6312	2026-03-21T00:00:00Z	0.686000	0.457792	-0.482675
6313	2026-03-21T01:00:00Z	0.430000	0.365440	-0.274778
6314	2026-03-21T02:00:00Z	0.345000	0.334776	0.014504
6315	2026-03-21T03:00:00Z	0.448000	0.371934	0.282836
6316	2026-03-21T04:00:00Z	0.696000	0.461400	0.468977
6317	2026-03-21T05:00:00Z	1.030000	0.581890	0.550363
6318	2026-03-21T06:00:00Z	1.379000	0.707792	0.511684
6319	2026-03-21T07:00:00Z	1.665000	0.810967	0.360193
6320	2026-03-21T08:00:00Z	1.826000	0.869048	0.113618
6321	2026-03-21T09:00:00Z	1.806000	0.861833	-0.203062
6322	2026-03-21T10:00:00Z	1.574000	0.778139	-0.520548
6323	2026-03-21T11:00:00Z	1.160000	0.628788	-0.730056
6324	2026-03-21T12:00:00Z	0.668000	0.451299	-0.746978
6325	2026-03-21T13:00:00Z	0.233000	0.294372	-0.563255
6326	2026-03-21T14:00:00Z	-0.031000	0.199134	-0.250604
6327	2026-03-21T15:00:00Z	-0.078000	0.182179	0.076551
6328	2026-03-21T16:00:00Z	0.064000	0.233405	0.334408
6329	2026-03-21T17:00:00Z	0.337000	0.331890	0.491539
6330	2026-03-21T18:00:00Z	0.674000	0.453463	0.536664
6331	2026-03-21T19:00:00Z	1.003000	0.572150	0.478646
6332	2026-03-21T20:00:00Z	1.268000	0.667749	0.336825
6333	2026-03-21T21:00:00Z	1.421000	0.722944	0.122482
6334	2026-03-21T22:00:00Z	1.420000	0.722583	-0.131346
6335	2026-03-21T23:00:00Z	1.258000	0.664141	-0.345689
6336	2026-03-22T00:00:00Z	0.991000	0.567821	-0.432716
6337	2026-03-22T01:00:00Z	0.721000	0.470418	-0.356164
6338	2026-03-22T02:00:00Z	0.549000	0.408369	-0.145850
6339	2026-03-22T03:00:00Z	0.540000	0.405123	0.112006
6340	2026-03-22T04:00:00Z	0.688000	0.458514	0.330379
6341	2026-03-22T05:00:00Z	0.950000	0.553030	0.468171
6342	2026-03-22T06:00:00Z	1.269000	0.668110	0.503626
6343	2026-03-22T07:00:00Z	1.575000	0.778499	0.426269
6344	2026-03-22T08:00:00Z	1.798000	0.858947	0.248187
6345	2026-03-22T09:00:00Z	1.883000	0.889610	-0.012893
6346	2026-03-22T10:00:00Z	1.782000	0.853175	-0.326350
6347	2026-03-22T11:00:00Z	1.478000	0.743506	-0.611604
6348	2026-03-22T12:00:00Z	1.023000	0.579365	-0.766317
6349	2026-03-22T13:00:00Z	0.527000	0.400433	-0.729251
6350	2026-03-22T14:00:00Z	0.118000	0.252886	-0.510878
6351	2026-03-22T15:00:00Z	-0.107000	0.171717	-0.194198
6352	2026-03-22T16:00:00Z	-0.123000	0.165945	0.112006
6353	2026-03-22T17:00:00Z	0.032000	0.221861	0.339243
6354	2026-03-22T18:00:00Z	0.298000	0.317821	0.469782
6355	2026-03-22T19:00:00Z	0.615000	0.432179	0.500403
6356	2026-03-22T20:00:00Z	0.919000	0.541847	0.442385
6357	2026-03-22T21:00:00Z	1.164000	0.630231	0.315068
6358	2026-03-22T22:00:00Z	1.310000	0.682900	0.127317
6359	2026-03-22T23:00:00Z	1.322000	0.687229	-0.088638
6360	2026-03-23T00:00:00Z	1.200000	0.643218	-0.261080
6361	2026-03-23T01:00:00Z	0.998000	0.570346	-0.318292
6362	2026-03-23T02:00:00Z	0.805000	0.500722	-0.236906
6363	2026-03-23T03:00:00Z	0.704000	0.464286	-0.053183
6364	2026-03-23T04:00:00Z	0.739000	0.476912	0.157937
6365	2026-03-23T05:00:00Z	0.900000	0.534993	0.327961
6366	2026-03-23T06:00:00Z	1.146000	0.623737	0.424658
6367	2026-03-23T07:00:00Z	1.427000	0.725108	0.431104
6368	2026-03-23T08:00:00Z	1.681000	0.816739	0.336825
6369	2026-03-23T09:00:00Z	1.845000	0.875902	0.153908
6370	2026-03-23T10:00:00Z	1.872000	0.885642	-0.099919
6371	2026-03-23T11:00:00Z	1.721000	0.831169	-0.390814
6372	2026-03-23T12:00:00Z	1.387000	0.710678	-0.638195
6373	2026-03-23T13:00:00Z	0.929000	0.545455	-0.751007
6374	2026-03-23T14:00:00Z	0.455000	0.374459	-0.684126
6375	2026-03-23T15:00:00Z	0.080000	0.239177	-0.460919
6376	2026-03-23T16:00:00Z	-0.117000	0.168110	-0.165995
6377	2026-03-23T17:00:00Z	-0.126000	0.164863	0.105560
6378	2026-03-23T18:00:00Z	0.014000	0.215368	0.305399
6379	2026-03-23T19:00:00Z	0.253000	0.301587	0.420629
6380	2026-03-23T20:00:00Z	0.536000	0.403680	0.451249
6381	2026-03-23T21:00:00Z	0.813000	0.503608	0.411765
6382	2026-03-23T22:00:00Z	1.047000	0.588023	0.314263
6383	2026-03-23T23:00:00Z	1.203000	0.644300	0.162772
6384	2026-03-24T00:00:00Z	1.249000	0.660895	-0.016922
6385	2026-03-24T01:00:00Z	1.182000	0.636724	-0.161966
6386	2026-03-24T02:00:00Z	1.048000	0.588384	-0.213537
6387	2026-03-24T03:00:00Z	0.917000	0.541126	-0.153908
6388	2026-03-24T04:00:00Z	0.857000	0.519481	-0.012087
6389	2026-03-24T05:00:00Z	0.902000	0.535714	0.149879
6390	2026-03-24T06:00:00Z	1.043000	0.586580	0.281225
6391	2026-03-24T07:00:00Z	1.251000	0.661616	0.357776
6392	2026-03-24T08:00:00Z	1.487000	0.746753	0.357776
6393	2026-03-24T09:00:00Z	1.695000	0.821789	0.267526
6394	2026-03-24T10:00:00Z	1.819000	0.866522	0.098308
6395	2026-03-24T11:00:00Z	1.817000	0.865801	-0.132957
6396	2026-03-24T12:00:00Z	1.654000	0.806999	-0.394037
6397	2026-03-24T13:00:00Z	1.328000	0.689394	-0.609992
6398	2026-03-24T14:00:00Z	0.897000	0.533911	-0.701853
6399	2026-03-24T15:00:00Z	0.457000	0.375180	-0.634972
6400	2026-03-24T16:00:00Z	0.109000	0.249639	-0.434327
6401	2026-03-24T17:00:00Z	-0.082000	0.180736	-0.175665
6402	2026-03-24T18:00:00Z	-0.109000	0.170996	0.062853
6403	2026-03-24T19:00:00Z	-0.004000	0.208874	0.245770
6404	2026-03-24T20:00:00Z	0.196000	0.281025	0.362611
6405	2026-03-24T21:00:00Z	0.446000	0.371212	0.408541
6406	2026-03-24T22:00:00Z	0.703000	0.463925	0.398872
6407	2026-03-24T23:00:00Z	0.941000	0.549784	0.340048
6408	2026-03-25T00:00:00Z	1.125000	0.616162	0.222401
6409	2026-03-25T01:00:00Z	1.217000	0.649351	0.066882
6410	2026-03-25T02:00:00Z	1.208000	0.646104	-0.071716
6411	2026-03-25T03:00:00Z	1.128000	0.617244	-0.143433
6412	2026-03-25T04:00:00Z	1.030000	0.581890	-0.123288
6413	2026-03-25T05:00:00Z	0.975000	0.562049	-0.027397
6414	2026-03-25T06:00:00Z	0.996000	0.569625	0.096696
6415	2026-03-25T07:00:00Z	1.095000	0.605339	0.211120
6416	2026-03-25T08:00:00Z	1.258000	0.664141	0.289283
6417	2026-03-25T09:00:00Z	1.454000	0.734848	0.302176
6418	2026-03-25T10:00:00Z	1.633000	0.799423	0.234488
6419	2026-03-25T11:00:00Z	1.745000	0.839827	0.092667
6420	2026-03-25T12:00:00Z	1.748000	0.840909	-0.111201
6421	2026-03-25T13:00:00Z	1.607000	0.790043	-0.348912
6422	2026-03-25T14:00:00Z	1.315000	0.684704	-0.551168
6423	2026-03-25T15:00:00Z	0.923000	0.543290	-0.645447
6424	2026-03-25T16:00:00Z	0.514000	0.395743	-0.602740
6425	2026-03-25T17:00:00Z	0.175000	0.273449	-0.439162
6426	2026-03-25T18:00:00Z	-0.031000	0.199134	-0.216761
6427	2026-03-25T19:00:00Z	-0.094000	0.176407	0.000806
6428	2026-03-25T20:00:00Z	-0.030000	0.199495	0.182917
6429	2026-03-25T21:00:00Z	0.133000	0.258297	0.314263
6430	2026-03-25T22:00:00Z	0.360000	0.340188	0.389202
6431	2026-03-25T23:00:00Z	0.616000	0.432540	0.414988
6432	2026-03-26T00:00:00Z	0.875000	0.525974	0.388396
6433	2026-03-26T01:00:00Z	1.098000	0.606421	0.292506
6434	2026-03-26T02:00:00Z	1.238000	0.656926	0.140210
6435	2026-03-26T03:00:00Z	1.272000	0.669192	-0.017728
6436	2026-03-26T04:00:00Z	1.216000	0.648990	-0.126511
6437	2026-03-26T05:00:00Z	1.115000	0.612554	-0.149879
6438	2026-03-26T06:00:00Z	1.030000	0.581890	-0.090250
6439	2026-03-26T07:00:00Z	1.003000	0.572150	0.018533
6440	2026-03-26T08:00:00Z	1.053000	0.590188	0.141015
6441	2026-03-26T09:00:00Z	1.178000	0.635281	0.240935
6442	2026-03-26T10:00:00Z	1.352000	0.698052	0.281225
6443	2026-03-26T11:00:00Z	1.527000	0.761183	0.242546
6444	2026-03-26T12:00:00Z	1.653000	0.806638	0.130540
6445	2026-03-26T13:00:00Z	1.689000	0.819625	-0.051571
6446	2026-03-26T14:00:00Z	1.589000	0.783550	-0.278807
6447	2026-03-26T15:00:00Z	1.343000	0.694805	-0.486704
6448	2026-03-26T16:00:00Z	0.985000	0.565657	-0.606769
6449	2026-03-26T17:00:00Z	0.590000	0.423160	-0.597905
6450	2026-03-26T18:00:00Z	0.243000	0.297980	-0.469782
6451	2026-03-26T19:00:00Z	0.007000	0.212843	-0.270749
6452	2026-03-26T20:00:00Z	-0.093000	0.176768	-0.055600
6453	2026-03-26T21:00:00Z	-0.062000	0.187951	0.141015
6454	2026-03-26T22:00:00Z	0.082000	0.239899	0.297341
6455	2026-03-26T23:00:00Z	0.307000	0.321068	0.401289
6456	2026-03-27T00:00:00Z	0.580000	0.419553	0.456084
6457	2026-03-27T01:00:00Z	0.873000	0.525253	0.448026
6458	2026-03-27T02:00:00Z	1.136000	0.620130	0.351330
6459	2026-03-27T03:00:00Z	1.309000	0.682540	0.178888
6460	2026-03-27T04:00:00Z	1.358000	0.700216	-0.016922
6461	2026-03-27T05:00:00Z	1.288000	0.674964	-0.169218
6462	2026-03-27T06:00:00Z	1.148000	0.624459	-0.225624
6463	2026-03-27T07:00:00Z	1.008000	0.573954	-0.178082
6464	2026-03-27T08:00:00Z	0.927000	0.544733	-0.058824
6465	2026-03-27T09:00:00Z	0.935000	0.547619	0.091056
6466	2026-03-27T10:00:00Z	1.040000	0.585498	0.225624
6467	2026-03-27T11:00:00Z	1.215000	0.648629	0.295729
6468	2026-03-27T12:00:00Z	1.407000	0.717893	0.285254
6469	2026-03-27T13:00:00Z	1.569000	0.776335	0.195810
6470	2026-03-27T14:00:00Z	1.650000	0.805556	0.022562
6471	2026-03-27T15:00:00Z	1.597000	0.786436	-0.211926
6472	2026-03-27T16:00:00Z	1.387000	0.710678	-0.442385
6473	2026-03-27T17:00:00Z	1.048000	0.588384	-0.593876
6474	2026-03-27T18:00:00Z	0.650000	0.444805	-0.616438
6475	2026-03-27T19:00:00Z	0.283000	0.312410	-0.507655
6476	2026-03-27T20:00:00Z	0.020000	0.217532	-0.311039
6477	2026-03-27T21:00:00Z	-0.103000	0.173160	-0.081386
6478	2026-03-27T22:00:00Z	-0.081000	0.181097	0.138598
6479	2026-03-27T23:00:00Z	0.069000	0.235209	0.318292
6480	2026-03-28T00:00:00Z	0.314000	0.323593	0.442385
6481	2026-03-28T01:00:00Z	0.618000	0.433261	0.510073
6482	2026-03-28T02:00:00Z	0.947000	0.551948	0.498791
6483	2026-03-28T03:00:00Z	1.237000	0.656566	0.376309
6484	2026-03-28T04:00:00Z	1.414000	0.720418	0.162772
6485	2026-03-28T05:00:00Z	1.439000	0.729437	-0.077357
6486	2026-03-28T06:00:00Z	1.318000	0.685786	-0.261886
6487	2026-03-28T07:00:00Z	1.114000	0.612193	-0.327156
6488	2026-03-28T08:00:00Z	0.912000	0.539322	-0.265109
6489	2026-03-28T09:00:00Z	0.785000	0.493506	-0.112812
6490	2026-03-28T10:00:00Z	0.772000	0.488817	0.076551
6491	2026-03-28T11:00:00Z	0.880000	0.527778	0.244158
6492	2026-03-28T12:00:00Z	1.075000	0.598124	0.339243
6493	2026-03-28T13:00:00Z	1.301000	0.679654	0.347301
6494	2026-03-28T14:00:00Z	1.506000	0.753608	0.265109
6495	2026-03-28T15:00:00Z	1.630000	0.798341	0.084609
6496	2026-03-28T16:00:00Z	1.611000	0.791486	-0.170830
6497	2026-03-28T17:00:00Z	1.418000	0.721861	-0.427881
6498	2026-03-28T18:00:00Z	1.080000	0.599928	-0.604351
6499	2026-03-28T19:00:00Z	0.668000	0.451299	-0.640612
6500	2026-03-28T20:00:00Z	0.285000	0.313131	-0.526994
6501	2026-03-28T21:00:00Z	0.014000	0.215368	-0.314263
6502	2026-03-28T22:00:00Z	-0.105000	0.172439	-0.062047
6503	2026-03-28T23:00:00Z	-0.063000	0.187590	0.180500
6504	2026-03-29T00:00:00Z	0.119000	0.253247	0.372280
6505	2026-03-29T01:00:00Z	0.399000	0.354257	0.498791
6506	2026-03-29T02:00:00Z	0.738000	0.476551	0.557615
6507	2026-03-29T03:00:00Z	1.091000	0.603896	0.516519
6508	2026-03-29T04:00:00Z	1.379000	0.707792	0.348106
6509	2026-03-29T05:00:00Z	1.523000	0.759740	0.085415
6510	2026-03-29T06:00:00Z	1.485000	0.746032	-0.189363
6511	2026-03-29T07:00:00Z	1.288000	0.674964	-0.382756
6512	2026-03-29T08:00:00Z	1.010000	0.574675	-0.428687
6513	2026-03-29T09:00:00Z	0.756000	0.483045	-0.326350
6514	2026-03-29T10:00:00Z	0.605000	0.428571	-0.128122
6515	2026-03-29T11:00:00Z	0.597000	0.425685	0.100725
6516	2026-03-29T12:00:00Z	0.730000	0.473665	0.291700
6517	2026-03-29T13:00:00Z	0.959000	0.556277	0.396454
6518	2026-03-29T14:00:00Z	1.222000	0.651154	0.407736
6519	2026-03-29T15:00:00Z	1.465000	0.738817	0.318292
6520	2026-03-29T16:00:00Z	1.617000	0.793651	0.116841
6521	2026-03-29T17:00:00Z	1.610000	0.791126	-0.161966
6522	2026-03-29T18:00:00Z	1.416000	0.721140	-0.439968
6523	2026-03-29T19:00:00Z	1.064000	0.594156	-0.623691
6524	2026-03-29T20:00:00Z	0.642000	0.441919	-0.646253
6525	2026-03-29T21:00:00Z	0.262000	0.304834	-0.508461
6526	2026-03-29T22:00:00Z	0.011000	0.214286	-0.269138
6527	2026-03-29T23:00:00Z	-0.072000	0.184343	0.004835
6528	2026-03-30T00:00:00Z	0.017000	0.216450	0.255439
6529	2026-03-30T01:00:00Z	0.245000	0.298701	0.440774
6530	2026-03-30T02:00:00Z	0.564000	0.413781	0.550363
6531	2026-03-30T03:00:00Z	0.928000	0.545094	0.575342
6532	2026-03-30T04:00:00Z	1.278000	0.671356	0.483481
6533	2026-03-30T05:00:00Z	1.528000	0.761544	0.260274
6534	2026-03-30T06:00:00Z	1.601000	0.787879	-0.044319
6535	2026-03-30T07:00:00Z	1.473000	0.741703	-0.332796
6536	2026-03-30T08:00:00Z	1.188000	0.638889	-0.504432
6537	2026-03-30T09:00:00Z	0.847000	0.515873	-0.501209
6538	2026-03-30T10:00:00Z	0.566000	0.414502	-0.343272
6539	2026-03-30T11:00:00Z	0.421000	0.362193	-0.099114
6540	2026-03-30T12:00:00Z	0.443000	0.370130	0.155520
6541	2026-03-30T13:00:00Z	0.614000	0.431818	0.352135
6542	2026-03-30T14:00:00Z	0.880000	0.527778	0.452055
6543	2026-03-30T15:00:00Z	1.175000	0.634199	0.451249
6544	2026-03-30T16:00:00Z	1.440000	0.729798	0.341660
6545	2026-03-30T17:00:00Z	1.599000	0.787157	0.115230
6546	2026-03-30T18:00:00Z	1.583000	0.781385	-0.184529
6547	2026-03-30T19:00:00Z	1.370000	0.704545	-0.464948
6548	2026-03-30T20:00:00Z	1.006000	0.573232	-0.628525
6549	2026-03-30T21:00:00Z	0.590000	0.423160	-0.618050
6550	2026-03-30T22:00:00Z	0.239000	0.296537	-0.444803
6551	2026-03-30T23:00:00Z	0.038000	0.224026	-0.178082
6552	2026-03-31T00:00:00Z	0.018000	0.216811	0.104754
6553	2026-03-31T01:00:00Z	0.168000	0.270924	0.344077
6554	2026-03-31T02:00:00Z	0.445000	0.370851	0.502820
6555	2026-03-31T03:00:00Z	0.792000	0.496032	0.572925
6556	2026-03-31T04:00:00Z	1.156000	0.627345	0.546334
6557	2026-03-31T05:00:00Z	1.470000	0.740620	0.394037
6558	2026-03-31T06:00:00Z	1.645000	0.803752	0.119259
6559	2026-03-31T07:00:00Z	1.618000	0.794012	-0.207897
6560	2026-03-31T08:00:00Z	1.387000	0.710678	-0.479452
6561	2026-03-31T09:00:00Z	1.023000	0.579365	-0.597905
6562	2026-03-31T10:00:00Z	0.645000	0.443001	-0.526994
6563	2026-03-31T11:00:00Z	0.369000	0.343434	-0.311039
6564	2026-03-31T12:00:00Z	0.259000	0.303752	-0.033038
6565	2026-03-31T13:00:00Z	0.328000	0.328644	0.230459
6566	2026-03-31T14:00:00Z	0.545000	0.406926	0.414182
6567	2026-03-31T15:00:00Z	0.842000	0.514069	0.492345
6568	2026-03-31T16:00:00Z	1.156000	0.627345	0.467365
6569	2026-03-31T17:00:00Z	1.422000	0.723304	0.330379
6570	2026-03-31T18:00:00Z	1.566000	0.775253	0.082192
6571	2026-03-31T19:00:00Z	1.524000	0.760101	-0.221595
6572	2026-03-31T20:00:00Z	1.291000	0.676046	-0.482675
6573	2026-03-31T21:00:00Z	0.925000	0.544012	-0.606769
6574	2026-03-31T22:00:00Z	0.538000	0.404401	-0.547139
6575	2026-03-31T23:00:00Z	0.246000	0.299062	-0.337631
6576	2026-04-01T00:00:00Z	0.119000	0.253247	-0.058018
6577	2026-04-01T01:00:00Z	0.174000	0.273088	0.214343
6578	2026-04-01T02:00:00Z	0.385000	0.349206	0.422240
6579	2026-04-01T03:00:00Z	0.698000	0.462121	0.535858
6580	2026-04-01T04:00:00Z	1.050000	0.589105	0.552780
6581	2026-04-01T05:00:00Z	1.384000	0.709596	0.464948
6582	2026-04-01T06:00:00Z	1.627000	0.797258	0.253828
6583	2026-04-01T07:00:00Z	1.699000	0.823232	-0.056406
6584	2026-04-01T08:00:00Z	1.557000	0.772006	-0.377921
6585	2026-04-01T09:00:00Z	1.230000	0.654040	-0.600322
6586	2026-04-01T10:00:00Z	0.812000	0.503247	-0.643030
6587	2026-04-01T11:00:00Z	0.432000	0.366162	-0.498791
6588	2026-04-01T12:00:00Z	0.193000	0.279942	-0.235294
6589	2026-04-01T13:00:00Z	0.140000	0.260823	0.058824
6590	2026-04-01T14:00:00Z	0.266000	0.306277	0.308622
6591	2026-04-01T15:00:00Z	0.523000	0.398990	0.462530
6592	2026-04-01T16:00:00Z	0.840000	0.513348	0.509267
6593	2026-04-01T17:00:00Z	1.155000	0.626984	0.455278
6594	2026-04-01T18:00:00Z	1.405000	0.717172	0.291700
6595	2026-04-01T19:00:00Z	1.517000	0.757576	0.030620
6596	2026-04-01T20:00:00Z	1.443000	0.730880	-0.259468
6597	2026-04-01T21:00:00Z	1.195000	0.641414	-0.480258
6598	2026-04-01T22:00:00Z	0.847000	0.515873	-0.547945
6599	2026-04-01T23:00:00Z	0.515000	0.396104	-0.439162
6600	2026-04-02T00:00:00Z	0.302000	0.319264	-0.206285
6601	2026-04-02T01:00:00Z	0.259000	0.303752	0.067687
6602	2026-04-02T02:00:00Z	0.386000	0.349567	0.310234
6603	2026-04-02T03:00:00Z	0.644000	0.442641	0.469782
6604	2026-04-02T04:00:00Z	0.969000	0.559885	0.526994
6605	2026-04-02T05:00:00Z	1.298000	0.678571	0.484287
6606	2026-04-02T06:00:00Z	1.570000	0.776696	0.337631
6607	2026-04-02T07:00:00Z	1.717000	0.829726	0.081386
6608	2026-04-02T08:00:00Z	1.671000	0.813131	-0.239323
6609	2026-04-02T09:00:00Z	1.420000	0.722583	-0.524577
6610	2026-04-02T10:00:00Z	1.020000	0.578283	-0.673650
6611	2026-04-02T11:00:00Z	0.584000	0.420996	-0.630943
6612	2026-04-02T12:00:00Z	0.237000	0.295815	-0.421434
6613	2026-04-02T13:00:00Z	0.061000	0.232323	-0.129734
6614	2026-04-02T14:00:00Z	0.076000	0.237734	0.157131
6615	2026-04-02T15:00:00Z	0.256000	0.302670	0.376309
6616	2026-04-02T16:00:00Z	0.543000	0.406205	0.490733
6617	2026-04-02T17:00:00Z	0.865000	0.522367	0.500403
6618	2026-04-02T18:00:00Z	1.164000	0.630231	0.416600
6619	2026-04-02T19:00:00Z	1.382000	0.708874	0.233683
6620	2026-04-02T20:00:00Z	1.454000	0.734848	-0.024980
6621	2026-04-02T21:00:00Z	1.351000	0.697691	-0.282031
6622	2026-04-02T22:00:00Z	1.104000	0.608586	-0.447220
6623	2026-04-02T23:00:00Z	0.796000	0.497475	-0.456890
6624	2026-04-03T00:00:00Z	0.537000	0.404040	-0.310234
6625	2026-04-03T01:00:00Z	0.411000	0.358586	-0.072522
6626	2026-04-03T02:00:00Z	0.447000	0.371573	0.175665
6627	2026-04-03T03:00:00Z	0.629000	0.437229	0.372280
6628	2026-04-03T04:00:00Z	0.909000	0.538240	0.477035
6629	2026-04-03T05:00:00Z	1.221000	0.650794	0.475423
6630	2026-04-03T06:00:00Z	1.499000	0.751082	0.376309
6631	2026-04-03T07:00:00Z	1.688000	0.819264	0.181305
6632	2026-04-03T08:00:00Z	1.724000	0.832251	-0.099919
6633	2026-04-03T09:00:00Z	1.564000	0.774531	-0.402095
6634	2026-04-03T10:00:00Z	1.225000	0.652237	-0.625302
6635	2026-04-03T11:00:00Z	0.788000	0.494589	-0.687349
6636	2026-04-03T12:00:00Z	0.372000	0.344517	-0.564867
6637	2026-04-03T13:00:00Z	0.087000	0.241703	-0.310234
6638	2026-04-03T14:00:00Z	-0.013000	0.205628	-0.015310
6639	2026-04-03T15:00:00Z	0.068000	0.234848	0.244964
6640	2026-04-03T16:00:00Z	0.291000	0.315296	0.422240
6641	2026-04-03T17:00:00Z	0.592000	0.423882	0.493151
6642	2026-04-03T18:00:00Z	0.903000	0.536075	0.467365
6643	2026-04-03T19:00:00Z	1.172000	0.633117	0.358582
6644	2026-04-03T20:00:00Z	1.348000	0.696609	0.169218
6645	2026-04-03T21:00:00Z	1.382000	0.708874	-0.069299
6646	2026-04-03T22:00:00Z	1.262000	0.665584	-0.280419
6647	2026-04-03T23:00:00Z	1.034000	0.583333	-0.385173
6648	2026-04-04T00:00:00Z	0.784000	0.493146	-0.344883
6649	2026-04-04T01:00:00Z	0.606000	0.428932	-0.178888
6650	2026-04-04T02:00:00Z	0.562000	0.413059	0.042707
6651	2026-04-04T03:00:00Z	0.659000	0.448052	0.248187
6652	2026-04-04T04:00:00Z	0.870000	0.524170	0.392425
6653	2026-04-04T05:00:00Z	1.146000	0.623737	0.442385
6654	2026-04-04T06:00:00Z	1.419000	0.722222	0.388396
6655	2026-04-04T07:00:00Z	1.628000	0.797619	0.244964
6656	2026-04-04T08:00:00Z	1.723000	0.831890	0.020145
6657	2026-04-04T09:00:00Z	1.653000	0.806638	-0.260274
6658	2026-04-04T10:00:00Z	1.400000	0.715368	-0.519742
6659	2026-04-04T11:00:00Z	1.008000	0.573954	-0.667204
6660	2026-04-04T12:00:00Z	0.572000	0.416667	-0.645447
6661	2026-04-04T13:00:00Z	0.207000	0.284993	-0.461724
6662	2026-04-04T14:00:00Z	-0.001000	0.209957	-0.187752
6663	2026-04-04T15:00:00Z	-0.026000	0.200938	0.087832
6664	2026-04-04T16:00:00Z	0.108000	0.249278	0.307010
6665	2026-04-04T17:00:00Z	0.355000	0.338384	0.438356
6666	2026-04-04T18:00:00Z	0.652000	0.445527	0.468171
6667	2026-04-04T19:00:00Z	0.936000	0.547980	0.414988
6668	2026-04-04T20:00:00Z	1.167000	0.631313	0.294923
6669	2026-04-04T21:00:00Z	1.302000	0.680014	0.112006
6670	2026-04-04T22:00:00Z	1.306000	0.681457	-0.092667
6671	2026-04-04T23:00:00Z	1.187000	0.638528	-0.249799
6672	2026-04-05T00:00:00Z	0.996000	0.569625	-0.302176
6673	2026-04-05T01:00:00Z	0.812000	0.503247	-0.228848
6674	2026-04-05T02:00:00Z	0.712000	0.467172	-0.065270
6675	2026-04-05T03:00:00Z	0.731000	0.474026	0.120870
6676	2026-04-05T04:00:00Z	0.862000	0.521284	0.278807
6677	2026-04-05T05:00:00Z	1.077000	0.598846	0.373892
6678	2026-04-05T06:00:00Z	1.326000	0.688672	0.376309
6679	2026-04-05T07:00:00Z	1.544000	0.767316	0.283642
6680	2026-04-05T08:00:00Z	1.678000	0.815657	0.112812
6681	2026-04-05T09:00:00Z	1.684000	0.817821	-0.121676
6682	2026-04-05T10:00:00Z	1.527000	0.761183	-0.379533
6683	2026-04-05T11:00:00Z	1.213000	0.647908	-0.580983
6684	2026-04-05T12:00:00Z	0.806000	0.501082	-0.651088
6685	2026-04-05T13:00:00Z	0.405000	0.356421	-0.562450
6686	2026-04-05T14:00:00Z	0.108000	0.249278	-0.345689
6687	2026-04-05T15:00:00Z	-0.024000	0.201659	-0.078969
6688	2026-04-05T16:00:00Z	0.010000	0.213925	0.161160
6689	2026-04-05T17:00:00Z	0.176000	0.273810	0.336019
6690	2026-04-05T18:00:00Z	0.427000	0.364358	0.423852
6691	2026-04-05T19:00:00Z	0.702000	0.463564	0.423046
6692	2026-04-05T20:00:00Z	0.952000	0.553752	0.356164
6693	2026-04-05T21:00:00Z	1.144000	0.623016	0.236906
6694	2026-04-05T22:00:00Z	1.246000	0.659812	0.074134
6695	2026-04-05T23:00:00Z	1.236000	0.656205	-0.090250
6696	2026-04-06T00:00:00Z	1.134000	0.619408	-0.197421
6697	2026-04-06T01:00:00Z	0.991000	0.567821	-0.211120
6698	2026-04-06T02:00:00Z	0.872000	0.524892	-0.127317
6699	2026-04-06T03:00:00Z	0.833000	0.510823	0.013699
6700	2026-04-06T04:00:00Z	0.889000	0.531025	0.157937
6701	2026-04-06T05:00:00Z	1.029000	0.581530	0.271555
6702	2026-04-06T06:00:00Z	1.226000	0.652597	0.325544
6703	2026-04-06T07:00:00Z	1.433000	0.727273	0.295729
6704	2026-04-06T08:00:00Z	1.593000	0.784993	0.181305
6705	2026-04-06T09:00:00Z	1.658000	0.808442	0.000806
6706	2026-04-06T10:00:00Z	1.594000	0.785354	-0.224013
6707	2026-04-06T11:00:00Z	1.380000	0.708153	-0.444803
6708	2026-04-06T12:00:00Z	1.042000	0.586219	-0.585818
6709	2026-04-06T13:00:00Z	0.653000	0.445887	-0.593876
6710	2026-04-06T14:00:00Z	0.305000	0.320346	-0.464142
6711	2026-04-06T15:00:00Z	0.077000	0.238095	-0.242546
6712	2026-04-06T16:00:00Z	0.004000	0.211760	-0.003223
6713	2026-04-06T17:00:00Z	0.073000	0.236652	0.195810
6714	2026-04-06T18:00:00Z	0.247000	0.299423	0.330379
6715	2026-04-06T19:00:00Z	0.483000	0.384560	0.387591
6716	2026-04-06T20:00:00Z	0.728000	0.472944	0.371475
6717	2026-04-06T21:00:00Z	0.944000	0.550866	0.303787
6718	2026-04-06T22:00:00Z	1.105000	0.608947	0.196616
6719	2026-04-06T23:00:00Z	1.188000	0.638889	0.062047
6720	2026-04-07T00:00:00Z	1.182000	0.636724	-0.063658
6721	2026-04-07T01:00:00Z	1.109000	0.610390	-0.134569
6722	2026-04-07T02:00:00Z	1.015000	0.576479	-0.129734
6723	2026-04-07T03:00:00Z	0.948000	0.552309	-0.056406
6724	2026-04-07T04:00:00Z	0.945000	0.551227	0.052377
6725	2026-04-07T05:00:00Z	1.013000	0.575758	0.156326
6726	2026-04-07T06:00:00Z	1.139000	0.621212	0.234488
6727	2026-04-07T07:00:00Z	1.304000	0.680736	0.265109
6728	2026-04-07T08:00:00Z	1.468000	0.739899	0.219984
6729	2026-04-07T09:00:00Z	1.577000	0.779221	0.099919
6730	2026-04-07T10:00:00Z	1.592000	0.784632	-0.074134
6731	2026-04-07T11:00:00Z	1.485000	0.746032	-0.277196
6732	2026-04-07T12:00:00Z	1.248000	0.660534	-0.458501
6733	2026-04-07T13:00:00Z	0.916000	0.540765	-0.551974
6734	2026-04-07T14:00:00Z	0.563000	0.413420	-0.520548
6735	2026-04-07T15:00:00Z	0.270000	0.307720	-0.377115
6736	2026-04-07T16:00:00Z	0.095000	0.244589	-0.172442
6737	2026-04-07T17:00:00Z	0.056000	0.230519	0.031426
6738	2026-04-07T18:00:00Z	0.134000	0.258658	0.194198
6739	2026-04-07T19:00:00Z	0.297000	0.317460	0.302981
6740	2026-04-07T20:00:00Z	0.510000	0.394300	0.345689
6741	2026-04-07T21:00:00Z	0.726000	0.472222	0.327156
6742	2026-04-07T22:00:00Z	0.916000	0.540765	0.270749
6743	2026-04-07T23:00:00Z	1.062000	0.593434	0.183723
6744	2026-04-08T00:00:00Z	1.144000	0.623016	0.074940
6745	2026-04-08T01:00:00Z	1.155000	0.626984	-0.023368
6746	2026-04-08T02:00:00Z	1.115000	0.612554	-0.077357
6747	2026-04-08T03:00:00Z	1.059000	0.592352	-0.075745
6748	2026-04-08T04:00:00Z	1.021000	0.578644	-0.025786
6749	2026-04-08T05:00:00Z	1.027000	0.580808	0.049154
6750	2026-04-08T06:00:00Z	1.082000	0.600649	0.125705
6751	2026-04-08T07:00:00Z	1.183000	0.637085	0.188558
6752	2026-04-08T08:00:00Z	1.316000	0.685065	0.211120
6753	2026-04-08T09:00:00Z	1.445000	0.731602	0.165189
6754	2026-04-08T10:00:00Z	1.521000	0.759019	0.053183
6755	2026-04-08T11:00:00Z	1.511000	0.755411	-0.106366
6756	2026-04-08T12:00:00Z	1.389000	0.711400	-0.287671
6757	2026-04-08T13:00:00Z	1.154000	0.626623	-0.437550
6758	2026-04-08T14:00:00Z	0.846000	0.515512	-0.501209
6759	2026-04-08T15:00:00Z	0.532000	0.402237	-0.456890
6760	2026-04-08T16:00:00Z	0.279000	0.310967	-0.322321
6761	2026-04-08T17:00:00Z	0.132000	0.257937	-0.143433
6762	2026-04-08T18:00:00Z	0.101000	0.246753	0.030620
6763	2026-04-08T19:00:00Z	0.170000	0.271645	0.172442
6764	2026-04-08T20:00:00Z	0.315000	0.323954	0.271555
6765	2026-04-08T21:00:00Z	0.507000	0.393218	0.315068
6766	2026-04-08T22:00:00Z	0.706000	0.465007	0.307010
6767	2026-04-08T23:00:00Z	0.888000	0.530664	0.266720
6768	2026-04-09T00:00:00Z	1.037000	0.584416	0.195810
6769	2026-04-09T01:00:00Z	1.131000	0.618326	0.101531
6770	2026-04-09T02:00:00Z	1.163000	0.629870	0.012087
6771	2026-04-09T03:00:00Z	1.146000	0.623737	-0.046737
6772	2026-04-09T04:00:00Z	1.105000	0.608947	-0.063658
6773	2026-04-09T05:00:00Z	1.067000	0.595238	-0.037067
6774	2026-04-09T06:00:00Z	1.059000	0.592352	0.017728
6775	2026-04-09T07:00:00Z	1.089000	0.603175	0.084609
6776	2026-04-09T08:00:00Z	1.164000	0.630231	0.150685
6777	2026-04-09T09:00:00Z	1.276000	0.670635	0.179694
6778	2026-04-09T10:00:00Z	1.387000	0.710678	0.142627
6779	2026-04-09T11:00:00Z	1.453000	0.734488	0.042707
6780	2026-04-09T12:00:00Z	1.440000	0.729798	-0.103143
6781	2026-04-09T13:00:00Z	1.325000	0.688312	-0.267526
6782	2026-04-09T14:00:00Z	1.108000	0.610029	-0.402095
6783	2026-04-09T15:00:00Z	0.826000	0.508297	-0.460113
6784	2026-04-09T16:00:00Z	0.537000	0.404040	-0.423852
6785	2026-04-09T17:00:00Z	0.300000	0.318543	-0.306205
6786	2026-04-09T18:00:00Z	0.157000	0.266955	-0.146656
6787	2026-04-09T19:00:00Z	0.118000	0.252886	0.012087
6788	2026-04-09T20:00:00Z	0.172000	0.272367	0.152297
6789	2026-04-09T21:00:00Z	0.307000	0.321068	0.258662
6790	2026-04-09T22:00:00Z	0.493000	0.388167	0.311039
6791	2026-04-09T23:00:00Z	0.693000	0.460317	0.316680
6792	2026-04-10T00:00:00Z	0.886000	0.529942	0.288477
6793	2026-04-10T01:00:00Z	1.051000	0.589466	0.221595
6794	2026-04-10T02:00:00Z	1.161000	0.629149	0.122482
6795	2026-04-10T03:00:00Z	1.203000	0.644300	0.020145
6796	2026-04-10T04:00:00Z	1.186000	0.638167	-0.058824
6797	2026-04-10T05:00:00Z	1.130000	0.617965	-0.095085
6798	2026-04-10T06:00:00Z	1.068000	0.595599	-0.080580
6799	2026-04-10T07:00:00Z	1.030000	0.581890	-0.026591
6800	2026-04-10T08:00:00Z	1.035000	0.583694	0.053183
6801	2026-04-10T09:00:00Z	1.096000	0.605700	0.136180
6802	2026-04-10T10:00:00Z	1.204000	0.644661	0.179694
6803	2026-04-10T11:00:00Z	1.319000	0.686147	0.153908
6804	2026-04-10T12:00:00Z	1.395000	0.713564	0.063658
6805	2026-04-10T13:00:00Z	1.398000	0.714646	-0.074940
6806	2026-04-10T14:00:00Z	1.302000	0.680014	-0.238517
6807	2026-04-10T15:00:00Z	1.102000	0.607864	-0.378727
6808	2026-04-10T16:00:00Z	0.832000	0.510462	-0.446414
6809	2026-04-10T17:00:00Z	0.548000	0.408009	-0.423852
6810	2026-04-10T18:00:00Z	0.306000	0.320707	-0.318292
6811	2026-04-10T19:00:00Z	0.153000	0.265512	-0.163578
6812	2026-04-10T20:00:00Z	0.103000	0.247475	0.000806
6813	2026-04-10T21:00:00Z	0.154000	0.265873	0.155520
6814	2026-04-10T22:00:00Z	0.296000	0.317100	0.275584
6815	2026-04-10T23:00:00Z	0.496000	0.389250	0.340048
6816	2026-04-11T00:00:00Z	0.718000	0.469336	0.352941
6817	2026-04-11T01:00:00Z	0.934000	0.547258	0.320709
6818	2026-04-11T02:00:00Z	1.116000	0.612915	0.238517
6819	2026-04-11T03:00:00Z	1.230000	0.654040	0.115230
6820	2026-04-11T04:00:00Z	1.259000	0.664502	-0.016116
6821	2026-04-11T05:00:00Z	1.210000	0.646825	-0.118453
6822	2026-04-11T06:00:00Z	1.112000	0.611472	-0.162772
6823	2026-04-11T07:00:00Z	1.008000	0.573954	-0.139404
6824	2026-04-11T08:00:00Z	0.939000	0.549062	-0.062047
6825	2026-04-11T09:00:00Z	0.931000	0.546176	0.047542
6826	2026-04-11T10:00:00Z	0.998000	0.570346	0.155520
6827	2026-04-11T11:00:00Z	1.124000	0.615801	0.211926
6828	2026-04-11T12:00:00Z	1.261000	0.665224	0.192587
6829	2026-04-11T13:00:00Z	1.363000	0.702020	0.103948
6830	2026-04-11T14:00:00Z	1.390000	0.711760	-0.042707
6831	2026-04-11T15:00:00Z	1.310000	0.682900	-0.220790
6832	2026-04-11T16:00:00Z	1.116000	0.612915	-0.377115
6833	2026-04-11T17:00:00Z	0.842000	0.514069	-0.462530
6834	2026-04-11T18:00:00Z	0.542000	0.405844	-0.448832
6835	2026-04-11T19:00:00Z	0.285000	0.313131	-0.339243
6836	2026-04-11T20:00:00Z	0.121000	0.253968	-0.170024
6837	2026-04-11T21:00:00Z	0.074000	0.237013	0.018533
6838	2026-04-11T22:00:00Z	0.144000	0.262266	0.195004
6839	2026-04-11T23:00:00Z	0.316000	0.324315	0.326350
6840	2026-04-12T00:00:00Z	0.549000	0.408369	0.392425
6841	2026-04-12T01:00:00Z	0.803000	0.500000	0.397260
6842	2026-04-12T02:00:00Z	1.042000	0.586219	0.343272
6843	2026-04-12T03:00:00Z	1.229000	0.653680	0.224819
6844	2026-04-12T04:00:00Z	1.321000	0.686869	0.059629
6845	2026-04-12T05:00:00Z	1.303000	0.680375	-0.104754
6846	2026-04-12T06:00:00Z	1.191000	0.639971	-0.219984
6847	2026-04-12T07:00:00Z	1.030000	0.581890	-0.249799
6848	2026-04-12T08:00:00Z	0.881000	0.528139	-0.190975
6849	2026-04-12T09:00:00Z	0.793000	0.496392	-0.070105
6850	2026-04-12T10:00:00Z	0.794000	0.496753	0.078163
6851	2026-04-12T11:00:00Z	0.890000	0.531385	0.207897
6852	2026-04-12T12:00:00Z	1.052000	0.589827	0.269138
6853	2026-04-12T13:00:00Z	1.224000	0.651876	0.246575
6854	2026-04-12T14:00:00Z	1.358000	0.700216	0.148268
6855	2026-04-12T15:00:00Z	1.408000	0.718254	-0.018533
6856	2026-04-12T16:00:00Z	1.335000	0.691919	-0.222401
6857	2026-04-12T17:00:00Z	1.132000	0.618687	-0.402095
6858	2026-04-12T18:00:00Z	0.836000	0.511905	-0.498791
6859	2026-04-12T19:00:00Z	0.513000	0.395382	-0.477840
6860	2026-04-12T20:00:00Z	0.243000	0.297980	-0.344883
6861	2026-04-12T21:00:00Z	0.085000	0.240981	-0.143433
6862	2026-04-12T22:00:00Z	0.065000	0.233766	0.074134
6863	2026-04-12T23:00:00Z	0.177000	0.274170	0.266720
6864	2026-04-13T00:00:00Z	0.396000	0.353175	0.398872
6865	2026-04-13T01:00:00Z	0.672000	0.452742	0.450443
6866	2026-04-13T02:00:00Z	0.955000	0.554834	0.428687
6867	2026-04-13T03:00:00Z	1.204000	0.644661	0.332796
6868	2026-04-13T04:00:00Z	1.368000	0.703824	0.161160
6869	2026-04-13T05:00:00Z	1.404000	0.716811	-0.050766
6870	2026-04-13T06:00:00Z	1.305000	0.681097	-0.239323
6871	2026-04-13T07:00:00Z	1.107000	0.609668	-0.344077
6872	2026-04-13T08:00:00Z	0.878000	0.527056	-0.332796
6873	2026-04-13T09:00:00Z	0.694000	0.460678	-0.216761
6874	2026-04-13T10:00:00Z	0.609000	0.430014	-0.041096
6875	2026-04-13T11:00:00Z	0.643000	0.442280	0.142627
6876	2026-04-13T12:00:00Z	0.786000	0.493867	0.284448
6877	2026-04-13T13:00:00Z	0.996000	0.569625	0.341660
6878	2026-04-13T14:00:00Z	1.210000	0.646825	0.304593
6879	2026-04-13T15:00:00Z	1.374000	0.705988	0.184529
6880	2026-04-13T16:00:00Z	1.439000	0.729437	-0.011281
6881	2026-04-13T17:00:00Z	1.360000	0.700938	-0.244964
6882	2026-04-13T18:00:00Z	1.135000	0.619769	-0.442385
6883	2026-04-13T19:00:00Z	0.811000	0.502886	-0.535858
6884	2026-04-13T20:00:00Z	0.470000	0.379870	-0.489122
6885	2026-04-13T21:00:00Z	0.204000	0.283911	-0.316680
6886	2026-04-13T22:00:00Z	0.077000	0.238095	-0.078163
6887	2026-04-13T23:00:00Z	0.107000	0.248918	0.161966
6888	2026-04-14T00:00:00Z	0.278000	0.310606	0.358582
6889	2026-04-14T01:00:00Z	0.552000	0.409452	0.473006
6890	2026-04-14T02:00:00Z	0.865000	0.522367	0.492345
6891	2026-04-14T03:00:00Z	1.163000	0.629870	0.426269
6892	2026-04-14T04:00:00Z	1.394000	0.713203	0.273167
6893	2026-04-14T05:00:00Z	1.502000	0.752165	0.043513
6894	2026-04-14T06:00:00Z	1.448000	0.732684	-0.208703
6895	2026-04-14T07:00:00Z	1.243000	0.658730	-0.401289
6896	2026-04-14T08:00:00Z	0.950000	0.553030	-0.468977
6897	2026-04-14T09:00:00Z	0.661000	0.448773	-0.390814
6898	2026-04-14T10:00:00Z	0.465000	0.378066	-0.203868
6899	2026-04-14T11:00:00Z	0.408000	0.357504	0.023368
6900	2026-04-14T12:00:00Z	0.494000	0.388528	0.232877
6901	2026-04-14T13:00:00Z	0.697000	0.461760	0.373892
6902	2026-04-14T14:00:00Z	0.958000	0.555916	0.414988
6903	2026-04-14T15:00:00Z	1.212000	0.647547	0.356164
6904	2026-04-14T16:00:00Z	1.400000	0.715368	0.207091
6905	2026-04-14T17:00:00Z	1.469000	0.740260	-0.020145
6906	2026-04-14T18:00:00Z	1.375000	0.706349	-0.278002
6907	2026-04-14T19:00:00Z	1.124000	0.615801	-0.481869
6908	2026-04-14T20:00:00Z	0.777000	0.490620	-0.555197
6909	2026-04-14T21:00:00Z	0.435000	0.367244	-0.466559
6910	2026-04-14T22:00:00Z	0.198000	0.281746	-0.250604
6911	2026-04-14T23:00:00Z	0.124000	0.255051	0.017728
6912	2026-04-15T00:00:00Z	0.220000	0.289683	0.267526
6913	2026-04-15T01:00:00Z	0.456000	0.374820	0.448026
6914	2026-04-15T02:00:00Z	0.776000	0.490260	0.526994
6915	2026-04-15T03:00:00Z	1.110000	0.610750	0.500403
6916	2026-04-15T04:00:00Z	1.397000	0.714286	0.377921
6917	2026-04-15T05:00:00Z	1.579000	0.779942	0.161966
6918	2026-04-15T06:00:00Z	1.598000	0.786797	-0.120870
6919	2026-04-15T07:00:00Z	1.429000	0.725830	-0.393231
6920	2026-04-15T08:00:00Z	1.110000	0.610750	-0.563255
6921	2026-04-15T09:00:00Z	0.730000	0.473665	-0.568896
6922	2026-04-15T10:00:00Z	0.404000	0.356061	-0.410959
6923	2026-04-15T11:00:00Z	0.220000	0.289683	-0.155520
6924	2026-04-15T12:00:00Z	0.211000	0.286436	0.114424
6925	2026-04-15T13:00:00Z	0.362000	0.340909	0.335214
6926	2026-04-15T14:00:00Z	0.627000	0.436508	0.462530
6927	2026-04-15T15:00:00Z	0.936000	0.547980	0.478646
6928	2026-04-15T16:00:00Z	1.221000	0.650794	0.394843
6929	2026-04-15T17:00:00Z	1.426000	0.724747	0.216761
6930	2026-04-15T18:00:00Z	1.490000	0.747835	-0.040290
6931	2026-04-15T19:00:00Z	1.376000	0.706710	-0.311845
6932	2026-04-15T20:00:00Z	1.103000	0.608225	-0.504432
6933	2026-04-15T21:00:00Z	0.750000	0.480880	-0.543110
6934	2026-04-15T22:00:00Z	0.429000	0.365079	-0.407736
6935	2026-04-15T23:00:00Z	0.244000	0.298341	-0.153102
6936	2026-04-16T00:00:00Z	0.239000	0.296537	0.128928
6937	2026-04-16T01:00:00Z	0.404000	0.356061	0.366640
6938	2026-04-16T02:00:00Z	0.694000	0.460678	0.514102
6939	2026-04-16T03:00:00Z	1.042000	0.586219	0.546334
6940	2026-04-16T04:00:00Z	1.372000	0.705267	0.465753
6941	2026-04-16T05:00:00Z	1.620000	0.794733	0.285254
6942	2026-04-16T06:00:00Z	1.726000	0.832973	0.012087
6943	2026-04-16T07:00:00Z	1.635000	0.800144	-0.308622
6944	2026-04-16T08:00:00Z	1.343000	0.694805	-0.579371
6945	2026-04-16T09:00:00Z	0.916000	0.540765	-0.701048
6946	2026-04-16T10:00:00Z	0.473000	0.380952	-0.627720
6947	2026-04-16T11:00:00Z	0.137000	0.259740	-0.389202
6948	2026-04-16T12:00:00Z	-0.010000	0.206710	-0.076551
6949	2026-04-16T13:00:00Z	0.042000	0.225469	0.215149
6950	2026-04-16T14:00:00Z	0.257000	0.303030	0.430298
6951	2026-04-16T15:00:00Z	0.576000	0.418110	0.535858
6952	2026-04-16T16:00:00Z	0.922000	0.542929	0.526994
6953	2026-04-16T17:00:00Z	1.230000	0.654040	0.417405
6954	2026-04-16T18:00:00Z	1.440000	0.729798	0.213537
6955	2026-04-16T19:00:00Z	1.495000	0.749639	-0.061241
6956	2026-04-16T20:00:00Z	1.364000	0.702381	-0.333602
6957	2026-04-16T21:00:00Z	1.081000	0.600289	-0.501209
6958	2026-04-16T22:00:00Z	0.742000	0.477994	-0.496374
6959	2026-04-16T23:00:00Z	0.465000	0.378066	-0.319098
6960	2026-04-17T00:00:00Z	0.346000	0.335137	-0.043513
6961	2026-04-17T01:00:00Z	0.411000	0.358586	0.232877
6962	2026-04-17T02:00:00Z	0.635000	0.439394	0.442385
6963	2026-04-17T03:00:00Z	0.960000	0.556638	0.545528
6964	2026-04-17T04:00:00Z	1.312000	0.683622	0.526189
6965	2026-04-17T05:00:00Z	1.613000	0.792208	0.394037
6966	2026-04-17T06:00:00Z	1.801000	0.860029	0.161160
6967	2026-04-17T07:00:00Z	1.813000	0.864358	-0.157131
6968	2026-04-17T08:00:00Z	1.606000	0.789683	-0.493151
6969	2026-04-17T09:00:00Z	1.201000	0.643579	-0.736503
6970	2026-04-17T10:00:00Z	0.692000	0.459957	-0.793715
6971	2026-04-17T11:00:00Z	0.216000	0.288240	-0.639807
6972	2026-04-17T12:00:00Z	-0.102000	0.173521	-0.333602
6973	2026-04-17T13:00:00Z	-0.198000	0.138889	0.013699
6974	2026-04-17T14:00:00Z	-0.085000	0.179654	0.308622
6975	2026-04-17T15:00:00Z	0.185000	0.277056	0.506044
6976	2026-04-17T16:00:00Z	0.543000	0.406205	0.585012
6977	2026-04-17T17:00:00Z	0.911000	0.538961	0.551974
6978	2026-04-17T18:00:00Z	1.228000	0.653319	0.423852
6979	2026-04-17T19:00:00Z	1.437000	0.728716	0.204674
6980	2026-04-17T20:00:00Z	1.482000	0.744949	-0.077357
6981	2026-04-17T21:00:00Z	1.341000	0.694084	-0.335214
6982	2026-04-17T22:00:00Z	1.066000	0.594877	-0.467365
6983	2026-04-17T23:00:00Z	0.761000	0.484848	-0.422240
6984	2026-04-18T00:00:00Z	0.542000	0.405844	-0.217566
6985	2026-04-18T01:00:00Z	0.491000	0.387446	0.060435
6986	2026-04-18T02:00:00Z	0.617000	0.432900	0.311845
6987	2026-04-18T03:00:00Z	0.878000	0.527056	0.481064
6988	2026-04-18T04:00:00Z	1.214000	0.648268	0.539081
6989	2026-04-18T05:00:00Z	1.547000	0.768398	0.473811
6990	2026-04-18T06:00:00Z	1.802000	0.860390	0.297341
6991	2026-04-18T07:00:00Z	1.916000	0.901515	0.024980
6992	2026-04-18T08:00:00Z	1.833000	0.871573	-0.316680
6993	2026-04-18T09:00:00Z	1.523000	0.759740	-0.645447
6994	2026-04-18T10:00:00Z	1.032000	0.582612	-0.843674
6995	2026-04-18T11:00:00Z	0.476000	0.382035	-0.831587
6996	2026-04-18T12:00:00Z	0.000000	0.210317	-0.609186
6997	2026-04-18T13:00:00Z	-0.280000	0.109307	-0.260274
6998	2026-04-18T14:00:00Z	-0.323000	0.093795	0.096696
6999	2026-04-18T15:00:00Z	-0.160000	0.152597	0.377115
7000	2026-04-18T16:00:00Z	0.145000	0.262626	0.548751
7001	2026-04-18T17:00:00Z	0.521000	0.398268	0.605157
7002	2026-04-18T18:00:00Z	0.896000	0.533550	0.556003
7003	2026-04-18T19:00:00Z	1.211000	0.647186	0.417405
7004	2026-04-18T20:00:00Z	1.414000	0.720418	0.192587
7005	2026-04-18T21:00:00Z	1.450000	0.733405	-0.081386
7006	2026-04-18T22:00:00Z	1.313000	0.683983	-0.312651
7007	2026-04-18T23:00:00Z	1.062000	0.593434	-0.409347
7008	2026-04-19T00:00:00Z	0.805000	0.500722	-0.333602
7009	2026-04-19T01:00:00Z	0.648000	0.444084	-0.120870
7010	2026-04-19T02:00:00Z	0.655000	0.446609	0.138598
7011	2026-04-19T03:00:00Z	0.820000	0.506133	0.354553
7012	2026-04-19T04:00:00Z	1.095000	0.605339	0.482675
7013	2026-04-19T05:00:00Z	1.419000	0.722222	0.500403
7014	2026-04-19T06:00:00Z	1.716000	0.829365	0.400483
7015	2026-04-19T07:00:00Z	1.916000	0.901515	0.195810
7016	2026-04-19T08:00:00Z	1.959000	0.917027	-0.098308
7017	2026-04-19T09:00:00Z	1.794000	0.857504	-0.443191
7018	2026-04-19T10:00:00Z	1.409000	0.718615	-0.745367
7019	2026-04-19T11:00:00Z	0.869000	0.523810	-0.890411
7020	2026-04-19T12:00:00Z	0.304000	0.319986	-0.817083
7021	2026-04-19T13:00:00Z	-0.145000	0.158009	-0.549557
7022	2026-04-19T14:00:00Z	-0.378000	0.073954	-0.186946
7023	2026-04-19T15:00:00Z	-0.377000	0.074315	0.154714
7024	2026-04-19T16:00:00Z	-0.186000	0.143218	0.410153
7025	2026-04-19T17:00:00Z	0.132000	0.257937	0.556809
7026	2026-04-19T18:00:00Z	0.505000	0.392496	0.594682
7027	2026-04-19T19:00:00Z	0.870000	0.524170	0.540693
7028	2026-04-19T20:00:00Z	1.176000	0.634560	0.403707
7029	2026-04-19T21:00:00Z	1.371000	0.704906	0.186140
7030	2026-04-19T22:00:00Z	1.407000	0.717893	-0.068493
7031	2026-04-19T23:00:00Z	1.286000	0.674242	-0.269944
7032	2026-04-20T00:00:00Z	1.072000	0.597042	-0.337631
7033	2026-04-20T01:00:00Z	0.867000	0.523088	-0.248187
7034	2026-04-20T02:00:00Z	0.764000	0.485931	-0.046737
7035	2026-04-20T03:00:00Z	0.809000	0.502165	0.178888
7036	2026-04-20T04:00:00Z	0.986000	0.566017	0.356164
7037	2026-04-20T05:00:00Z	1.251000	0.661616	0.451249
7038	2026-04-20T06:00:00Z	1.546000	0.768038	0.442385
7039	2026-04-20T07:00:00Z	1.800000	0.859668	0.323932
7040	2026-04-20T08:00:00Z	1.948000	0.913059	0.107977
7041	2026-04-20T09:00:00Z	1.934000	0.908009	-0.187752
7042	2026-04-20T10:00:00Z	1.715000	0.829004	-0.517325
7043	2026-04-20T11:00:00Z	1.292000	0.676407	-0.782434
7044	2026-04-20T12:00:00Z	0.744000	0.478716	-0.878324
7045	2026-04-20T13:00:00Z	0.202000	0.283189	-0.763900
7046	2026-04-20T14:00:00Z	-0.204000	0.136724	-0.480258
7047	2026-04-20T15:00:00Z	-0.394000	0.068182	-0.132151
7048	2026-04-20T16:00:00Z	-0.368000	0.077561	0.178082
7049	2026-04-20T17:00:00Z	-0.173000	0.147908	0.404512
7050	2026-04-20T18:00:00Z	0.134000	0.258658	0.531829
7051	2026-04-20T19:00:00Z	0.487000	0.386003	0.563255
7052	2026-04-20T20:00:00Z	0.833000	0.510823	0.514907
7053	2026-04-20T21:00:00Z	1.126000	0.616522	0.390008
7054	2026-04-20T22:00:00Z	1.317000	0.685426	0.190169
7055	2026-04-20T23:00:00Z	1.362000	0.701659	-0.039484
7056	2026-04-21T00:00:00Z	1.268000	0.667749	-0.213537
7057	2026-04-21T01:00:00Z	1.097000	0.606061	-0.266720
7058	2026-04-21T02:00:00Z	0.937000	0.548341	-0.182917
7059	2026-04-21T03:00:00Z	0.870000	0.524170	-0.008864
7060	2026-04-21T04:00:00Z	0.926000	0.544372	0.177276
7061	2026-04-21T05:00:00Z	1.090000	0.603535	0.323127
7062	2026-04-21T06:00:00Z	1.327000	0.689033	0.397260
7063	2026-04-21T07:00:00Z	1.583000	0.781385	0.377921
7064	2026-04-21T08:00:00Z	1.796000	0.858225	0.259468
7065	2026-04-21T09:00:00Z	1.905000	0.897547	0.050766
7066	2026-04-21T10:00:00Z	1.859000	0.880952	-0.231265
7067	2026-04-21T11:00:00Z	1.618000	0.794012	-0.533441
7068	2026-04-21T12:00:00Z	1.197000	0.642136	-0.758259
7069	2026-04-21T13:00:00Z	0.677000	0.454545	-0.820306
7070	2026-04-21T14:00:00Z	0.179000	0.274892	-0.692184
7071	2026-04-21T15:00:00Z	-0.182000	0.144661	-0.422240
7072	2026-04-21T16:00:00Z	-0.345000	0.085859	-0.107977
7073	2026-04-21T17:00:00Z	-0.316000	0.096320	0.167607
7074	2026-04-21T18:00:00Z	-0.137000	0.160895	0.369057
7075	2026-04-21T19:00:00Z	0.142000	0.261544	0.486704
7076	2026-04-21T20:00:00Z	0.467000	0.378788	0.523771
7077	2026-04-21T21:00:00Z	0.792000	0.496032	0.490733
7078	2026-04-21T22:00:00Z	1.076000	0.598485	0.385173
7079	2026-04-21T23:00:00Z	1.270000	0.668470	0.207897
7080	2026-04-22T00:00:00Z	1.334000	0.691558	0.001612
7081	2026-04-22T01:00:00Z	1.272000	0.669192	-0.158743
7082	2026-04-22T02:00:00Z	1.137000	0.620491	-0.215149
7083	2026-04-22T03:00:00Z	1.005000	0.572872	-0.153908
7084	2026-04-22T04:00:00Z	0.946000	0.551587	-0.015310
7085	2026-04-22T05:00:00Z	0.986000	0.566017	0.136986
7086	2026-04-22T06:00:00Z	1.116000	0.612915	0.263497
7087	2026-04-22T07:00:00Z	1.313000	0.683983	0.335214
7088	2026-04-22T08:00:00Z	1.532000	0.762987	0.323127
7089	2026-04-22T09:00:00Z	1.714000	0.828644	0.219178
7090	2026-04-22T10:00:00Z	1.804000	0.861111	0.031426
7091	2026-04-22T11:00:00Z	1.753000	0.842713	-0.224013
7092	2026-04-22T12:00:00Z	1.526000	0.760823	-0.494762
7093	2026-04-22T13:00:00Z	1.139000	0.621212	-0.690572
7094	2026-04-22T14:00:00Z	0.669000	0.451659	-0.738920
7095	2026-04-22T15:00:00Z	0.222000	0.290404	-0.622079
7096	2026-04-22T16:00:00Z	-0.103000	0.173160	-0.385173
7097	2026-04-22T17:00:00Z	-0.256000	0.117965	-0.112812
7098	2026-04-22T18:00:00Z	-0.243000	0.122655	0.130540
7099	2026-04-22T19:00:00Z	-0.094000	0.176407	0.318292
7100	2026-04-22T20:00:00Z	0.152000	0.265152	0.439162
7101	2026-04-22T21:00:00Z	0.451000	0.373016	0.490733
7102	2026-04-22T22:00:00Z	0.761000	0.484848	0.479452
7103	2026-04-22T23:00:00Z	1.046000	0.587662	0.395649
7104	2026-04-23T00:00:00Z	1.252000	0.661977	0.235294
7105	2026-04-23T01:00:00Z	1.338000	0.693001	0.040290
7106	2026-04-23T02:00:00Z	1.302000	0.680014	-0.122482
7107	2026-04-23T03:00:00Z	1.186000	0.638167	-0.198227
7108	2026-04-23T04:00:00Z	1.056000	0.591270	-0.170024
7109	2026-04-23T05:00:00Z	0.975000	0.562049	-0.064464
7110	2026-04-23T06:00:00Z	0.976000	0.562410	0.069299
7111	2026-04-23T07:00:00Z	1.061000	0.593074	0.195810
7112	2026-04-23T08:00:00Z	1.219000	0.650072	0.280419
7113	2026-04-23T09:00:00Z	1.409000	0.718615	0.287671
7114	2026-04-23T10:00:00Z	1.576000	0.778860	0.210314
7115	2026-04-23T11:00:00Z	1.670000	0.812771	0.052377
7116	2026-04-23T12:00:00Z	1.641000	0.802309	-0.174859
7117	2026-04-23T13:00:00Z	1.453000	0.734488	-0.419823
7118	2026-04-23T14:00:00Z	1.120000	0.614358	-0.601128
7119	2026-04-23T15:00:00Z	0.707000	0.465368	-0.656728
7120	2026-04-23T16:00:00Z	0.305000	0.320346	-0.568896
7121	2026-04-23T17:00:00Z	0.001000	0.210678	-0.373086
7122	2026-04-23T18:00:00Z	-0.158000	0.153319	-0.136986
7123	2026-04-23T19:00:00Z	-0.169000	0.149351	0.087832
7124	2026-04-23T20:00:00Z	-0.049000	0.192641	0.275584
7125	2026-04-23T21:00:00Z	0.173000	0.272727	0.406930
7126	2026-04-23T22:00:00Z	0.456000	0.374820	0.476229
7127	2026-04-23T23:00:00Z	0.764000	0.485931	0.485093
7128	2026-04-24T00:00:00Z	1.058000	0.591991	0.415794
7129	2026-04-24T01:00:00Z	1.280000	0.672078	0.261080
7130	2026-04-24T02:00:00Z	1.382000	0.708874	0.060435
7131	2026-04-24T03:00:00Z	1.355000	0.699134	-0.121676
7132	2026-04-24T04:00:00Z	1.231000	0.654401	-0.228042
7133	2026-04-24T05:00:00Z	1.072000	0.597042	-0.228848
7134	2026-04-24T06:00:00Z	0.947000	0.551948	-0.142627
7135	2026-04-24T07:00:00Z	0.895000	0.533189	-0.008864
7136	2026-04-24T08:00:00Z	0.936000	0.547980	0.134569
7137	2026-04-24T09:00:00Z	1.062000	0.593434	0.243352
7138	2026-04-24T10:00:00Z	1.238000	0.656926	0.279613
7139	2026-04-24T11:00:00Z	1.409000	0.718615	0.232071
7140	2026-04-24T12:00:00Z	1.526000	0.760823	0.103948
7141	2026-04-24T13:00:00Z	1.538000	0.765152	-0.098308
7142	2026-04-24T14:00:00Z	1.404000	0.716811	-0.329573
7143	2026-04-24T15:00:00Z	1.129000	0.617605	-0.513296
7144	2026-04-24T16:00:00Z	0.767000	0.487013	-0.590653
7145	2026-04-24T17:00:00Z	0.396000	0.353175	-0.536664
7146	2026-04-24T18:00:00Z	0.101000	0.246753	-0.373892
7147	2026-04-24T19:00:00Z	-0.068000	0.185786	-0.160355
7148	2026-04-24T20:00:00Z	-0.098000	0.174964	0.059629
7149	2026-04-24T21:00:00Z	0.006000	0.212482	0.256245
7150	2026-04-24T22:00:00Z	0.220000	0.289683	0.401289
7151	2026-04-24T23:00:00Z	0.504000	0.392136	0.484287
7152	2026-04-25T00:00:00Z	0.821000	0.506494	0.502820
7153	2026-04-25T01:00:00Z	1.128000	0.617244	0.433521
7154	2026-04-25T02:00:00Z	1.359000	0.700577	0.266720
7155	2026-04-25T03:00:00Z	1.459000	0.736652	0.043513
7156	2026-04-25T04:00:00Z	1.413000	0.720058	-0.168413
7157	2026-04-25T05:00:00Z	1.250000	0.661255	-0.302176
7158	2026-04-25T06:00:00Z	1.038000	0.584776	-0.318292
7159	2026-04-25T07:00:00Z	0.855000	0.518759	-0.229654
7160	2026-04-25T08:00:00Z	0.753000	0.481962	-0.076551
7161	2026-04-25T09:00:00Z	0.760000	0.484488	0.096696
7162	2026-04-25T10:00:00Z	0.873000	0.525253	0.235294
7163	2026-04-25T11:00:00Z	1.052000	0.589827	0.298147
7164	2026-04-25T12:00:00Z	1.243000	0.658730	0.277196
7165	2026-04-25T13:00:00Z	1.396000	0.713925	0.171636
7166	2026-04-25T14:00:00Z	1.456000	0.735570	-0.016922
7167	2026-04-25T15:00:00Z	1.375000	0.706349	-0.246575
7168	2026-04-25T16:00:00Z	1.150000	0.625180	-0.443997
7169	2026-04-25T17:00:00Z	0.824000	0.507576	-0.546334
7170	2026-04-25T18:00:00Z	0.472000	0.380592	-0.518131
7171	2026-04-25T19:00:00Z	0.181000	0.275613	-0.373892
7172	2026-04-25T20:00:00Z	0.008000	0.213203	-0.164384
7173	2026-04-25T21:00:00Z	-0.023000	0.202020	0.063658
7174	2026-04-25T22:00:00Z	0.087000	0.241703	0.269944
7175	2026-04-25T23:00:00Z	0.312000	0.322872	0.421434
7176	2026-04-26T00:00:00Z	0.610000	0.430375	0.506849
7177	2026-04-26T01:00:00Z	0.941000	0.549784	0.518936
7178	2026-04-26T02:00:00Z	1.254000	0.662698	0.430298
7179	2026-04-26T03:00:00Z	1.475000	0.742424	0.234488
7180	2026-04-26T04:00:00Z	1.545000	0.767677	-0.021757
7181	2026-04-26T05:00:00Z	1.448000	0.732684	-0.261886
7182	2026-04-26T06:00:00Z	1.220000	0.650433	-0.406930
7183	2026-04-26T07:00:00Z	0.943000	0.550505	-0.415794
7184	2026-04-26T08:00:00Z	0.704000	0.464286	-0.302176
7185	2026-04-26T09:00:00Z	0.568000	0.415224	-0.113618
7186	2026-04-26T10:00:00Z	0.563000	0.413420	0.092667
7187	2026-04-26T11:00:00Z	0.683000	0.456710	0.255439
7188	2026-04-26T12:00:00Z	0.880000	0.527778	0.337631
7189	2026-04-26T13:00:00Z	1.102000	0.607864	0.334408
7190	2026-04-26T14:00:00Z	1.295000	0.677489	0.238517
7191	2026-04-26T15:00:00Z	1.398000	0.714646	0.051571
7192	2026-04-26T16:00:00Z	1.359000	0.700577	-0.186140
7193	2026-04-26T17:00:00Z	1.167000	0.631313	-0.400483
7194	2026-04-26T18:00:00Z	0.862000	0.521284	-0.518936
7195	2026-04-26T19:00:00Z	0.523000	0.398990	-0.498791
7196	2026-04-26T20:00:00Z	0.243000	0.297980	-0.353747
7197	2026-04-26T21:00:00Z	0.084000	0.240620	-0.136180
7198	2026-04-26T22:00:00Z	0.074000	0.237013	0.102337
7199	2026-04-26T23:00:00Z	0.211000	0.286436	0.311845
7200	2026-04-27T00:00:00Z	0.461000	0.376623	0.456084
7201	2026-04-27T01:00:00Z	0.777000	0.490620	0.526994
7202	2026-04-27T02:00:00Z	1.115000	0.612554	0.514102
7203	2026-04-27T03:00:00Z	1.415000	0.720779	0.389202
7204	2026-04-27T04:00:00Z	1.598000	0.786797	0.153102
7205	2026-04-27T05:00:00Z	1.605000	0.789322	-0.135375
7206	2026-04-27T06:00:00Z	1.430000	0.726190	-0.386785
7207	2026-04-27T07:00:00Z	1.125000	0.616162	-0.518936
7208	2026-04-27T08:00:00Z	0.786000	0.493867	-0.493956
7209	2026-04-27T09:00:00Z	0.512000	0.395022	-0.337631
7210	2026-04-27T10:00:00Z	0.367000	0.342713	-0.109589
7211	2026-04-27T11:00:00Z	0.376000	0.345960	0.124093
7212	2026-04-27T12:00:00Z	0.521000	0.398268	0.299758
7213	2026-04-27T13:00:00Z	0.748000	0.480159	0.387591
7214	2026-04-27T14:00:00Z	1.002000	0.571789	0.388396
7215	2026-04-27T15:00:00Z	1.230000	0.654040	0.291700
7216	2026-04-27T16:00:00Z	1.364000	0.702381	0.094279
7217	2026-04-27T17:00:00Z	1.347000	0.696248	-0.156326
7218	2026-04-27T18:00:00Z	1.170000	0.632395	-0.378727
7219	2026-04-27T19:00:00Z	0.877000	0.526696	-0.496374
7220	2026-04-27T20:00:00Z	0.554000	0.410173	-0.465753
7221	2026-04-27T21:00:00Z	0.299000	0.318182	-0.305399
7222	2026-04-27T22:00:00Z	0.175000	0.273449	-0.073328
7223	2026-04-27T23:00:00Z	0.208000	0.285354	0.169218
7224	2026-04-28T00:00:00Z	0.385000	0.349206	0.366640
7225	2026-04-28T01:00:00Z	0.663000	0.449495	0.487510
7226	2026-04-28T02:00:00Z	0.990000	0.567460	0.526994
7227	2026-04-28T03:00:00Z	1.317000	0.685426	0.473006
7228	2026-04-28T04:00:00Z	1.577000	0.779221	0.300564
7229	2026-04-28T05:00:00Z	1.690000	0.819986	0.024980
7230	2026-04-28T06:00:00Z	1.608000	0.790404	-0.281225
7231	2026-04-28T07:00:00Z	1.341000	0.694084	-0.521354
7232	2026-04-28T08:00:00Z	0.961000	0.556999	-0.611604
7233	2026-04-28T09:00:00Z	0.582000	0.420274	-0.530218
7234	2026-04-28T10:00:00Z	0.303000	0.319625	-0.323932
7235	2026-04-28T11:00:00Z	0.180000	0.275253	-0.061241
7236	2026-04-28T12:00:00Z	0.227000	0.292208	0.184529
7237	2026-04-28T13:00:00Z	0.409000	0.357864	0.356164
7238	2026-04-28T14:00:00Z	0.669000	0.451659	0.437550
7239	2026-04-28T15:00:00Z	0.952000	0.553752	0.428687
7240	2026-04-28T16:00:00Z	1.201000	0.643579	0.318292
7241	2026-04-28T17:00:00Z	1.347000	0.696248	0.107172
7242	2026-04-28T18:00:00Z	1.334000	0.691558	-0.150685
7243	2026-04-28T19:00:00Z	1.160000	0.628788	-0.369057
7244	2026-04-28T20:00:00Z	0.876000	0.526335	-0.467365
7245	2026-04-28T21:00:00Z	0.580000	0.419553	-0.409347
7246	2026-04-28T22:00:00Z	0.368000	0.343074	-0.227236
7247	2026-04-28T23:00:00Z	0.298000	0.317821	0.012893
7248	2026-04-29T00:00:00Z	0.384000	0.348846	0.244964
7249	2026-04-29T01:00:00Z	0.602000	0.427489	0.415794
7250	2026-04-29T02:00:00Z	0.900000	0.534993	0.497985
7251	2026-04-29T03:00:00Z	1.220000	0.650433	0.492345
7252	2026-04-29T04:00:00Z	1.511000	0.755411	0.388396
7253	2026-04-29T05:00:00Z	1.702000	0.824315	0.167607
7254	2026-04-29T06:00:00Z	1.719000	0.830447	-0.136180
7255	2026-04-29T07:00:00Z	1.533000	0.763348	-0.437550
7256	2026-04-29T08:00:00Z	1.176000	0.634560	-0.634972
7257	2026-04-29T09:00:00Z	0.745000	0.479076	-0.659146
7258	2026-04-29T10:00:00Z	0.358000	0.339466	-0.513296
7259	2026-04-29T11:00:00Z	0.108000	0.249278	-0.260274
7260	2026-04-29T12:00:00Z	0.035000	0.222944	0.020951
7261	2026-04-29T13:00:00Z	0.134000	0.258658	0.261080
7262	2026-04-29T14:00:00Z	0.359000	0.339827	0.413376
7263	2026-04-29T15:00:00Z	0.647000	0.443723	0.474617
7264	2026-04-29T16:00:00Z	0.948000	0.552309	0.448026
7265	2026-04-29T17:00:00Z	1.203000	0.644300	0.317486
7266	2026-04-29T18:00:00Z	1.342000	0.694444	0.092667
7267	2026-04-29T19:00:00Z	1.318000	0.685786	-0.162772
7268	2026-04-29T20:00:00Z	1.140000	0.621573	-0.359388
7269	2026-04-29T21:00:00Z	0.872000	0.524892	-0.422240
7270	2026-04-29T22:00:00Z	0.616000	0.432540	-0.330379
7271	2026-04-29T23:00:00Z	0.462000	0.376984	-0.130540
7272	2026-04-30T00:00:00Z	0.454000	0.374098	0.104754
7273	2026-04-30T01:00:00Z	0.592000	0.423882	0.312651
7274	2026-04-30T02:00:00Z	0.842000	0.514069	0.442385
7275	2026-04-30T03:00:00Z	1.141000	0.621934	0.476229
7276	2026-04-30T04:00:00Z	1.433000	0.727273	0.420629
7277	2026-04-30T05:00:00Z	1.663000	0.810245	0.264303
7278	2026-04-30T06:00:00Z	1.761000	0.845599	0.004835
7279	2026-04-30T07:00:00Z	1.669000	0.812410	-0.307010
7280	2026-04-30T08:00:00Z	1.380000	0.708153	-0.575342
7281	2026-04-30T09:00:00Z	0.955000	0.554834	-0.706688
7282	2026-04-30T10:00:00Z	0.503000	0.391775	-0.652699
7283	2026-04-30T11:00:00Z	0.145000	0.262626	-0.442385
7284	2026-04-30T12:00:00Z	-0.046000	0.193723	-0.158743
7285	2026-04-30T13:00:00Z	-0.052000	0.191558	0.121676
7286	2026-04-30T14:00:00Z	0.105000	0.248196	0.338437
7287	2026-04-30T15:00:00Z	0.368000	0.343074	0.460919
7288	2026-04-30T16:00:00Z	0.677000	0.454545	0.494762
7289	2026-04-30T17:00:00Z	0.982000	0.564574	0.441579
7290	2026-04-30T18:00:00Z	1.225000	0.652237	0.289283
7291	2026-04-30T19:00:00Z	1.341000	0.694084	0.058824
7292	2026-04-30T20:00:00Z	1.298000	0.678571	-0.180500
7293	2026-04-30T21:00:00Z	1.117000	0.613276	-0.341660
7294	2026-04-30T22:00:00Z	0.874000	0.525613	-0.360193
7295	2026-04-30T23:00:00Z	0.670000	0.452020	-0.236906
7296	2026-05-01T00:00:00Z	0.580000	0.419553	-0.030620
7297	2026-05-01T01:00:00Z	0.632000	0.438312	0.186946
7298	2026-05-01T02:00:00Z	0.812000	0.503247	0.356970
7299	2026-05-01T03:00:00Z	1.075000	0.598124	0.438356
7300	2026-05-01T04:00:00Z	1.356000	0.699495	0.422240
7301	2026-05-01T05:00:00Z	1.599000	0.787157	0.317486
7302	2026-05-01T06:00:00Z	1.750000	0.841631	0.116841
7303	2026-05-01T07:00:00Z	1.744000	0.839466	-0.166801
7304	2026-05-01T08:00:00Z	1.543000	0.766955	-0.463336
7305	2026-05-01T09:00:00Z	1.169000	0.632035	-0.674456
7306	2026-05-01T10:00:00Z	0.706000	0.465007	-0.722804
7307	2026-05-01T11:00:00Z	0.272000	0.308442	-0.589847
7308	2026-05-01T12:00:00Z	-0.026000	0.200938	-0.331990
7309	2026-05-01T13:00:00Z	-0.140000	0.159812	-0.037873
7310	2026-05-01T14:00:00Z	-0.073000	0.183983	0.223207
7311	2026-05-01T15:00:00Z	0.137000	0.259740	0.403707
7312	2026-05-01T16:00:00Z	0.428000	0.364719	0.488316
7313	2026-05-01T17:00:00Z	0.743000	0.478355	0.490733
7314	2026-05-01T18:00:00Z	1.037000	0.584416	0.411765
7315	2026-05-01T19:00:00Z	1.254000	0.662698	0.241741
7316	2026-05-01T20:00:00Z	1.337000	0.692641	0.014504
7317	2026-05-01T21:00:00Z	1.272000	0.669192	-0.195810
7318	2026-05-01T22:00:00Z	1.094000	0.604978	-0.310234
7319	2026-05-01T23:00:00Z	0.887000	0.530303	-0.284448
7320	2026-05-02T00:00:00Z	0.741000	0.477633	-0.140210
7321	2026-05-02T01:00:00Z	0.713000	0.467532	0.058018
7322	2026-05-02T02:00:00Z	0.813000	0.503608	0.245770
7323	2026-05-02T03:00:00Z	1.018000	0.577561	0.372280
7324	2026-05-02T04:00:00Z	1.275000	0.670274	0.405318
7325	2026-05-02T05:00:00Z	1.521000	0.759019	0.343272
7326	2026-05-02T06:00:00Z	1.701000	0.823954	0.195004
7327	2026-05-02T07:00:00Z	1.763000	0.846320	-0.037873
7328	2026-05-02T08:00:00Z	1.654000	0.806999	-0.323932
7329	2026-05-02T09:00:00Z	1.361000	0.701299	-0.581789
7330	2026-05-02T10:00:00Z	0.932000	0.546537	-0.720387
7331	2026-05-02T11:00:00Z	0.467000	0.378788	-0.684126
7332	2026-05-02T12:00:00Z	0.083000	0.240260	-0.485898
7333	2026-05-02T13:00:00Z	-0.136000	0.161255	-0.203062
7334	2026-05-02T14:00:00Z	-0.169000	0.149351	0.080580
7335	2026-05-02T15:00:00Z	-0.036000	0.197330	0.308622
7336	2026-05-02T16:00:00Z	0.214000	0.287518	0.446414
7337	2026-05-02T17:00:00Z	0.518000	0.397186	0.492345
7338	2026-05-02T18:00:00Z	0.825000	0.507937	0.464948
7339	2026-05-02T19:00:00Z	1.095000	0.605339	0.362611
7340	2026-05-02T20:00:00Z	1.275000	0.670274	0.183723
7341	2026-05-02T21:00:00Z	1.323000	0.687590	-0.028203
7342	2026-05-02T22:00:00Z	1.240000	0.657648	-0.199839
7343	2026-05-02T23:00:00Z	1.075000	0.598124	-0.265915
7344	2026-05-03T00:00:00Z	0.910000	0.538600	-0.203868
7345	2026-05-03T01:00:00Z	0.822000	0.506854	-0.051571
7346	2026-05-03T02:00:00Z	0.846000	0.515512	0.125705
7347	2026-05-03T03:00:00Z	0.978000	0.563131	0.276390
7348	2026-05-03T04:00:00Z	1.189000	0.639250	0.360193
7349	2026-05-03T05:00:00Z	1.425000	0.724387	0.350524
7350	2026-05-03T06:00:00Z	1.624000	0.796176	0.250604
7351	2026-05-03T07:00:00Z	1.736000	0.836580	0.070911
7352	2026-05-03T08:00:00Z	1.712000	0.827922	-0.178888
7353	2026-05-03T09:00:00Z	1.514000	0.756494	-0.449637
7354	2026-05-03T10:00:00Z	1.154000	0.626623	-0.653505
7355	2026-05-03T11:00:00Z	0.703000	0.463925	-0.713135
7356	2026-05-03T12:00:00Z	0.269000	0.307359	-0.602740
7357	2026-05-03T13:00:00Z	-0.045000	0.194084	-0.361805
7358	2026-05-03T14:00:00Z	-0.180000	0.145382	-0.076551
7359	2026-05-03T15:00:00Z	-0.140000	0.159812	0.179694
7360	2026-05-03T16:00:00Z	0.043000	0.225830	0.365834
7361	2026-05-03T17:00:00Z	0.314000	0.323593	0.462530
7362	2026-05-03T18:00:00Z	0.617000	0.432900	0.475423
7363	2026-05-03T19:00:00Z	0.904000	0.536436	0.421434
7364	2026-05-03T20:00:00Z	1.140000	0.621573	0.302981
7365	2026-05-03T21:00:00Z	1.280000	0.672078	0.124899
7366	2026-05-03T22:00:00Z	1.295000	0.677489	-0.061241
7367	2026-05-03T23:00:00Z	1.204000	0.644661	-0.188558
7368	2026-05-04T00:00:00Z	1.061000	0.593074	-0.211926
7369	2026-05-04T01:00:00Z	0.941000	0.549784	-0.127317
7370	2026-05-04T02:00:00Z	0.903000	0.536075	0.018533
7371	2026-05-04T03:00:00Z	0.964000	0.558081	0.168413
7372	2026-05-04T04:00:00Z	1.112000	0.611472	0.282031
7373	2026-05-04T05:00:00Z	1.314000	0.684343	0.327961
7374	2026-05-04T06:00:00Z	1.519000	0.758297	0.284448
7375	2026-05-04T07:00:00Z	1.667000	0.811688	0.155520
7376	2026-05-04T08:00:00Z	1.712000	0.827922	-0.044319
7377	2026-05-04T09:00:00Z	1.612000	0.791847	-0.293312
7378	2026-05-04T10:00:00Z	1.348000	0.696609	-0.531829
7379	2026-05-04T11:00:00Z	0.952000	0.553752	-0.674456
7380	2026-05-04T12:00:00Z	0.511000	0.394661	-0.663175
7381	2026-05-04T13:00:00Z	0.129000	0.256854	-0.497985
7382	2026-05-04T14:00:00Z	-0.107000	0.171717	-0.238517
7383	2026-05-04T15:00:00Z	-0.167000	0.150072	0.029009
7384	2026-05-04T16:00:00Z	-0.071000	0.184704	0.247381
7385	2026-05-04T17:00:00Z	0.140000	0.260823	0.393231
7386	2026-05-04T18:00:00Z	0.417000	0.360750	0.454472
7387	2026-05-04T19:00:00Z	0.704000	0.464286	0.441579
7388	2026-05-04T20:00:00Z	0.965000	0.558442	0.370669
7389	2026-05-04T21:00:00Z	1.164000	0.630231	0.243352
7390	2026-05-04T22:00:00Z	1.267000	0.667388	0.076551
7391	2026-05-04T23:00:00Z	1.259000	0.664502	-0.078163
7392	2026-05-05T00:00:00Z	1.170000	0.632395	-0.164384
7393	2026-05-05T01:00:00Z	1.055000	0.590909	-0.155520
7394	2026-05-05T02:00:00Z	0.977000	0.562771	-0.063658
7395	2026-05-05T03:00:00Z	0.976000	0.562410	0.064464
7396	2026-05-05T04:00:00Z	1.057000	0.591631	0.183723
7397	2026-05-05T05:00:00Z	1.204000	0.644661	0.265915
7398	2026-05-05T06:00:00Z	1.387000	0.710678	0.283642
7399	2026-05-05T07:00:00Z	1.556000	0.771645	0.215955
7400	2026-05-05T08:00:00Z	1.655000	0.807359	0.070911
7401	2026-05-05T09:00:00Z	1.644000	0.803391	-0.135375
7402	2026-05-05T10:00:00Z	1.487000	0.746753	-0.372280
7403	2026-05-05T11:00:00Z	1.182000	0.636724	-0.570508
7404	2026-05-05T12:00:00Z	0.779000	0.491342	-0.653505
7405	2026-05-05T13:00:00Z	0.371000	0.344156	-0.585818
7406	2026-05-05T14:00:00Z	0.052000	0.229076	-0.390814
7407	2026-05-05T15:00:00Z	-0.114000	0.169192	-0.136180
7408	2026-05-05T16:00:00Z	-0.117000	0.168110	0.101531
7409	2026-05-05T17:00:00Z	0.012000	0.214646	0.283642
7410	2026-05-05T18:00:00Z	0.235000	0.295094	0.396454
7411	2026-05-05T19:00:00Z	0.504000	0.392136	0.431104
7412	2026-05-05T20:00:00Z	0.770000	0.488095	0.401289
7413	2026-05-05T21:00:00Z	1.002000	0.571789	0.322321
7414	2026-05-05T22:00:00Z	1.170000	0.632395	0.195810
7415	2026-05-05T23:00:00Z	1.245000	0.659452	0.045125
7416	2026-05-06T00:00:00Z	1.226000	0.652597	-0.078969
7417	2026-05-06T01:00:00Z	1.147000	0.624098	-0.134569
7418	2026-05-06T02:00:00Z	1.059000	0.592352	-0.108783
7419	2026-05-06T03:00:00Z	1.012000	0.575397	-0.021757
7420	2026-05-06T04:00:00Z	1.032000	0.582612	0.082998
7421	2026-05-06T05:00:00Z	1.115000	0.612554	0.175665
7422	2026-05-06T06:00:00Z	1.250000	0.661255	0.236906
7423	2026-05-06T07:00:00Z	1.409000	0.718615	0.236906
7424	2026-05-06T08:00:00Z	1.544000	0.767316	0.156326
7425	2026-05-06T09:00:00Z	1.603000	0.788600	0.004029
7426	2026-05-06T10:00:00Z	1.549000	0.769120	-0.198227
7427	2026-05-06T11:00:00Z	1.357000	0.699856	-0.412571
7428	2026-05-06T12:00:00Z	1.037000	0.584416	-0.568896
7429	2026-05-06T13:00:00Z	0.651000	0.445166	-0.604351
7430	2026-05-06T14:00:00Z	0.287000	0.313853	-0.502820
7431	2026-05-06T15:00:00Z	0.027000	0.220058	-0.298952
7432	2026-05-06T16:00:00Z	-0.084000	0.180014	-0.064464
7433	2026-05-06T17:00:00Z	-0.053000	0.191198	0.141015
7434	2026-05-06T18:00:00Z	0.091000	0.243146	0.294923
7435	2026-05-06T19:00:00Z	0.313000	0.323232	0.385979
7436	2026-05-06T20:00:00Z	0.570000	0.415945	0.406124
7437	2026-05-06T21:00:00Z	0.817000	0.505051	0.368251
7438	2026-05-06T22:00:00Z	1.027000	0.580808	0.286060
7439	2026-05-06T23:00:00Z	1.172000	0.633117	0.163578
7440	2026-05-07T00:00:00Z	1.230000	0.654040	0.028203
7441	2026-05-07T01:00:00Z	1.207000	0.645743	-0.073328
7442	2026-05-07T02:00:00Z	1.139000	0.621212	-0.111201
7443	2026-05-07T03:00:00Z	1.069000	0.595960	-0.082998
7444	2026-05-07T04:00:00Z	1.036000	0.584055	-0.008864
7445	2026-05-07T05:00:00Z	1.058000	0.591991	0.077357
7446	2026-05-07T06:00:00Z	1.132000	0.618687	0.153908
7447	2026-05-07T07:00:00Z	1.249000	0.660895	0.203868
7448	2026-05-07T08:00:00Z	1.385000	0.709957	0.195810
7449	2026-05-07T09:00:00Z	1.492000	0.748557	0.112006
7450	2026-05-07T10:00:00Z	1.524000	0.760101	-0.037067
7451	2026-05-07T11:00:00Z	1.446000	0.731962	-0.228848
7452	2026-05-07T12:00:00Z	1.240000	0.657648	-0.419017
7453	2026-05-07T13:00:00Z	0.926000	0.544372	-0.540693
7454	2026-05-07T14:00:00Z	0.569000	0.415584	-0.544722
7455	2026-05-07T15:00:00Z	0.250000	0.300505	-0.429492
7456	2026-05-07T16:00:00Z	0.036000	0.223304	-0.234488
7457	2026-05-07T17:00:00Z	-0.041000	0.195527	-0.022562
7458	2026-05-07T18:00:00Z	0.008000	0.213203	0.159549
7459	2026-05-07T19:00:00Z	0.157000	0.266955	0.296535
7460	2026-05-07T20:00:00Z	0.376000	0.345960	0.375504
7461	2026-05-07T21:00:00Z	0.623000	0.435065	0.389202
7462	2026-05-07T22:00:00Z	0.859000	0.520202	0.348912
7463	2026-05-07T23:00:00Z	1.056000	0.591270	0.265915
7464	2026-05-08T00:00:00Z	1.189000	0.639250	0.145850
7465	2026-05-08T01:00:00Z	1.237000	0.656566	0.017728
7466	2026-05-08T02:00:00Z	1.211000	0.647186	-0.075745
7467	2026-05-08T03:00:00Z	1.143000	0.622655	-0.111201
7468	2026-05-08T04:00:00Z	1.073000	0.597403	-0.087832
7469	2026-05-08T05:00:00Z	1.034000	0.583333	-0.024980
7470	2026-05-08T06:00:00Z	1.042000	0.586219	0.052377
7471	2026-05-08T07:00:00Z	1.099000	0.606782	0.128122
7472	2026-05-08T08:00:00Z	1.201000	0.643579	0.179694
7473	2026-05-08T09:00:00Z	1.322000	0.687229	0.171636
7474	2026-05-08T10:00:00Z	1.414000	0.720418	0.089444
7475	2026-05-08T11:00:00Z	1.433000	0.727273	-0.051571
7476	2026-05-08T12:00:00Z	1.350000	0.697330	-0.228848
7477	2026-05-08T13:00:00Z	1.149000	0.624820	-0.399678
7478	2026-05-08T14:00:00Z	0.854000	0.518398	-0.498791
7479	2026-05-08T15:00:00Z	0.530000	0.401515	-0.489927
7480	2026-05-08T16:00:00Z	0.246000	0.299062	-0.377115
7481	2026-05-08T17:00:00Z	0.062000	0.232684	-0.195004
7482	2026-05-08T18:00:00Z	0.004000	0.211760	-0.000806
7483	2026-05-08T19:00:00Z	0.061000	0.232323	0.169218
7484	2026-05-08T20:00:00Z	0.214000	0.287518	0.302176
7485	2026-05-08T21:00:00Z	0.436000	0.367605	0.379533
7486	2026-05-08T22:00:00Z	0.685000	0.457431	0.390008
7487	2026-05-08T23:00:00Z	0.920000	0.542208	0.344883
7488	2026-05-09T00:00:00Z	1.113000	0.611833	0.255439
7489	2026-05-09T01:00:00Z	1.237000	0.656566	0.128928
7490	2026-05-09T02:00:00Z	1.273000	0.669553	-0.004835
7491	2026-05-09T03:00:00Z	1.231000	0.654401	-0.104754
7492	2026-05-09T04:00:00Z	1.143000	0.622655	-0.146656
7493	2026-05-09T05:00:00Z	1.049000	0.588745	-0.126511
7494	2026-05-09T06:00:00Z	0.986000	0.566017	-0.062047
7495	2026-05-09T07:00:00Z	0.972000	0.560967	0.023368
7496	2026-05-09T08:00:00Z	1.015000	0.576479	0.112006
7497	2026-05-09T09:00:00Z	1.111000	0.611111	0.173247
7498	2026-05-09T10:00:00Z	1.230000	0.654040	0.170830
7499	2026-05-09T11:00:00Z	1.323000	0.687590	0.095085
7500	2026-05-09T12:00:00Z	1.348000	0.696609	-0.037873
7501	2026-05-09T13:00:00Z	1.276000	0.670635	-0.206285
7502	2026-05-09T14:00:00Z	1.092000	0.604257	-0.365834
7503	2026-05-09T15:00:00Z	0.822000	0.506854	-0.458501
7504	2026-05-09T16:00:00Z	0.523000	0.398990	-0.451249
7505	2026-05-09T17:00:00Z	0.262000	0.304834	-0.344883
7506	2026-05-09T18:00:00Z	0.095000	0.244589	-0.173247
7507	2026-05-09T19:00:00Z	0.047000	0.227273	0.016116
7508	2026-05-09T20:00:00Z	0.115000	0.251804	0.188558
7509	2026-05-09T21:00:00Z	0.281000	0.311688	0.324738
7510	2026-05-09T22:00:00Z	0.518000	0.397186	0.399678
7511	2026-05-09T23:00:00Z	0.777000	0.490620	0.402901
7512	2026-05-10T00:00:00Z	1.018000	0.577561	0.348912
7513	2026-05-10T01:00:00Z	1.210000	0.646825	0.242546
7514	2026-05-10T02:00:00Z	1.319000	0.686147	0.094279
7515	2026-05-10T03:00:00Z	1.327000	0.689033	-0.058824
7516	2026-05-10T04:00:00Z	1.246000	0.659812	-0.172442
7517	2026-05-10T05:00:00Z	1.113000	0.611833	-0.218372
7518	2026-05-10T06:00:00Z	0.975000	0.562049	-0.190975
7519	2026-05-10T07:00:00Z	0.876000	0.526335	-0.106366
7520	2026-05-10T08:00:00Z	0.843000	0.514430	0.005641
7521	2026-05-10T09:00:00Z	0.883000	0.528860	0.117647
7522	2026-05-10T10:00:00Z	0.989000	0.567100	0.193392
7523	2026-05-10T11:00:00Z	1.123000	0.615440	0.197421
7524	2026-05-10T12:00:00Z	1.234000	0.655483	0.126511
7525	2026-05-10T13:00:00Z	1.280000	0.672078	-0.001612
7526	2026-05-10T14:00:00Z	1.232000	0.654762	-0.168413
7527	2026-05-10T15:00:00Z	1.071000	0.596681	-0.329573
7528	2026-05-10T16:00:00Z	0.823000	0.507215	-0.427881
7529	2026-05-10T17:00:00Z	0.540000	0.405123	-0.428687
7530	2026-05-10T18:00:00Z	0.291000	0.315296	-0.327156
7531	2026-05-10T19:00:00Z	0.134000	0.258658	-0.153908
7532	2026-05-10T20:00:00Z	0.100000	0.246392	0.043513
7533	2026-05-10T21:00:00Z	0.188000	0.278139	0.225624
7534	2026-05-10T22:00:00Z	0.380000	0.347403	0.365028
7535	2026-05-10T23:00:00Z	0.641000	0.441558	0.433521
7536	2026-05-11T00:00:00Z	0.918000	0.541486	0.421434
7537	2026-05-11T01:00:00Z	1.164000	0.630231	0.344077
7538	2026-05-11T02:00:00Z	1.345000	0.695527	0.207091
7539	2026-05-11T03:00:00Z	1.421000	0.722944	0.024980
7540	2026-05-11T04:00:00Z	1.376000	0.706710	-0.154714
7541	2026-05-11T05:00:00Z	1.229000	0.653680	-0.281225
7542	2026-05-11T06:00:00Z	1.027000	0.580808	-0.319903
7543	2026-05-11T07:00:00Z	0.832000	0.510462	-0.263497
7544	2026-05-11T08:00:00Z	0.700000	0.462843	-0.138598
7545	2026-05-11T09:00:00Z	0.660000	0.448413	0.012893
7546	2026-05-11T10:00:00Z	0.716000	0.468615	0.153908
7547	2026-05-11T11:00:00Z	0.851000	0.517316	0.242546
7548	2026-05-11T12:00:00Z	1.017000	0.577201	0.248993
7549	2026-05-11T13:00:00Z	1.160000	0.628788	0.179694
7550	2026-05-11T14:00:00Z	1.240000	0.657648	0.049154
7551	2026-05-11T15:00:00Z	1.221000	0.650794	-0.125705
7552	2026-05-11T16:00:00Z	1.084000	0.601371	-0.298952
7553	2026-05-11T17:00:00Z	0.850000	0.516955	-0.410153
7554	2026-05-11T18:00:00Z	0.575000	0.417749	-0.416600
7555	2026-05-11T19:00:00Z	0.333000	0.330447	-0.310234
7556	2026-05-11T20:00:00Z	0.190000	0.278860	-0.124093
7557	2026-05-11T21:00:00Z	0.179000	0.274892	0.088638
7558	2026-05-11T22:00:00Z	0.300000	0.318543	0.281225
7559	2026-05-11T23:00:00Z	0.528000	0.400794	0.416600
7560	2026-05-12T00:00:00Z	0.817000	0.505051	0.466559
7561	2026-05-12T01:00:00Z	1.107000	0.609668	0.428687
7562	2026-05-12T02:00:00Z	1.349000	0.696970	0.316680
7563	2026-05-12T03:00:00Z	1.500000	0.751443	0.136986
7564	2026-05-12T04:00:00Z	1.519000	0.758297	-0.085415
7565	2026-05-12T05:00:00Z	1.394000	0.713203	-0.292506
7566	2026-05-12T06:00:00Z	1.156000	0.627345	-0.421434
7567	2026-05-12T07:00:00Z	0.871000	0.524531	-0.431910
7568	2026-05-12T08:00:00Z	0.620000	0.433983	-0.323932
7569	2026-05-12T09:00:00Z	0.469000	0.379509	-0.144239
7570	2026-05-12T10:00:00Z	0.441000	0.369408	0.052377
7571	2026-05-12T11:00:00Z	0.534000	0.402958	0.219984
7572	2026-05-12T12:00:00Z	0.714000	0.467893	0.315068
7573	2026-05-12T13:00:00Z	0.925000	0.544012	0.319903
7574	2026-05-12T14:00:00Z	1.111000	0.611111	0.245770
7575	2026-05-12T15:00:00Z	1.230000	0.654040	0.104754
7576	2026-05-12T16:00:00Z	1.241000	0.658009	-0.087027
7577	2026-05-12T17:00:00Z	1.122000	0.615079	-0.278002
7578	2026-05-12T18:00:00Z	0.896000	0.533550	-0.401289
7579	2026-05-12T19:00:00Z	0.624000	0.435426	-0.406930
7580	2026-05-12T20:00:00Z	0.391000	0.351371	-0.284448
7581	2026-05-12T21:00:00Z	0.271000	0.308081	-0.076551
7582	2026-05-12T22:00:00Z	0.296000	0.317100	0.151491
7583	2026-05-12T23:00:00Z	0.459000	0.375902	0.346495
7584	2026-05-13T00:00:00Z	0.726000	0.472222	0.467365
7585	2026-05-13T01:00:00Z	1.039000	0.585137	0.487510
7586	2026-05-13T02:00:00Z	1.331000	0.690476	0.412571
7587	2026-05-13T03:00:00Z	1.551000	0.769841	0.257051
7588	2026-05-13T04:00:00Z	1.650000	0.805556	0.028203
7589	2026-05-13T05:00:00Z	1.586000	0.782468	-0.236100
7590	2026-05-13T06:00:00Z	1.357000	0.699856	-0.459307
7591	2026-05-13T07:00:00Z	1.016000	0.576840	-0.569702
7592	2026-05-13T08:00:00Z	0.650000	0.444805	-0.530218
7593	2026-05-13T09:00:00Z	0.358000	0.339466	-0.356970
7594	2026-05-13T10:00:00Z	0.207000	0.284993	-0.116035
7595	2026-05-13T11:00:00Z	0.214000	0.287518	0.122482
7596	2026-05-13T12:00:00Z	0.359000	0.339827	0.306205
7597	2026-05-13T13:00:00Z	0.594000	0.424603	0.400483
7598	2026-05-13T14:00:00Z	0.856000	0.519120	0.398066
7599	2026-05-13T15:00:00Z	1.088000	0.602814	0.314263
7600	2026-05-13T16:00:00Z	1.246000	0.659812	0.157937
7601	2026-05-13T17:00:00Z	1.284000	0.673521	-0.056406
7602	2026-05-13T18:00:00Z	1.176000	0.634560	-0.267526
7603	2026-05-13T19:00:00Z	0.952000	0.553752	-0.395649
7604	2026-05-13T20:00:00Z	0.685000	0.457431	-0.389202
7605	2026-05-13T21:00:00Z	0.469000	0.379509	-0.243352
7606	2026-05-13T22:00:00Z	0.383000	0.348485	-0.013699
7607	2026-05-13T23:00:00Z	0.452000	0.373377	0.223207
7608	2026-05-14T00:00:00Z	0.660000	0.448413	0.409347
7609	2026-05-14T01:00:00Z	0.960000	0.556638	0.502820
7610	2026-05-14T02:00:00Z	1.284000	0.673521	0.485093
7611	2026-05-14T03:00:00Z	1.562000	0.773810	0.368251
7612	2026-05-14T04:00:00Z	1.741000	0.838384	0.165189
7613	2026-05-14T05:00:00Z	1.767000	0.847763	-0.111201
7614	2026-05-14T06:00:00Z	1.603000	0.788600	-0.406930
7615	2026-05-14T07:00:00Z	1.262000	0.665584	-0.631749
7616	2026-05-14T08:00:00Z	0.819000	0.505772	-0.704271
7617	2026-05-14T09:00:00Z	0.388000	0.350289	-0.597905
7618	2026-05-14T10:00:00Z	0.077000	0.238095	-0.352941
7619	2026-05-14T11:00:00Z	-0.050000	0.192280	-0.057212
7620	2026-05-14T12:00:00Z	0.006000	0.212482	0.210314
7621	2026-05-14T13:00:00Z	0.211000	0.286436	0.400483
7622	2026-05-14T14:00:00Z	0.503000	0.391775	0.485093
7623	2026-05-14T15:00:00Z	0.813000	0.503608	0.472200
7624	2026-05-14T16:00:00Z	1.089000	0.603175	0.377115
7625	2026-05-14T17:00:00Z	1.281000	0.672439	0.199033
7626	2026-05-14T18:00:00Z	1.336000	0.692280	-0.037873
7627	2026-05-14T19:00:00Z	1.234000	0.655483	-0.261886
7628	2026-05-14T20:00:00Z	1.011000	0.575036	-0.387591
7629	2026-05-14T21:00:00Z	0.753000	0.481962	-0.360193
7630	2026-05-14T22:00:00Z	0.564000	0.413781	-0.188558
7631	2026-05-14T23:00:00Z	0.519000	0.397547	0.056406
7632	2026-05-15T00:00:00Z	0.634000	0.439033	0.290894
7633	2026-05-15T01:00:00Z	0.880000	0.527778	0.456890
7634	2026-05-15T02:00:00Z	1.201000	0.643579	0.516519
7635	2026-05-15T03:00:00Z	1.521000	0.759019	0.459307
7636	2026-05-15T04:00:00Z	1.771000	0.849206	0.300564
7637	2026-05-15T05:00:00Z	1.894000	0.893579	0.052377
7638	2026-05-15T06:00:00Z	1.836000	0.872655	-0.264303
7639	2026-05-15T07:00:00Z	1.566000	0.775253	-0.578566
7640	2026-05-15T08:00:00Z	1.118000	0.613636	-0.784045
7641	2026-05-15T09:00:00Z	0.593000	0.424242	-0.803384
7642	2026-05-15T10:00:00Z	0.121000	0.253968	-0.624496
7643	2026-05-15T11:00:00Z	-0.182000	0.144661	-0.315068
7644	2026-05-15T12:00:00Z	-0.270000	0.112915	0.019339
7645	2026-05-15T13:00:00Z	-0.158000	0.153319	0.300564
7646	2026-05-15T14:00:00Z	0.103000	0.247475	0.485093
7647	2026-05-15T15:00:00Z	0.444000	0.370491	0.558421
7648	2026-05-15T16:00:00Z	0.796000	0.497475	0.533441
7649	2026-05-15T17:00:00Z	1.106000	0.609307	0.423852
7650	2026-05-15T18:00:00Z	1.322000	0.687229	0.225624
7651	2026-05-15T19:00:00Z	1.386000	0.710317	-0.030620
7652	2026-05-15T20:00:00Z	1.284000	0.673521	-0.259468
7653	2026-05-15T21:00:00Z	1.064000	0.594156	-0.372280
7654	2026-05-15T22:00:00Z	0.822000	0.506854	-0.320709
7655	2026-05-15T23:00:00Z	0.666000	0.450577	-0.127317
7656	2026-05-16T00:00:00Z	0.664000	0.449856	0.123288
7657	2026-05-16T01:00:00Z	0.819000	0.505772	0.344077
7658	2026-05-16T02:00:00Z	1.091000	0.603896	0.482675
7659	2026-05-16T03:00:00Z	1.418000	0.721861	0.508461
7660	2026-05-16T04:00:00Z	1.722000	0.831530	0.414988
7661	2026-05-16T05:00:00Z	1.933000	0.907648	0.219984
7662	2026-05-16T06:00:00Z	1.995000	0.930014	-0.066076
7663	2026-05-16T07:00:00Z	1.851000	0.878066	-0.411765
7664	2026-05-16T08:00:00Z	1.484000	0.745671	-0.726027
7665	2026-05-16T09:00:00Z	0.950000	0.553030	-0.896857
7666	2026-05-16T10:00:00Z	0.371000	0.344156	-0.854956
7667	2026-05-16T11:00:00Z	-0.111000	0.170274	-0.610798
7668	2026-05-16T12:00:00Z	-0.387000	0.070707	-0.254633
7669	2026-05-16T13:00:00Z	-0.427000	0.056277	0.099114
7670	2026-05-16T14:00:00Z	-0.264000	0.115079	0.377115
7671	2026-05-16T15:00:00Z	0.041000	0.225108	0.548751
7672	2026-05-16T16:00:00Z	0.417000	0.360750	0.609186
7673	2026-05-16T17:00:00Z	0.797000	0.497835	0.574537
7674	2026-05-16T18:00:00Z	1.130000	0.617965	0.452055
7675	2026-05-16T19:00:00Z	1.358000	0.700216	0.236100
7676	2026-05-16T20:00:00Z	1.423000	0.723665	-0.032232
7677	2026-05-16T21:00:00Z	1.318000	0.685786	-0.257051
7678	2026-05-16T22:00:00Z	1.104000	0.608586	-0.350524
7679	2026-05-16T23:00:00Z	0.883000	0.528860	-0.274778
7680	2026-05-17T00:00:00Z	0.763000	0.485570	-0.068493
7681	2026-05-17T01:00:00Z	0.798000	0.498196	0.175665
7682	2026-05-17T02:00:00Z	0.981000	0.564214	0.376309
7683	2026-05-17T03:00:00Z	1.265000	0.666667	0.486704
7684	2026-05-17T04:00:00Z	1.585000	0.782107	0.481869
7685	2026-05-17T05:00:00Z	1.863000	0.882395	0.360999
7686	2026-05-17T06:00:00Z	2.033000	0.943723	0.139404
7687	2026-05-17T07:00:00Z	2.036000	0.944805	-0.173247
7688	2026-05-17T08:00:00Z	1.818000	0.866162	-0.532635
7689	2026-05-17T09:00:00Z	1.375000	0.706349	-0.831587
7690	2026-05-17T10:00:00Z	0.786000	0.493867	-0.958098
7691	2026-05-17T11:00:00Z	0.186000	0.277417	-0.858985
7692	2026-05-17T12:00:00Z	-0.280000	0.109307	-0.565673
7693	2026-05-17T13:00:00Z	-0.516000	0.024170	-0.186140
7694	2026-05-17T14:00:00Z	-0.511000	0.025974	0.165995
7695	2026-05-17T15:00:00Z	-0.310000	0.098485	0.430298
7696	2026-05-17T16:00:00Z	0.023000	0.218615	0.585818
7697	2026-05-17T17:00:00Z	0.417000	0.360750	0.634972
7698	2026-05-17T18:00:00Z	0.811000	0.502886	0.593070
7699	2026-05-17T19:00:00Z	1.153000	0.626263	0.459307
7700	2026-05-17T20:00:00Z	1.381000	0.708514	0.231265
7701	2026-05-17T21:00:00Z	1.440000	0.729798	-0.038678
7702	2026-05-17T22:00:00Z	1.333000	0.691198	-0.252216
7703	2026-05-17T23:00:00Z	1.127000	0.616883	-0.323932
7704	2026-05-18T00:00:00Z	0.931000	0.546176	-0.228848
7705	2026-05-18T01:00:00Z	0.843000	0.514430	-0.020951
7706	2026-05-18T02:00:00Z	0.905000	0.536797	0.206285
7707	2026-05-18T03:00:00Z	1.099000	0.606782	0.382756
7708	2026-05-18T04:00:00Z	1.380000	0.708153	0.470588
7709	2026-05-18T05:00:00Z	1.683000	0.817460	0.445608
7710	2026-05-18T06:00:00Z	1.933000	0.907648	0.307816
7711	2026-05-18T07:00:00Z	2.065000	0.955267	0.069299
7712	2026-05-18T08:00:00Z	2.019000	0.938672	-0.257051
7713	2026-05-18T09:00:00Z	1.746000	0.840188	-0.613215
7714	2026-05-18T10:00:00Z	1.258000	0.664141	-0.883965
7715	2026-05-18T11:00:00Z	0.649000	0.444444	-0.965351
7716	2026-05-18T12:00:00Z	0.060000	0.231962	-0.820306
7717	2026-05-18T13:00:00Z	-0.369000	0.077201	-0.501209
7718	2026-05-18T14:00:00Z	-0.562000	0.007576	-0.123288
7719	2026-05-18T15:00:00Z	-0.522000	0.022006	0.211120
7720	2026-05-18T16:00:00Z	-0.300000	0.102092	0.455278
7721	2026-05-18T17:00:00Z	0.043000	0.225830	0.595488
7722	2026-05-18T18:00:00Z	0.439000	0.368687	0.636583
7723	2026-05-18T19:00:00Z	0.833000	0.510823	0.590653
7724	2026-05-18T20:00:00Z	1.172000	0.633117	0.449637
7725	2026-05-18T21:00:00Z	1.391000	0.712121	0.215955
7726	2026-05-18T22:00:00Z	1.440000	0.729798	-0.047542
7727	2026-05-18T23:00:00Z	1.332000	0.690837	-0.242546
7728	2026-05-19T00:00:00Z	1.139000	0.621212	-0.295729
7729	2026-05-19T01:00:00Z	0.965000	0.558442	-0.193392
7730	2026-05-19T02:00:00Z	0.899000	0.534632	0.004835
7731	2026-05-19T03:00:00Z	0.971000	0.560606	0.211120
7732	2026-05-19T04:00:00Z	1.161000	0.629149	0.367446
7733	2026-05-19T05:00:00Z	1.427000	0.725108	0.439968
7734	2026-05-19T06:00:00Z	1.707000	0.826118	0.404512
7735	2026-05-19T07:00:00Z	1.929000	0.906205	0.260274
7736	2026-05-19T08:00:00Z	2.030000	0.942641	0.016922
7737	2026-05-19T09:00:00Z	1.950000	0.913781	-0.308622
7738	2026-05-19T10:00:00Z	1.647000	0.804473	-0.647059
7739	2026-05-19T11:00:00Z	1.147000	0.624098	-0.882353
7740	2026-05-19T12:00:00Z	0.552000	0.409452	-0.923449
7741	2026-05-19T13:00:00Z	0.001000	0.210678	-0.751007
7742	2026-05-19T14:00:00Z	-0.380000	0.073232	-0.430298
7743	2026-05-19T15:00:00Z	-0.533000	0.018038	-0.074940
7744	2026-05-19T16:00:00Z	-0.473000	0.039683	0.232071
7745	2026-05-19T17:00:00Z	-0.245000	0.121934	0.455278
7746	2026-05-19T18:00:00Z	0.092000	0.243506	0.582595
7747	2026-05-19T19:00:00Z	0.478000	0.382756	0.620467
7748	2026-05-19T20:00:00Z	0.862000	0.521284	0.572925
7749	2026-05-19T21:00:00Z	1.189000	0.639250	0.429492
7750	2026-05-19T22:00:00Z	1.395000	0.713564	0.197421
7751	2026-05-19T23:00:00Z	1.434000	0.727633	-0.054795
7752	2026-05-20T00:00:00Z	1.327000	0.689033	-0.232071
7753	2026-05-20T01:00:00Z	1.146000	0.623737	-0.273973
7754	2026-05-20T02:00:00Z	0.987000	0.566378	-0.175665
7755	2026-05-20T03:00:00Z	0.928000	0.545094	0.003223
7756	2026-05-20T04:00:00Z	0.991000	0.567821	0.187752
7757	2026-05-20T05:00:00Z	1.161000	0.629149	0.331185
7758	2026-05-20T06:00:00Z	1.402000	0.716089	0.398066
7759	2026-05-20T07:00:00Z	1.655000	0.807359	0.362611
7760	2026-05-20T08:00:00Z	1.852000	0.878427	0.224013
7761	2026-05-20T09:00:00Z	1.933000	0.907648	-0.012087
7762	2026-05-20T10:00:00Z	1.837000	0.873016	-0.323127
7763	2026-05-20T11:00:00Z	1.532000	0.762987	-0.631749
7764	2026-05-20T12:00:00Z	1.053000	0.590188	-0.830782
7765	2026-05-20T13:00:00Z	0.501000	0.391053	-0.843674
7766	2026-05-20T14:00:00Z	0.006000	0.212482	-0.665592
7767	2026-05-20T15:00:00Z	-0.325000	0.093074	-0.365834
7768	2026-05-20T16:00:00Z	-0.448000	0.048701	-0.043513
7769	2026-05-20T17:00:00Z	-0.379000	0.073593	0.233683
7770	2026-05-20T18:00:00Z	-0.158000	0.153319	0.438356
7771	2026-05-20T19:00:00Z	0.165000	0.269841	0.557615
7772	2026-05-20T20:00:00Z	0.534000	0.402958	0.593876
7773	2026-05-20T21:00:00Z	0.902000	0.535714	0.548751
7774	2026-05-20T22:00:00Z	1.215000	0.648629	0.405318
7775	2026-05-20T23:00:00Z	1.405000	0.717172	0.178888
7776	2026-05-21T00:00:00Z	1.437000	0.728716	-0.060435
7777	2026-05-21T01:00:00Z	1.330000	0.690115	-0.228042
7778	2026-05-21T02:00:00Z	1.154000	0.626623	-0.269138
7779	2026-05-21T03:00:00Z	0.996000	0.569625	-0.184529
7780	2026-05-21T04:00:00Z	0.925000	0.544012	-0.027397
7781	2026-05-21T05:00:00Z	0.962000	0.557359	0.141015
7782	2026-05-21T06:00:00Z	1.100000	0.607143	0.280419
7783	2026-05-21T07:00:00Z	1.310000	0.682900	0.350524
7784	2026-05-21T08:00:00Z	1.535000	0.764069	0.324738
7785	2026-05-21T09:00:00Z	1.713000	0.828283	0.201450
7786	2026-05-21T10:00:00Z	1.785000	0.854257	-0.015310
7787	2026-05-21T11:00:00Z	1.694000	0.821429	-0.298952
7788	2026-05-21T12:00:00Z	1.414000	0.720418	-0.572925
7789	2026-05-21T13:00:00Z	0.983000	0.564935	-0.741338
7790	2026-05-21T14:00:00Z	0.494000	0.388528	-0.742949
7791	2026-05-21T15:00:00Z	0.061000	0.232323	-0.577760
7792	2026-05-21T16:00:00Z	-0.223000	0.129870	-0.310234
7793	2026-05-21T17:00:00Z	-0.324000	0.093434	-0.026591
7794	2026-05-21T18:00:00Z	-0.256000	0.117965	0.223207
7795	2026-05-21T19:00:00Z	-0.047000	0.193362	0.415794
7796	2026-05-21T20:00:00Z	0.260000	0.304113	0.531023
7797	2026-05-21T21:00:00Z	0.612000	0.431097	0.567284
7798	2026-05-21T22:00:00Z	0.964000	0.558081	0.522965
7799	2026-05-21T23:00:00Z	1.261000	0.665224	0.381144
7800	2026-05-22T00:00:00Z	1.437000	0.728716	0.159549
7801	2026-05-22T01:00:00Z	1.459000	0.736652	-0.072522
7802	2026-05-22T02:00:00Z	1.347000	0.696248	-0.239323
7803	2026-05-22T03:00:00Z	1.162000	0.629509	-0.290089
7804	2026-05-22T04:00:00Z	0.987000	0.566378	-0.223207
7805	2026-05-22T05:00:00Z	0.885000	0.529582	-0.083803
7806	2026-05-22T06:00:00Z	0.883000	0.528860	0.078163
7807	2026-05-22T07:00:00Z	0.982000	0.564574	0.222401
7808	2026-05-22T08:00:00Z	1.159000	0.628427	0.305399
7809	2026-05-22T09:00:00Z	1.361000	0.701299	0.297341
7810	2026-05-22T10:00:00Z	1.528000	0.761544	0.197421
7811	2026-05-22T11:00:00Z	1.606000	0.789683	0.009670
7812	2026-05-22T12:00:00Z	1.540000	0.765873	-0.241741
7813	2026-05-22T13:00:00Z	1.306000	0.681457	-0.483481
7814	2026-05-22T14:00:00Z	0.940000	0.549423	-0.631749
7815	2026-05-22T15:00:00Z	0.522000	0.398629	-0.635778
7816	2026-05-22T16:00:00Z	0.151000	0.264791	-0.496374
7817	2026-05-22T17:00:00Z	-0.094000	0.176407	-0.267526
7818	2026-05-22T18:00:00Z	-0.181000	0.145022	-0.016116
7819	2026-05-22T19:00:00Z	-0.114000	0.169192	0.215149
7820	2026-05-22T20:00:00Z	0.086000	0.241342	0.397260
7821	2026-05-22T21:00:00Z	0.379000	0.347042	0.509267
7822	2026-05-22T22:00:00Z	0.718000	0.469336	0.545528
7823	2026-05-22T23:00:00Z	1.056000	0.591270	0.498791
7824	2026-05-23T00:00:00Z	1.337000	0.692641	0.355359
7825	2026-05-23T01:00:00Z	1.497000	0.750361	0.133763
7826	2026-05-23T02:00:00Z	1.503000	0.752525	-0.101531
7827	2026-05-23T03:00:00Z	1.371000	0.704906	-0.275584
7828	2026-05-23T04:00:00Z	1.161000	0.629149	-0.340048
7829	2026-05-23T05:00:00Z	0.949000	0.552670	-0.288477
7830	2026-05-23T06:00:00Z	0.803000	0.500000	-0.155520
7831	2026-05-23T07:00:00Z	0.756000	0.483045	0.012087
7832	2026-05-23T08:00:00Z	0.818000	0.505411	0.170830
7833	2026-05-23T09:00:00Z	0.968000	0.559524	0.270749
7834	2026-05-23T10:00:00Z	1.154000	0.626623	0.285254
7835	2026-05-23T11:00:00Z	1.322000	0.687229	0.214343
7836	2026-05-23T12:00:00Z	1.420000	0.722583	0.058018
7837	2026-05-23T13:00:00Z	1.394000	0.713203	-0.161160
7838	2026-05-23T14:00:00Z	1.220000	0.650433	-0.377115
7839	2026-05-23T15:00:00Z	0.926000	0.544372	-0.518131
7840	2026-05-23T16:00:00Z	0.577000	0.418470	-0.536664
7841	2026-05-23T17:00:00Z	0.260000	0.304113	-0.427075
7842	2026-05-23T18:00:00Z	0.047000	0.227273	-0.231265
7843	2026-05-23T19:00:00Z	-0.027000	0.200577	-0.004029
7844	2026-05-23T20:00:00Z	0.042000	0.225469	0.215149
7845	2026-05-23T21:00:00Z	0.240000	0.296898	0.390814
7846	2026-05-23T22:00:00Z	0.527000	0.400433	0.496374
7847	2026-05-23T23:00:00Z	0.856000	0.519120	0.526994
7848	2026-05-24T00:00:00Z	1.181000	0.636364	0.473006
7849	2026-05-24T01:00:00Z	1.443000	0.730880	0.319903
7850	2026-05-24T02:00:00Z	1.578000	0.779582	0.088638
7851	2026-05-24T03:00:00Z	1.553000	0.770563	-0.155520
7852	2026-05-24T04:00:00Z	1.385000	0.709957	-0.341660
7853	2026-05-24T05:00:00Z	1.129000	0.617605	-0.416600
7854	2026-05-24T06:00:00Z	0.868000	0.523449	-0.366640
7855	2026-05-24T07:00:00Z	0.674000	0.453463	-0.225624
7856	2026-05-24T08:00:00Z	0.588000	0.422439	-0.041096
7857	2026-05-24T09:00:00Z	0.623000	0.435065	0.137792
7858	2026-05-24T10:00:00Z	0.759000	0.484127	0.258662
7859	2026-05-24T11:00:00Z	0.944000	0.550866	0.294923
7860	2026-05-24T12:00:00Z	1.125000	0.616162	0.249799
7861	2026-05-24T13:00:00Z	1.254000	0.662698	0.123288
7862	2026-05-24T14:00:00Z	1.278000	0.671356	-0.070105
7863	2026-05-24T15:00:00Z	1.167000	0.631313	-0.272361
7864	2026-05-24T16:00:00Z	0.940000	0.549423	-0.416600
7865	2026-05-24T17:00:00Z	0.650000	0.444805	-0.454472
7866	2026-05-24T18:00:00Z	0.376000	0.345960	-0.369863
7867	2026-05-24T19:00:00Z	0.191000	0.279221	-0.196616
7868	2026-05-24T20:00:00Z	0.132000	0.257937	0.017728
7869	2026-05-24T21:00:00Z	0.213000	0.287157	0.230459
7870	2026-05-24T22:00:00Z	0.418000	0.361111	0.396454
7871	2026-05-24T23:00:00Z	0.705000	0.464646	0.489927
7872	2026-05-25T00:00:00Z	1.026000	0.580447	0.506849
7873	2026-05-25T01:00:00Z	1.334000	0.691558	0.435939
7874	2026-05-25T02:00:00Z	1.567000	0.775613	0.263497
7875	2026-05-25T03:00:00Z	1.661000	0.809524	0.016116
7876	2026-05-25T04:00:00Z	1.587000	0.782828	-0.241741
7877	2026-05-25T05:00:00Z	1.361000	0.701299	-0.434327
7878	2026-05-25T06:00:00Z	1.048000	0.588384	-0.502820
7879	2026-05-25T07:00:00Z	0.737000	0.476190	-0.438356
7880	2026-05-25T08:00:00Z	0.504000	0.392136	-0.274778
7881	2026-05-25T09:00:00Z	0.396000	0.353175	-0.063658
7882	2026-05-25T10:00:00Z	0.425000	0.363636	0.134569
7883	2026-05-25T11:00:00Z	0.563000	0.413420	0.269138
7884	2026-05-25T12:00:00Z	0.759000	0.484127	0.324738
7885	2026-05-25T13:00:00Z	0.966000	0.558802	0.301370
7886	2026-05-25T14:00:00Z	1.133000	0.619048	0.193392
7887	2026-05-25T15:00:00Z	1.206000	0.645382	0.013699
7888	2026-05-25T16:00:00Z	1.150000	0.625180	-0.185334
7889	2026-05-25T17:00:00Z	0.976000	0.562410	-0.338437
7890	2026-05-25T18:00:00Z	0.730000	0.473665	-0.390008
7891	2026-05-25T19:00:00Z	0.492000	0.387807	-0.319098
7892	2026-05-25T20:00:00Z	0.334000	0.330808	-0.156326
7893	2026-05-25T21:00:00Z	0.298000	0.317821	0.052377
7894	2026-05-25T22:00:00Z	0.399000	0.354257	0.257051
7895	2026-05-25T23:00:00Z	0.617000	0.432900	0.407736
7896	2026-05-26T00:00:00Z	0.905000	0.536797	0.481064
7897	2026-05-26T01:00:00Z	1.214000	0.648268	0.476229
7898	2026-05-26T02:00:00Z	1.496000	0.750000	0.379533
7899	2026-05-26T03:00:00Z	1.685000	0.818182	0.180500
7900	2026-05-26T04:00:00Z	1.720000	0.830808	-0.087832
7901	2026-05-26T05:00:00Z	1.576000	0.778860	-0.353747
7902	2026-05-26T06:00:00Z	1.281000	0.672439	-0.537470
7903	2026-05-26T07:00:00Z	0.909000	0.538240	-0.580983
7904	2026-05-26T08:00:00Z	0.560000	0.412338	-0.481869
7905	2026-05-26T09:00:00Z	0.311000	0.322511	-0.285254
7906	2026-05-26T10:00:00Z	0.206000	0.284632	-0.048348
7907	2026-05-26T11:00:00Z	0.251000	0.300866	0.162772
7908	2026-05-26T12:00:00Z	0.408000	0.357504	0.303787
7909	2026-05-26T13:00:00Z	0.628000	0.436869	0.368251
7910	2026-05-26T14:00:00Z	0.865000	0.522367	0.355359
7911	2026-05-26T15:00:00Z	1.069000	0.595960	0.255439
7912	2026-05-26T16:00:00Z	1.182000	0.636724	0.078163
7913	2026-05-26T17:00:00Z	1.166000	0.630952	-0.125705
7914	2026-05-26T18:00:00Z	1.026000	0.580447	-0.286060
7915	2026-05-26T19:00:00Z	0.811000	0.502886	-0.341660
7916	2026-05-26T20:00:00Z	0.602000	0.427489	-0.271555
7917	2026-05-26T21:00:00Z	0.474000	0.381313	-0.107172
7918	2026-05-26T22:00:00Z	0.469000	0.379509	0.098308
7919	2026-05-26T23:00:00Z	0.596000	0.425325	0.290089
7920	2026-05-27T00:00:00Z	0.829000	0.509380	0.418211
7921	2026-05-27T01:00:00Z	1.115000	0.612554	0.461724
7922	2026-05-27T02:00:00Z	1.402000	0.716089	0.425463
7923	2026-05-27T03:00:00Z	1.643000	0.803030	0.296535
7924	2026-05-27T04:00:00Z	1.770000	0.848846	0.067687
7925	2026-05-27T05:00:00Z	1.727000	0.833333	-0.215955
7926	2026-05-27T06:00:00Z	1.502000	0.752165	-0.476229
7927	2026-05-27T07:00:00Z	1.136000	0.620130	-0.630137
7928	2026-05-27T08:00:00Z	0.720000	0.470058	-0.627720
7929	2026-05-27T09:00:00Z	0.357000	0.339105	-0.482675
7930	2026-05-27T10:00:00Z	0.121000	0.253968	-0.250604
7931	2026-05-27T11:00:00Z	0.046000	0.226912	0.004029
7932	2026-05-27T12:00:00Z	0.126000	0.255772	0.216761
7933	2026-05-27T13:00:00Z	0.315000	0.323954	0.352941
7934	2026-05-27T14:00:00Z	0.564000	0.413781	0.415794
7935	2026-05-27T15:00:00Z	0.831000	0.510101	0.402901
7936	2026-05-27T16:00:00Z	1.064000	0.594156	0.296535
7937	2026-05-27T17:00:00Z	1.199000	0.642857	0.111201
7938	2026-05-27T18:00:00Z	1.202000	0.643939	-0.097502
7939	2026-05-27T19:00:00Z	1.078000	0.599206	-0.256245
7940	2026-05-27T20:00:00Z	0.884000	0.529221	-0.301370
7941	2026-05-27T21:00:00Z	0.704000	0.464286	-0.219178
7942	2026-05-27T22:00:00Z	0.612000	0.431097	-0.049960
7943	2026-05-27T23:00:00Z	0.642000	0.441919	0.149073
7944	2026-05-28T00:00:00Z	0.797000	0.497835	0.319903
7945	2026-05-28T01:00:00Z	1.039000	0.585137	0.415794
7946	2026-05-28T02:00:00Z	1.313000	0.683983	0.426269
7947	2026-05-28T03:00:00Z	1.568000	0.775974	0.353747
7948	2026-05-28T04:00:00Z	1.752000	0.842352	0.188558
7949	2026-05-28T05:00:00Z	1.802000	0.860390	-0.066076
7950	2026-05-28T06:00:00Z	1.670000	0.812771	-0.354553
7951	2026-05-28T07:00:00Z	1.362000	0.701659	-0.589847
7952	2026-05-28T08:00:00Z	0.938000	0.548701	-0.693795
7953	2026-05-28T09:00:00Z	0.501000	0.391053	-0.631749
7954	2026-05-28T10:00:00Z	0.154000	0.265873	-0.435133
7955	2026-05-28T11:00:00Z	-0.039000	0.196248	-0.174053
7956	2026-05-28T12:00:00Z	-0.062000	0.187951	0.083803
7957	2026-05-28T13:00:00Z	0.065000	0.233766	0.284448
7958	2026-05-28T14:00:00Z	0.291000	0.315296	0.405318
7959	2026-05-28T15:00:00Z	0.568000	0.415224	0.456890
7960	2026-05-28T16:00:00Z	0.858000	0.519841	0.431104
7961	2026-05-28T17:00:00Z	1.103000	0.608225	0.309428
7962	2026-05-28T18:00:00Z	1.242000	0.658369	0.112812
7963	2026-05-28T19:00:00Z	1.243000	0.658730	-0.095890
7964	2026-05-28T20:00:00Z	1.123000	0.615440	-0.240129
7965	2026-05-28T21:00:00Z	0.945000	0.551227	-0.263497
7966	2026-05-28T22:00:00Z	0.796000	0.497475	-0.163578
7967	2026-05-28T23:00:00Z	0.742000	0.477994	0.009670
7968	2026-05-29T00:00:00Z	0.808000	0.501804	0.196616
7969	2026-05-29T01:00:00Z	0.986000	0.566017	0.340854
7970	2026-05-29T02:00:00Z	1.231000	0.654401	0.400483
7971	2026-05-29T03:00:00Z	1.483000	0.745310	0.373086
7972	2026-05-29T04:00:00Z	1.694000	0.821429	0.264303
7973	2026-05-29T05:00:00Z	1.811000	0.863636	0.063658
7974	2026-05-29T06:00:00Z	1.773000	0.849928	-0.210314
7975	2026-05-29T07:00:00Z	1.550000	0.769481	-0.486704
7976	2026-05-29T08:00:00Z	1.169000	0.632035	-0.677679
7977	2026-05-29T09:00:00Z	0.709000	0.466089	-0.714746
7978	2026-05-29T10:00:00Z	0.282000	0.312049	-0.586624
7979	2026-05-29T11:00:00Z	-0.019000	0.203463	-0.347301
7980	2026-05-29T12:00:00Z	-0.149000	0.156566	-0.071716
7981	2026-05-29T13:00:00Z	-0.108000	0.171356	0.175665
7982	2026-05-29T14:00:00Z	0.069000	0.235209	0.352941
7983	2026-05-29T15:00:00Z	0.330000	0.329365	0.451249
7984	2026-05-29T16:00:00Z	0.629000	0.437229	0.481869
7985	2026-05-29T17:00:00Z	0.928000	0.545094	0.433521
7986	2026-05-29T18:00:00Z	1.167000	0.631313	0.291700
7987	2026-05-29T19:00:00Z	1.290000	0.675685	0.087027
7988	2026-05-29T20:00:00Z	1.275000	0.670274	-0.112812
7989	2026-05-29T21:00:00Z	1.150000	0.625180	-0.231265
7990	2026-05-29T22:00:00Z	0.988000	0.566739	-0.222401
7991	2026-05-29T23:00:00Z	0.874000	0.525613	-0.103948
7992	2026-05-30T00:00:00Z	0.859000	0.520202	0.067687
7993	2026-05-30T01:00:00Z	0.958000	0.555916	0.236100
7994	2026-05-30T02:00:00Z	1.152000	0.625902	0.348106
7995	2026-05-30T03:00:00Z	1.390000	0.711760	0.370669
7996	2026-05-30T04:00:00Z	1.612000	0.791847	0.307010
7997	2026-05-30T05:00:00Z	1.771000	0.849206	0.162772
7998	2026-05-30T06:00:00Z	1.814000	0.864719	-0.067687
7999	2026-05-30T07:00:00Z	1.687000	0.818903	-0.348106
8000	2026-05-30T08:00:00Z	1.382000	0.708874	-0.596293
8001	2026-05-30T09:00:00Z	0.947000	0.551948	-0.727639
8002	2026-05-30T10:00:00Z	0.479000	0.383117	-0.690572
8003	2026-05-30T11:00:00Z	0.090000	0.242785	-0.501209
8004	2026-05-30T12:00:00Z	-0.143000	0.158730	-0.232877
8005	2026-05-30T13:00:00Z	-0.199000	0.138528	0.039484
8006	2026-05-30T14:00:00Z	-0.094000	0.176407	0.264303
8007	2026-05-30T15:00:00Z	0.129000	0.256854	0.410959
8008	2026-05-30T16:00:00Z	0.416000	0.360390	0.481064
8009	2026-05-30T17:00:00Z	0.726000	0.472222	0.485898
8010	2026-05-30T18:00:00Z	1.019000	0.577922	0.410153
8011	2026-05-30T19:00:00Z	1.235000	0.655844	0.247381
8012	2026-05-30T20:00:00Z	1.326000	0.688672	0.040290
8013	2026-05-30T21:00:00Z	1.285000	0.673882	-0.137792
8014	2026-05-30T22:00:00Z	1.155000	0.626984	-0.218372
8015	2026-05-30T23:00:00Z	1.014000	0.576118	-0.176471
8016	2026-05-31T00:00:00Z	0.936000	0.547980	-0.044319
8017	2026-05-31T01:00:00Z	0.959000	0.556277	0.120064
8018	2026-05-31T02:00:00Z	1.085000	0.601732	0.264303
8019	2026-05-31T03:00:00Z	1.287000	0.674603	0.343272
8020	2026-05-31T04:00:00Z	1.511000	0.755411	0.331185
8021	2026-05-31T05:00:00Z	1.698000	0.822872	0.233683
8022	2026-05-31T06:00:00Z	1.801000	0.860029	0.055600
8023	2026-05-31T07:00:00Z	1.767000	0.847763	-0.196616
8024	2026-05-31T08:00:00Z	1.557000	0.772006	-0.468977
8025	2026-05-31T09:00:00Z	1.185000	0.637807	-0.673650
8026	2026-05-31T10:00:00Z	0.721000	0.470418	-0.734891
8027	2026-05-31T11:00:00Z	0.273000	0.308802	-0.626108
8028	2026-05-31T12:00:00Z	-0.056000	0.190115	-0.390814
8029	2026-05-31T13:00:00Z	-0.212000	0.133838	-0.112006
8030	2026-05-31T14:00:00Z	-0.195000	0.139971	0.145044
8031	2026-05-31T15:00:00Z	-0.032000	0.198773	0.340048
8032	2026-05-31T16:00:00Z	0.227000	0.292208	0.452861
8033	2026-05-31T17:00:00Z	0.530000	0.401515	0.492345
8034	2026-05-31T18:00:00Z	0.838000	0.512626	0.467365
8035	2026-05-31T19:00:00Z	1.110000	0.610750	0.362611
8036	2026-05-31T20:00:00Z	1.288000	0.674964	0.183723
8037	2026-05-31T21:00:00Z	1.338000	0.693001	-0.013699
8038	2026-05-31T22:00:00Z	1.271000	0.668831	-0.159549
8039	2026-05-31T23:00:00Z	1.140000	0.621573	-0.199033
8040	2026-06-01T00:00:00Z	1.024000	0.579726	-0.126511
8041	2026-06-01T01:00:00Z	0.983000	0.564935	0.012893
8042	2026-06-01T02:00:00Z	1.040000	0.585498	0.163578
8043	2026-06-01T03:00:00Z	1.186000	0.638167	0.282031
8044	2026-06-01T04:00:00Z	1.390000	0.711760	0.327961
8045	2026-06-01T05:00:00Z	1.593000	0.784993	0.283642
8046	2026-06-01T06:00:00Z	1.742000	0.838745	0.156326
8047	2026-06-01T07:00:00Z	1.787000	0.854978	-0.049960
8048	2026-06-01T08:00:00Z	1.680000	0.816378	-0.313457
8049	2026-06-01T09:00:00Z	1.398000	0.714646	-0.564061
8050	2026-06-01T10:00:00Z	0.980000	0.563853	-0.713940
8051	2026-06-01T11:00:00Z	0.512000	0.395022	-0.704271
8052	2026-06-01T12:00:00Z	0.106000	0.248557	-0.534247
8053	2026-06-01T13:00:00Z	-0.151000	0.155844	-0.270749
8054	2026-06-01T14:00:00Z	-0.230000	0.127345	0.004029
8055	2026-06-01T15:00:00Z	-0.146000	0.157648	0.235294
8056	2026-06-01T16:00:00Z	0.062000	0.232684	0.395649
8057	2026-06-01T17:00:00Z	0.345000	0.334776	0.475423
8058	2026-06-01T18:00:00Z	0.652000	0.445527	0.485093
8059	2026-06-01T19:00:00Z	0.947000	0.551948	0.430298
8060	2026-06-01T20:00:00Z	1.186000	0.638167	0.298952
8061	2026-06-01T21:00:00Z	1.318000	0.685786	0.112812
8062	2026-06-01T22:00:00Z	1.326000	0.688672	-0.065270
8063	2026-06-01T23:00:00Z	1.237000	0.656566	-0.171636
8064	2026-06-02T00:00:00Z	1.113000	0.611833	-0.170024
8065	2026-06-02T01:00:00Z	1.026000	0.580447	-0.074940
8066	2026-06-02T02:00:00Z	1.020000	0.578283	0.062853
8067	2026-06-02T03:00:00Z	1.104000	0.608586	0.195004
8068	2026-06-02T04:00:00Z	1.262000	0.665584	0.286865
8069	2026-06-02T05:00:00Z	1.460000	0.737013	0.304593
8070	2026-06-02T06:00:00Z	1.640000	0.801948	0.231265
8071	2026-06-02T07:00:00Z	1.747000	0.840548	0.076551
8072	2026-06-02T08:00:00Z	1.735000	0.836219	-0.149879
8073	2026-06-02T09:00:00Z	1.561000	0.773449	-0.411765
8074	2026-06-02T10:00:00Z	1.224000	0.651876	-0.628525
8075	2026-06-02T11:00:00Z	0.781000	0.492063	-0.717164
8076	2026-06-02T12:00:00Z	0.334000	0.330808	-0.641418
8077	2026-06-02T13:00:00Z	-0.015000	0.204906	-0.428687
8078	2026-06-02T14:00:00Z	-0.198000	0.138889	-0.153908
8079	2026-06-02T15:00:00Z	-0.206000	0.136003	0.103948
8080	2026-06-02T16:00:00Z	-0.069000	0.185426	0.305399
8081	2026-06-02T17:00:00Z	0.173000	0.272727	0.433521
8082	2026-06-02T18:00:00Z	0.469000	0.379509	0.481869
8083	2026-06-02T19:00:00Z	0.771000	0.488456	0.462530
8084	2026-06-02T20:00:00Z	1.043000	0.586580	0.379533
8085	2026-06-02T21:00:00Z	1.242000	0.658369	0.228848
8086	2026-06-02T22:00:00Z	1.327000	0.689033	0.044319
8087	2026-06-02T23:00:00Z	1.297000	0.678211	-0.106366
8088	2026-06-03T00:00:00Z	1.195000	0.641414	-0.172442
8089	2026-06-03T01:00:00Z	1.083000	0.601010	-0.136986
8090	2026-06-03T02:00:00Z	1.025000	0.580087	-0.028203
8091	2026-06-03T03:00:00Z	1.048000	0.588384	0.100725
8092	2026-06-03T04:00:00Z	1.150000	0.625180	0.213537
8093	2026-06-03T05:00:00Z	1.313000	0.683983	0.281225
8094	2026-06-03T06:00:00Z	1.499000	0.751082	0.271555
8095	2026-06-03T07:00:00Z	1.650000	0.805556	0.174053
8096	2026-06-03T08:00:00Z	1.715000	0.829004	-0.000806
8097	2026-06-03T09:00:00Z	1.649000	0.805195	-0.238517
8098	2026-06-03T10:00:00Z	1.419000	0.722222	-0.485898
8099	2026-06-03T11:00:00Z	1.046000	0.587662	-0.657534
8100	2026-06-03T12:00:00Z	0.603000	0.427850	-0.687349
8101	2026-06-03T13:00:00Z	0.193000	0.279942	-0.558421
8102	2026-06-03T14:00:00Z	-0.090000	0.177850	-0.317486
8103	2026-06-03T15:00:00Z	-0.201000	0.137807	-0.049154
8104	2026-06-03T16:00:00Z	-0.151000	0.155844	0.184529
8105	2026-06-03T17:00:00Z	0.028000	0.220418	0.357776
8106	2026-06-03T18:00:00Z	0.293000	0.316017	0.455278
8107	2026-06-03T19:00:00Z	0.593000	0.424242	0.475423
8108	2026-06-03T20:00:00Z	0.883000	0.528860	0.429492
8109	2026-06-03T21:00:00Z	1.126000	0.616522	0.321515
8110	2026-06-03T22:00:00Z	1.282000	0.672799	0.157937
8111	2026-06-03T23:00:00Z	1.322000	0.687229	-0.015310
8112	2026-06-04T00:00:00Z	1.263000	0.665945	-0.135375
8113	2026-06-04T01:00:00Z	1.154000	0.626623	-0.165995
8114	2026-06-04T02:00:00Z	1.057000	0.591631	-0.105560
8115	2026-06-04T03:00:00Z	1.023000	0.579365	0.006446
8116	2026-06-04T04:00:00Z	1.065000	0.594517	0.123288
8117	2026-06-04T05:00:00Z	1.176000	0.634560	0.217566
8118	2026-06-04T06:00:00Z	1.335000	0.691919	0.263497
8119	2026-06-04T07:00:00Z	1.503000	0.752525	0.232071
8120	2026-06-04T08:00:00Z	1.623000	0.795815	0.115230
8121	2026-06-04T09:00:00Z	1.646000	0.804113	-0.072522
8122	2026-06-04T10:00:00Z	1.533000	0.763348	-0.307010
8123	2026-06-04T11:00:00Z	1.265000	0.666667	-0.527800
8124	2026-06-04T12:00:00Z	0.878000	0.527056	-0.651894
8125	2026-06-04T13:00:00Z	0.456000	0.374820	-0.628525
8126	2026-06-04T14:00:00Z	0.098000	0.245671	-0.463336
8127	2026-06-04T15:00:00Z	-0.119000	0.167388	-0.214343
8128	2026-06-04T16:00:00Z	-0.168000	0.149711	0.039484
8129	2026-06-04T17:00:00Z	-0.070000	0.185065	0.247381
8130	2026-06-04T18:00:00Z	0.139000	0.260462	0.394037
8131	2026-06-04T19:00:00Z	0.419000	0.361472	0.465753
8132	2026-06-04T20:00:00Z	0.717000	0.468975	0.460113
8133	2026-06-04T21:00:00Z	0.990000	0.567460	0.390814
8134	2026-06-04T22:00:00Z	1.202000	0.643939	0.262691
8135	2026-06-04T23:00:00Z	1.316000	0.685065	0.092667
8136	2026-06-05T00:00:00Z	1.317000	0.685426	-0.066076
8137	2026-06-05T01:00:00Z	1.234000	0.655483	-0.158743
8138	2026-06-05T02:00:00Z	1.120000	0.614358	-0.161966
8139	2026-06-05T03:00:00Z	1.033000	0.582973	-0.087832
8140	2026-06-05T04:00:00Z	1.011000	0.575036	0.022562
8141	2026-06-05T05:00:00Z	1.061000	0.593074	0.128122
8142	2026-06-05T06:00:00Z	1.170000	0.632395	0.207897
8143	2026-06-05T07:00:00Z	1.319000	0.686147	0.238517
8144	2026-06-05T08:00:00Z	1.466000	0.739177	0.190975
8145	2026-06-05T09:00:00Z	1.556000	0.771645	0.063658
8146	2026-06-05T10:00:00Z	1.545000	0.767677	-0.125705
8147	2026-06-05T11:00:00Z	1.400000	0.715368	-0.347301
8148	2026-06-05T12:00:00Z	1.114000	0.612193	-0.535052
8149	2026-06-05T13:00:00Z	0.736000	0.475830	-0.613215
8150	2026-06-05T14:00:00Z	0.353000	0.337662	-0.550363
8151	2026-06-05T15:00:00Z	0.053000	0.229437	-0.366640
8152	2026-06-05T16:00:00Z	-0.102000	0.173521	-0.122482
8153	2026-06-05T17:00:00Z	-0.099000	0.174603	0.110395
8154	2026-06-05T18:00:00Z	0.035000	0.222944	0.294923
8155	2026-06-05T19:00:00Z	0.267000	0.306638	0.419017
8156	2026-06-05T20:00:00Z	0.555000	0.410534	0.468171
8157	2026-06-05T21:00:00Z	0.848000	0.516234	0.440774
8158	2026-06-05T22:00:00Z	1.102000	0.607864	0.348912
8159	2026-06-05T23:00:00Z	1.281000	0.672439	0.203868
8160	2026-06-06T00:00:00Z	1.355000	0.699134	0.031426
8161	2026-06-06T01:00:00Z	1.320000	0.686508	-0.115230
8162	2026-06-06T02:00:00Z	1.212000	0.647547	-0.188558
8163	2026-06-06T03:00:00Z	1.086000	0.602092	-0.174053
8164	2026-06-06T04:00:00Z	0.996000	0.569625	-0.091056
8165	2026-06-06T05:00:00Z	0.973000	0.561328	0.017728
8166	2026-06-06T06:00:00Z	1.018000	0.577561	0.118453
8167	2026-06-06T07:00:00Z	1.120000	0.614358	0.192587
8168	2026-06-06T08:00:00Z	1.257000	0.663781	0.214343
8169	2026-06-06T09:00:00Z	1.386000	0.710317	0.159549
8170	2026-06-06T10:00:00Z	1.455000	0.735209	0.030620
8171	2026-06-06T11:00:00Z	1.424000	0.724026	-0.151491
8172	2026-06-06T12:00:00Z	1.267000	0.667388	-0.351330
8173	2026-06-06T13:00:00Z	0.988000	0.566739	-0.505238
8174	2026-06-06T14:00:00Z	0.640000	0.441198	-0.549557
8175	2026-06-06T15:00:00Z	0.306000	0.320707	-0.464948
8176	2026-06-06T16:00:00Z	0.063000	0.233045	-0.278002
8177	2026-06-06T17:00:00Z	-0.039000	0.196248	-0.048348
8178	2026-06-06T18:00:00Z	0.003000	0.211400	0.164384
8179	2026-06-06T19:00:00Z	0.165000	0.269841	0.331185
8180	2026-06-06T20:00:00Z	0.414000	0.359668	0.437550
8181	2026-06-06T21:00:00Z	0.708000	0.465729	0.466559
8182	2026-06-06T22:00:00Z	0.993000	0.568543	0.416600
8183	2026-06-06T23:00:00Z	1.225000	0.652237	0.304593
8184	2026-06-07T00:00:00Z	1.371000	0.704906	0.144239
8185	2026-06-07T01:00:00Z	1.404000	0.716811	-0.034649
8186	2026-06-07T02:00:00Z	1.328000	0.689394	-0.174859
8187	2026-06-07T03:00:00Z	1.187000	0.638528	-0.235294
8188	2026-06-07T04:00:00Z	1.036000	0.584055	-0.209508
8189	2026-06-07T05:00:00Z	0.927000	0.544733	-0.118453
8190	2026-06-07T06:00:00Z	0.889000	0.531025	-0.004029
8191	2026-06-07T07:00:00Z	0.922000	0.542929	0.103143
8192	2026-06-07T08:00:00Z	1.017000	0.577201	0.182917
8193	2026-06-07T09:00:00Z	1.149000	0.624820	0.203868
8194	2026-06-07T10:00:00Z	1.270000	0.668470	0.147462
8195	2026-06-07T11:00:00Z	1.332000	0.690837	0.025786
8196	2026-06-07T12:00:00Z	1.302000	0.680014	-0.141015
8197	2026-06-07T13:00:00Z	1.157000	0.627706	-0.319098
8198	2026-06-07T14:00:00Z	0.906000	0.537157	-0.447220
8199	2026-06-07T15:00:00Z	0.602000	0.427489	-0.473006
8200	2026-06-07T16:00:00Z	0.319000	0.325397	-0.383562
8201	2026-06-07T17:00:00Z	0.126000	0.255772	-0.204674
8202	2026-06-07T18:00:00Z	0.065000	0.233766	0.009670
8203	2026-06-07T19:00:00Z	0.138000	0.260101	0.207091
8204	2026-06-07T20:00:00Z	0.322000	0.326479	0.361805
8205	2026-06-07T21:00:00Z	0.587000	0.422078	0.452861
8206	2026-06-07T22:00:00Z	0.884000	0.529221	0.460113
8207	2026-06-07T23:00:00Z	1.158000	0.628066	0.387591
8208	2026-06-08T00:00:00Z	1.365000	0.702742	0.253828
8209	2026-06-08T01:00:00Z	1.473000	0.741703	0.074940
8210	2026-06-08T02:00:00Z	1.458000	0.736291	-0.112812
8211	2026-06-08T03:00:00Z	1.333000	0.691198	-0.253828
8212	2026-06-08T04:00:00Z	1.143000	0.622655	-0.310234
8213	2026-06-08T05:00:00Z	0.948000	0.552309	-0.272361
8214	2026-06-08T06:00:00Z	0.805000	0.500722	-0.163578
8215	2026-06-08T07:00:00Z	0.745000	0.479076	-0.029815
8216	2026-06-08T08:00:00Z	0.768000	0.487374	0.095890
8217	2026-06-08T09:00:00Z	0.864000	0.522006	0.188558
8218	2026-06-08T10:00:00Z	1.002000	0.571789	0.215955
8219	2026-06-08T11:00:00Z	1.132000	0.618687	0.165995
8220	2026-06-08T12:00:00Z	1.208000	0.646104	0.055600
8221	2026-06-08T13:00:00Z	1.201000	0.643579	-0.095085
8222	2026-06-08T14:00:00Z	1.090000	0.603535	-0.256245
8223	2026-06-08T15:00:00Z	0.883000	0.528860	-0.373086
8224	2026-06-08T16:00:00Z	0.627000	0.436508	-0.398066
8225	2026-06-08T17:00:00Z	0.389000	0.350649	-0.316680
8226	2026-06-08T18:00:00Z	0.234000	0.294733	-0.149073
8227	2026-06-08T19:00:00Z	0.204000	0.283911	0.054795
8228	2026-06-08T20:00:00Z	0.302000	0.319264	0.243352
8229	2026-06-08T21:00:00Z	0.506000	0.392857	0.388396
8230	2026-06-08T22:00:00Z	0.784000	0.493146	0.463336
8231	2026-06-08T23:00:00Z	1.081000	0.600289	0.448026
8232	2026-06-09T00:00:00Z	1.340000	0.693723	0.352135
8233	2026-06-09T01:00:00Z	1.518000	0.757937	0.194198
8234	2026-06-09T02:00:00Z	1.581000	0.780664	-0.008058
8235	2026-06-09T03:00:00Z	1.508000	0.754329	-0.212732
8236	2026-06-09T04:00:00Z	1.317000	0.685426	-0.360999
8237	2026-06-09T05:00:00Z	1.060000	0.592713	-0.410959
8238	2026-06-09T06:00:00Z	0.807000	0.501443	-0.352135
8239	2026-06-09T07:00:00Z	0.623000	0.435065	-0.213537
8240	2026-06-09T08:00:00Z	0.542000	0.405844	-0.046737
8241	2026-06-09T09:00:00Z	0.565000	0.414141	0.108783
8242	2026-06-09T10:00:00Z	0.677000	0.454545	0.219984
8243	2026-06-09T11:00:00Z	0.838000	0.512626	0.255439
8244	2026-06-09T12:00:00Z	0.994000	0.568903	0.215149
8245	2026-06-09T13:00:00Z	1.105000	0.608947	0.118453
8246	2026-06-09T14:00:00Z	1.141000	0.621934	-0.022562
8247	2026-06-09T15:00:00Z	1.077000	0.598846	-0.178888
8248	2026-06-09T16:00:00Z	0.919000	0.541847	-0.299758
8249	2026-06-09T17:00:00Z	0.705000	0.464646	-0.336019
8250	2026-06-09T18:00:00Z	0.502000	0.391414	-0.266720
8251	2026-06-09T19:00:00Z	0.374000	0.345238	-0.108783
8252	2026-06-09T20:00:00Z	0.367000	0.342713	0.090250
8253	2026-06-09T21:00:00Z	0.486000	0.385642	0.276390
8254	2026-06-09T22:00:00Z	0.710000	0.466450	0.413376
8255	2026-06-09T23:00:00Z	0.999000	0.570707	0.469782
8256	2026-06-10T00:00:00Z	1.293000	0.676768	0.429492
8257	2026-06-10T01:00:00Z	1.532000	0.762987	0.307010
8258	2026-06-10T02:00:00Z	1.674000	0.814214	0.121676
8259	2026-06-10T03:00:00Z	1.683000	0.817460	-0.108783
8260	2026-06-10T04:00:00Z	1.539000	0.765512	-0.336019
8261	2026-06-10T05:00:00Z	1.266000	0.667027	-0.491539
8262	2026-06-10T06:00:00Z	0.929000	0.545455	-0.527800
8263	2026-06-10T07:00:00Z	0.611000	0.430736	-0.435133
8264	2026-06-10T08:00:00Z	0.389000	0.350649	-0.252216
8265	2026-06-10T09:00:00Z	0.298000	0.317821	-0.042707
8266	2026-06-10T10:00:00Z	0.336000	0.331530	0.145850
8267	2026-06-10T11:00:00Z	0.479000	0.383117	0.275584
8268	2026-06-10T12:00:00Z	0.678000	0.454906	0.320709
8269	2026-06-10T13:00:00Z	0.877000	0.526696	0.290089
8270	2026-06-10T14:00:00Z	1.038000	0.584776	0.202256
8271	2026-06-10T15:00:00Z	1.128000	0.617244	0.062853
8272	2026-06-10T16:00:00Z	1.116000	0.612915	-0.102337
8273	2026-06-10T17:00:00Z	1.001000	0.571429	-0.240129
8274	2026-06-10T18:00:00Z	0.818000	0.505411	-0.294118
8275	2026-06-10T19:00:00Z	0.636000	0.439755	-0.235294
8276	2026-06-10T20:00:00Z	0.526000	0.400072	-0.078163
8277	2026-06-10T21:00:00Z	0.539000	0.404762	0.122482
8278	2026-06-10T22:00:00Z	0.678000	0.454906	0.307816
8279	2026-06-10T23:00:00Z	0.921000	0.542569	0.435939
8280	2026-06-11T00:00:00Z	1.219000	0.650072	0.470588
8281	2026-06-11T01:00:00Z	1.505000	0.753247	0.403707
8282	2026-06-11T02:00:00Z	1.720000	0.830808	0.254633
8283	2026-06-11T03:00:00Z	1.821000	0.867244	0.037067
8284	2026-06-11T04:00:00Z	1.766000	0.847403	-0.226430
8285	2026-06-11T05:00:00Z	1.540000	0.765873	-0.475423
8286	2026-06-11T06:00:00Z	1.176000	0.634560	-0.631749
8287	2026-06-11T07:00:00Z	0.756000	0.483045	-0.643030
8288	2026-06-11T08:00:00Z	0.378000	0.346681	-0.506044
8289	2026-06-11T09:00:00Z	0.128000	0.256494	-0.269944
8290	2026-06-11T10:00:00Z	0.043000	0.225830	-0.012893
8291	2026-06-11T11:00:00Z	0.112000	0.250722	0.205479
8292	2026-06-11T12:00:00Z	0.298000	0.317821	0.348106
8293	2026-06-11T13:00:00Z	0.544000	0.406566	0.401289
8294	2026-06-11T14:00:00Z	0.796000	0.497475	0.377921
8295	2026-06-11T15:00:00Z	1.013000	0.575758	0.292506
8296	2026-06-11T16:00:00Z	1.159000	0.628427	0.144239
8297	2026-06-11T17:00:00Z	1.192000	0.640332	-0.042707
8298	2026-06-11T18:00:00Z	1.106000	0.609307	-0.203062
8299	2026-06-11T19:00:00Z	0.940000	0.549423	-0.273167
8300	2026-06-11T20:00:00Z	0.767000	0.487013	-0.216761
8301	2026-06-11T21:00:00Z	0.671000	0.452381	-0.053183
8302	2026-06-11T22:00:00Z	0.701000	0.463203	0.153908
8303	2026-06-11T23:00:00Z	0.862000	0.521284	0.338437
8304	2026-06-12T00:00:00Z	1.121000	0.614719	0.453666
8305	2026-06-12T01:00:00Z	1.425000	0.724387	0.466559
8306	2026-06-12T02:00:00Z	1.700000	0.823593	0.373086
8307	2026-06-12T03:00:00Z	1.888000	0.891414	0.195810
8308	2026-06-12T04:00:00Z	1.943000	0.911255	-0.054795
8309	2026-06-12T05:00:00Z	1.820000	0.866883	-0.350524
8310	2026-06-12T06:00:00Z	1.508000	0.754329	-0.617244
8311	2026-06-12T07:00:00Z	1.054000	0.590548	-0.766317
8312	2026-06-12T08:00:00Z	0.557000	0.411255	-0.742143
8313	2026-06-12T09:00:00Z	0.133000	0.258297	-0.549557
8314	2026-06-12T10:00:00Z	-0.125000	0.165224	-0.259468
8315	2026-06-12T11:00:00Z	-0.189000	0.142136	0.036261
8316	2026-06-12T12:00:00Z	-0.080000	0.181457	0.276390
8317	2026-06-12T13:00:00Z	0.154000	0.265873	0.427881
8318	2026-06-12T14:00:00Z	0.451000	0.373016	0.484287
8319	2026-06-12T15:00:00Z	0.755000	0.482684	0.464142
8320	2026-06-12T16:00:00Z	1.027000	0.580808	0.373892
8321	2026-06-12T17:00:00Z	1.219000	0.650072	0.206285
8322	2026-06-12T18:00:00Z	1.283000	0.673160	-0.007252
8323	2026-06-12T19:00:00Z	1.210000	0.646825	-0.190169
8324	2026-06-12T20:00:00Z	1.047000	0.588023	-0.269138
8325	2026-06-12T21:00:00Z	0.876000	0.526335	-0.206285
8326	2026-06-12T22:00:00Z	0.791000	0.495671	-0.029815
8327	2026-06-12T23:00:00Z	0.839000	0.512987	0.183723
8328	2026-06-13T00:00:00Z	1.019000	0.577922	0.365834
8329	2026-06-13T01:00:00Z	1.293000	0.676768	0.467365
8330	2026-06-13T02:00:00Z	1.599000	0.787157	0.458501
8331	2026-06-13T03:00:00Z	1.862000	0.882035	0.342466
8332	2026-06-13T04:00:00Z	2.024000	0.940476	0.137792
8333	2026-06-13T05:00:00Z	2.033000	0.943723	-0.146656
8334	2026-06-13T06:00:00Z	1.842000	0.874820	-0.472200
8335	2026-06-13T07:00:00Z	1.447000	0.732323	-0.748590
8336	2026-06-13T08:00:00Z	0.913000	0.539683	-0.878324
8337	2026-06-13T09:00:00Z	0.357000	0.339105	-0.808219
8338	2026-06-13T10:00:00Z	-0.090000	0.177850	-0.560838
8339	2026-06-13T11:00:00Z	-0.339000	0.088023	-0.226430
8340	2026-06-13T12:00:00Z	-0.371000	0.076479	0.096696
8341	2026-06-13T13:00:00Z	-0.219000	0.131313	0.348106
8342	2026-06-13T14:00:00Z	0.061000	0.232323	0.501209
8343	2026-06-13T15:00:00Z	0.403000	0.355700	0.558421
8344	2026-06-13T16:00:00Z	0.754000	0.482323	0.536664
8345	2026-06-13T17:00:00Z	1.069000	0.595960	0.433521
8346	2026-06-13T18:00:00Z	1.292000	0.676407	0.240935
8347	2026-06-13T19:00:00Z	1.368000	0.703824	0.000000
8348	2026-06-13T20:00:00Z	1.292000	0.676407	-0.199839
8349	2026-06-13T21:00:00Z	1.120000	0.614358	-0.275584
8350	2026-06-13T22:00:00Z	0.950000	0.553030	-0.197421
8351	2026-06-13T23:00:00Z	0.875000	0.525974	-0.007252
8352	2026-06-14T00:00:00Z	0.941000	0.549784	0.211926
8353	2026-06-14T01:00:00Z	1.138000	0.620851	0.388396
8354	2026-06-14T02:00:00Z	1.423000	0.723665	0.475423
8355	2026-06-14T03:00:00Z	1.728000	0.833694	0.448026
8356	2026-06-14T04:00:00Z	1.979000	0.924242	0.313457
8357	2026-06-14T05:00:00Z	2.117000	0.974026	0.083803
8358	2026-06-14T06:00:00Z	2.083000	0.961760	-0.231265
8359	2026-06-14T07:00:00Z	1.830000	0.870491	-0.577760
8360	2026-06-14T08:00:00Z	1.366000	0.703102	-0.853344
8361	2026-06-14T09:00:00Z	0.771000	0.488456	-0.954875
8362	2026-06-14T10:00:00Z	0.181000	0.275613	-0.836422
8363	2026-06-14T11:00:00Z	-0.267000	0.113997	-0.542305
8364	2026-06-14T12:00:00Z	-0.492000	0.032828	-0.177276
8365	2026-06-14T13:00:00Z	-0.487000	0.034632	0.157937
8366	2026-06-14T14:00:00Z	-0.296000	0.103535	0.410153
8367	2026-06-14T15:00:00Z	0.022000	0.218254	0.560838
8368	2026-06-14T16:00:00Z	0.400000	0.354618	0.615633
8369	2026-06-14T17:00:00Z	0.786000	0.493867	0.588235
8370	2026-06-14T18:00:00Z	1.130000	0.617965	0.465753
8371	2026-06-14T19:00:00Z	1.364000	0.702381	0.244158
8372	2026-06-14T20:00:00Z	1.433000	0.727273	-0.018533
8373	2026-06-14T21:00:00Z	1.341000	0.694084	-0.224013
8374	2026-06-14T22:00:00Z	1.155000	0.626984	-0.287671
8375	2026-06-14T23:00:00Z	0.984000	0.565296	-0.190169
8376	2026-06-15T00:00:00Z	0.919000	0.541847	0.012893
8377	2026-06-15T01:00:00Z	1.000000	0.571068	0.234488
8378	2026-06-15T02:00:00Z	1.210000	0.646825	0.403707
8379	2026-06-15T03:00:00Z	1.501000	0.751804	0.477840
8380	2026-06-15T04:00:00Z	1.803000	0.860750	0.437550
8381	2026-06-15T05:00:00Z	2.044000	0.947691	0.287671
8382	2026-06-15T06:00:00Z	2.160000	0.989538	0.036261
8383	2026-06-15T07:00:00Z	2.089000	0.963925	-0.302176
8384	2026-06-15T08:00:00Z	1.785000	0.854257	-0.661563
8385	2026-06-15T09:00:00Z	1.268000	0.667749	-0.922643
8386	2026-06-15T10:00:00Z	0.640000	0.441198	-0.987107
8387	2026-06-15T11:00:00Z	0.043000	0.225830	-0.825141
8388	2026-06-15T12:00:00Z	-0.384000	0.071789	-0.496374
8389	2026-06-15T13:00:00Z	-0.573000	0.003608	-0.119259
8390	2026-06-15T14:00:00Z	-0.532000	0.018398	0.213537
8391	2026-06-15T15:00:00Z	-0.308000	0.099206	0.459307
8392	2026-06-15T16:00:00Z	0.038000	0.224026	0.601934
8393	2026-06-15T17:00:00Z	0.439000	0.368687	0.651088
8394	2026-06-15T18:00:00Z	0.846000	0.515512	0.613215
8395	2026-06-15T19:00:00Z	1.200000	0.643218	0.467365
8396	2026-06-15T20:00:00Z	1.426000	0.724747	0.219178
8397	2026-06-15T21:00:00Z	1.472000	0.741342	-0.056406
8398	2026-06-15T22:00:00Z	1.356000	0.699495	-0.254633
8399	2026-06-15T23:00:00Z	1.156000	0.627345	-0.299758
8400	2026-06-16T00:00:00Z	0.984000	0.565296	-0.182917
8401	2026-06-16T01:00:00Z	0.929000	0.545455	0.028203
8402	2026-06-16T02:00:00Z	1.019000	0.577922	0.246575
8403	2026-06-16T03:00:00Z	1.235000	0.655844	0.408541
8404	2026-06-16T04:00:00Z	1.526000	0.760823	0.473006
8405	2026-06-16T05:00:00Z	1.822000	0.867605	0.423046
8406	2026-06-16T06:00:00Z	2.051000	0.950216	0.262691
8407	2026-06-16T07:00:00Z	2.148000	0.985209	-0.004835
8408	2026-06-16T08:00:00Z	2.045000	0.948052	-0.357776
8409	2026-06-16T09:00:00Z	1.704000	0.825036	-0.713135
8410	2026-06-16T10:00:00Z	1.160000	0.628788	-0.948429
8411	2026-06-16T11:00:00Z	0.527000	0.400433	-0.972603
8412	2026-06-16T12:00:00Z	-0.047000	0.193362	-0.775181
8413	2026-06-16T13:00:00Z	-0.435000	0.053391	-0.431910
8414	2026-06-16T14:00:00Z	-0.583000	0.000000	-0.058824
8415	2026-06-16T15:00:00Z	-0.508000	0.027056	0.261886
8416	2026-06-16T16:00:00Z	-0.258000	0.117244	0.493956
8417	2026-06-16T17:00:00Z	0.105000	0.248196	0.626108
8418	2026-06-16T18:00:00Z	0.519000	0.397547	0.665592
8419	2026-06-16T19:00:00Z	0.931000	0.546176	0.609992
8420	2026-06-16T20:00:00Z	1.276000	0.670635	0.439968
8421	2026-06-16T21:00:00Z	1.477000	0.743146	0.173247
8422	2026-06-16T22:00:00Z	1.491000	0.748196	-0.104754
8423	2026-06-16T23:00:00Z	1.347000	0.696248	-0.288477
8424	2026-06-17T00:00:00Z	1.133000	0.619048	-0.310234
8425	2026-06-17T01:00:00Z	0.962000	0.557359	-0.178888
8426	2026-06-17T02:00:00Z	0.911000	0.538961	0.033038
8427	2026-06-17T03:00:00Z	1.003000	0.572150	0.244964
8428	2026-06-17T04:00:00Z	1.215000	0.648629	0.398872
8429	2026-06-17T05:00:00Z	1.498000	0.750722	0.457695
8430	2026-06-17T06:00:00Z	1.783000	0.853535	0.402901
8431	2026-06-17T07:00:00Z	1.998000	0.931097	0.235294
8432	2026-06-17T08:00:00Z	2.075000	0.958874	-0.039484
8433	2026-06-17T09:00:00Z	1.949000	0.913420	-0.391620
8434	2026-06-17T10:00:00Z	1.589000	0.783550	-0.727639
8435	2026-06-17T11:00:00Z	1.046000	0.587662	-0.926672
8436	2026-06-17T12:00:00Z	0.439000	0.368687	-0.912973
8437	2026-06-17T13:00:00Z	-0.087000	0.178932	-0.692990
8438	2026-06-17T14:00:00Z	-0.421000	0.058442	-0.352941
8439	2026-06-17T15:00:00Z	-0.525000	0.020924	0.000806
8440	2026-06-17T16:00:00Z	-0.420000	0.058802	0.300564
8441	2026-06-17T17:00:00Z	-0.152000	0.155483	0.514907
8442	2026-06-17T18:00:00Z	0.219000	0.289322	0.632554
8443	2026-06-17T19:00:00Z	0.633000	0.438672	0.658340
8444	2026-06-17T20:00:00Z	1.036000	0.584055	0.582595
8445	2026-06-17T21:00:00Z	1.356000	0.699495	0.390008
8446	2026-06-17T22:00:00Z	1.520000	0.758658	0.113618
8447	2026-06-17T23:00:00Z	1.497000	0.750361	-0.155520
8448	2026-06-18T00:00:00Z	1.327000	0.689033	-0.318292
8449	2026-06-18T01:00:00Z	1.102000	0.607864	-0.322321
8450	2026-06-18T02:00:00Z	0.927000	0.544733	-0.183723
8451	2026-06-18T03:00:00Z	0.874000	0.525613	0.023368
8452	2026-06-18T04:00:00Z	0.956000	0.555195	0.224819
8453	2026-06-18T05:00:00Z	1.153000	0.626263	0.373892
8454	2026-06-18T06:00:00Z	1.420000	0.722583	0.429492
8455	2026-06-18T07:00:00Z	1.686000	0.818543	0.372280
8456	2026-06-18T08:00:00Z	1.882000	0.889250	0.206285
8457	2026-06-18T09:00:00Z	1.942000	0.910895	-0.063658
8458	2026-06-18T10:00:00Z	1.803000	0.860750	-0.398872
8459	2026-06-18T11:00:00Z	1.447000	0.732323	-0.699436
8460	2026-06-18T12:00:00Z	0.935000	0.547619	-0.857373
8461	2026-06-18T13:00:00Z	0.383000	0.348485	-0.814666
8462	2026-06-18T14:00:00Z	-0.076000	0.182900	-0.588235
8463	2026-06-18T15:00:00Z	-0.347000	0.085137	-0.265915
8464	2026-06-18T16:00:00Z	-0.406000	0.063853	0.057212
8465	2026-06-18T17:00:00Z	-0.276000	0.110750	0.329573
8466	2026-06-18T18:00:00Z	0.003000	0.211400	0.522965
8467	2026-06-18T19:00:00Z	0.373000	0.344877	0.623691
8468	2026-06-18T20:00:00Z	0.777000	0.490620	0.630943
8469	2026-06-18T21:00:00Z	1.156000	0.627345	0.534247
8470	2026-06-18T22:00:00Z	1.440000	0.729798	0.326350
8471	2026-06-18T23:00:00Z	1.561000	0.773449	0.049154
8472	2026-06-19T00:00:00Z	1.501000	0.751804	-0.205479
8473	2026-06-19T01:00:00Z	1.306000	0.681457	-0.348106
8474	2026-06-19T02:00:00Z	1.069000	0.595960	-0.337631
8475	2026-06-19T03:00:00Z	0.887000	0.530303	-0.200645
8476	2026-06-19T04:00:00Z	0.820000	0.506133	-0.004835
8477	2026-06-19T05:00:00Z	0.881000	0.528139	0.187752
8478	2026-06-19T06:00:00Z	1.053000	0.590188	0.331990
8479	2026-06-19T07:00:00Z	1.293000	0.676768	0.387591
8480	2026-06-19T08:00:00Z	1.534000	0.763709	0.336019
8481	2026-06-19T09:00:00Z	1.710000	0.827201	0.180500
8482	2026-06-19T10:00:00Z	1.758000	0.844517	-0.070911
8483	2026-06-19T11:00:00Z	1.622000	0.795455	-0.372280
8484	2026-06-19T12:00:00Z	1.296000	0.677850	-0.628525
8485	2026-06-19T13:00:00Z	0.842000	0.514069	-0.747784
8486	2026-06-19T14:00:00Z	0.368000	0.343074	-0.687349
8487	2026-06-19T15:00:00Z	-0.011000	0.206349	-0.473006
8488	2026-06-19T16:00:00Z	-0.219000	0.131313	-0.182917
8489	2026-06-19T17:00:00Z	-0.238000	0.124459	0.106366
8490	2026-06-19T18:00:00Z	-0.087000	0.178932	0.349718
8491	2026-06-19T19:00:00Z	0.196000	0.281025	0.519742
8492	2026-06-19T20:00:00Z	0.558000	0.411616	0.599517
8493	2026-06-19T21:00:00Z	0.940000	0.549423	0.586624
8494	2026-06-19T22:00:00Z	1.286000	0.674242	0.472200
8495	2026-06-19T23:00:00Z	1.526000	0.760823	0.254633
8496	2026-06-20T00:00:00Z	1.602000	0.788240	-0.016116
8497	2026-06-20T01:00:00Z	1.506000	0.753608	-0.252216
8498	2026-06-20T02:00:00Z	1.289000	0.675325	-0.378727
8499	2026-06-20T03:00:00Z	1.036000	0.584055	-0.364222
8500	2026-06-20T04:00:00Z	0.837000	0.512266	-0.234488
8501	2026-06-20T05:00:00Z	0.745000	0.479076	-0.049154
8502	2026-06-20T06:00:00Z	0.776000	0.490260	0.138598
8503	2026-06-20T07:00:00Z	0.917000	0.541126	0.282031
8504	2026-06-20T08:00:00Z	1.126000	0.616522	0.340854
8505	2026-06-20T09:00:00Z	1.340000	0.693723	0.299758
8506	2026-06-20T10:00:00Z	1.498000	0.750722	0.165995
8507	2026-06-20T11:00:00Z	1.546000	0.768038	-0.052377
8508	2026-06-20T12:00:00Z	1.433000	0.727273	-0.310234
8509	2026-06-20T13:00:00Z	1.161000	0.629149	-0.521354
8510	2026-06-20T14:00:00Z	0.786000	0.493867	-0.612409
8511	2026-06-20T15:00:00Z	0.401000	0.354978	-0.550363
8512	2026-06-20T16:00:00Z	0.103000	0.247475	-0.360193
8513	2026-06-20T17:00:00Z	-0.046000	0.193723	-0.108783
8514	2026-06-20T18:00:00Z	-0.032000	0.198773	0.144239
8515	2026-06-20T19:00:00Z	0.133000	0.258297	0.359388
8516	2026-06-20T20:00:00Z	0.414000	0.359668	0.504432
8517	2026-06-20T21:00:00Z	0.759000	0.484127	0.562450
8518	2026-06-20T22:00:00Z	1.112000	0.611472	0.530218
8519	2026-06-20T23:00:00Z	1.417000	0.721501	0.402095
8520	2026-06-21T00:00:00Z	1.611000	0.791486	0.181305
8521	2026-06-21T01:00:00Z	1.642000	0.802670	-0.079774
8522	2026-06-21T02:00:00Z	1.512000	0.755772	-0.301370
8523	2026-06-21T03:00:00Z	1.268000	0.667749	-0.418211
8524	2026-06-21T04:00:00Z	0.993000	0.568543	-0.402901
8525	2026-06-21T05:00:00Z	0.768000	0.487374	-0.280419
8526	2026-06-21T06:00:00Z	0.645000	0.443001	-0.101531
8527	2026-06-21T07:00:00Z	0.642000	0.441919	0.085415
8528	2026-06-21T08:00:00Z	0.751000	0.481241	0.232877
8529	2026-06-21T09:00:00Z	0.931000	0.546176	0.298952
8530	2026-06-21T10:00:00Z	1.122000	0.615079	0.277196
8531	2026-06-21T11:00:00Z	1.275000	0.670274	0.173247
8532	2026-06-21T12:00:00Z	1.337000	0.692641	-0.005641
8533	2026-06-21T13:00:00Z	1.268000	0.667749	-0.218372
8534	2026-06-21T14:00:00Z	1.066000	0.594877	-0.393231
8535	2026-06-21T15:00:00Z	0.780000	0.491703	-0.468977
8536	2026-06-21T16:00:00Z	0.484000	0.384921	-0.420629
8537	2026-06-21T17:00:00Z	0.258000	0.303391	-0.264303
8538	2026-06-21T18:00:00Z	0.156000	0.266595	-0.051571
8539	2026-06-21T19:00:00Z	0.194000	0.280303	0.169218
8540	2026-06-21T20:00:00Z	0.366000	0.342352	0.359388
8541	2026-06-21T21:00:00Z	0.640000	0.441198	0.480258
8542	2026-06-21T22:00:00Z	0.962000	0.557359	0.515713
8543	2026-06-21T23:00:00Z	1.280000	0.672078	0.467365
8544	2026-06-22T00:00:00Z	1.542000	0.766595	0.328767
8545	2026-06-22T01:00:00Z	1.688000	0.819264	0.107172
8546	2026-06-22T02:00:00Z	1.675000	0.814574	-0.145850
8547	2026-06-22T03:00:00Z	1.507000	0.753968	-0.356970
8548	2026-06-22T04:00:00Z	1.232000	0.654762	-0.468171
8549	2026-06-22T05:00:00Z	0.926000	0.544372	-0.452055
8550	2026-06-22T06:00:00Z	0.671000	0.452381	-0.329573
8551	2026-06-22T07:00:00Z	0.517000	0.396825	-0.149879
8552	2026-06-22T08:00:00Z	0.485000	0.385281	0.042707
8553	2026-06-22T09:00:00Z	0.570000	0.415945	0.197421
8554	2026-06-22T10:00:00Z	0.730000	0.473665	0.275584
8555	2026-06-22T11:00:00Z	0.912000	0.539322	0.276390
8556	2026-06-22T12:00:00Z	1.073000	0.597403	0.205479
8557	2026-06-22T13:00:00Z	1.167000	0.631313	0.065270
8558	2026-06-22T14:00:00Z	1.154000	0.626623	-0.110395
8559	2026-06-22T15:00:00Z	1.030000	0.581890	-0.263497
8560	2026-06-22T16:00:00Z	0.827000	0.508658	-0.341660
8561	2026-06-22T17:00:00Z	0.606000	0.428932	-0.315068
8562	2026-06-22T18:00:00Z	0.436000	0.367605	-0.191781
8563	2026-06-22T19:00:00Z	0.368000	0.343074	-0.011281
8564	2026-06-22T20:00:00Z	0.422000	0.362554	0.182917
8565	2026-06-22T21:00:00Z	0.595000	0.424964	0.350524
8566	2026-06-22T22:00:00Z	0.857000	0.519481	0.449637
8567	2026-06-22T23:00:00Z	1.153000	0.626263	0.465753
8568	2026-06-23T00:00:00Z	1.435000	0.727994	0.402901
8569	2026-06-23T01:00:00Z	1.653000	0.806638	0.253828
8570	2026-06-23T02:00:00Z	1.750000	0.841631	0.029009
8571	2026-06-23T03:00:00Z	1.689000	0.819625	-0.219178
8572	2026-06-23T04:00:00Z	1.478000	0.743506	-0.423046
8573	2026-06-23T05:00:00Z	1.164000	0.630231	-0.525383
8574	2026-06-23T06:00:00Z	0.826000	0.508297	-0.501209
8575	2026-06-23T07:00:00Z	0.542000	0.405844	-0.370669
8576	2026-06-23T08:00:00Z	0.366000	0.342352	-0.178888
8577	2026-06-23T09:00:00Z	0.320000	0.325758	0.024174
8578	2026-06-23T10:00:00Z	0.396000	0.353175	0.186140
8579	2026-06-23T11:00:00Z	0.551000	0.409091	0.277196
8580	2026-06-23T12:00:00Z	0.740000	0.477273	0.300564
8581	2026-06-23T13:00:00Z	0.924000	0.543651	0.258662
8582	2026-06-23T14:00:00Z	1.061000	0.593074	0.149073
8583	2026-06-23T15:00:00Z	1.109000	0.610390	-0.005641
8584	2026-06-23T16:00:00Z	1.054000	0.590548	-0.155520
8585	2026-06-23T17:00:00Z	0.916000	0.540765	-0.246575
8586	2026-06-23T18:00:00Z	0.748000	0.480159	-0.241741
8587	2026-06-23T19:00:00Z	0.616000	0.432540	-0.144239
8588	2026-06-23T20:00:00Z	0.569000	0.415584	0.012893
8589	2026-06-23T21:00:00Z	0.632000	0.438312	0.190975
8590	2026-06-23T22:00:00Z	0.806000	0.501082	0.340048
8591	2026-06-23T23:00:00Z	1.054000	0.590548	0.417405
8592	2026-06-24T00:00:00Z	1.324000	0.687951	0.414988
8593	2026-06-24T01:00:00Z	1.569000	0.776335	0.336019
8594	2026-06-24T02:00:00Z	1.741000	0.838384	0.175665
8595	2026-06-24T03:00:00Z	1.787000	0.854978	-0.053989
8596	2026-06-24T04:00:00Z	1.674000	0.814214	-0.300564
8597	2026-06-24T05:00:00Z	1.414000	0.720418	-0.496374
8598	2026-06-24T06:00:00Z	1.058000	0.591991	-0.584206
8599	2026-06-24T07:00:00Z	0.689000	0.458874	-0.539081
8600	2026-06-24T08:00:00Z	0.389000	0.350649	-0.387591
8601	2026-06-24T09:00:00Z	0.208000	0.285354	-0.178082
8602	2026-06-24T10:00:00Z	0.168000	0.270924	0.036261
8603	2026-06-24T11:00:00Z	0.253000	0.301587	0.203062
8604	2026-06-24T12:00:00Z	0.420000	0.361833	0.303787
8605	2026-06-24T13:00:00Z	0.630000	0.437590	0.344883
8606	2026-06-24T14:00:00Z	0.848000	0.516234	0.321515
8607	2026-06-24T15:00:00Z	1.029000	0.581530	0.224819
8608	2026-06-24T16:00:00Z	1.127000	0.616883	0.073328
8609	2026-06-24T17:00:00Z	1.120000	0.614358	-0.082998
8610	2026-06-24T18:00:00Z	1.024000	0.579726	-0.188558
8611	2026-06-24T19:00:00Z	0.886000	0.529942	-0.201450
8612	2026-06-24T20:00:00Z	0.774000	0.489538	-0.116841
8613	2026-06-24T21:00:00Z	0.741000	0.477633	0.031426
8614	2026-06-24T22:00:00Z	0.813000	0.503608	0.198227
8615	2026-06-24T23:00:00Z	0.987000	0.566378	0.330379
8616	2026-06-25T00:00:00Z	1.223000	0.651515	0.386785
8617	2026-06-25T01:00:00Z	1.467000	0.739538	0.365834
8618	2026-06-25T02:00:00Z	1.677000	0.815296	0.270749
8619	2026-06-25T03:00:00Z	1.803000	0.860750	0.094279
8620	2026-06-25T04:00:00Z	1.794000	0.857504	-0.145850
8621	2026-06-25T05:00:00Z	1.622000	0.795455	-0.391620
8622	2026-06-25T06:00:00Z	1.308000	0.682179	-0.572119
8623	2026-06-25T07:00:00Z	0.912000	0.539322	-0.631749
8624	2026-06-25T08:00:00Z	0.524000	0.399351	-0.552780
8625	2026-06-25T09:00:00Z	0.226000	0.291847	-0.371475
8626	2026-06-25T10:00:00Z	0.063000	0.233045	-0.142627
8627	2026-06-25T11:00:00Z	0.049000	0.227994	0.078163
8628	2026-06-25T12:00:00Z	0.160000	0.268038	0.244964
8629	2026-06-25T13:00:00Z	0.353000	0.337662	0.348106
8630	2026-06-25T14:00:00Z	0.592000	0.423882	0.396454
8631	2026-06-25T15:00:00Z	0.845000	0.515152	0.377921
8632	2026-06-25T16:00:00Z	1.061000	0.593074	0.277196
8633	2026-06-25T17:00:00Z	1.189000	0.639250	0.115230
8634	2026-06-25T18:00:00Z	1.204000	0.644661	-0.054795
8635	2026-06-25T19:00:00Z	1.121000	0.614719	-0.168413
8636	2026-06-25T20:00:00Z	0.995000	0.569264	-0.181305
8637	2026-06-25T21:00:00Z	0.896000	0.533550	-0.095890
8638	2026-06-25T22:00:00Z	0.876000	0.526335	0.050766
8639	2026-06-25T23:00:00Z	0.959000	0.556277	0.209508
8640	2026-06-26T00:00:00Z	1.136000	0.620130	0.324738
8641	2026-06-26T01:00:00Z	1.362000	0.701659	0.360999
8642	2026-06-26T02:00:00Z	1.584000	0.781746	0.319903
8643	2026-06-26T03:00:00Z	1.759000	0.844877	0.203062
8644	2026-06-26T04:00:00Z	1.836000	0.872655	0.005641
8645	2026-06-26T05:00:00Z	1.766000	0.847403	-0.244964
8646	2026-06-26T06:00:00Z	1.532000	0.762987	-0.485093
8647	2026-06-26T07:00:00Z	1.164000	0.630231	-0.639807
8648	2026-06-26T08:00:00Z	0.738000	0.476551	-0.656728
8649	2026-06-26T09:00:00Z	0.349000	0.336219	-0.534247
8650	2026-06-26T10:00:00Z	0.075000	0.237374	-0.321515
8651	2026-06-26T11:00:00Z	-0.050000	0.192280	-0.078163
8652	2026-06-26T12:00:00Z	-0.022000	0.202381	0.142627
8653	2026-06-26T13:00:00Z	0.127000	0.256133	0.301370
8654	2026-06-26T14:00:00Z	0.352000	0.337302	0.398872
8655	2026-06-26T15:00:00Z	0.622000	0.434704	0.443191
8656	2026-06-26T16:00:00Z	0.902000	0.535714	0.412571
8657	2026-06-26T17:00:00Z	1.134000	0.619408	0.293312
8658	2026-06-26T18:00:00Z	1.266000	0.667027	0.114424
8659	2026-06-26T19:00:00Z	1.276000	0.670635	-0.062853
8660	2026-06-26T20:00:00Z	1.188000	0.638889	-0.171636
8661	2026-06-26T21:00:00Z	1.063000	0.593795	-0.171636
8662	2026-06-26T22:00:00Z	0.975000	0.562049	-0.073328
8663	2026-06-26T23:00:00Z	0.972000	0.560967	0.077357
8664	2026-06-27T00:00:00Z	1.071000	0.596681	0.228042
8665	2026-06-27T01:00:00Z	1.255000	0.663059	0.324738
8666	2026-06-27T02:00:00Z	1.474000	0.742063	0.339243
8667	2026-06-27T03:00:00Z	1.676000	0.814935	0.275584
8668	2026-06-27T04:00:00Z	1.816000	0.865440	0.132151
8669	2026-06-27T05:00:00Z	1.840000	0.874098	-0.089444
8670	2026-06-27T06:00:00Z	1.705000	0.825397	-0.349718
8671	2026-06-27T07:00:00Z	1.406000	0.717532	-0.575342
8672	2026-06-27T08:00:00Z	0.991000	0.567821	-0.689766
8673	2026-06-27T09:00:00Z	0.550000	0.408730	-0.652699
8674	2026-06-27T10:00:00Z	0.181000	0.275613	-0.483481
8675	2026-06-27T11:00:00Z	-0.050000	0.192280	-0.243352
8676	2026-06-27T12:00:00Z	-0.121000	0.166667	0.007252
8677	2026-06-27T13:00:00Z	-0.041000	0.195527	0.218372
8678	2026-06-27T14:00:00Z	0.150000	0.264430	0.362611
8679	2026-06-27T15:00:00Z	0.409000	0.357864	0.447220
8680	2026-06-27T16:00:00Z	0.705000	0.464646	0.473006
8681	2026-06-27T17:00:00Z	0.996000	0.569625	0.416600
8682	2026-06-27T18:00:00Z	1.222000	0.651154	0.271555
8683	2026-06-27T19:00:00Z	1.333000	0.691198	0.076551
8684	2026-06-27T20:00:00Z	1.317000	0.685426	-0.097502
8685	2026-06-27T21:00:00Z	1.212000	0.647547	-0.184529
8686	2026-06-27T22:00:00Z	1.088000	0.602814	-0.157937
8687	2026-06-27T23:00:00Z	1.016000	0.576840	-0.041902
8688	2026-06-28T00:00:00Z	1.036000	0.584055	0.113618
8689	2026-06-28T01:00:00Z	1.157000	0.627706	0.253828
8690	2026-06-28T02:00:00Z	1.351000	0.697691	0.328767
8691	2026-06-28T03:00:00Z	1.565000	0.774892	0.319098
8692	2026-06-28T04:00:00Z	1.747000	0.840548	0.228042
8693	2026-06-28T05:00:00Z	1.848000	0.876984	0.054795
8694	2026-06-28T06:00:00Z	1.815000	0.865079	-0.191781
8695	2026-06-28T07:00:00Z	1.610000	0.791126	-0.456084
8696	2026-06-28T08:00:00Z	1.249000	0.660895	-0.652699
8697	2026-06-28T09:00:00Z	0.800000	0.498918	-0.713940
8698	2026-06-28T10:00:00Z	0.363000	0.341270	-0.618050
8699	2026-06-28T11:00:00Z	0.033000	0.222222	-0.404512
8700	2026-06-28T12:00:00Z	-0.139000	0.160173	-0.145044
8701	2026-06-28T13:00:00Z	-0.147000	0.157287	0.102337
8702	2026-06-28T14:00:00Z	-0.012000	0.205988	0.295729
8703	2026-06-28T15:00:00Z	0.220000	0.289683	0.419017
8704	2026-06-28T16:00:00Z	0.508000	0.393579	0.482675
8705	2026-06-28T17:00:00Z	0.819000	0.505772	0.480258
8706	2026-06-28T18:00:00Z	1.104000	0.608586	0.389202
8707	2026-06-28T19:00:00Z	1.302000	0.680014	0.215149
8708	2026-06-28T20:00:00Z	1.371000	0.704906	0.013699
8709	2026-06-28T21:00:00Z	1.319000	0.686147	-0.141821
8710	2026-06-28T22:00:00Z	1.195000	0.641414	-0.193392
8711	2026-06-28T23:00:00Z	1.079000	0.599567	-0.132151
8712	2026-06-29T00:00:00Z	1.031000	0.582251	0.001612
8713	2026-06-29T01:00:00Z	1.081000	0.600289	0.157131
8714	2026-06-29T02:00:00Z	1.226000	0.652597	0.282031
8715	2026-06-29T03:00:00Z	1.431000	0.726551	0.333602
8716	2026-06-29T04:00:00Z	1.640000	0.801948	0.295729
8717	2026-06-29T05:00:00Z	1.798000	0.858947	0.173247
8718	2026-06-29T06:00:00Z	1.855000	0.879509	-0.033038
8719	2026-06-29T07:00:00Z	1.757000	0.844156	-0.299758
8720	2026-06-29T08:00:00Z	1.483000	0.745310	-0.554392
8721	2026-06-29T09:00:00Z	1.069000	0.595960	-0.709911
8722	2026-06-29T10:00:00Z	0.602000	0.427489	-0.709106
8723	2026-06-29T11:00:00Z	0.189000	0.278499	-0.553586
8724	2026-06-29T12:00:00Z	-0.085000	0.179654	-0.303787
8725	2026-06-29T13:00:00Z	-0.188000	0.142496	-0.036261
8726	2026-06-29T14:00:00Z	-0.130000	0.163420	0.198227
8727	2026-06-29T15:00:00Z	0.058000	0.231241	0.369057
8728	2026-06-29T16:00:00Z	0.328000	0.328644	0.466559
8729	2026-06-29T17:00:00Z	0.637000	0.440115	0.500403
8730	2026-06-29T18:00:00Z	0.949000	0.552670	0.460919
8731	2026-06-29T19:00:00Z	1.209000	0.646465	0.329573
8732	2026-06-29T20:00:00Z	1.358000	0.700216	0.133763
8733	2026-06-29T21:00:00Z	1.375000	0.706349	-0.059629
8734	2026-06-29T22:00:00Z	1.284000	0.673521	-0.181305
8735	2026-06-29T23:00:00Z	1.150000	0.625180	-0.188558
8736	2026-06-30T00:00:00Z	1.050000	0.589105	-0.092667
8737	2026-06-30T01:00:00Z	1.035000	0.583694	0.053989
8738	2026-06-30T02:00:00Z	1.117000	0.613276	0.202256
8739	2026-06-30T03:00:00Z	1.286000	0.674242	0.308622
8740	2026-06-30T04:00:00Z	1.500000	0.751443	0.331990
8741	2026-06-30T05:00:00Z	1.698000	0.822872	0.262691
8742	2026-06-30T06:00:00Z	1.826000	0.869048	0.107172
8743	2026-06-30T07:00:00Z	1.831000	0.870851	-0.130540
8744	2026-06-30T08:00:00Z	1.664000	0.810606	-0.408541
8745	2026-06-30T09:00:00Z	1.324000	0.687951	-0.639001
8746	2026-06-30T10:00:00Z	0.871000	0.524531	-0.739726
8747	2026-06-30T11:00:00Z	0.406000	0.356782	-0.672039
8748	2026-06-30T12:00:00Z	0.037000	0.223665	-0.461724
8749	2026-06-30T13:00:00Z	-0.167000	0.150072	-0.188558
8750	2026-06-30T14:00:00Z	-0.197000	0.139250	0.074940
8751	2026-06-30T15:00:00Z	-0.074000	0.183622	0.290089
8752	2026-06-30T16:00:00Z	0.163000	0.269120	0.433521
8753	2026-06-30T17:00:00Z	0.464000	0.377706	0.500403
8754	2026-06-30T18:00:00Z	0.784000	0.493146	0.497180
8755	2026-06-30T19:00:00Z	1.081000	0.600289	0.414182
8756	2026-06-30T20:00:00Z	1.298000	0.678571	0.247381
8757	2026-06-30T21:00:00Z	1.388000	0.711039	0.041096
8758	2026-06-30T22:00:00Z	1.349000	0.696970	-0.131346
8759	2026-06-30T23:00:00Z	1.225000	0.652237	0.182111
