date,STATION,SNOW,PRCP_ATTRIBUTES,SNOW_ATTRIBUTES,PRCP,TOBS,TOBS_ATTRIBUTES,SNWD_ATTRIBUTES,SNWD,NAME,TMAX,TMAX_ATTRIBUTES,TMIN,TMIN_ATTRIBUTES,DAPR,MDPR_ATTRIBUTES,DAPR_ATTRIBUTES,MDPR,WSF2,WSF5_ATTRIBUTES,WSF5,WDF2_ATTRIBUTES,AWND_ATTRIBUTES,WDF2,WDF5_ATTRIBUTES,AWND,WDF5,WSF2_ATTRIBUTES,WT08_ATTRIBUTES,WT08,PGTM_ATTRIBUTES,PGTM,WT01_ATTRIBUTES,WT01,WT02_ATTRIBUTES,WT02,WT03,WT03_ATTRIBUTES,WT06,WT06_ATTRIBUTES,observed,precip_mm,snowfall_mm,snow_depth_mm,tmax_c,tmin_c,tmean_c,estimated_relative_humidity_pct,humidity_input_mm,rain_input_mm,snow_storage_input_mm,snowmelt_input_mm,snow_store_mm,local_input_mm,fog_input_mm,basin_arrival_mm_day,normalization_scale_mm_day,fog_baseline_norm,norm,stage_id,station_id,station_name,local_station_norm,local_station_arrival_mm_day
2025-07-01,USC00045983,0.0,",,7,0800",",,7,0800",1.5,20.6,",,7,0800",",,7,0800",0.0,"MOUNT SHASTA, CA US",32.8,",,7",15.0,",,7",,,,,,,,,,,,,,,,,,,,,,,,,,,True,1.5,0.0,0.0,32.8,15.0,23.9,57.4949715118646,0.0,1.5,0.0,0.0,0.0,1.5,0.05,0.3260432988771171,21.298088675505298,0.0023476285014018402,0.015308570822699971,shasta,USC00045983,"MOUNT SHASTA, CA US",,
2025-07-02,USC00045983,0.0,",,7,0800",",,7,0800",14.7,15.6,",,7,0800",",,7,0800",0.0,"MOUNT SHASTA, CA US",30.6,",,7",10.6,",,7",,,,,,,,,,,,,,,,,,,,,,,,,,,True,14.7,0.0,0.0,30.6,10.6,20.6,52.69832166770176,0.0,14.7,0.0,0.0,0.0,14.7,0.05,2.9812294669675397,21.298088675505298,0.0023476285014018402,0.13997638531744022,shasta,USC00045983,"MOUNT SHASTA, CA US",,
2025-07-03,USC00045983,0.0,",,7,0800",",,7,0800",13.7,16.7,",,7,0800",",,7,0800",0.0,"MOUNT SHASTA, CA US",29.4,",,7",12.8,",,7",,,,,,,,,,,,,,,,,,,,,,,,,,,True,13.7,0.0,0.0,29.4,12.8,21.1,59.08949518847941,0.0,13.7,0.0,0.0,0.0,13.7,0.05,4.971083172012375,21.298088675505298,0.0023476285014018402,0.23340513074910635,shasta,USC00045983,"MOUNT SHASTA, CA US",,
2025-07-04,USC00045983,0.0,",,7,0800",",,7,0800",0.0,12.2,",,7,0800",",,7,0800",0.0,"MOUNT SHASTA, CA US",27.2,",,7",8.9,",,7",,,,,,,,,,,,,,,,,,,,,,,,,,,True,0.0,0.0,0.0,27.2,8.9,18.05,55.10911625230447,0.0,0.0,0.0,0.0,0.0,0.0,0.05,4.079042131381075,21.298088675505298,0.0023476285014018402,0.1915215113209824,shasta,USC00045983,"MOUNT SHASTA, CA US",,
2025-07-05,USC00045983,0.0,",,7,0800",",,7,0800",0.0,10.0,",,7,0800",",,7,0800",0.0,"MOUNT SHASTA, CA US",22.8,",,7",7.2,",,7",,,,,,,,,,,,,,,,,,,,,,,,,,,True,0.0,0.0,0.0,22.8,7.2,15.0,59.60460880652699,0.0,0.0,0.0,0.0,0.0,0.0,0.05,3.3487006984085452,21.298088675505298,0.0023476285014018402,0.15723010404496296,shasta,USC00045983,"MOUNT SHASTA, CA US",,
2025-07-06,USC00045983,0.0,",,7,0800",",,7,0800",0.0,20.6,",,7,0800",",,7,0800",0.0,"MOUNT SHASTA, CA US",25.6,",,7",8.3,",,7",,,,,,,,,,,,,,,,,,,,,,,,,,,True,0.0,0.0,0.0,25.6,8.3,16.950000000000003,56.720851011897075,0.0,0.0,0.0,0.0,0.0,0.0,0.05,2.7507477069868926,21.298088675505298,0.0023476285014018402,0.12915467434176373,shasta,USC00045983,"MOUNT SHASTA, CA US",,
2025-07-07,USC00045983,0.0,",,7,0800",",,7,0800",0.0,17.2,",,7,0800",",,7,0800",0.0,"MOUNT SHASTA, CA US",30.6,",,7",12.2,",,7",,,,,,,,,,,,,,,,,,,,,,,,,,,True,0.0,0.0,0.0,30.6,12.2,21.4,55.77337498065834,0.0,0.0,0.0,0.0,0.0,0.0,0.05,2.2611852040150113,21.298088675505298,0.0023476285014018402,0.1061684566378755,shasta,USC00045983,"MOUNT SHASTA, CA US",,
2025-07-08,USC00045983,0.0,",,7,0800",",,7,0800",0.0,17.2,",,7,0800",",,7,0800",0.0,"MOUNT SHASTA, CA US",32.2,",,7",11.1,",,7",,,,,,,,,,,,,,,,,,,,,,,,,,,True,0.0,0.0,0.0,32.2,11.1,21.650000000000002,51.07813912882916,0.0,0.0,0.0,0.0,0.0,0.0,0.05,1.8603653272781016,21.298088675505298,0.0023476285014018402,0.08734893330675667,shasta,USC00045983,"MOUNT SHASTA, CA US",,
2025-07-09,USC00045983,0.0,",,7,0800",",,7,0800",0.0,13.3,",,7,0800",",,7,0800",0.0,"MOUNT SHASTA, CA US",28.3,",,7",8.3,",,7",,,,,,,,,,,,,,,,,,,,,,,,,,,True,0.0,0.0,0.0,28.3,8.3,18.3,52.09309310556172,0.0,0.0,0.0,0.0,0.0,0.0,0.05,1.5322017677486672,21.298088675505298,0.0023476285014018402,0.07194081079730107,shasta,USC00045983,"MOUNT SHASTA, CA US",,
2025-07-10,USC00045983,0.0,",,7,0800",",,7,0800",0.0,16.1,",,7,0800",",,7,0800",0.0,"MOUNT SHASTA, CA US",29.4,",,7",12.2,",,7",,,,,,,,,,,,,,,,,,,,,,,,,,,True,0.0,0.0,0.0,29.4,12.2,20.799999999999997,57.86623890483207,0.0,0.0,0.0,0.0,0.0,0.0,0.05,1.263524169522382,21.298088675505298,0.0023476285014018402,0.05932570705161668,shasta,USC00045983,"MOUNT SHASTA, CA US",,
2025-07-11,USC00045983,0.0,",,7,0800",",,7,0800",0.0,17.8,",,7,0800",",,7,0800",0.0,"MOUNT SHASTA, CA US",31.1,",,7",16.1,",,7",,,,,,,,,,,,,,,,,,,,,,,,,,,True,0.0,0.0,0.0,31.1,16.1,23.6,62.81650746109228,0.0,0.0,0.0,0.0,0.0,0.0,0.05,1.0435495571913922,21.298088675505298,0.0023476285014018402,0.048997333661755633,shasta,USC00045983,"MOUNT SHASTA, CA US",,
2025-07-12,USC00045983,0.0,",,7,0800",",,7,0800",0.0,22.2,",,7,0800",",,7,0800",0.0,"MOUNT SHASTA, CA US",33.3,",,7",16.7,",,7",,,,,,,,,,,,,,,,,,,,,,,,,,,True,0.0,0.0,0.0,33.3,16.7,25.0,60.00890181212246,0.0,0.0,0.0,0.0,0.0,0.0,0.05,0.8634495771796041,21.298088675505298,0.0023476285014018402,0.04054117673820413,shasta,USC00045983,"MOUNT SHASTA, CA US",,
2025-07-13,USC00045983,0.0,",,7,0800",",,7,0800",0.0,23.9,",,7,0800",",,7,0800",0.0,"MOUNT SHASTA, CA US",34.4,",,7",14.4,",,7",,,,,,,,,,,,,,,,,,,,,,,,,,,True,0.0,0.0,0.0,34.4,14.4,24.4,53.678188152681685,0.0,0.0,0.0,0.0,0.0,0.0,0.05,0.7159961849152232,21.298088675505298,0.0023476285014018402,0.0336178610120392,shasta,USC00045983,"MOUNT SHASTA, CA US",,
2025-07-14,USC00045983,0.0,",,7,0800",",,7,0800",0.0,24.4,",,7,0800",",,7,0800",0.0,"MOUNT SHASTA, CA US",35.0,",,7",16.7,",,7",,,,,,,,,,,,,,,,,,,,,,,,,,,True,0.0,0.0,0.0,35.0,16.7,25.85,57.05263636581092,0.0,0.0,0.0,0.0,0.0,0.0,0.05,0.5952715580227035,21.298088675505298,0.0023476285014018402,0.027949529513759556,shasta,USC00045983,"MOUNT SHASTA, CA US",,
2025-07-15,USC00045983,0.0,",,7,0800",",,7,0800",0.0,20.0,",,7,0800",",,7,0800",0.0,"MOUNT SHASTA, CA US",35.6,",,7",14.4,",,7",,,,,,,,,,,,,,,,,,,,,,,,,,,True,0.0,0.0,0.0,35.6,14.4,25.0,51.787726945945785,0.0,0.0,0.0,0.0,0.0,0.0,0.05,0.49643059333193257,21.298088675505298,0.0023476285014018402,0.023308692197477422,shasta,USC00045983,"MOUNT SHASTA, CA US",,
2025-07-16,USC00045983,0.0,",,7,0800",",,7,0800",0.0,16.7,",,7,0800",",,7,0800",0.0,"MOUNT SHASTA, CA US",30.0,",,7",13.3,",,7",,,,,,,,,,,,,,,,,,,,,,,,,,,True,0.0,0.0,0.0,30.0,13.3,21.65,59.02811372533456,0.0,0.0,0.0,0.0,0.0,0.0,0.05,0.4155064558757034,21.298088675505298,0.0023476285014018402,0.019509095966605345,shasta,USC00045983,"MOUNT SHASTA, CA US",,
2025-07-17,USC00045983,0.0,",,7,0800",",,7,0800",0.0,16.7,",,7,0800",",,7,0800",0.0,"MOUNT SHASTA, CA US",30.0,",,7",11.7,",,7",,,,,,,,,,,,,,,,,,,,,,,,,,,True,0.0,0.0,0.0,30.0,11.7,20.85,55.81917051932364,0.0,0.0,0.0,0.0,0.0,0.0,0.05,0.3492513758739788,21.298088675505298,0.0023476285014018402,0.016398249683111193,shasta,USC00045983,"MOUNT SHASTA, CA US",,
2025-07-18,USC00045983,0.0,",,7,0800",",,7,0800",0.0,17.2,",,7,0800",",,7,0800",0.0,"MOUNT SHASTA, CA US",27.8,",,7",11.7,",,7",,,,,,,,,,,,,,,,,,,,,,,,,,,True,0.0,0.0,0.0,27.8,11.7,19.75,59.743713921944995,0.0,0.0,0.0,0.0,0.0,0.0,0.05,0.2950063043289249,21.298088675505298,0.0023476285014018402,0.01385130416271618,shasta,USC00045983,"MOUNT SHASTA, CA US",,
2025-07-19,USC00045983,0.0,",,7,0800",",,7,0800",0.0,16.1,",,7,0800",",,7,0800",0.0,"MOUNT SHASTA, CA US",29.4,",,7",11.1,",,7",,,,,,,,,,,,,,,,,,,,,,,,,,,True,0.0,0.0,0.0,29.4,11.1,20.25,55.668196551844076,0.0,0.0,0.0,0.0,0.0,0.0,0.05,0.25059419605207384,21.298088675505298,0.0023476285014018402,0.011766041538754579,shasta,USC00045983,"MOUNT SHASTA, CA US",,
2025-07-20,USC00045983,0.0,",,7,0800",",,7,0800",0.0,20.0,",,7,0800",",,7,0800",0.0,"MOUNT SHASTA, CA US",30.6,",,7",11.7,",,7",,,,,,,,,,,,,,,,,,,,,,,,,,,True,0.0,0.0,0.0,30.6,11.7,21.15,54.799697475737034,0.0,0.0,0.0,0.0,0.0,0.0,0.05,0.21423263719678676,21.298088675505298,0.0023476285014018402,0.010058772900273131,shasta,USC00045983,"MOUNT SHASTA, CA US",,
2025-07-21,USC00045983,0.0,",,7,0800",",,7,0800",0.0,16.7,",,7,0800",",,7,0800",0.0,"MOUNT SHASTA, CA US",28.3,",,7",15.6,",,7",,,,,,,,,,,,,,,,,,,,,,,,,,,True,0.0,0.0,0.0,28.3,15.6,21.95,67.24170353447781,0.0,0.0,0.0,0.0,0.0,0.0,0.05,0.18446231073210823,21.298088675505298,0.0023476285014018402,0.008660979562182796,shasta,USC00045983,"MOUNT SHASTA, CA US",,
2025-07-22,USC00045983,0.0,",,7,0800",",,7,0800",0.0,12.2,",,7,0800",",,7,0800",0.0,"MOUNT SHASTA, CA US",23.3,",,7",9.4,",,7",,,,,,,,,,,,,,,,,,,,,,,,,,,True,0.0,0.0,0.0,23.3,9.4,16.35,63.46680100892185,0.0,0.0,0.0,0.0,0.0,0.0,0.05,0.15594900043221466,21.298088675505298,0.0023476285014018402,0.007322206363595899,shasta,USC00045983,"MOUNT SHASTA, CA US",,
2025-07-23,USC00045983,0.0,",,7,0800",",,7,0800",0.0,13.3,",,7,0800",",,7,0800",0.0,"MOUNT SHASTA, CA US",25.6,",,7",7.8,",,7",,,,,,,,,,,,,,,,,,,,,,,,,,,True,0.0,0.0,0.0,25.6,7.8,16.7,55.70267668413531,0.0,0.0,0.0,0.0,0.0,0.0,0.05,0.09617730566964555,21.298088675505298,0.0023476285014018402,0.004515771679561934,shasta,USC00045983,"MOUNT SHASTA, CA US",,
2025-07-24,USC00045983,0.0,",,7,0800",",,7,0800",0.0,14.4,",,7,0800",",,7,0800",0.0,"MOUNT SHASTA, CA US",27.8,",,7",10.6,",,7",,,,,,,,,,,,,,,,,,,,,,,,,,,True,0.0,0.0,0.0,27.8,10.6,19.2,57.47353947621389,0.0,0.0,0.0,0.0,0.0,0.0,0.05,0.05,21.298088675505298,0.0023476285014018402,0.0023476285014018402,shasta,USC00045983,"MOUNT SHASTA, CA US",,
2025-07-25,USC00045983,0.0,",,7,0800",",,7,0800",5.1,15.0,",,7,0800",",,7,0800",0.0,"MOUNT SHASTA, CA US",30.6,",,7",13.3,",,7",,,,,,,,,,,,,,,,,,,,,,,,,,,True,5.1,0.0,0.0,30.6,13.3,21.950000000000003,57.956476889476,0.0,5.1,0.0,0.0,0.0,5.1,0.05,0.9885472161821981,21.298088675505298,0.0023476285014018402,0.04641483239381549,shasta,USC00045983,"MOUNT SHASTA, CA US",,
2025-07-26,USC00045983,0.0,",,7,0800",",,7,0800",6.1,13.3,",,7,0800",",,7,0800",0.0,"MOUNT SHASTA, CA US",29.4,",,7",9.4,",,7",,,,,,,,,,,,,,,,,,,,,,,,,,,True,6.1,0.0,0.0,29.4,9.4,19.4,52.38370259553412,0.0,6.1,0.0,0.0,0.0,6.1,0.05,1.9409935512043708,21.298088675505298,0.0023476285014018402,0.09113463563689105,shasta,USC00045983,"MOUNT SHASTA, CA US",,
2025-07-27,USC00045983,0.0,",,7,0800",",,7,0800",0.0,12.8,",,7,0800",",,7,0800",0.0,"MOUNT SHASTA, CA US",28.9,",,7",8.9,",,7",,,,,,,,,,,,,,,,,,,,,,,,,,,True,0.0,0.0,0.0,28.9,8.9,18.9,52.25186995785486,0.0,0.0,0.0,0.0,0.0,0.0,0.05,1.5982145742431617,21.298088675505298,0.0023476285014018402,0.07504028171698107,shasta,USC00045983,"MOUNT SHASTA, CA US",,
2025-07-28,USC00045983,0.0,",,7,0800",",,7,0800",0.0,16.1,",,7,0800",",,7,0800",0.0,"MOUNT SHASTA, CA US",26.7,",,7",9.4,",,7",,,,,,,,,,,,,,,,,,,,,,,,,,,True,0.0,0.0,0.0,26.7,9.4,18.05,56.99657829687643,0.0,0.0,0.0,0.0,0.0,0.0,0.05,1.317570884296411,21.298088675505298,0.0023476285014018402,0.061863339211829606,shasta,USC00045983,"MOUNT SHASTA, CA US",,
2025-07-29,USC00045983,0.0,",,7,0800",",,7,0800",0.0,17.2,",,7,0800",",,7,0800",0.0,"MOUNT SHASTA, CA US",28.9,",,7",10.6,",,7",,,,,,,,,,,,,,,,,,,,,,,,,,,True,0.0,0.0,0.0,28.9,10.6,19.75,55.54189468701894,0.0,0.0,0.0,0.0,0.0,0.0,0.05,1.0877992646797239,21.298088675505298,0.0023476285014018402,0.051074971151321674,shasta,USC00045983,"MOUNT SHASTA, CA US",,
2025-07-30,USC00045983,0.0,",,7,0800",",,7,0800",0.0,17.8,",,7,0800",",,7,0800",0.0,"MOUNT SHASTA, CA US",30.0,",,7",11.1,",,7",,,,,,,,,,,,,,,,,,,,,,,,,,,True,0.0,0.0,0.0,30.0,11.1,20.55,54.646887133830226,0.0,0.0,0.0,0.0,0.0,0.0,0.05,0.8996781735150061,21.298088675505298,0.0023476285014018402,0.042242202444659566,shasta,USC00045983,"MOUNT SHASTA, CA US",,
2025-07-31,USC00045983,0.0,",,7,0800",",,7,0800",1.5,16.7,",,7,0800",",,7,0800",0.0,"MOUNT SHASTA, CA US",30.0,",,7",11.1,",,7",,,,,,,,,,,,,,,,,,,,,,,,,,,True,1.5,0.0,0.0,30.0,11.1,20.55,54.646887133830226,0.0,1.5,0.0,0.0,0.0,1.5,0.05,1.0217009497529823,21.298088675505298,0.0023476285014018402,0.04797148539098861,shasta,USC00045983,"MOUNT SHASTA, CA US",,
2025-08-01,USC00045983,0.0,",,7,0800",",,7,0800",3.8,10.0,",,7,0800",",,7,0800",0.0,"MOUNT SHASTA, CA US",28.3,",,7",7.8,",,7",,,,,,,,,,,,,,,,,,,,,,,,,,,True,3.8,0.0,0.0,28.3,7.8,18.05,51.14962671234668,0.0,3.8,0.0,0.0,0.0,3.8,0.05,1.544871140846546,21.298088675505298,0.0023476285014018402,0.07253567042489055,shasta,USC00045983,"MOUNT SHASTA, CA US",,
2025-08-02,USC00045983,0.0,",,7,0800",",,7,0800",0.0,12.2,",,7,0800",",,7,0800",0.0,"MOUNT SHASTA, CA US",28.9,",,7",7.8,",,7",,,,,,,,,,,,,,,,,,,,,,,,,,,True,0.0,0.0,0.0,28.9,7.8,18.349999999999998,50.19549365007653,0.0,0.0,0.0,0.0,0.0,0.0,0.05,1.2738969748998346,21.298088675505298,0.0023476285014018402,0.059812736922488716,shasta,USC00045983,"MOUNT SHASTA, CA US",,
2025-08-03,USC00045983,0.0,",,7,0800",",,7,0800",0.0,18.3,",,7,0800",",,7,0800",0.0,"MOUNT SHASTA, CA US",28.3,",,7",10.6,",,7",,,,,,,,,,,,,,,,,,,,,,,,,,,True,0.0,0.0,0.0,28.3,10.6,19.45,56.58632364445439,0.0,0.0,0.0,0.0,0.0,0.0,0.05,1.0520420919496054,21.298088675505298,0.0023476285014018402,0.049396079994706174,shasta,USC00045983,"MOUNT SHASTA, CA US",,
2025-08-04,USC00045983,0.0,",,7,0800",",,7,0800",0.0,14.4,",,7,0800",",,7,0800",0.0,"MOUNT SHASTA, CA US",26.7,",,7",12.2,",,7",,,,,,,,,,,,,,,,,,,,,,,,,,,True,0.0,0.0,0.0,26.7,12.2,19.45,62.905542139484396,0.0,0.0,0.0,0.0,0.0,0.0,0.05,0.8704026765577368,21.298088675505298,0.0023476285014018402,0.0408676426236678,shasta,USC00045983,"MOUNT SHASTA, CA US",,
2025-08-05,USC00045983,0.0,",,7,0800",",,7,0800",0.0,13.9,",,7,0800",",,7,0800",0.0,"MOUNT SHASTA, CA US",26.1,",,7",8.3,",,7",,,,,,,,,,,,,,,,,,,,,,,,,,,True,0.0,0.0,0.0,26.1,8.3,17.200000000000003,55.830161087985,0.0,0.0,0.0,0.0,0.0,0.0,0.05,0.7216889012053078,21.298088675505298,0.0023476285014018402,0.033885148672299144,shasta,USC00045983,"MOUNT SHASTA, CA US",,
2025-08-06,USC00045983,0.0,",,7,0800",",,7,0800",0.0,15.6,",,7,0800",",,7,0800",0.0,"MOUNT SHASTA, CA US",26.7,",,7",8.9,",,7",,,,,,,,,,,,,,,,,,,,,,,,,,,True,0.0,0.0,0.0,26.7,8.9,17.8,55.98253992392768,0.0,0.0,0.0,0.0,0.0,0.0,0.05,0.5999323599179438,21.298088675505298,0.0023476285014018402,0.028168366141132634,shasta,USC00045983,"MOUNT SHASTA, CA US",,
2025-08-07,USC00045983,0.0,",,7,0800",",,7,0800",0.0,16.1,",,7,0800",",,7,0800",0.0,"MOUNT SHASTA, CA US",27.2,",,7",12.8,",,7",,,,,,,,,,,,,,,,,,,,,,,,,,,True,0.0,0.0,0.0,27.2,12.8,20.0,63.235822148634035,0.0,0.0,0.0,0.0,0.0,0.0,0.05,0.50024653517757,21.298088675505298,0.0023476285014018402,0.02348786047420763,shasta,USC00045983,"MOUNT SHASTA, CA US",,
2025-08-08,USC00045983,0.0,",,7,0800",",,7,0800",0.0,15.0,",,7,0800",",,7,0800",0.0,"MOUNT SHASTA, CA US",27.8,",,7",11.1,",,7",,,,,,,,,,,,,,,,,,,,,,,,,,,True,0.0,0.0,0.0,27.8,11.1,19.45,58.49808043364625,0.0,0.0,0.0,0.0,0.0,0.0,0.05,0.41863068481668386,21.298088675505298,0.0023476285014018402,0.01965578654474035,shasta,USC00045983,"MOUNT SHASTA, CA US",,
2025-08-09,USC00045983,0.0,",,7,0800",",,7,0800",0.0,16.1,",,7,0800",",,7,0800",0.0,"MOUNT SHASTA, CA US",29.4,",,7",12.2,",,7",,,,,,,,,,,,,,,,,,,,,,,,,,,True,0.0,0.0,0.0,29.4,12.2,20.799999999999997,57.86623890483207,0.0,0.0,0.0,0.0,0.0,0.0,0.05,0.3518092781876157,21.298088675505298,0.0023476285014018402,0.016518349770617106,shasta,USC00045983,"MOUNT SHASTA, CA US",,
2025-08-10,USC00045983,0.0,",,7,0800",",,7,0800",0.0,16.1,",,7,0800",",,7,0800",0.0,"MOUNT SHASTA, CA US",32.2,",,7",12.2,",,7",,,,,,,,,,,,,,,,,,,,,,,,,,,True,0.0,0.0,0.0,32.2,12.2,22.200000000000003,53.11392661317808,0.0,0.0,0.0,0.0,0.0,0.0,0.05,0.29710053761646876,21.298088675505298,0.0023476285014018402,0.01394963379780463,shasta,USC00045983,"MOUNT SHASTA, CA US",,
2025-08-11,USC00045983,0.0,",,7,0800",",,7,0800",0.0,15.6,",,7,0800",",,7,0800",0.0,"MOUNT SHASTA, CA US",33.9,",,7",14.4,",,7",,,,,,,,,,,,,,,,,,,,,,,,,,,True,0.0,0.0,0.0,33.9,14.4,24.15,54.4886946818226,0.0,0.0,0.0,0.0,0.0,0.0,0.05,0.25230880924870563,21.298088675505298,0.0023476285014018402,0.01184654703494043,shasta,USC00045983,"MOUNT SHASTA, CA US",,
2025-08-12,USC00045983,0.0,",,7,0800",",,7,0800",0.0,18.3,",,7,0800",",,7,0800",0.0,"MOUNT SHASTA, CA US",35.0,",,7",14.4,",,7",,,,,,,,,,,,,,,,,,,,,,,,,,,True,0.0,0.0,0.0,35.0,14.4,24.7,52.723426253998916,0.0,0.0,0.0,0.0,0.0,0.0,0.05,0.21563644375050256,21.298088675505298,0.0023476285014018402,0.010124685225792289,shasta,USC00045983,"MOUNT SHASTA, CA US",,
2025-08-13,USC00045983,0.0,",,7,0800",",,7,0800",0.0,17.8,",,7,0800",",,7,0800",0.0,"MOUNT SHASTA, CA US",33.3,",,7",13.3,",,7",,,,,,,,,,,,,,,,,,,,,,,,,,,True,0.0,0.0,0.0,33.3,13.3,23.299999999999997,53.397094170712556,0.0,0.0,0.0,0.0,0.0,0.0,0.05,0.18561165032900773,21.298088675505298,0.0023476285014018402,0.008714944010092214,shasta,USC00045983,"MOUNT SHASTA, CA US",,
2025-08-14,USC00045983,0.0,",,7,0800",",,7,0800",0.0,15.6,",,7,0800",",,7,0800",0.0,"MOUNT SHASTA, CA US",30.6,",,7",11.1,",,7",,,,,,,,,,,,,,,,,,,,,,,,,,,True,0.0,0.0,0.0,30.6,11.1,20.85,53.64657356861746,0.0,0.0,0.0,0.0,0.0,0.0,0.05,0.16102942860001646,21.298088675505298,0.0023476285014018402,0.007560745522917025,shasta,USC00045983,"MOUNT SHASTA, CA US",,
2025-08-15,USC00045983,0.0,",,7,0800",",,7,0800",0.0,15.6,",,7,0800",",,7,0800",0.0,"MOUNT SHASTA, CA US",30.0,",,7",12.8,",,7",,,,,,,,,,,,,,,,,,,,,,,,,,,True,0.0,0.0,0.0,30.0,12.8,21.4,58.01231544050685,0.0,0.0,0.0,0.0,0.0,0.0,0.05,0.12682915081160384,21.298088675505298,0.0023476285014018402,0.00595495458507827,shasta,USC00045983,"MOUNT SHASTA, CA US",,
2025-08-16,USC00045983,0.0,",,7,0800",",,7,0800",7.6,16.7,",,7,0800",",,7,0800",0.0,"MOUNT SHASTA, CA US",28.9,",,7",13.3,",,7",,,,,,,,,,,,,,,,,,,,,,,,,,,True,7.6,0.0,0.0,28.9,13.3,21.1,61.0511079342587,0.0,7.6,0.0,0.0,0.0,7.6,0.05,1.494688093603754,21.298088675505298,0.0023476285014018402,0.07017944738500309,shasta,USC00045983,"MOUNT SHASTA, CA US",,
2025-08-17,USC00045983,0.0,",,7,0800",",,7,0800",0.0,14.4,",,7,0800",",,7,0800",0.0,"MOUNT SHASTA, CA US",28.9,",,7",10.6,",,7",,,,,,,,,,,,,,,,,,,,,,,,,,,True,0.0,0.0,0.0,28.9,10.6,19.75,55.54189468701894,0.0,0.0,0.0,0.0,0.0,0.0,0.05,1.2328105708389954,21.298088675505298,0.0023476285014018402,0.05788362465862195,shasta,USC00045983,"MOUNT SHASTA, CA US",,
2025-08-18,USC00045983,0.0,",,7,0800",",,7,0800",0.0,10.6,",,7,0800",",,7,0800",0.0,"MOUNT SHASTA, CA US",23.3,",,7",8.9,",,7",,,,,,,,,,,,,,,,,,,,,,,,,,,True,0.0,0.0,0.0,23.3,8.9,16.1,62.350547871684554,0.0,0.0,0.0,0.0,0.0,0.0,0.05,1.0184033894116085,21.298088675505298,0.0023476285014018402,0.047816656458138575,shasta,USC00045983,"MOUNT SHASTA, CA US",,
2025-08-19,USC00045983,0.0,",,7,0800",",,7,0800",0.0,11.1,",,7,0800",",,7,0800",0.0,"MOUNT SHASTA, CA US",22.8,",,7",7.2,",,7",,,,,,,,,,,,,,,,,,,,,,,,,,,True,0.0,0.0,0.0,22.8,7.2,15.0,59.60460880652699,0.0,0.0,0.0,0.0,0.0,0.0,0.05,0.8428616362962362,21.298088675505298,0.0023476285014018402,0.03957452000214472,shasta,USC00045983,"MOUNT SHASTA, CA US",,
2025-08-20,USC00045983,0.0,",,7,0800",",,7,0800",0.0,12.8,",,7,0800",",,7,0800",0.0,"MOUNT SHASTA, CA US",26.1,",,7",9.4,",,7",,,,,,,,,,,,,,,,,,,,,,,,,,,True,0.0,0.0,0.0,26.1,9.4,17.75,58.082504895701874,0.0,0.0,0.0,0.0,0.0,0.0,0.05,0.6991402045714585,21.298088675505298,0.0023476285014018402,0.03282642941455738,shasta,USC00045983,"MOUNT SHASTA, CA US",,
2025-08-21,USC00045983,0.0,",,7,0800",",,7,0800",0.0,15.0,",,7,0800",",,7,0800",0.0,"MOUNT SHASTA, CA US",31.1,",,7",12.2,",,7",,,,,,,,,,,,,,,,,,,,,,,,,,,True,0.0,0.0,0.0,31.1,12.2,21.65,54.926555017811104,0.0,0.0,0.0,0.0,0.0,0.0,0.05,0.5773316200478955,21.298088675505298,0.0023476285014018402,0.027107203319698746,shasta,USC00045983,"MOUNT SHASTA, CA US",,
2025-08-22,USC00045983,0.0,",,7,0800",",,7,0800",0.0,13.9,",,7,0800",",,7,0800",0.0,"MOUNT SHASTA, CA US",31.7,",,7",11.1,",,7",,,,,,,,,,,,,,,,,,,,,,,,,,,True,0.0,0.0,0.0,31.7,11.1,21.4,51.86562685430831,0.0,0.0,0.0,0.0,0.0,0.0,0.05,0.471256062218618,21.298088675505298,0.0023476285014018402,0.022126683262456526,shasta,USC00045983,"MOUNT SHASTA, CA US",,
2025-08-23,USC00045983,0.0,",,7,0800",",,7,0800",0.0,18.9,",,7,0800",",,7,0800",0.0,"MOUNT SHASTA, CA US",32.2,",,7",11.1,",,7",,,,,,,,,,,,,,,,,,,,,,,,,,,True,0.0,0.0,0.0,32.2,11.1,21.650000000000002,51.07813912882916,0.0,0.0,0.0,0.0,0.0,0.0,0.05,0.39489529305891424,21.298088675505298,0.0023476285014018402,0.018541348901090784,shasta,USC00045983,"MOUNT SHASTA, CA US",,
2025-08-24,USC00045983,0.0,",,7,0800",",,7,0800",6.4,21.1,",,7,0800",",,7,0800",0.0,"MOUNT SHASTA, CA US",31.7,",,7",10.6,",,7",,,,,,,,,,,,,,,,,,,,,,,,,,,True,6.4,0.0,0.0,31.7,10.6,21.15,50.94559454496657,0.0,6.4,0.0,0.0,0.0,6.4,0.05,1.5101611248948759,21.298088675505298,0.0023476285014018402,0.07090594597024548,shasta,USC00045983,"MOUNT SHASTA, CA US",,
2025-08-25,USC00045983,0.0,",,7,0800",",,7,0800",0.0,13.3,",,7,0800",",,7,0800",0.0,"MOUNT SHASTA, CA US",32.2,",,7",11.1,",,7",,,,,,,,,,,,,,,,,,,,,,,,,,,True,0.0,0.0,0.0,32.2,11.1,21.650000000000002,51.07813912882916,0.0,0.0,0.0,0.0,0.0,0.0,0.05,1.2454788174003748,21.298088675505298,0.0023476285014018402,0.05847843139242755,shasta,USC00045983,"MOUNT SHASTA, CA US",,
2025-08-26,USC00045983,0.0,",,7,0800",",,7,0800",0.0,13.9,",,7,0800",",,7,0800",0.0,"MOUNT SHASTA, CA US",30.6,",,7",12.8,",,7",,,,,,,,,,,,,,,,,,,,,,,,,,,True,0.0,0.0,0.0,30.6,12.8,21.700000000000003,56.95714714101043,0.0,0.0,0.0,0.0,0.0,0.0,0.05,1.028775272458984,21.298088675505298,0.0023476285014018402,0.04830364302324309,shasta,USC00045983,"MOUNT SHASTA, CA US",,
2025-08-27,USC00045983,0.0,",,7,0800",",,7,0800",0.0,13.3,",,7,0800",",,7,0800",0.0,"MOUNT SHASTA, CA US",27.8,",,7",11.1,",,7",,,,,,,,,,,,,,,,,,,,,,,,,,,True,0.0,0.0,0.0,27.8,11.1,19.45,58.49808043364625,0.0,0.0,0.0,0.0,0.0,0.0,0.05,0.8513534159144509,21.298088675505298,0.0023476285014018402,0.03997323087933159,shasta,USC00045983,"MOUNT SHASTA, CA US",,
2025-08-28,USC00045983,0.0,",,7,0800",",,7,0800",0.0,12.2,",,7,0800",",,7,0800",0.0,"MOUNT SHASTA, CA US",27.8,",,7",9.4,",,7",,,,,,,,,,,,,,,,,,,,,,,,,,,True,0.0,0.0,0.0,27.8,9.4,18.6,55.064359053093064,0.0,0.0,0.0,0.0,0.0,0.0,0.05,0.7060926856932517,21.298088675505298,0.0023476285014018402,0.033152866271296974,shasta,USC00045983,"MOUNT SHASTA, CA US",,
2025-08-29,USC00045983,0.0,",,7,0800",",,7,0800",0.0,10.6,",,7,0800",",,7,0800",0.0,"MOUNT SHASTA, CA US",27.8,",,7",8.3,",,7",,,,,,,,,,,,,,,,,,,,,,,,,,,True,0.0,0.0,0.0,27.8,8.3,18.05,52.91712384227228,0.0,0.0,0.0,0.0,0.0,0.0,0.05,0.5871632586465917,21.298088675505298,0.0023476285014018402,0.02756882401949438,shasta,USC00045983,"MOUNT SHASTA, CA US",,
2025-08-30,USC00045983,0.0,",,7,0800",",,7,0800",0.0,11.1,",,7,0800",",,7,0800",0.0,"MOUNT SHASTA, CA US",28.3,",,7",8.3,",,7",,,,,,,,,,,,,,,,,,,,,,,,,,,True,0.0,0.0,0.0,28.3,8.3,18.3,52.09309310556172,0.0,0.0,0.0,0.0,0.0,0.0,0.05,0.4897920792775467,21.298088675505298,0.0023476285014018402,0.022996996901456762,shasta,USC00045983,"MOUNT SHASTA, CA US",,
2025-08-31,USC00045983,0.0,",,7,0800",",,7,0800",0.0,14.4,",,7,0800",",,7,0800",0.0,"MOUNT SHASTA, CA US",28.3,",,7",8.9,",,7",,,,,,,,,,,,,,,,,,,,,,,,,,,True,0.0,0.0,0.0,28.3,8.9,18.6,53.24088313880135,0.0,0.0,0.0,0.0,0.0,0.0,0.05,0.41007130026463723,21.298088675505298,0.0023476285014018402,0.019253901442163483,shasta,USC00045983,"MOUNT SHASTA, CA US",,
2025-09-01,USC00045983,0.0,",,7,0800",",,7,0800",0.0,13.3,",,7,0800",",,7,0800",0.0,"MOUNT SHASTA, CA US",27.8,",,7",8.3,",,7",,,,,,,,,,,,,,,,,,,,,,,,,,,True,0.0,0.0,0.0,27.8,8.3,18.05,52.91712384227228,0.0,0.0,0.0,0.0,0.0,0.0,0.05,0.3448014468274345,21.298088675505298,0.0023476285014018402,0.016189314077933527,shasta,USC00045983,"MOUNT SHASTA, CA US",,
2025-09-02,USC00045983,0.0,",,7,0800",",,7,0800",0.0,13.3,",,7,0800",",,7,0800",0.0,"MOUNT SHASTA, CA US",28.9,",,7",11.7,",,7",,,,,,,,,,,,,,,,,,,,,,,,,,,True,0.0,0.0,0.0,28.9,11.7,20.299999999999997,57.74401562012527,0.0,0.0,0.0,0.0,0.0,0.0,0.05,0.29136301056950414,21.298088675505298,0.0023476285014018402,0.01368024215734427,shasta,USC00045983,"MOUNT SHASTA, CA US",,
2025-09-03,USC00045983,0.0,",,7,0800",",,7,0800",0.5,13.9,",,7,0800",",,7,0800",0.0,"MOUNT SHASTA, CA US",28.9,",,7",11.7,",,7",,,,,,,,,,,,,,,,,,,,,,,,,,,True,0.5,0.0,0.0,28.9,11.7,20.299999999999997,57.74401562012527,0.0,0.5,0.0,0.0,0.0,0.5,0.05,0.3396257523677781,21.298088675505298,0.0023476285014018402,0.015946301921372787,shasta,USC00045983,"MOUNT SHASTA, CA US",,
2025-09-04,USC00045983,0.0,",,7,0800",",,7,0800",0.0,13.3,",,7,0800",",,7,0800",0.0,"MOUNT SHASTA, CA US",28.9,",,7",12.2,",,7",,,,,,,,,,,,,,,,,,,,,,,,,,,True,0.0,0.0,0.0,28.9,12.2,20.549999999999997,58.764185694743084,0.0,0.0,0.0,0.0,0.0,0.0,0.05,0.287125510346848,21.298088675505298,0.0023476285014018402,0.013481280631396185,shasta,USC00045983,"MOUNT SHASTA, CA US",,
2025-09-05,USC00045983,0.0,",,7,0800",",,7,0800",0.0,11.1,",,7,0800",",,7,0800",0.0,"MOUNT SHASTA, CA US",29.4,",,7",8.9,",,7",,,,,,,,,,,,,,,,,,,,,,,,,,,True,0.0,0.0,0.0,29.4,8.9,19.15,51.44342732081729,0.0,0.0,0.0,0.0,0.0,0.0,0.05,0.2441419476602757,21.298088675505298,0.0023476285014018402,0.011463091894300389,shasta,USC00045983,"MOUNT SHASTA, CA US",,
2025-09-06,USC00045983,0.0,",,7,0800",",,7,0800",0.0,11.7,",,7,0800",",,7,0800",0.0,"MOUNT SHASTA, CA US",26.7,",,7",10.0,",,7",,,,,,,,,,,,,,,,,,,,,,,,,,,True,0.0,0.0,0.0,26.7,10.0,18.35,58.229780961622346,0.0,0.0,0.0,0.0,0.0,0.0,0.05,0.18797687864186813,21.298088675505298,0.0023476285014018402,0.008825997558084088,shasta,USC00045983,"MOUNT SHASTA, CA US",,
2025-09-07,USC00045983,0.0,",,7,0800",",,7,0800",0.0,12.8,",,7,0800",",,7,0800",0.0,"MOUNT SHASTA, CA US",24.4,",,7",8.9,",,7",,,,,,,,,,,,,,,,,,,,,,,,,,,True,0.0,0.0,0.0,24.4,8.9,16.65,60.205483981150124,0.0,0.0,0.0,0.0,0.0,0.0,0.05,0.16296591375780606,21.298088675505298,0.0023476285014018402,0.007651668477896395,shasta,USC00045983,"MOUNT SHASTA, CA US",,
2025-09-08,USC00045983,0.0,",,7,0800",",,7,0800",0.0,10.0,",,7,0800",",,7,0800",0.0,"MOUNT SHASTA, CA US",23.3,",,7",8.3,",,7",,,,,,,,,,,,,,,,,,,,,,,,,,,True,0.0,0.0,0.0,23.3,8.3,15.8,61.02861367268972,0.0,0.0,0.0,0.0,0.0,0.0,0.05,0.1424886676430709,21.298088675505298,0.0023476285014018402,0.006690209145712947,shasta,USC00045983,"MOUNT SHASTA, CA US",,
2025-09-09,USC00045983,0.0,",,7,0800",",,7,0800",6.1,11.1,",,7,0800",",,7,0800",0.0,"MOUNT SHASTA, CA US",20.6,",,7",10.0,",,7",,,,,,,,,,,,,,,,,,,,,,,,,,,True,6.1,0.0,0.0,20.6,10.0,15.3,70.65949377212976,0.0,6.1,0.0,0.0,0.0,6.1,0.05,1.2482993986108668,21.298088675505298,0.0023476285014018402,0.058610864929232946,shasta,USC00045983,"MOUNT SHASTA, CA US",,
2025-09-10,USC00045983,0.0,",,7,0800",",,7,0800",1.8,9.4,",,7,0800",",,7,0800",0.0,"MOUNT SHASTA, CA US",17.2,",,7",6.7,",,7",,,,,,,,,,,,,,,,,,,,,,,,,,,True,1.8,0.0,0.0,17.2,6.7,11.95,70.24742602743817,0.0,1.8,0.0,0.0,0.0,1.8,0.05,1.3623365276901085,21.298088675505298,0.0023476285014018402,0.06396520121812231,shasta,USC00045983,"MOUNT SHASTA, CA US",,
2025-09-11,USC00045983,0.0,",,7,0800",",,7,0800",4.6,9.4,",,7,0800",",,7,0800",0.0,"MOUNT SHASTA, CA US",16.1,",,7",8.9,",,7",,,,,,,,,,,,,,,,,,,,,,,,,,,True,4.6,0.0,0.0,16.1,8.9,12.5,78.70005048351871,0.0,4.6,0.0,0.0,0.0,4.6,0.05,1.9709830568306252,21.298088675505298,0.0023476285014018402,0.09254271999991397,shasta,USC00045983,"MOUNT SHASTA, CA US",,
2025-09-12,USC00045983,0.0,",,7,0800",",,7,0800",0.0,11.7,",,7,0800",",,7,0800",0.0,"MOUNT SHASTA, CA US",20.0,",,7",8.9,",,7",,,,,,,,,,,,,,,,,,,,,,,,,,,True,0.0,0.0,0.0,20.0,8.9,14.45,69.31746240350168,0.0,0.0,0.0,0.0,0.0,0.0,0.05,1.6227679047689814,21.298088675505298,0.0023476285014018402,0.07619312368791614,shasta,USC00045983,"MOUNT SHASTA, CA US",,
2025-09-13,USC00045983,0.0,",,7,0800",",,7,0800",0.0,10.6,",,7,0800",",,7,0800",0.0,"MOUNT SHASTA, CA US",25.0,",,7",7.2,",,7",,,,,,,,,,,,,,,,,,,,,,,,,,,True,0.0,0.0,0.0,25.0,7.2,16.1,55.549090865169624,0.0,0.0,0.0,0.0,0.0,0.0,0.05,1.3376734510883879,21.298088675505298,0.0023476285014018402,0.06280720638687319,shasta,USC00045983,"MOUNT SHASTA, CA US",,
2025-09-14,USC00045983,0.0,",,7,0800",",,7,0800",0.0,11.7,",,7,0800",",,7,0800",0.0,"MOUNT SHASTA, CA US",23.9,",,7",7.2,",,7",,,,,,,,,,,,,,,,,,,,,,,,,,,True,0.0,0.0,0.0,23.9,7.2,15.549999999999999,57.53681981596065,0.0,0.0,0.0,0.0,0.0,0.0,0.05,1.0865962927533361,21.298088675505298,0.0023476285014018402,0.05101848852770619,shasta,USC00045983,"MOUNT SHASTA, CA US",,
2025-09-15,USC00045983,0.0,",,7,0800",",,7,0800",0.0,6.1,",,7,0800",",,7,0800",0.0,"MOUNT SHASTA, CA US",22.2,",,7",5.6,",,7",,,,,,,,,,,,,,,,,,,,,,,,,,,True,0.0,0.0,0.0,22.2,5.6,13.899999999999999,57.31992462265644,0.0,0.0,0.0,0.0,0.0,0.0,0.05,0.8986932634037831,21.298088675505298,0.0023476285014018402,0.04219595838369104,shasta,USC00045983,"MOUNT SHASTA, CA US",,
2025-09-16,USC00045983,0.0,",,7,0800",",,7,0800",0.0,7.2,",,7,0800",",,7,0800",0.0,"MOUNT SHASTA, CA US",23.3,",,7",5.6,",,7",,,,,,,,,,,,,,,,,,,,,,,,,,,True,0.0,0.0,0.0,23.3,5.6,14.45,55.31465243316266,0.0,0.0,0.0,0.0,0.0,0.0,0.05,0.7448512746787894,21.298088675505298,0.0023476285014018402,0.034972681634828334,shasta,USC00045983,"MOUNT SHASTA, CA US",,
2025-09-17,USC00045983,0.0,",,7,0800",",,7,0800",0.0,10.0,",,7,0800",",,7,0800",0.0,"MOUNT SHASTA, CA US",27.2,",,7",7.2,",,7",,,,,,,,,,,,,,,,,,,,,,,,,,,True,0.0,0.0,0.0,27.2,7.2,17.2,51.800359971890906,0.0,0.0,0.0,0.0,0.0,0.0,0.05,0.6188961073949608,21.298088675505298,0.0023476285014018402,0.02905876282254128,shasta,USC00045983,"MOUNT SHASTA, CA US",,
2025-09-18,USC00045983,0.0,",,7,0800",",,7,0800",0.0,9.4,",,7,0800",",,7,0800",0.0,"MOUNT SHASTA, CA US",26.7,",,7",6.7,",,7",,,,,,,,,,,,,,,,,,,,,,,,,,,True,0.0,0.0,0.0,26.7,6.7,16.7,51.666594589758205,0.0,0.0,0.0,0.0,0.0,0.0,0.05,0.5157727384306087,21.298088675505298,0.0023476285014018402,0.02421685561971546,shasta,USC00045983,"MOUNT SHASTA, CA US",,
2025-09-19,USC00045983,0.0,",,7,0800",",,7,0800",0.0,11.1,",,7,0800",",,7,0800",0.0,"MOUNT SHASTA, CA US",26.1,",,7",8.9,",,7",,,,,,,,,,,,,,,,,,,,,,,,,,,True,0.0,0.0,0.0,26.1,8.9,17.5,57.05121270072425,0.0,0.0,0.0,0.0,0.0,0.0,0.05,0.4313424648984861,21.298088675505298,0.0023476285014018402,0.020252637289212172,shasta,USC00045983,"MOUNT SHASTA, CA US",,
2025-09-20,USC00045983,0.0,",,7,0800",",,7,0800",0.0,12.8,",,7,0800",",,7,0800",0.0,"MOUNT SHASTA, CA US",22.8,",,7",11.1,",,7",,,,,,,,,,,,,,,,,,,,,,,,,,,True,0.0,0.0,0.0,22.8,11.1,16.95,68.43700218286108,0.0,0.0,0.0,0.0,0.0,0.0,0.05,0.3622168034669514,21.298088675505298,0.0023476285014018402,0.01700700983011368,shasta,USC00045983,"MOUNT SHASTA, CA US",,
2025-09-21,USC00045983,0.0,",,7,0800",",,7,0800",0.0,13.3,",,7,0800",",,7,0800",0.0,"MOUNT SHASTA, CA US",22.8,",,7",9.4,",,7",,,,,,,,,,,,,,,,,,,,,,,,,,,True,0.0,0.0,0.0,22.8,9.4,16.1,64.48602563959652,0.0,0.0,0.0,0.0,0.0,0.0,0.05,0.30562149862609733,21.298088675505298,0.0023476285014018402,0.014349714816315386,shasta,USC00045983,"MOUNT SHASTA, CA US",,
2025-09-22,USC00045983,0.0,",,7,0800",",,7,0800",0.0,7.2,",,7,0800",",,7,0800",0.0,"MOUNT SHASTA, CA US",22.8,",,7",6.1,",,7",,,,,,,,,,,,,,,,,,,,,,,,,,,True,0.0,0.0,0.0,22.8,6.1,14.45,57.26060441305949,0.0,0.0,0.0,0.0,0.0,0.0,0.05,0.25928518207306694,21.298088675505298,0.0023476285014018402,0.012174105668517947,shasta,USC00045983,"MOUNT SHASTA, CA US",,
2025-09-23,USC00045983,0.0,",,7,0800",",,7,0800",0.0,8.3,",,7,0800",",,7,0800",0.0,"MOUNT SHASTA, CA US",23.3,",,7",6.7,",,7",,,,,,,,,,,,,,,,,,,,,,,,,,,True,0.0,0.0,0.0,23.3,6.7,15.0,57.59648169315894,0.0,0.0,0.0,0.0,0.0,0.0,0.05,0.2213482147267447,21.298088675505298,0.0023476285014018402,0.010392867552538407,shasta,USC00045983,"MOUNT SHASTA, CA US",,
2025-09-24,USC00045983,0.0,",,7,0800",",,7,0800",0.0,8.9,",,7,0800",",,7,0800",0.0,"MOUNT SHASTA, CA US",27.8,",,7",7.8,",,7",,,,,,,,,,,,,,,,,,,,,,,,,,,True,0.0,0.0,0.0,27.8,7.8,17.8,51.96029648539692,0.0,0.0,0.0,0.0,0.0,0.0,0.05,0.1889082433837655,21.298088675505298,0.0023476285014018402,0.008869727526349668,shasta,USC00045983,"MOUNT SHASTA, CA US",,
2025-09-25,USC00045983,0.0,",,7,0800",",,7,0800",0.0,8.9,",,7,0800",",,7,0800",0.0,"MOUNT SHASTA, CA US",27.2,",,7",7.8,",,7",,,,,,,,,,,,,,,,,,,,,,,,,,,True,0.0,0.0,0.0,27.2,7.8,17.5,52.952187071348845,0.0,0.0,0.0,0.0,0.0,0.0,0.05,0.1637284507143299,21.298088675505298,0.0023476285014018402,0.0076874715477465464,shasta,USC00045983,"MOUNT SHASTA, CA US",,
2025-09-26,USC00045983,0.0,",,7,0800",",,7,0800",0.0,12.2,",,7,0800",",,7,0800",0.0,"MOUNT SHASTA, CA US",26.7,",,7",8.9,",,7",,,,,,,,,,,,,,,,,,,,,,,,,,,True,0.0,0.0,0.0,26.7,8.9,17.8,55.98253992392768,0.0,0.0,0.0,0.0,0.0,0.0,0.05,0.14311298009973544,21.298088675505298,0.0023476285014018402,0.006719522220053865,shasta,USC00045983,"MOUNT SHASTA, CA US",,
2025-09-27,USC00045983,0.0,",,7,0800",",,7,0800",0.0,7.2,",,7,0800",",,7,0800",0.0,"MOUNT SHASTA, CA US",23.9,",,7",6.1,",,7",,,,,,,,,,,,,,,,,,,,,,,,,,,True,0.0,0.0,0.0,23.9,6.1,15.0,55.26579640412836,0.0,0.0,0.0,0.0,0.0,0.0,0.05,0.12623446031839153,21.298088675505298,0.0023476285014018402,0.00592703233805071,shasta,USC00045983,"MOUNT SHASTA, CA US",,
2025-09-28,USC00045983,0.0,",,7,0800",",,7,0800",0.0,15.6,",,7,0800",",,7,0800",0.0,"MOUNT SHASTA, CA US",25.0,",,7",6.7,",,7",,,,,,,,,,,,,,,,,,,,,,,,,,,True,0.0,0.0,0.0,25.0,6.7,15.85,54.541293635084436,0.0,0.0,0.0,0.0,0.0,0.0,0.05,0.11241549710697024,21.298088675505298,0.0023476285014018402,0.005278196500151588,shasta,USC00045983,"MOUNT SHASTA, CA US",,
2025-09-29,USC00045983,0.0,",,7,0800",",,7,0800",0.0,14.4,",,7,0800",",,7,0800",0.0,"MOUNT SHASTA, CA US",18.9,",,7",11.7,",,7",,,,,,,,,,,,,,,,,,,,,,,,,,,True,0.0,0.0,0.0,18.9,11.7,15.299999999999999,79.11038295327518,0.0,0.0,0.0,0.0,0.0,0.0,0.05,0.10110148695012634,21.298088675505298,0.0023476285014018402,0.004746974645964456,shasta,USC00045983,"MOUNT SHASTA, CA US",,
2025-09-30,USC00045983,0.0,",,7,0800",",,7,0800",6.1,9.4,",,7,0800",",,7,0800",0.0,"MOUNT SHASTA, CA US",18.3,",,7",7.2,",,7",,,,,,,,,,,,,,,,,,,,,,,,,,,True,6.1,0.0,0.0,18.3,7.2,12.75,68.97575544034103,0.0,6.1,0.0,0.0,0.0,6.1,0.05,1.1975807651183923,21.298088675505298,0.0023476285014018402,0.0562294947384512,shasta,USC00045983,"MOUNT SHASTA, CA US",,
2025-10-01,USC00045983,0.0,",,7,0800",",,7,0800",5.8,8.3,",,7,0800",",,7,0800",0.0,"MOUNT SHASTA, CA US",13.3,",,7",7.8,",,7",,,,,,,,,,,,,,,,,,,,,,,,,,,True,5.8,0.0,0.0,13.3,7.8,10.55,83.09488237824804,0.015474411891240223,5.8,0.0,0.0,0.0,5.81547441189124,0.05,2.054807510646227,21.298088675505298,0.0023476285014018402,0.09647849353775294,shasta,USC00045983,"MOUNT SHASTA, CA US",,
2025-10-02,USC00045983,0.0,",,7,0800",",,7,0800",1.5,8.9,",,7,0800",",,7,0800",0.0,"MOUNT SHASTA, CA US",11.7,",,7",8.3,",,7",,,,,,,,,,,,,,,,,,,,,,,,,,,True,1.5,0.0,0.0,11.7,8.3,10.0,89.18120495765376,0.04590602478826881,1.5,0.0,0.0,0.0,1.5459060247882688,0.05,1.9631946481436133,21.298088675505298,0.0023476285014018402,0.09217703419563007,shasta,USC00045983,"MOUNT SHASTA, CA US",,
2025-10-03,USC00045983,0.0,",,7,0800",",,7,0800",0.8,8.9,",,7,0800",",,7,0800",0.0,"MOUNT SHASTA, CA US",14.4,",,7",8.3,",,7",,,,,,,,,,,,,,,,,,,,,,,,,,,True,0.8,0.0,0.0,14.4,8.3,11.350000000000001,81.5188349782595,0.0075941748912975275,0.8,0.0,0.0,0.0,0.8075941748912976,0.05,1.7650119351866769,21.298088675505298,0.0023476285014018402,0.08287184648717319,shasta,USC00045983,"MOUNT SHASTA, CA US",,
2025-10-04,USC00045983,0.0,",,7,0800",",,7,0800",0.0,6.1,",,7,0800",",,7,0800",0.0,"MOUNT SHASTA, CA US",15.0,",,7",5.0,",,7",,,,,,,,,,,,,,,,,,,,,,,,,,,True,0.0,0.0,0.0,15.0,5.0,10.0,71.08848942637533,0.0,0.0,0.0,0.0,0.0,0.0,0.05,1.4541330132331147,21.298088675505298,0.0023476285014018402,0.06827528213390797,shasta,USC00045983,"MOUNT SHASTA, CA US",,
2025-10-05,USC00045983,0.0,",,7,0800",",,7,0800",0.0,3.9,",,7,0800",",,7,0800",0.0,"MOUNT SHASTA, CA US",15.0,",,7",3.3,",,7",,,,,,,,,,,,,,,,,,,,,,,,,,,True,0.0,0.0,0.0,15.0,3.3,9.15,66.80671316542782,0.0,0.0,0.0,0.0,0.0,0.0,0.05,1.199606879346004,21.298088675505298,0.0023476285014018402,0.05632462600860794,shasta,USC00045983,"MOUNT SHASTA, CA US",,
2025-10-06,USC00045983,0.0,",,7,0800",",,7,0800",0.0,1.7,",,7,0800",",,7,0800",0.0,"MOUNT SHASTA, CA US",16.1,",,7",1.1,",,7",,,,,,,,,,,,,,,,,,,,,,,,,,,True,0.0,0.0,0.0,16.1,1.1,8.600000000000001,59.27768901810206,0.0,0.0,0.0,0.0,0.0,0.0,0.05,0.9912185060705825,21.298088675505298,0.0023476285014018402,0.04654025631936504,shasta,USC00045983,"MOUNT SHASTA, CA US",,
2025-10-07,USC00045983,0.0,",,7,0800",",,7,0800",0.0,2.8,",,7,0800",",,7,0800",0.0,"MOUNT SHASTA, CA US",20.0,",,7",1.7,",,7",,,,,,,,,,,,,,,,,,,,,,,,,,,True,0.0,0.0,0.0,20.0,1.7,10.85,53.21769199976543,0.0,0.0,0.0,0.0,0.0,0.0,0.05,0.8206045362861011,21.298088675505298,0.0023476285014018402,0.038529491955297826,shasta,USC00045983,"MOUNT SHASTA, CA US",,
2025-10-08,USC00045983,0.0,",,7,0800",",,7,0800",0.0,3.3,",,7,0800",",,7,0800",0.0,"MOUNT SHASTA, CA US",20.6,",,7",2.8,",,7",,,,,,,,,,,,,,,,,,,,,,,,,,,True,0.0,0.0,0.0,20.6,2.8,11.700000000000001,54.402421181058806,0.0,0.0,0.0,0.0,0.0,0.0,0.05,0.6809176323188284,21.298088675505298,0.0023476285014018402,0.0319708328147748,shasta,USC00045983,"MOUNT SHASTA, CA US",,
2025-10-09,USC00045983,0.0,",,7,0800",",,7,0800",2.3,8.9,",,7,0800",",,7,0800",0.0,"MOUNT SHASTA, CA US",20.0,",,7",3.3,",,7",,,,,,,,,,,,,,,,,,,,,,,,,,,True,2.3,0.0,0.0,20.0,3.3,11.65,56.54722395673351,0.0,2.3,0.0,0.0,0.0,2.3,0.05,0.9898180598501511,21.298088675505298,0.0023476285014018402,0.04647450177012974,shasta,USC00045983,"MOUNT SHASTA, CA US",,
2025-10-10,USC00045983,0.0,",,7,0800",",,7,0800",4.6,8.9,",,7,0800",",,7,0800",0.0,"MOUNT SHASTA, CA US",10.6,",,7",8.3,",,7",,,,,,,,,,,,,,,,,,,,,,,,,,,True,4.6,0.0,0.0,10.6,8.3,9.45,92.53117971042789,0.06265589855213947,4.6,0.0,0.0,0.0,4.662655898552139,0.05,1.6775212250741898,21.298088675505298,0.0023476285014018402,0.07876393279381398,shasta,USC00045983,"MOUNT SHASTA, CA US",,
2025-10-11,USC00045983,0.0,",,7,0800",",,7,0800",10.2,0.0,",,7,0800",",,7,0800",0.0,"MOUNT SHASTA, CA US",10.6,",,7",-1.1,",,7",,,,,,,,,,,,,,,,,,,,,,,,,,,True,10.2,0.0,0.0,10.6,-1.1,4.75,65.83653875311214,0.0,10.2,0.0,0.0,0.0,10.2,0.05,3.2595961106197873,21.298088675505298,0.0023476285014018402,0.15304641464699195,shasta,USC00045983,"MOUNT SHASTA, CA US",,
2025-10-12,USC00045983,0.0,",,7,0800",",,7,0800",0.0,0.6,",,7,0800",",,7,0800",0.0,"MOUNT SHASTA, CA US",10.0,",,7",-0.6,",,7",,,,,,,,,,,,,,,,,,,,,,,,,,,True,0.0,0.0,0.0,10.0,-0.6,4.7,68.5236140659025,0.0,0.0,0.0,0.0,0.0,0.0,0.05,2.6777950407239,21.298088675505298,0.0023476285014018402,0.12572935917031855,shasta,USC00045983,"MOUNT SHASTA, CA US",,
2025-10-13,USC00045983,0.0,",,7,0800",",,7,0800",0.0,2.2,",,7,0800",",,7,0800",0.0,"MOUNT SHASTA, CA US",9.4,",,7",-0.6,",,7",,,,,,,,,,,,,,,,,,,,,,,,,,,True,0.0,0.0,0.0,9.4,-0.6,4.4,69.9752658688349,0.0,0.0,0.0,0.0,0.0,0.0,0.05,2.2014566126264645,21.298088675505298,0.0023476285014018402,0.10336404576802875,shasta,USC00045983,"MOUNT SHASTA, CA US",,
2025-10-14,USC00045983,0.0,",,7,0800",",,7,0800",8.1,3.9,",,7,0800",",,7,0800",0.0,"MOUNT SHASTA, CA US",10.0,",,7",0.0,",,7",,,,,,,,,,,,,,,,,,,,,,,,,,,True,8.1,0.0,0.0,10.0,0.0,5.0,70.09733303419111,0.0,8.1,0.0,0.0,0.0,8.1,0.05,3.3020975066067018,21.298088675505298,0.0023476285014018402,0.15504196441835688,shasta,USC00045983,"MOUNT SHASTA, CA US",,
2025-10-15,USC00045983,0.0,",,7,0800",",,7,0800",0.0,3.9,",,7,0800",",,7,0800",0.0,"MOUNT SHASTA, CA US",11.1,",,7",1.7,",,7",,,,,,,,,,,,,,,,,,,,,,,,,,,True,0.0,0.0,0.0,11.1,1.7,6.3999999999999995,71.90767961079236,0.0,0.0,0.0,0.0,0.0,0.0,0.05,2.7125922406671323,21.298088675505298,0.0023476285014018402,0.12736317713743278,shasta,USC00045983,"MOUNT SHASTA, CA US",,
2025-10-16,USC00045983,0.0,",,7,0800",",,7,0800",0.0,5.0,",,7,0800",",,7,0800",0.0,"MOUNT SHASTA, CA US",10.6,",,7",1.7,",,7",,,,,,,,,,,,,,,,,,,,,,,,,,,True,0.0,0.0,0.0,10.6,1.7,6.1499999999999995,73.15728236427336,0.0,0.0,0.0,0.0,0.0,0.0,0.05,2.229946150340992,21.298088675505298,0.0023476285014018402,0.1047017027826365,shasta,USC00045983,"MOUNT SHASTA, CA US",,
2025-10-17,USC00045983,0.0,",,7,0800",",,7,0800",0.0,6.1,",,7,0800",",,7,0800",0.0,"MOUNT SHASTA, CA US",14.4,",,7",3.3,",,7",,,,,,,,,,,,,,,,,,,,,,,,,,,True,0.0,0.0,0.0,14.4,3.3,8.85,68.1719552970427,0.0,0.0,0.0,0.0,0.0,0.0,0.05,1.8347889533381279,21.298088675505298,0.0023476285014018402,0.0861480568182768,shasta,USC00045983,"MOUNT SHASTA, CA US",,
2025-10-18,USC00045983,0.0,",,7,0800",",,7,0800",0.0,7.2,",,7,0800",",,7,0800",0.0,"MOUNT SHASTA, CA US",21.7,",,7",1.7,",,7",,,,,,,,,,,,,,,,,,,,,,,,,,,True,0.0,0.0,0.0,21.7,1.7,11.7,50.304482107268626,0.0,0.0,0.0,0.0,0.0,0.0,0.05,1.5112616038517885,21.298088675505298,0.0023476285014018402,0.0709576162855343,shasta,USC00045983,"MOUNT SHASTA, CA US",,
2025-10-19,USC00045983,0.0,",,7,0800",",,7,0800",0.0,9.4,",,7,0800",",,7,0800",0.0,"MOUNT SHASTA, CA US",18.9,",,7",1.7,",,7",,,,,,,,,,,,,,,,,,,,,,,,,,,True,0.0,0.0,0.0,18.9,1.7,10.299999999999999,55.20312081536384,0.0,0.0,0.0,0.0,0.0,0.0,0.05,1.2463798133655144,21.298088675505298,0.0023476285014018402,0.05852073546857575,shasta,USC00045983,"MOUNT SHASTA, CA US",,
2025-10-20,USC00045983,0.0,",,7,0800",",,7,0800",0.0,-0.6,",,7,0800",",,7,0800",0.0,"MOUNT SHASTA, CA US",18.9,",,7",-1.1,",,7",,,,,,,,,,,,,,,,,,,,,,,,,,,True,0.0,0.0,0.0,18.9,-1.1,8.899999999999999,49.52205873015426,0.0,0.0,0.0,0.0,0.0,0.0,0.05,1.029512945564043,21.298088675505298,0.0023476285014018402,0.04833827867136617,shasta,USC00045983,"MOUNT SHASTA, CA US",,
2025-10-21,USC00045983,0.0,",,7,0800",",,7,0800",0.0,-0.6,",,7,0800",",,7,0800",0.0,"MOUNT SHASTA, CA US",18.9,",,7",-1.1,",,7",,,,,,,,,,,,,,,,,,,,,,,,,,,True,0.0,0.0,0.0,18.9,-1.1,8.899999999999999,49.52205873015426,0.0,0.0,0.0,0.0,0.0,0.0,0.05,0.8351236956953156,21.298088675505298,0.0023476285014018402,0.0392112038042072,shasta,USC00045983,"MOUNT SHASTA, CA US",,
2025-10-22,USC00045983,0.0,",,7,0800",",,7,0800",0.0,3.3,",,7,0800",",,7,0800",0.0,"MOUNT SHASTA, CA US",18.9,",,7",-0.6,",,7",,,,,,,,,,,,,,,,,,,,,,,,,,,True,0.0,0.0,0.0,18.9,-0.6,9.149999999999999,50.50528233913173,0.0,0.0,0.0,0.0,0.0,0.0,0.05,0.6767564209778384,21.298088675505298,0.0023476285014018402,0.031775453247885506,shasta,USC00045983,"MOUNT SHASTA, CA US",,
2025-10-23,USC00045983,0.0,",,7,0800",",,7,0800",0.0,2.8,",,7,0800",",,7,0800",0.0,"MOUNT SHASTA, CA US",18.9,",,7",-0.6,",,7",,,,,,,,,,,,,,,,,,,,,,,,,,,True,0.0,0.0,0.0,18.9,-0.6,9.149999999999999,50.50528233913173,0.0,0.0,0.0,0.0,0.0,0.0,0.05,0.5588786449115172,21.298088675505298,0.0023476285014018402,0.02624078871238232,shasta,USC00045983,"MOUNT SHASTA, CA US",,
2025-10-24,USC00045983,0.0,",,7,0800",",,7,0800",0.0,5.0,",,7,0800",",,7,0800",0.0,"MOUNT SHASTA, CA US",17.8,",,7",0.6,",,7",,,,,,,,,,,,,,,,,,,,,,,,,,,True,0.0,0.0,0.0,17.8,0.6,9.200000000000001,54.91212809935574,0.0,0.0,0.0,0.0,0.0,0.0,0.05,0.464405943947572,21.298088675505298,0.0023476285014018402,0.021805052604634906,shasta,USC00045983,"MOUNT SHASTA, CA US",,
2025-10-25,USC00045983,0.0,",,7,0800",",,7,0800",17.5,7.8,",,7,0800",",,7,0800",0.0,"MOUNT SHASTA, CA US",17.8,",,7",2.2,",,7",,,,,,,,,,,,,,,,,,,,,,,,,,,True,17.5,0.0,0.0,17.8,2.2,10.0,58.36698563861849,0.0,17.5,0.0,0.0,0.0,17.5,0.05,3.6097920441345535,21.298088675505298,0.0023476285014018402,0.16948901373887773,shasta,USC00045983,"MOUNT SHASTA, CA US",,
2025-10-26,USC00045983,0.0,",,7,0800",",,7,0800",5.6,2.2,",,7,0800",",,7,0800",0.0,"MOUNT SHASTA, CA US",8.9,",,7",2.2,",,7",,,,,,,,,,,,,,,,,,,,,,,,,,,True,5.6,0.0,0.0,8.9,2.2,5.550000000000001,79.02674192248121,0.0,5.6,0.0,0.0,0.0,5.6,0.05,3.995072870236529,21.298088675505298,0.0023476285014018402,0.1875789387068906,shasta,USC00045983,"MOUNT SHASTA, CA US",,
2025-10-27,USC00045983,0.0,",,7,0800",",,7,0800",6.1,-1.7,",,7,0800",",,7,0800",0.0,"MOUNT SHASTA, CA US",5.0,",,7",-1.7,",,7",,,,,,,,,,,,,,,,,,,,,,,,,,,True,6.1,0.0,0.0,5.0,-1.7,1.65,78.42715636777662,0.0,6.1,0.0,0.0,0.0,6.1,0.05,4.402528564096545,21.298088675505298,0.0023476285014018402,0.2067100307061753,shasta,USC00045983,"MOUNT SHASTA, CA US",,
2025-10-28,USC00045983,0.0,",,7,0800",",,7,0800",0.0,2.8,",,7,0800",",,7,0800",0.0,"MOUNT SHASTA, CA US",7.2,",,7",-1.7,",,7",,,,,,,,,,,,,,,,,,,,,,,,,,,True,0.0,0.0,0.0,7.2,-1.7,2.75,72.51720420975357,0.0,0.0,0.0,0.0,0.0,0.0,0.05,3.6135489890761914,21.298088675505298,0.0023476285014018402,0.16966541195934146,shasta,USC00045983,"MOUNT SHASTA, CA US",,
2025-10-29,USC00045983,0.0,",,7,0800",",,7,0800",0.0,3.3,",,7,0800",",,7,0800",0.0,"MOUNT SHASTA, CA US",12.8,",,7",2.8,",,7",,,,,,,,,,,,,,,,,,,,,,,,,,,True,0.0,0.0,0.0,12.8,2.8,7.800000000000001,70.65804554332159,0.0,0.0,0.0,0.0,0.0,0.0,0.05,2.967587147456631,21.298088675505298,0.0023476285014018402,0.13933584335525942,shasta,USC00045983,"MOUNT SHASTA, CA US",,
2025-10-30,USC00045983,0.0,",,7,0800",",,7,0800",0.0,0.6,",,7,0800",",,7,0800",0.0,"MOUNT SHASTA, CA US",14.4,",,7",0.6,",,7",,,,,,,,,,,,,,,,,,,,,,,,,,,True,0.0,0.0,0.0,14.4,0.6,7.5,61.6186156682101,0.0,0.0,0.0,0.0,0.0,0.0,0.05,2.4323711987168704,21.298088675505298,0.0023476285014018402,0.11420607904193367,shasta,USC00045983,"MOUNT SHASTA, CA US",,
2025-10-31,USC00045983,0.0,",,7,0800",",,7,0800",0.0,0.6,",,7,0800",",,7,0800",0.0,"MOUNT SHASTA, CA US",14.4,",,7",0.0,",,7",,,,,,,,,,,,,,,,,,,,,,,,,,,True,0.0,0.0,0.0,14.4,0.0,7.2,60.22316112585318,0.0,0.0,0.0,0.0,0.0,0.0,0.05,1.9876534118470226,21.298088675505298,0.0023476285014018402,0.0933254360112136,shasta,USC00045983,"MOUNT SHASTA, CA US",,
2025-11-01,USC00045983,0.0,",,7,0800",",,7,0800",0.0,1.1,",,7,0800",",,7,0800",0.0,"MOUNT SHASTA, CA US",15.0,",,7",0.0,",,7",,,,,,,,,,,,,,,,,,,,,,,,,,,True,0.0,0.0,0.0,15.0,0.0,7.5,59.00132046212087,0.0,0.0,0.0,0.0,0.0,0.0,0.05,1.6082683233258226,21.298088675505298,0.0023476285014018402,0.075512331074829,shasta,USC00045983,"MOUNT SHASTA, CA US",,
2025-11-02,USC00045983,0.0,",,7,0800",",,7,0800",0.0,7.2,",,7,0800",",,7,0800",0.0,"MOUNT SHASTA, CA US",16.7,",,7",0.6,",,7",,,,,,,,,,,,,,,,,,,,,,,,,,,True,0.0,0.0,0.0,16.7,0.6,8.65,56.988194109218355,0.0,0.0,0.0,0.0,0.0,0.0,0.05,1.3258021978541146,21.298088675505298,0.0023476285014018402,0.06224982053807041,shasta,USC00045983,"MOUNT SHASTA, CA US",,
2025-11-03,USC00045983,0.0,",,7,0800",",,7,0800",0.0,10.6,",,7,0800",",,7,0800",0.0,"MOUNT SHASTA, CA US",12.8,",,7",3.9,",,7",,,,,,,,,,,,,,,,,,,,,,,,,,,True,0.0,0.0,0.0,12.8,3.9,8.35,73.56042757621285,0.0,0.0,0.0,0.0,0.0,0.0,0.05,1.0945384942276435,21.298088675505298,0.0023476285014018402,0.05139139529860538,shasta,USC00045983,"MOUNT SHASTA, CA US",,
2025-11-04,USC00045983,0.0,",,7,0800",",,7,0800",4.6,7.2,",,7,0800",",,7,0800",0.0,"MOUNT SHASTA, CA US",13.3,",,7",6.1,",,7",,,,,,,,,,,,,,,,,,,,,,,,,,,True,4.6,0.0,0.0,13.3,6.1,9.7,78.2781419257746,0.0,4.6,0.0,0.0,0.0,4.6,0.05,1.7293756573530135,21.298088675505298,0.0023476285014018402,0.08119863165664953,shasta,USC00045983,"MOUNT SHASTA, CA US",,
2025-11-05,USC00045983,0.0,",,7,0800",",,7,0800",32.0,7.8,",,7,0800",",,7,0800",0.0,"MOUNT SHASTA, CA US",11.1,",,7",7.2,",,7",,,,,,,,,,,,,,,,,,,,,,,,,,,True,32.0,0.0,0.0,11.1,7.2,9.15,87.60255311831123,0.038012765591556176,32.0,0.0,0.0,0.0,32.03801276559155,0.05,7.320875652166185,21.298088675505298,0.0023476285014018402,0.34373392672488234,shasta,USC00045983,"MOUNT SHASTA, CA US",,
2025-11-06,USC00045983,0.0,",,7,0800",",,7,0800",5.3,6.7,",,7,0800",",,7,0800",0.0,"MOUNT SHASTA, CA US",8.9,",,7",5.6,",,7",,,,,,,,,,,,,,,,,,,,,,,,,,,True,5.3,0.0,0.0,8.9,5.6,7.25,89.26387434953506,0.046319371747675295,5.3,0.0,0.0,0.0,5.346319371747675,0.05,6.986766589052959,21.298088675505298,0.0023476285014018402,0.32804664754205687,shasta,USC00045983,"MOUNT SHASTA, CA US",,
2025-11-07,USC00045983,0.0,",,7,0800",",,7,0800",4.6,4.4,",,7,0800",",,7,0800",0.0,"MOUNT SHASTA, CA US",9.4,",,7",4.4,",,7",,,,,,,,,,,,,,,,,,,,,,,,,,,True,4.6,0.0,0.0,9.4,4.4,6.9,84.10051758084226,0.020502587904211327,4.6,0.0,0.0,0.0,4.620502587904211,0.05,6.579649984605071,21.298088675505298,0.0023476285014018402,0.3089314766621408,shasta,USC00045983,"MOUNT SHASTA, CA US",,
2025-11-08,USC00045983,0.0,",,7,0800",",,7,0800",0.0,2.2,",,7,0800",",,7,0800",0.0,"MOUNT SHASTA, CA US",11.7,",,7",0.0,",,7",,,,,,,,,,,,,,,,,,,,,,,,,,,True,0.0,0.0,0.0,11.7,0.0,5.85,66.0826249568302,0.0,0.0,0.0,0.0,0.0,0.0,0.05,5.396025249231341,21.298088675505298,0.0023476285014018402,0.25335725338758924,shasta,USC00045983,"MOUNT SHASTA, CA US",,
2025-11-09,USC00045983,0.0,",,7,0800",",,7,0800",0.0,6.1,",,7,0800",",,7,0800",0.0,"MOUNT SHASTA, CA US",12.8,",,7",1.7,",,7",,,,,,,,,,,,,,,,,,,,,,,,,,,True,0.0,0.0,0.0,12.8,1.7,7.25,67.83397961627215,0.0,0.0,0.0,0.0,0.0,0.0,0.05,4.426955278277082,21.298088675505298,0.0023476285014018402,0.20785692771429182,shasta,USC00045983,"MOUNT SHASTA, CA US",,
2025-11-10,USC00045983,0.0,",,7,0800",",,7,0800",0.0,3.3,",,7,0800",",,7,0800",0.0,"MOUNT SHASTA, CA US",19.4,",,7",2.2,",,7",,,,,,,,,,,,,,,,,,,,,,,,,,,True,0.0,0.0,0.0,19.4,2.2,10.799999999999999,55.334622251263745,0.0,0.0,0.0,0.0,0.0,0.0,0.05,3.6335478911724435,21.298088675505298,0.0023476285014018402,0.1706044118104996,shasta,USC00045983,"MOUNT SHASTA, CA US",,
2025-11-11,USC00045983,0.0,",,7,0800",",,7,0800",0.0,3.9,",,7,0800",",,7,0800",0.0,"MOUNT SHASTA, CA US",18.3,",,7",2.2,",,7",,,,,,,,,,,,,,,,,,,,,,,,,,,True,0.0,0.0,0.0,18.3,2.2,10.25,57.39985807409693,0.0,0.0,0.0,0.0,0.0,0.0,0.05,2.983960863630628,21.298088675505298,0.0023476285014018402,0.14010463141053822,shasta,USC00045983,"MOUNT SHASTA, CA US",,
2025-11-12,USC00045983,0.0,",,7,0800",",,7,0800",0.0,11.1,",,7,0800",",,7,0800",0.0,"MOUNT SHASTA, CA US",16.7,",,7",3.9,",,7",,,,,,,,,,,,,,,,,,,,,,,,,,,True,0.0,0.0,0.0,16.7,3.9,10.299999999999999,64.51841838015962,0.0,0.0,0.0,0.0,0.0,0.0,0.05,2.45212398738163,21.298088675505298,0.0023476285014018402,0.11513352323496481,shasta,USC00045983,"MOUNT SHASTA, CA US",,
2025-11-13,USC00045983,0.0,",,7,0800",",,7,0800",25.9,8.9,",,7,0800",",,7,0800",0.0,"MOUNT SHASTA, CA US",12.2,",,7",7.8,",,7",,,,,,,,,,,,,,,,,,,,,,,,,,,True,25.9,0.0,0.0,12.2,7.8,10.0,86.20244284133403,0.031012214206670163,25.9,0.0,0.0,0.0,25.931012214206667,0.05,6.7887475510639295,21.298088675505298,0.0023476285014018402,0.31874914479399247,shasta,USC00045983,"MOUNT SHASTA, CA US",,
2025-11-14,USC00045983,0.0,",,7,0800",",,7,0800",34.0,6.7,",,7,0800",",,7,0800",0.0,"MOUNT SHASTA, CA US",10.0,",,7",5.6,",,7",,,,,,,,,,,,,,,,,,,,,,,,,,,True,34.0,0.0,0.0,10.0,5.6,7.8,85.97625230099969,0.02988126150499845,34.0,0.0,0.0,0.0,34.029881261505,0.05,11.8297003131666,21.298088675505298,0.0023476285014018402,0.5554348323646436,shasta,USC00045983,"MOUNT SHASTA, CA US",,
2025-11-15,USC00045983,0.0,",,7,0800",",,7,0800",0.0,1.7,",,7,0800",",,7,0800",0.0,"MOUNT SHASTA, CA US",10.6,",,7",0.6,",,7",,,,,,,,,,,,,,,,,,,,,,,,,,,True,0.0,0.0,0.0,10.6,0.6,5.6,70.21871910834726,0.0,0.0,0.0,0.0,0.0,0.0,0.05,9.64610957600078,21.298088675505298,0.0023476285014018402,0.452909635365293,shasta,USC00045983,"MOUNT SHASTA, CA US",,
2025-11-16,USC00045983,0.0,",,7,0800",",,7,0800",0.3,7.8,",,7,0800",",,7,0800",0.0,"MOUNT SHASTA, CA US",12.8,",,7",1.7,",,7",,,,,,,,,,,,,,,,,,,,,,,,,,,True,0.3,0.0,0.0,12.8,1.7,7.25,67.83397961627215,0.0,0.3,0.0,0.0,0.0,0.3,0.05,7.946384813175438,21.298088675505298,0.0023476285014018402,0.37310318941034787,shasta,USC00045983,"MOUNT SHASTA, CA US",,
2025-11-17,USC00045983,0.0,",,7,0800",",,7,0800",0.0,2.8,",,7,0800",",,7,0800",0.0,"MOUNT SHASTA, CA US",7.8,",,7",2.2,",,7",,,,,,,,,,,,,,,,,,,,,,,,,,,True,0.0,0.0,0.0,7.8,2.2,5.0,82.10469248902496,0.01052346244512478,0.0,0.0,0.0,0.0,0.01052346244512478,0.05,6.500116029668008,21.298088675505298,0.0023476285014018402,0.30519715307335166,shasta,USC00045983,"MOUNT SHASTA, CA US",,
2025-11-18,USC00045983,0.0,",,7,0800",",,7,0800",33.0,3.3,",,7,0800",",,7,0800",0.0,"MOUNT SHASTA, CA US",8.3,",,7",0.0,",,7",,,,,,,,,,,,,,,,,,,,,,,,,,,True,33.0,0.0,0.0,8.3,0.0,4.15,74.38611213591992,0.0,33.0,0.0,0.0,0.0,33.0,0.05,11.403860929707028,21.298088675505298,0.0023476285014018402,0.5354405788920621,shasta,USC00045983,"MOUNT SHASTA, CA US",,
2025-11-19,USC00045983,0.0,",,7,0800",",,7,0800",0.0,3.9,",,7,0800",",,7,0800",0.0,"MOUNT SHASTA, CA US",6.1,",,7",2.2,",,7",,,,,,,,,,,,,,,,,,,,,,,,,,,True,0.0,0.0,0.0,6.1,2.2,4.15,87.12812025808208,0.03564060129041039,0.0,0.0,0.0,0.0,0.03564060129041039,0.05,9.352314008757824,21.298088675505298,0.0023476285014018402,0.4391151784203913,shasta,USC00045983,"MOUNT SHASTA, CA US",,
2025-11-20,USC00045983,0.0,",,7,0800",",,7,0800",1.8,3.9,",,7,0800",",,7,0800",0.0,"MOUNT SHASTA, CA US",6.1,",,7",2.2,",,7",,,,,,,,,,,,,,,,,,,,,,,,,,,True,1.8,0.0,0.0,6.1,2.2,4.15,87.12812025808208,0.03564060129041039,1.8,0.0,0.0,0.0,1.8356406012904105,0.05,8.003901411846805,21.298088675505298,0.0023476285014018402,0.37580374153723967,shasta,USC00045983,"MOUNT SHASTA, CA US",,
2025-11-21,USC00045983,0.0,",,7,0800",",,7,0800",0.0,-2.2,",,7,0800",",,7,0800",0.0,"MOUNT SHASTA, CA US",6.7,",,7",-2.8,",,7",,,,,,,,,,,,,,,,,,,,,,,,,,,True,0.0,0.0,0.0,6.7,-2.8,1.9500000000000002,70.77205839399195,0.0,0.0,0.0,0.0,0.0,0.0,0.05,6.562103692829358,21.298088675505298,0.0023476285014018402,0.3081076331688093,shasta,USC00045983,"MOUNT SHASTA, CA US",,
2025-11-22,USC00045983,0.0,",,7,0800",",,7,0800",0.0,-2.2,",,7,0800",",,7,0800",0.0,"MOUNT SHASTA, CA US",7.2,",,7",-3.3,",,7",,,,,,,,,,,,,,,,,,,,,,,,,,,True,0.0,0.0,0.0,7.2,-3.3,1.9500000000000002,68.1885917171151,0.0,0.0,0.0,0.0,0.0,0.0,0.05,5.381659560552087,21.298088675505298,0.0023476285014018402,0.25268274738387564,shasta,USC00045983,"MOUNT SHASTA, CA US",,
2025-11-23,USC00045983,0.0,",,7,0800",",,7,0800",0.0,0.6,",,7,0800",",,7,0800",0.0,"MOUNT SHASTA, CA US",7.8,",,7",-3.3,",,7",,,,,,,,,,,,,,,,,,,,,,,,,,,True,0.0,0.0,0.0,7.8,-3.3,2.25,66.74589069960287,0.0,0.0,0.0,0.0,0.0,0.0,0.05,4.415193647166232,21.298088675505298,0.0023476285014018402,0.20730468890591572,shasta,USC00045983,"MOUNT SHASTA, CA US",,
2025-11-24,USC00045983,0.0,",,7,0800",",,7,0800",0.0,3.9,",,7,0800",",,7,0800",0.0,"MOUNT SHASTA, CA US",10.0,",,7",-3.3,",,7",,,,,,,,,,,,,,,,,,,,,,,,,,,True,0.0,0.0,0.0,10.0,-3.3,3.35,61.739769024892176,0.0,0.0,0.0,0.0,0.0,0.0,0.05,3.6239182820756315,21.298088675505298,0.0023476285014018402,0.1701522769150389,shasta,USC00045983,"MOUNT SHASTA, CA US",,
2025-11-25,USC00045983,0.0,",,7,0800",",,7,0800",0.0,-2.2,",,7,0800",",,7,0800",0.0,"MOUNT SHASTA, CA US",8.9,",,7",-4.4,",,7",,,,,,,,,,,,,,,,,,,,,,,,,,,True,0.0,0.0,0.0,8.9,-4.4,2.25,61.46899060945366,0.0,0.0,0.0,0.0,0.0,0.0,0.05,2.963382559141073,21.298088675505298,0.0023476285014018402,0.13913842712793414,shasta,USC00045983,"MOUNT SHASTA, CA US",,
2025-11-26,USC00045983,0.0,",,7,0800",",,7,0800",0.0,-1.7,",,7,0800",",,7,0800",0.0,"MOUNT SHASTA, CA US",7.2,",,7",-2.8,",,7",,,,,,,,,,,,,,,,,,,,,,,,,,,True,0.0,0.0,0.0,7.2,-2.8,2.2,69.52178683768578,0.0,0.0,0.0,0.0,0.0,0.0,0.05,2.3468631880258917,21.298088675505298,0.0023476285014018402,0.11019125818200737,shasta,USC00045983,"MOUNT SHASTA, CA US",,
2025-11-27,USC00045983,0.0,",,7,0800",",,7,0800",0.0,-0.6,",,7,0800",",,7,0800",0.0,"MOUNT SHASTA, CA US",13.9,",,7",-1.7,",,7",,,,,,,,,,,,,,,,,,,,,,,,,,,True,0.0,0.0,0.0,13.9,-1.7,6.1000000000000005,57.36791250528854,0.0,0.0,0.0,0.0,0.0,0.0,0.05,1.9157587231522546,21.298088675505298,0.0023476285014018402,0.0899497956056286,shasta,USC00045983,"MOUNT SHASTA, CA US",,
2025-11-28,USC00045983,0.0,",,7,0800",",,7,0800",0.0,-3.3,",,7,0800",",,7,0800",0.0,"MOUNT SHASTA, CA US",13.3,",,7",-3.9,",,7",,,,,,,,,,,,,,,,,,,,,,,,,,,True,0.0,0.0,0.0,13.3,-3.9,4.7,53.69721976388676,0.0,0.0,0.0,0.0,0.0,0.0,0.05,1.5648032177553348,21.298088675505298,0.0023476285014018402,0.07347153266175467,shasta,USC00045983,"MOUNT SHASTA, CA US",,
2025-11-29,USC00045983,0.0,",,7,0800",",,7,0800",0.0,-3.9,",,7,0800",",,7,0800",0.0,"MOUNT SHASTA, CA US",8.9,",,7",-4.4,",,7",,,,,,,,,,,,,,,,,,,,,,,,,,,True,0.0,0.0,0.0,8.9,-4.4,2.25,61.46899060945366,0.0,0.0,0.0,0.0,0.0,0.0,0.05,1.2902159792377752,21.298088675505298,0.0023476285014018402,0.06057895611645371,shasta,USC00045983,"MOUNT SHASTA, CA US",,
2025-11-30,USC00045983,0.0,",,7,0800",",,7,0800",0.0,1.1,",,7,0800",",,7,0800",0.0,"MOUNT SHASTA, CA US",7.2,",,7",-3.9,",,7",,,,,,,,,,,,,,,,,,,,,,,,,,,True,0.0,0.0,0.0,7.2,-3.9,1.6500000000000001,66.6119902915224,0.0,0.0,0.0,0.0,0.0,0.0,0.05,1.0654029626606907,21.298088675505298,0.0023476285014018402,0.050023407212403954,shasta,USC00045983,"MOUNT SHASTA, CA US",,
2025-12-01,USC00045983,0.0,",,7,0800",",,7,0800",0.0,-3.9,",,7,0800",",,7,0800",0.0,"MOUNT SHASTA, CA US",7.2,",,7",-3.9,",,7",,,,,,,,,,,,,,,,,,,,,,,,,,,True,0.0,0.0,0.0,7.2,-3.9,1.6500000000000001,66.6119902915224,0.0,0.0,0.0,0.0,0.0,0.0,0.05,0.8813416322968011,21.298088675505298,0.0023476285014018402,0.04138125470903981,shasta,USC00045983,"MOUNT SHASTA, CA US",,
2025-12-02,USC00045983,0.0,",,7,0800",",,7,0800",0.0,-3.3,",,7,0800",",,7,0800",0.0,"MOUNT SHASTA, CA US",7.2,",,7",-3.9,",,7",,,,,,,,,,,,,,,,,,,,,,,,,,,True,0.0,0.0,0.0,7.2,-3.9,1.6500000000000001,66.6119902915224,0.0,0.0,0.0,0.0,0.0,0.0,0.05,0.7306449606754388,21.298088675505298,0.0023476285014018402,0.03430565868174573,shasta,USC00045983,"MOUNT SHASTA, CA US",,
2025-12-03,USC00045983,0.0,",,7,0800",",,7,0800",0.0,-3.3,",,7,0800",",,7,0800",0.0,"MOUNT SHASTA, CA US",8.3,",,7",-3.9,",,7",,,,,,,,,,,,,,,,,,,,,,,,,,,True,0.0,0.0,0.0,8.3,-3.9,2.2,64.04740637200682,0.0,0.0,0.0,0.0,0.0,0.0,0.05,0.6072649612325354,21.298088675505298,0.0023476285014018402,0.02851265061784367,shasta,USC00045983,"MOUNT SHASTA, CA US",,
2025-12-04,USC00045983,0.0,",,7,0800",",,7,0800",0.0,-2.2,",,7,0800",",,7,0800",0.0,"MOUNT SHASTA, CA US",5.6,",,7",-3.9,",,7",,,,,,,,,,,,,,,,,,,,,,,,,,,True,0.0,0.0,0.0,5.6,-3.9,0.8499999999999999,70.54901372682488,0.0,0.0,0.0,0.0,0.0,0.0,0.05,0.43469024748049906,21.298088675505298,0.0023476285014018402,0.020409824285332778,shasta,USC00045983,"MOUNT SHASTA, CA US",,
2025-12-05,USC00045983,0.0,",,7,0800",",,7,0800",0.0,1.7,",,7,0800",",,7,0800",0.0,"MOUNT SHASTA, CA US",9.4,",,7",-2.2,",,7",,,,,,,,,,,,,,,,,,,,,,,,,,,True,0.0,0.0,0.0,9.4,-2.2,3.6,65.81933506531809,0.0,0.0,0.0,0.0,0.0,0.0,0.05,0.27104822925855115,21.298088675505298,0.0023476285014018402,0.012726410965237496,shasta,USC00045983,"MOUNT SHASTA, CA US",,
2025-12-06,USC00045983,0.0,",,7,0800",",,7,0800",0.0,1.7,",,7,0800",",,7,0800",0.0,"MOUNT SHASTA, CA US",11.1,",,7",1.7,",,7",,,,,,,,,,,,,,,,,,,,,,,,,,,True,0.0,0.0,0.0,11.1,1.7,6.3999999999999995,71.90767961079236,0.0,0.0,0.0,0.0,0.0,0.0,0.05,0.23097898320740795,21.298088675505298,0.0023476285014018402,0.010845056884050557,shasta,USC00045983,"MOUNT SHASTA, CA US",,
2025-12-07,USC00045983,0.0,",,7,0800",",,7,0800",0.0,0.0,",,7,0800",",,7,0800",0.0,"MOUNT SHASTA, CA US",11.1,",,7",-2.2,",,7",,,,,,,,,,,,,,,,,,,,,,,,,,,True,0.0,0.0,0.0,11.1,-2.2,4.449999999999999,62.008063856756266,0.0,0.0,0.0,0.0,0.0,0.0,0.05,0.1973451735138706,21.298088675505298,0.0023476285014018402,0.009265863079105083,shasta,USC00045983,"MOUNT SHASTA, CA US",,
2025-12-08,USC00045983,0.0,",,7,0800",",,7,0800",0.0,1.1,",,7,0800",",,7,0800",0.0,"MOUNT SHASTA, CA US",10.6,",,7",-1.7,",,7",,,,,,,,,,,,,,,,,,,,,,,,,,,True,0.0,0.0,0.0,10.6,-1.7,4.45,64.33558285801391,0.0,0.0,0.0,0.0,0.0,0.0,0.05,0.17060698412654926,21.298088675505298,0.0023476285014018402,0.008010436369473966,shasta,USC00045983,"MOUNT SHASTA, CA US",,
2025-12-09,USC00045983,0.0,",,7,0800",",,7,0800",0.0,-1.1,",,7,0800",",,7,0800",0.0,"MOUNT SHASTA, CA US",12.2,",,7",-1.1,",,7",,,,,,,,,,,,,,,,,,,,,,,,,,,True,0.0,0.0,0.0,12.2,-1.1,5.55,62.2738985374131,0.0,0.0,0.0,0.0,0.0,0.0,0.05,0.05767722007041616,21.298088675505298,0.0023476285014018402,0.002708093714378704,shasta,USC00045983,"MOUNT SHASTA, CA US",,
2025-12-10,USC00045983,0.0,",,7,0800",",,7,0800",0.0,1.7,",,7,0800",",,7,0800",0.0,"MOUNT SHASTA, CA US",17.2,",,7",-1.1,",,7",,,,,,,,,,,,,,,,,,,,,,,,,,,True,0.0,0.0,0.0,17.2,-1.1,8.049999999999999,52.45603285122425,0.0,0.0,0.0,0.0,0.0,0.0,0.05,0.056187221689445205,21.298088675505298,0.0023476285014018402,0.002638134461054504,shasta,USC00045983,"MOUNT SHASTA, CA US",,
2025-12-11,USC00045983,0.0,",,7,0800",",,7,0800",0.0,-1.1,",,7,0800",",,7,0800",0.0,"MOUNT SHASTA, CA US",13.3,",,7",-2.8,",,7",,,,,,,,,,,,,,,,,,,,,,,,,,,True,0.0,0.0,0.0,13.3,-2.8,5.25,56.096673495353414,0.0,0.0,0.0,0.0,0.0,0.0,0.05,0.05,21.298088675505298,0.0023476285014018402,0.0023476285014018402,shasta,USC00045983,"MOUNT SHASTA, CA US",,
2025-12-12,USC00045983,0.0,",,7,0800",",,7,0800",0.0,-2.8,",,7,0800",",,7,0800",0.0,"MOUNT SHASTA, CA US",10.0,",,7",-3.3,",,7",,,,,,,,,,,,,,,,,,,,,,,,,,,True,0.0,0.0,0.0,10.0,-3.3,3.35,61.739769024892176,0.0,0.0,0.0,0.0,0.0,0.0,0.05,0.05,21.298088675505298,0.0023476285014018402,0.0023476285014018402,shasta,USC00045983,"MOUNT SHASTA, CA US",,
2025-12-13,USC00045983,0.0,",,7,0800",",,7,0800",0.0,-3.3,",,7,0800",",,7,0800",0.0,"MOUNT SHASTA, CA US",9.4,",,7",-3.3,",,7",,,,,,,,,,,,,,,,,,,,,,,,,,,True,0.0,0.0,0.0,9.4,-3.3,3.0500000000000003,63.062240827321766,0.0,0.0,0.0,0.0,0.0,0.0,0.05,0.05,21.298088675505298,0.0023476285014018402,0.0023476285014018402,shasta,USC00045983,"MOUNT SHASTA, CA US",,
2025-12-14,USC00045983,0.0,",,7,0800",",,7,0800",0.0,0.6,",,7,0800",",,7,0800",0.0,"MOUNT SHASTA, CA US",15.6,",,7",-3.3,",,7",,,,,,,,,,,,,,,,,,,,,,,,,,,True,0.0,0.0,0.0,15.6,-3.3,6.15,50.78389429647014,0.0,0.0,0.0,0.0,0.0,0.0,0.05,0.05,21.298088675505298,0.0023476285014018402,0.0023476285014018402,shasta,USC00045983,"MOUNT SHASTA, CA US",,
2025-12-15,USC00045983,0.0,",,7,0800",",,7,0800",0.0,4.4,",,7,0800",",,7,0800",0.0,"MOUNT SHASTA, CA US",13.9,",,7",0.6,",,7",,,,,,,,,,,,,,,,,,,,,,,,,,,True,0.0,0.0,0.0,13.9,0.6,7.25,62.67994919472807,0.0,0.0,0.0,0.0,0.0,0.0,0.05,0.05,21.298088675505298,0.0023476285014018402,0.0023476285014018402,shasta,USC00045983,"MOUNT SHASTA, CA US",,
2025-12-16,USC00045983,0.0,",,7,0800",",,7,0800",0.0,3.9,",,7,0800",",,7,0800",0.0,"MOUNT SHASTA, CA US",13.3,",,7",3.9,",,7",,,,,,,,,,,,,,,,,,,,,,,,,,,True,0.0,0.0,0.0,13.3,3.9,8.6,72.32563882703559,0.0,0.0,0.0,0.0,0.0,0.0,0.05,0.05,21.298088675505298,0.0023476285014018402,0.0023476285014018402,shasta,USC00045983,"MOUNT SHASTA, CA US",,
2025-12-17,USC00045983,0.0,",,7,0800",",,7,0800",21.8,3.9,",,7,0800",",,7,0800",0.0,"MOUNT SHASTA, CA US",9.4,",,7",3.3,",,7",,,,,,,,,,,,,,,,,,,,,,,,,,,True,21.8,0.0,0.0,9.4,3.3,6.35,80.8428209843721,0.004214104921860483,21.8,0.0,0.0,0.0,21.80421410492186,0.05,4.0626047939637315,21.298088675505298,0.0023476285014018402,0.19074973608482013,shasta,USC00045983,"MOUNT SHASTA, CA US",,
2025-12-18,USC00045983,0.0,",,7,0800",",,7,0800",0.5,5.6,",,7,0800",",,7,0800",0.0,"MOUNT SHASTA, CA US",7.2,",,7",2.8,",,7",,,,,,,,,,,,,,,,,,,,,,,,,,,True,0.5,0.0,0.0,7.2,2.8,5.0,85.68048331561123,0.028402416578056134,0.5,0.0,0.0,0.0,0.5284024165780561,0.05,3.432484242237478,21.298088675505298,0.0023476285014018402,0.16116395675378803,shasta,USC00045983,"MOUNT SHASTA, CA US",,
2025-12-19,USC00045983,0.0,",,7,0800",",,7,0800",18.8,5.0,",,7,0800",",,7,0800",0.0,"MOUNT SHASTA, CA US",7.8,",,7",5.0,",,7",,,,,,,,,,,,,,,,,,,,,,,,,,,True,18.8,0.0,0.0,7.8,5.0,6.4,90.76217889106617,0.053810894455330854,18.8,0.0,0.0,0.0,18.853810894455332,0.05,6.288989308062018,21.298088675505298,0.0023476285014018402,0.29528421089235657,shasta,USC00045983,"MOUNT SHASTA, CA US",,
2025-12-20,USC00045983,0.0,",,7,0800",",,7,0800",5.1,0.0,",,7,0800",",,7,0800",0.0,"MOUNT SHASTA, CA US",6.7,",,7",0.0,",,7",,,,,,,,,,,,,,,,,,,,,,,,,,,True,5.1,0.0,0.0,6.7,0.0,3.35,78.69147696338688,0.0,5.1,0.0,0.0,0.0,5.1,0.05,6.09659963081729,21.298088675505298,0.0023476285014018402,0.2862510210988521,shasta,USC00045983,"MOUNT SHASTA, CA US",,
2025-12-21,USC00045983,0.0,",,7,0800",",,7,0800",26.2,6.1,",,7,0800",",,7,0800",0.0,"MOUNT SHASTA, CA US",8.3,",,7",-0.6,",,7",,,,,,,,,,,,,,,,,,,,,,,,,,,True,26.2,0.0,0.0,8.3,-0.6,3.8500000000000005,72.72659136671022,0.0,26.2,0.0,0.0,0.0,26.2,0.05,9.822093356353733,21.298088675505298,0.0023476285014018402,0.46117252613611365,shasta,USC00045983,"MOUNT SHASTA, CA US",,
2025-12-22,USC00045983,0.0,",,7,0800",",,7,0800",10.7,5.0,",,7,0800",",,7,0800",0.0,"MOUNT SHASTA, CA US",8.9,",,7",5.0,",,7",,,,,,,,,,,,,,,,,,,,,,,,,,,True,10.7,0.0,0.0,8.9,5.0,6.95,87.3970058474821,0.03698502923741053,10.7,0.0,0.0,0.0,10.73698502923741,0.05,10.026628531105779,21.298088675505298,0.0023476285014018402,0.4707759782518558,shasta,USC00045983,"MOUNT SHASTA, CA US",,
2025-12-23,USC00045983,0.0,",,7,0800",",,7,0800",16.0,2.2,",,7,0800",",,7,0800",0.0,"MOUNT SHASTA, CA US",9.4,",,7",2.2,",,7",,,,,,,,,,,,,,,,,,,,,,,,,,,True,16.0,0.0,0.0,9.4,2.2,5.800000000000001,77.67041829353069,0.0,16.0,0.0,0.0,0.0,16.0,0.05,11.162634445140764,21.298088675505298,0.0023476285014018402,0.5241143754828474,shasta,USC00045983,"MOUNT SHASTA, CA US",,
2025-12-24,USC00045983,0.0,",,7,0800",",,7,0800",71.4,6.1,",,7,0800",",,7,0800",0.0,"MOUNT SHASTA, CA US",7.8,",,7",2.2,",,7",,,,,,,,,,,,,,,,,,,,,,,,,,,True,71.4,0.0,0.0,7.8,2.2,5.0,82.10469248902496,0.01052346244512478,71.4,0.0,0.0,0.0,71.41052346244513,0.05,22.289853215360502,21.298088675505298,0.0023476285014018402,1.0,shasta,USC00045983,"MOUNT SHASTA, CA US",,
2025-12-25,USC00045983,0.0,",,7,0800",",,7,0800",41.7,1.1,",,7,0800",",,7,0800",0.0,"MOUNT SHASTA, CA US",7.2,",,7",0.6,",,7",,,,,,,,,,,,,,,,,,,,,,,,,,,True,41.7,0.0,0.0,7.2,0.6,3.9,79.06080959835856,0.0,41.7,0.0,0.0,0.0,41.7,0.05,25.932455480139737,21.298088675505298,0.0023476285014018402,1.0,shasta,USC00045983,"MOUNT SHASTA, CA US",,
2025-12-26,USC00045983,13.0,",,7,0800",",,7,0800",36.6,1.1,",,7,0800",",,7,0800",0.0,"MOUNT SHASTA, CA US",2.2,",,7",-0.6,",,7",,,,,,,,,,,,,,,,,,,,,,,,,,,True,36.6,13.0,0.0,2.2,-0.6,0.8,90.35319176389399,0.05176595881946995,0.0,36.6,0.0,36.6,0.05176595881946995,0.05,21.250288697456853,21.298088675505298,0.0023476285014018402,0.9977556681833417,shasta,USC00045983,"MOUNT SHASTA, CA US",,
2025-12-27,USC00045983,25.0,",,7,0800",",,7,0800",30.7,-1.1,",,7,0800",",,7,0800",25.0,"MOUNT SHASTA, CA US",1.7,",,7",-1.1,",,7",,,,,,,,,,,,,,,,,,,,,,,,,,,True,30.7,25.0,25.0,1.7,-1.1,0.29999999999999993,90.31538523812928,0.051576926190646404,0.0,30.7,0.0,67.3,0.051576926190646404,0.05,17.416819973973883,21.298088675505298,0.0023476285014018402,0.8177644594937188,shasta,USC00045983,"MOUNT SHASTA, CA US",,
2025-12-28,USC00045983,0.0,",,7,0800",",,7,0800",0.0,-3.3,",,7,0800",",,7,0800",0.0,"MOUNT SHASTA, CA US",1.7,",,7",-4.4,",,7",,,,,,,,,,,,,,,,,,,,,,,,,,,True,0.0,0.0,0.0,1.7,-4.4,-1.35,79.73041252877044,0.0,0.0,0.0,6.25,61.05,6.25,0.05,15.418930007849362,21.298088675505298,0.0023476285014018402,0.7239583909509452,shasta,USC00045983,"MOUNT SHASTA, CA US",,
2025-12-29,USC00045983,0.0,",,7,0800",",,7,0800",0.0,-5.6,",,7,0800",",,7,0800",0.0,"MOUNT SHASTA, CA US",3.3,",,7",-6.1,",,7",,,,,,,,,,,,,,,,,,,,,,,,,,,True,0.0,0.0,0.0,3.3,-6.1,-1.4,70.35337713209941,0.0,0.0,0.0,0.0,61.05,0.0,0.05,12.633015639329303,21.298088675505298,0.0023476285014018402,0.5931525514708932,shasta,USC00045983,"MOUNT SHASTA, CA US",,
2025-12-30,USC00045983,0.0,",,7,0800",",,7,0800",0.0,-2.8,",,7,0800",",,7,0800",0.0,"MOUNT SHASTA, CA US",3.9,",,7",-5.6,",,7",,,,,,,,,,,,,,,,,,,,,,,,,,,True,0.0,0.0,0.0,3.9,-5.6,-0.8499999999999999,70.19967277610115,0.0,0.0,0.0,0.0,61.05,0.0,0.05,10.352101870380103,21.298088675505298,0.0023476285014018402,0.48605778800639254,shasta,USC00045983,"MOUNT SHASTA, CA US",,
2025-12-31,USC00045983,0.0,",,7,0800",",,7,0800",0.0,-2.2,",,7,0800",",,7,0800",0.0,"MOUNT SHASTA, CA US",8.3,",,7",-2.8,",,7",,,,,,,,,,,,,,,,,,,,,,,,,,,True,0.0,0.0,0.0,8.3,-2.8,2.7500000000000004,66.8569210137088,0.0,0.0,0.0,4.375000000000001,56.675,4.375000000000001,0.05,9.289773911013977,21.298088675505298,0.0023476285014018402,0.4361787601015131,shasta,USC00045983,"MOUNT SHASTA, CA US",,
2026-01-01,USC00045983,0.0,",,7,0800",",,7,0800",31.2,4.4,",,7,0800",",,7,0800",0.0,"MOUNT SHASTA, CA US",8.3,",,7",-2.2,",,7",,,,,,,,,,,,,,,,,,,,,,,,,,,True,31.2,0.0,0.0,8.3,-2.2,3.0500000000000003,68.4244186434323,0.0,31.2,0.0,5.125000000000001,51.55,36.325,0.05,14.29973560690895,21.298088675505298,0.0023476285014018402,0.6714093374658038,shasta,USC00045983,"MOUNT SHASTA, CA US",,
2026-01-02,USC00045983,0.0,",,7,0800",",,7,0800",7.4,5.6,",,7,0800",",,7,0800",0.0,"MOUNT SHASTA, CA US",6.1,",,7",4.4,",,7",,,,,,,,,,,,,,,,,,,,,,,,,,,True,7.4,0.0,0.0,6.1,4.4,5.25,94.24571928363225,0.07122859641816127,7.4,0.0,10.625,40.925,18.09622859641816,0.05,15.046925190599827,21.298088675505298,0.0023476285014018402,0.7064918087182693,shasta,USC00045983,"MOUNT SHASTA, CA US",,
2026-01-03,USC00045983,0.0,",,7,0800",",,7,0800",37.8,3.9,",,7,0800",",,7,0800",0.0,"MOUNT SHASTA, CA US",7.8,",,7",3.3,",,7",,,,,,,,,,,,,,,,,,,,,,,,,,,True,37.8,0.0,0.0,7.8,3.3,5.55,85.43727480760796,0.02718637403803982,37.8,0.0,11.375,29.549999999999997,49.202186374038035,0.05,21.383066414258085,21.298088675505298,0.0023476285014018402,1.0,shasta,USC00045983,"MOUNT SHASTA, CA US",,
2026-01-04,USC00045983,0.0,",,7,0800",",,7,0800",26.9,3.3,",,7,0800",",,7,0800",0.0,"MOUNT SHASTA, CA US",5.6,",,7",2.8,",,7",,,,,,,,,,,,,,,,,,,,,,,,,,,True,26.9,0.0,0.0,5.6,2.8,4.199999999999999,90.60460765555702,0.053023038277785095,26.9,0.0,7.999999999999998,21.549999999999997,34.953023038277784,0.05,23.94840272095084,21.298088675505298,0.0023476285014018402,1.0,shasta,USC00045983,"MOUNT SHASTA, CA US",,
2026-01-05,USC00045983,5.0,",,7,0800",",,7,0800",0.8,-0.6,",,7,0800",",,7,0800",0.0,"MOUNT SHASTA, CA US",4.4,",,7",-1.1,",,7",,,,,,,,,,,,,,,,,,,,,,,,,,,True,0.8,5.0,0.0,4.4,-1.1,1.6500000000000001,81.95639367768403,0.009781968388420168,0.0,0.8,1.6250000000000004,20.724999999999998,1.6347819683884206,0.05,19.91720432875082,21.298088675505298,0.0023476285014018402,0.9351639310083906,shasta,USC00045983,"MOUNT SHASTA, CA US",,
2026-01-06,USC00045983,51.0,",,7,0800",",,7,0800",28.4,-0.6,",,7,0800",",,7,0800",51.0,"MOUNT SHASTA, CA US",1.1,",,7",-0.6,",,7",,,,,,,,,,,,,,,,,,,,,,,,,,,True,28.4,51.0,51.0,1.1,-0.6,0.25000000000000006,94.01365561778614,0.07006827808893072,0.0,28.4,0.0,49.125,0.07006827808893072,0.05,16.328785747385837,21.298088675505298,0.0023476285014018402,0.7666784562769426,shasta,USC00045983,"MOUNT SHASTA, CA US",,
2026-01-07,USC00045983,0.0,",,7,0800",",,7,0800",0.8,1.7,",,7,0800",",,7,0800",0.0,"MOUNT SHASTA, CA US",5.0,",,7",-0.6,",,7",,,,,,,,,,,,,,,,,,,,,,,,,,,True,0.8,0.0,0.0,5.0,-0.6,2.2,81.7316012906317,0.008658006453158507,0.8,0.0,12.75,36.375,13.55865800645316,0.05,15.812955647012867,21.298088675505298,0.0023476285014018402,0.7424589073666116,shasta,USC00045983,"MOUNT SHASTA, CA US",,
2026-01-08,USC00045983,51.0,",,7,0800",",,7,0800",3.8,-1.7,",,7,0800",",,7,0800",51.0,"MOUNT SHASTA, CA US",6.1,",,7",-2.2,",,7",,,,,,,,,,,,,,,,,,,,,,,,,,,True,3.8,51.0,51.0,6.1,-2.2,1.9499999999999997,73.98666278183565,0.0,0.0,3.8,2.374999999999999,37.8,2.374999999999999,0.05,13.391226914822756,21.298088675505298,0.0023476285014018402,0.6287525194795466,shasta,USC00045983,"MOUNT SHASTA, CA US",,
2026-01-09,USC00045983,0.0,",,7,0800",",,7,0800",0.0,-6.7,",,7,0800",",,7,0800",51.0,"MOUNT SHASTA, CA US",0.6,",,7",-7.2,",,7",,,,,,,,,,,,,,,,,,,,,,,,,,,True,0.0,0.0,51.0,0.6,-7.2,-3.3000000000000003,74.41816740878443,0.0,0.0,0.0,0.0,37.8,0.0,0.05,10.920843424264614,21.298088675505298,0.0023476285014018402,0.5127616656430095,shasta,USC00045983,"MOUNT SHASTA, CA US",,
2026-01-10,USC00045983,0.0,",,7,0800",",,7,0800",0.0,-4.4,",,7,0800",",,7,0800",25.0,"MOUNT SHASTA, CA US",2.8,",,7",-6.7,",,7",,,,,,,,,,,,,,,,,,,,,,,,,,,True,0.0,0.0,25.0,2.8,-6.7,-1.9500000000000002,69.97058531537134,0.0,0.0,0.0,6.5,31.299999999999997,6.5,0.05,10.132407394928597,21.298088675505298,0.0023476285014018402,0.47574256776298285,shasta,USC00045983,"MOUNT SHASTA, CA US",,
2026-01-11,USC00045983,0.0,",,7,0800",",,7,0800",0.0,-5.0,",,7,0800",",,7,0800",25.0,"MOUNT SHASTA, CA US",5.0,",,7",-5.0,",,7",,,,,,,,,,,,,,,,,,,,,,,,,,,True,0.0,0.0,25.0,5.0,-5.0,0.0,69.05886777748835,0.0,0.0,0.0,0.0,31.299999999999997,0.0,0.05,8.232474981592134,21.298088675505298,0.0023476285014018402,0.3865358580772656,shasta,USC00045983,"MOUNT SHASTA, CA US",,
2026-01-12,USC00045983,0.0,",,7,0800",",,7,0800",0.0,-3.3,",,7,0800",",,7,0800",25.0,"MOUNT SHASTA, CA US",6.1,",,7",-5.0,",,7",,,,,,,,,,,,,,,,,,,,,,,,,,,True,0.0,0.0,25.0,6.1,-5.0,0.5499999999999998,66.36461077948833,0.0,0.0,0.0,0.0,31.299999999999997,0.0,0.05,6.719613915873578,21.298088675505298,0.0023476285014018402,0.31550314294642473,shasta,USC00045983,"MOUNT SHASTA, CA US",,
2026-01-13,USC00045983,0.0,",,7,0800",",,7,0800",0.0,-3.3,",,7,0800",",,7,0800",0.0,"MOUNT SHASTA, CA US",7.8,",,7",-3.3,",,7",,,,,,,,,,,,,,,,,,,,,,,,,,,True,0.0,0.0,0.0,7.8,-3.3,2.25,66.74589069960287,0.0,0.0,0.0,6.25,25.049999999999997,6.25,0.05,6.616644532133591,21.298088675505298,0.0023476285014018402,0.31066846574562923,shasta,USC00045983,"MOUNT SHASTA, CA US",,
2026-01-14,USC00045983,0.0,",,7,0800",",,7,0800",0.0,-2.8,",,7,0800",",,7,0800",0.0,"MOUNT SHASTA, CA US",8.9,",,7",-3.3,",,7",,,,,,,,,,,,,,,,,,,,,,,,,,,True,0.0,0.0,0.0,8.9,-3.3,2.8000000000000003,64.18845034177004,0.0,0.0,0.0,4.500000000000001,20.549999999999997,4.500000000000001,0.05,6.057377882554951,21.298088675505298,0.0023476285014018402,0.2844094592169426,shasta,USC00045983,"MOUNT SHASTA, CA US",,
2026-01-15,USC00045983,0.0,",,7,0800",",,7,0800",0.0,-2.2,",,7,0800",",,7,0800",0.0,"MOUNT SHASTA, CA US",10.0,",,7",-2.8,",,7",,,,,,,,,,,,,,,,,,,,,,,,,,,True,0.0,0.0,0.0,10.0,-2.8,3.6,62.959588249465334,0.0,0.0,0.0,6.5,14.049999999999997,6.5,0.05,6.049536534140036,21.298088675505298,0.0023476285014018402,0.28404128775637705,shasta,USC00045983,"MOUNT SHASTA, CA US",,
2026-01-16,USC00045983,0.0,",,7,0800",",,7,0800",0.0,-3.3,",,7,0800",",,7,0800",0.0,"MOUNT SHASTA, CA US",11.7,",,7",-3.3,",,7",,,,,,,,,,,,,,,,,,,,,,,,,,,True,0.0,0.0,0.0,11.7,-3.3,4.199999999999999,58.15769359234279,0.0,0.0,0.0,7.999999999999998,6.049999999999999,7.999999999999998,0.05,6.434093137736654,21.298088675505298,0.0023476285014018402,0.30209720861649125,shasta,USC00045983,"MOUNT SHASTA, CA US",,
2026-01-17,USC00045983,0.0,",,7,0800",",,7,0800",0.0,-2.8,",,7,0800",",,7,0800",0.0,"MOUNT SHASTA, CA US",10.0,",,7",-3.3,",,7",,,,,,,,,,,,,,,,,,,,,,,,,,,True,0.0,0.0,0.0,10.0,-3.3,3.35,61.739769024892176,0.0,0.0,0.0,5.875,0.17499999999999893,5.875,0.05,6.357880636982541,21.298088675505298,0.0023476285014018402,0.29851883583782196,shasta,USC00045983,"MOUNT SHASTA, CA US",,
2026-01-18,USC00045983,0.0,",,7,0800",",,7,0800",0.0,-1.1,",,7,0800",",,7,0800",0.0,"MOUNT SHASTA, CA US",9.4,",,7",-3.3,",,7",,,,,,,,,,,,,,,,,,,,,,,,,,,True,0.0,0.0,0.0,9.4,-3.3,3.0500000000000003,63.062240827321766,0.0,0.0,0.0,0.17499999999999893,0.0,0.17499999999999893,0.05,5.229413297053025,21.298088675505298,0.0023476285014018402,0.24553439403542895,shasta,USC00045983,"MOUNT SHASTA, CA US",,
2026-01-19,USC00045983,0.0,",,7,0800",",,7,0800",0.0,-3.3,",,7,0800",",,7,0800",0.0,"MOUNT SHASTA, CA US",9.4,",,7",-3.9,",,7",,,,,,,,,,,,,,,,,,,,,,,,,,,True,0.0,0.0,0.0,9.4,-3.9,2.75,61.59238108973651,0.0,0.0,0.0,0.0,0.0,0.0,0.05,4.290544949198336,21.298088675505298,0.0023476285014018402,0.20145211218567444,shasta,USC00045983,"MOUNT SHASTA, CA US",,
2026-01-20,USC00045983,0.0,",,7,0800",",,7,0800",0.0,-2.2,",,7,0800",",,7,0800",0.0,"MOUNT SHASTA, CA US",10.0,",,7",-3.9,",,7",,,,,,,,,,,,,,,,,,,,,,,,,,,True,0.0,0.0,0.0,10.0,-3.9,3.05,60.297613889505925,0.0,0.0,0.0,0.0,0.0,0.0,0.05,3.5218645597181855,21.298088675505298,0.0023476285014018402,0.1653605923694291,shasta,USC00045983,"MOUNT SHASTA, CA US",,
2026-01-21,USC00045983,0.0,",,7,0800",",,7,0800",0.0,-1.7,",,7,0800",",,7,0800",0.0,"MOUNT SHASTA, CA US",8.3,",,7",-2.2,",,7",,,,,,,,,,,,,,,,,,,,,,,,,,,True,0.0,0.0,0.0,8.3,-2.2,3.0500000000000003,68.4244186434323,0.0,0.0,0.0,0.0,0.0,0.0,0.05,2.8804489524550636,21.298088675505298,0.0023476285014018402,0.13524448115233162,shasta,USC00045983,"MOUNT SHASTA, CA US",,
2026-01-22,USC00045983,0.0,",,7,0800",",,7,0800",0.0,-1.7,",,7,0800",",,7,0800",0.0,"MOUNT SHASTA, CA US",10.0,",,7",-1.7,",,7",,,,,,,,,,,,,,,,,,,,,,,,,,,True,0.0,0.0,0.0,10.0,-1.7,4.15,65.70129812220863,0.0,0.0,0.0,0.0,0.0,0.0,0.05,2.267132442360442,21.298088675505298,0.0023476285014018402,0.10644769476276277,shasta,USC00045983,"MOUNT SHASTA, CA US",,
2026-01-23,USC00045983,0.0,",,7,0800",",,7,0800",0.0,1.1,",,7,0800",",,7,0800",0.0,"MOUNT SHASTA, CA US",9.4,",,7",-1.7,",,7",,,,,,,,,,,,,,,,,,,,,,,,,,,True,0.0,0.0,0.0,9.4,-1.7,3.85,67.09943005178465,0.0,0.0,0.0,0.0,0.0,0.0,0.05,1.8152958180156717,21.298088675505298,0.0023476285014018402,0.08523280401698317,shasta,USC00045983,"MOUNT SHASTA, CA US",,
2026-01-24,USC00045983,0.0,",,7,0800",",,7,0800",0.0,-2.2,",,7,0800",",,7,0800",0.0,"MOUNT SHASTA, CA US",9.4,",,7",-2.2,",,7",,,,,,,,,,,,,,,,,,,,,,,,,,,True,0.0,0.0,0.0,9.4,-2.2,3.6,65.81933506531809,0.0,0.0,0.0,0.0,0.0,0.0,0.05,1.3595226863239065,21.298088675505298,0.0023476285014018402,0.06383308413432792,shasta,USC00045983,"MOUNT SHASTA, CA US",,
2026-01-25,USC00045983,0.0,",,7,0800",",,7,0800",0.0,-7.2,",,7,0800",",,7,0800",0.0,"MOUNT SHASTA, CA US",5.6,",,7",-7.2,",,7",,,,,,,,,,,,,,,,,,,,,,,,,,,True,0.0,0.0,0.0,5.6,-7.2,-0.8000000000000003,61.886388527619715,0.0,0.0,0.0,0.0,0.0,0.0,0.05,1.0256894688005218,21.298088675505298,0.0023476285014018402,0.04815875661087637,shasta,USC00045983,"MOUNT SHASTA, CA US",,
2026-01-26,USC00045983,0.0,",,7,0800",",,7,0800",0.0,-3.3,",,7,0800",",,7,0800",0.0,"MOUNT SHASTA, CA US",7.2,",,7",-7.2,",,7",,,,,,,,,,,,,,,,,,,,,,,,,,,True,0.0,0.0,0.0,7.2,-7.2,0.0,58.38701526992357,0.0,0.0,0.0,0.0,0.0,0.0,0.05,0.8443155981869265,21.298088675505298,0.0023476285014018402,0.03964278724963544,shasta,USC00045983,"MOUNT SHASTA, CA US",,
2026-01-27,USC00045983,0.0,",,7,0800",",,7,0800",0.0,5.6,",,7,0800",",,7,0800",0.0,"MOUNT SHASTA, CA US",8.9,",,7",-3.3,",,7",,,,,,,,,,,,,,,,,,,,,,,,,,,True,0.0,0.0,0.0,8.9,-3.3,2.8000000000000003,64.18845034177004,0.0,0.0,0.0,0.0,0.0,0.0,0.05,0.7001372461339346,21.298088675505298,0.0023476285014018402,0.0328732430783404,shasta,USC00045983,"MOUNT SHASTA, CA US",,
2026-01-28,USC00045983,0.0,",,7,0800",",,7,0800",4.3,0.0,",,7,0800",",,7,0800",0.0,"MOUNT SHASTA, CA US",8.3,",,7",-0.6,",,7",,,,,,,,,,,,,,,,,,,,,,,,,,,True,4.3,0.0,0.0,8.3,-0.6,3.8500000000000005,72.72659136671022,0.0,4.3,0.0,0.0,0.0,4.3,0.05,1.336194750383329,21.298088675505298,0.0023476285014018402,0.0627377775884684,shasta,USC00045983,"MOUNT SHASTA, CA US",,
2026-01-29,USC00045983,0.0,",,7,0800",",,7,0800",0.0,-0.6,",,7,0800",",,7,0800",0.0,"MOUNT SHASTA, CA US",6.1,",,7",-2.2,",,7",,,,,,,,,,,,,,,,,,,,,,,,,,,True,0.0,0.0,0.0,6.1,-2.2,1.9499999999999997,73.98666278183565,0.0,0.0,0.0,0.0,0.0,0.0,0.05,1.0964931014706476,21.298088675505298,0.0023476285014018402,0.05148316913205984,shasta,USC00045983,"MOUNT SHASTA, CA US",,
2026-01-30,USC00045983,0.0,",,7,0800",",,7,0800",0.0,1.7,",,7,0800",",,7,0800",0.0,"MOUNT SHASTA, CA US",9.4,",,7",-1.1,",,7",,,,,,,,,,,,,,,,,,,,,,,,,,,True,0.0,0.0,0.0,9.4,-1.1,4.15,68.65786933275834,0.0,0.0,0.0,0.0,0.0,0.0,0.05,0.9067960850579762,21.298088675505298,0.0023476285014018402,0.042576406684834235,shasta,USC00045983,"MOUNT SHASTA, CA US",,
2026-01-31,USC00045983,0.0,",,7,0800",",,7,0800",0.0,-1.7,",,7,0800",",,7,0800",0.0,"MOUNT SHASTA, CA US",13.3,",,7",-2.8,",,7",,,,,,,,,,,,,,,,,,,,,,,,,,,True,0.0,0.0,0.0,13.3,-2.8,5.25,56.096673495353414,0.0,0.0,0.0,0.0,0.0,0.0,0.05,0.7335477804793938,21.298088675505298,0.0023476285014018402,0.034441953531869705,shasta,USC00045983,"MOUNT SHASTA, CA US",,
2026-02-01,USC00045983,0.0,",,7,0800",",,7,0800",0.0,1.1,",,7,0800",",,7,0800",0.0,"MOUNT SHASTA, CA US",15.0,",,7",-1.7,",,7",,,,,,,,,,,,,,,,,,,,,,,,,,,True,0.0,0.0,0.0,15.0,-1.7,6.65,55.235869126945204,0.0,0.0,0.0,0.0,0.0,0.0,0.05,0.6096415890766772,21.298088675505298,0.0023476285014018402,0.02862423940312632,shasta,USC00045983,"MOUNT SHASTA, CA US",,
2026-02-02,USC00045983,0.0,",,7,0800",",,7,0800",0.0,-3.3,",,7,0800",",,7,0800",0.0,"MOUNT SHASTA, CA US",12.2,",,7",-3.3,",,7",,,,,,,,,,,,,,,,,,,,,,,,,,,True,0.0,0.0,0.0,12.2,-3.3,4.449999999999999,57.14871289660633,0.0,0.0,0.0,0.0,0.0,0.0,0.05,0.5081957796785064,21.298088675505298,0.0023476285014018402,0.02386109793330783,shasta,USC00045983,"MOUNT SHASTA, CA US",,
2026-02-03,USC00045983,0.0,",,7,0800",",,7,0800",0.0,-1.7,",,7,0800",",,7,0800",0.0,"MOUNT SHASTA, CA US",11.1,",,7",-3.3,",,7",,,,,,,,,,,,,,,,,,,,,,,,,,,True,0.0,0.0,0.0,11.1,-3.3,3.9,59.39479055382269,0.0,0.0,0.0,0.0,0.0,0.0,0.05,0.40789135702796203,21.298088675505298,0.0023476285014018402,0.019151547504686346,shasta,USC00045983,"MOUNT SHASTA, CA US",,
2026-02-04,USC00045983,0.0,",,7,0800",",,7,0800",0.0,-0.6,",,7,0800",",,7,0800",0.0,"MOUNT SHASTA, CA US",15.0,",,7",-2.8,",,7",,,,,,,,,,,,,,,,,,,,,,,,,,,True,0.0,0.0,0.0,15.0,-2.8,6.1,52.89009741734592,0.0,0.0,0.0,0.0,0.0,0.0,0.05,0.3305983747773345,21.298088675505298,0.0023476285014018402,0.015522443342887953,shasta,USC00045983,"MOUNT SHASTA, CA US",,
2026-02-05,USC00045983,0.0,",,7,0800",",,7,0800",0.0,0.0,",,7,0800",",,7,0800",0.0,"MOUNT SHASTA, CA US",12.8,",,7",-2.2,",,7",,,,,,,,,,,,,,,,,,,,,,,,,,,True,0.0,0.0,0.0,12.8,-2.2,5.300000000000001,58.441342698950834,0.0,0.0,0.0,0.0,0.0,0.0,0.05,0.26179699521951527,21.298088675505298,0.0023476285014018402,0.012292041751173906,shasta,USC00045983,"MOUNT SHASTA, CA US",,
2026-02-06,USC00045983,0.0,",,7,0800",",,7,0800",0.0,1.1,",,7,0800",",,7,0800",0.0,"MOUNT SHASTA, CA US",16.7,",,7",-1.1,",,7",,,,,,,,,,,,,,,,,,,,,,,,,,,True,0.0,0.0,0.0,16.7,-1.1,7.8,53.35555833010128,0.0,0.0,0.0,0.0,0.0,0.0,0.05,0.201327761427248,21.298088675505298,0.0023476285014018402,0.009452855817000748,shasta,USC00045983,"MOUNT SHASTA, CA US",,
2026-02-07,USC00045983,0.0,",,7,0800",",,7,0800",0.0,0.6,",,7,0800",",,7,0800",0.0,"MOUNT SHASTA, CA US",15.0,",,7",-1.7,",,7",,,,,,,,,,,,,,,,,,,,,,,,,,,True,0.0,0.0,0.0,15.0,-1.7,6.65,55.235869126945204,0.0,0.0,0.0,0.0,0.0,0.0,0.05,0.15768393047308388,21.298088675505298,0.0023476285014018402,0.0074036657878335565,shasta,USC00045983,"MOUNT SHASTA, CA US",,
2026-02-08,USC00045983,0.0,",,7,0800",",,7,0800",0.0,6.7,",,7,0800",",,7,0800",0.0,"MOUNT SHASTA, CA US",12.2,",,7",0.6,",,7",,,,,,,,,,,,,,,,,,,,,,,,,,,True,0.0,0.0,0.0,12.2,0.6,6.3999999999999995,66.44412918439565,0.0,0.0,0.0,0.0,0.0,0.0,0.05,0.13768121216631451,21.298088675505298,0.0023476285014018402,0.006464486755783874,shasta,USC00045983,"MOUNT SHASTA, CA US",,
2026-02-09,USC00045983,0.0,",,7,0800",",,7,0800",8.1,0.6,",,7,0800",",,7,0800",0.0,"MOUNT SHASTA, CA US",7.2,",,7",-2.2,",,7",,,,,,,,,,,,,,,,,,,,,,,,,,,True,8.1,0.0,0.0,7.2,-2.2,2.5,71.14498017124721,0.0,8.1,0.0,0.0,0.0,8.1,0.05,1.6124211188041493,21.298088675505298,0.0023476285014018402,0.07570731549533727,shasta,USC00045983,"MOUNT SHASTA, CA US",,
2026-02-10,USC00045983,0.0,",,7,0800",",,7,0800",0.0,-2.8,",,7,0800",",,7,0800",0.0,"MOUNT SHASTA, CA US",5.6,",,7",-4.4,",,7",,,,,,,,,,,,,,,,,,,,,,,,,,,True,0.0,0.0,0.0,5.6,-4.4,0.5999999999999996,69.18606754960457,0.0,0.0,0.0,0.0,0.0,0.0,0.05,1.3292022192234643,21.298088675505298,0.0023476285014018402,0.06240946027951163,shasta,USC00045983,"MOUNT SHASTA, CA US",,
2026-02-11,USC00045983,0.0,",,7,0800",",,7,0800",7.4,1.7,",,7,0800",",,7,0800",0.0,"MOUNT SHASTA, CA US",7.2,",,7",-2.8,",,7",,,,,,,,,,,,,,,,,,,,,,,,,,,True,7.4,0.0,0.0,7.2,-2.8,2.2,69.52178683768578,0.0,7.4,0.0,0.0,0.0,7.4,0.05,2.45913580407763,21.298088675505298,0.0023476285014018402,0.11546274604940751,shasta,USC00045983,"MOUNT SHASTA, CA US",,
2026-02-12,USC00045983,0.0,",,7,0800",",,7,0800",4.1,0.6,",,7,0800",",,7,0800",0.0,"MOUNT SHASTA, CA US",6.1,",,7",-0.6,",,7",,,,,,,,,,,,,,,,,,,,,,,,,,,True,4.1,0.0,0.0,6.1,-0.6,2.75,78.59871646523405,0.0,4.1,0.0,0.0,0.0,4.1,0.05,2.7769519214037275,21.298088675505298,0.0023476285014018402,0.13038502955419987,shasta,USC00045983,"MOUNT SHASTA, CA US",,
2026-02-13,USC00045983,0.0,",,7,0800",",,7,0800",0.0,-1.7,",,7,0800",",,7,0800",0.0,"MOUNT SHASTA, CA US",9.4,",,7",-3.3,",,7",,,,,,,,,,,,,,,,,,,,,,,,,,,True,0.0,0.0,0.0,9.4,-3.3,3.0500000000000003,63.062240827321766,0.0,0.0,0.0,0.0,0.0,0.0,0.05,2.2826394002183235,21.298088675505298,0.0023476285014018402,0.10717578628750675,shasta,USC00045983,"MOUNT SHASTA, CA US",,
2026-02-14,USC00045983,0.0,",,7,0800",",,7,0800",0.5,5.6,",,7,0800",",,7,0800",0.0,"MOUNT SHASTA, CA US",11.1,",,7",-2.8,",,7",,,,,,,,,,,,,,,,,,,,,,,,,,,True,0.5,0.0,0.0,11.1,-2.8,4.15,60.57302604150634,0.0,0.5,0.0,0.0,0.0,0.5,0.05,1.969944970451361,21.298088675505298,0.0023476285014018402,0.0924939791764964,shasta,USC00045983,"MOUNT SHASTA, CA US",,
2026-02-15,USC00045983,0.0,",,7,0800",",,7,0800",6.1,2.8,",,7,0800",",,7,0800",0.0,"MOUNT SHASTA, CA US",6.7,",,7",2.2,",,7",,,,,,,,,,,,,,,,,,,,,,,,,,,True,6.1,0.0,0.0,6.7,2.2,4.45,85.31701138842593,0.026585056942129627,6.1,0.0,0.0,0.0,6.12658505694213,0.05,2.74938649150563,21.298088675505298,0.0023476285014018402,0.12909076177655648,shasta,USC00045983,"MOUNT SHASTA, CA US",,
2026-02-16,USC00045983,0.0,",,7,0800",",,7,0800",18.8,0.0,",,7,0800",",,7,0800",0.0,"MOUNT SHASTA, CA US",6.1,",,7",-0.6,",,7",,,,,,,,,,,,,,,,,,,,,,,,,,,True,18.8,0.0,0.0,6.1,-0.6,2.75,78.59871646523405,0.0,18.8,0.0,0.0,0.0,18.8,0.05,5.7198134142988035,21.298088675505298,0.0023476285014018402,0.2685599398821688,shasta,USC00045983,"MOUNT SHASTA, CA US",,
2026-02-17,USC00045983,94.0,",,7,0800",",,7,0800",7.4,-2.2,",,7,0800",",,7,0800",102.0,"MOUNT SHASTA, CA US",3.3,",,7",-2.8,",,7",,,,,,,,,,,,,,,,,,,,,,,,,,,True,7.4,94.0,102.0,3.3,-2.8,0.25,79.96903550745067,0.0,0.0,7.4,0.0,7.4,0.0,0.05,4.692050606500503,21.298088675505298,0.0023476285014018402,0.22030383467680742,shasta,USC00045983,"MOUNT SHASTA, CA US",,
2026-02-18,USC00045983,0.0,",,7,0800",",,7,0800",0.0,-7.2,",,7,0800",",,7,0800",102.0,"MOUNT SHASTA, CA US",0.6,",,7",-10.0,",,7",,,,,,,,,,,,,,,,,,,,,,,,,,,True,0.0,0.0,102.0,0.6,-10.0,-4.7,66.44818454207763,0.0,0.0,0.0,0.0,7.4,0.0,0.05,3.838723227203202,21.298088675505298,0.0023476285014018402,0.18023792114350976,shasta,USC00045983,"MOUNT SHASTA, CA US",,
2026-02-19,USC00045983,64.0,",,7,0800",",,7,0800",4.6,-3.3,",,7,0800",",,7,0800",127.0,"MOUNT SHASTA, CA US",-1.1,",,7",-10.0,",,7",,,,,,,,,,,,,,,,,,,,,,,,,,,True,4.6,64.0,127.0,-1.1,-10.0,-5.55,70.86297052712113,0.0,0.0,4.6,0.0,12.0,0.0,0.05,3.151944221012119,21.298088675505298,0.0023476285014018402,0.1479918817615374,shasta,USC00045983,"MOUNT SHASTA, CA US",,
2026-02-20,USC00045983,0.0,",,7,0800",",,7,0800",0.0,-11.1,",,7,0800",",,7,0800",127.0,"MOUNT SHASTA, CA US",0.6,",,7",-11.7,",,7",,,,,,,,,,,,,,,,,,,,,,,,,,,True,0.0,0.0,127.0,0.6,-11.7,-5.55,61.90946874592256,0.0,0.0,0.0,0.0,12.0,0.0,0.05,2.589657128075146,21.298088675505298,0.0023476285014018402,0.12159105765455294,shasta,USC00045983,"MOUNT SHASTA, CA US",,
2026-02-21,USC00045983,0.0,",,7,0800",",,7,0800",0.0,-0.6,",,7,0800",",,7,0800",76.0,"MOUNT SHASTA, CA US",0.6,",,7",-11.7,",,7",,,,,,,,,,,,,,,,,,,,,,,,,,,True,0.0,0.0,76.0,0.6,-11.7,-5.55,61.90946874592256,0.0,0.0,0.0,12.0,0.0,12.0,0.05,4.337641784045766,21.298088675505298,0.0023476285014018402,0.20366342962194728,shasta,USC00045983,"MOUNT SHASTA, CA US",,
2026-02-22,USC00045983,0.0,",,7,0800",",,7,0800",0.5,1.1,",,7,0800",",,7,0800",25.0,"MOUNT SHASTA, CA US",2.2,",,7",-0.6,",,7",,,,,,,,,,,,,,,,,,,,,,,,,,,True,0.5,0.0,25.0,2.2,-0.6,0.8,90.35319176389399,0.05176595881946995,0.5,0.0,0.0,0.0,0.55176595881947,0.05,3.6619650504341594,21.298088675505298,0.0023476285014018402,0.1719386704707332,shasta,USC00045983,"MOUNT SHASTA, CA US",,
2026-02-23,USC00045983,0.0,",,7,0800",",,7,0800",5.3,5.6,",,7,0800",",,7,0800",0.0,"MOUNT SHASTA, CA US",5.6,",,7",0.6,",,7",,,,,,,,,,,,,,,,,,,,,,,,,,,True,5.3,0.0,0.0,5.6,0.6,3.0999999999999996,83.6462886575425,0.018231443287712496,5.3,0.0,0.0,0.0,5.318231443287712,0.05,3.9859349670314113,21.298088675505298,0.0023476285014018402,0.1871498906667429,shasta,USC00045983,"MOUNT SHASTA, CA US",,
2026-02-24,USC00045983,0.0,",,7,0800",",,7,0800",17.3,5.6,",,7,0800",",,7,0800",0.0,"MOUNT SHASTA, CA US",7.2,",,7",4.4,",,7",,,,,,,,,,,,,,,,,,,,,,,,,,,True,17.3,0.0,0.0,7.2,4.4,5.800000000000001,90.71959329090201,0.053597966454510065,17.3,0.0,0.0,0.0,17.35359796645451,0.05,6.466033952988479,21.298088675505298,0.0023476285014018402,0.30359691198135513,shasta,USC00045983,"MOUNT SHASTA, CA US",,
2026-02-25,USC00045983,0.0,",,7,0800",",,7,0800",15.7,6.1,",,7,0800",",,7,0800",0.0,"MOUNT SHASTA, CA US",7.8,",,7",5.6,",,7",,,,,,,,,,,,,,,,,,,,,,,,,,,True,15.7,0.0,0.0,7.8,5.6,6.699999999999999,92.69253029859198,0.06346265149295988,15.7,0.0,0.0,0.0,15.76346265149296,0.05,8.203936464800389,21.298088675505298,0.0023476285014018402,0.3851959013691049,shasta,USC00045983,"MOUNT SHASTA, CA US",,
2026-02-26,USC00045983,0.0,",,7,0800",",,7,0800",0.0,3.3,",,7,0800",",,7,0800",0.0,"MOUNT SHASTA, CA US",17.2,",,7",-0.6,",,7",,,,,,,,,,,,,,,,,,,,,,,,,,,True,0.0,0.0,0.0,17.2,-0.6,8.299999999999999,53.49139654500916,0.0,0.0,0.0,0.0,0.0,0.0,0.05,6.725878542376039,21.298088675505298,0.0023476285014018402,0.31579728326098105,shasta,USC00045983,"MOUNT SHASTA, CA US",,
2026-02-27,USC00045983,0.0,",,7,0800",",,7,0800",0.0,7.8,",,7,0800",",,7,0800",0.0,"MOUNT SHASTA, CA US",13.3,",,7",2.8,",,7",,,,,,,,,,,,,,,,,,,,,,,,,,,True,0.0,0.0,0.0,13.3,2.8,8.05,69.46681609613552,0.0,0.0,0.0,0.0,0.0,0.0,0.05,5.515747066456674,21.298088675505298,0.0023476285014018402,0.2589785003947455,shasta,USC00045983,"MOUNT SHASTA, CA US",,
2026-02-28,USC00045983,0.0,",,7,0800",",,7,0800",0.0,6.7,",,7,0800",",,7,0800",0.0,"MOUNT SHASTA, CA US",15.6,",,7",4.4,",,7",,,,,,,,,,,,,,,,,,,,,,,,,,,True,0.0,0.0,0.0,15.6,4.4,10.0,68.17304856966916,0.0,0.0,0.0,0.0,0.0,0.0,0.05,4.524975211853842,21.298088675505298,0.0023476285014018402,0.21245921550969818,shasta,USC00045983,"MOUNT SHASTA, CA US",,
2026-03-01,USC00045983,0.0,",,7,0800",",,7,0800",3.0,7.8,",,7,0800",",,7,0800",0.0,"MOUNT SHASTA, CA US",13.3,",,7",6.1,",,7",,,,,,,,,,,,,,,,,,,,,,,,,,,True,3.0,0.0,0.0,13.3,6.1,9.7,78.2781419257746,0.0,3.0,0.0,0.0,0.0,3.0,0.05,4.265886422960632,21.298088675505298,0.0023476285014018402,0.20029433100571048,shasta,USC00045983,"MOUNT SHASTA, CA US",,
2026-03-02,USC00045983,0.0,",,7,0800",",,7,0800",0.0,-1.1,",,7,0800",",,7,0800",0.0,"MOUNT SHASTA, CA US",11.7,",,7",-2.2,",,7",,,,,,,,,,,,,,,,,,,,,,,,,,,True,0.0,0.0,0.0,11.7,-2.2,4.75,60.72220733403774,0.0,0.0,0.0,0.0,0.0,0.0,0.05,3.479322952093712,21.298088675505298,0.0023476285014018402,0.16336315455833575,shasta,USC00045983,"MOUNT SHASTA, CA US",,
2026-03-03,USC00045983,0.0,",,7,0800",",,7,0800",0.0,1.1,",,7,0800",",,7,0800",0.0,"MOUNT SHASTA, CA US",12.2,",,7",-2.2,",,7",,,,,,,,,,,,,,,,,,,,,,,,,,,True,0.0,0.0,0.0,12.2,-2.2,5.0,59.6733632829696,0.0,0.0,0.0,0.0,0.0,0.0,0.05,2.857692163115293,21.298088675505298,0.0023476285014018402,0.13417599140724276,shasta,USC00045983,"MOUNT SHASTA, CA US",,
2026-03-04,USC00045983,0.0,",,7,0800",",,7,0800",3.0,5.0,",,7,0800",",,7,0800",0.0,"MOUNT SHASTA, CA US",14.4,",,7",1.1,",,7",,,,,,,,,,,,,,,,,,,,,,,,,,,True,3.0,0.0,0.0,14.4,1.1,7.75,62.798280692119604,0.0,3.0,0.0,0.0,0.0,3.0,0.05,2.880409336301922,21.298088675505298,0.0023476285014018402,0.135242621072127,shasta,USC00045983,"MOUNT SHASTA, CA US",,
2026-03-05,USC00045983,0.0,",,7,0800",",,7,0800",0.0,2.8,",,7,0800",",,7,0800",0.0,"MOUNT SHASTA, CA US",8.9,",,7",1.7,",,7",,,,,,,,,,,,,,,,,,,,,,,,,,,True,0.0,0.0,0.0,8.9,1.7,5.3,77.590764463175,0.0,0.0,0.0,0.0,0.0,0.0,0.05,2.356028729545578,21.298088675505298,0.0023476285014018402,0.11062160391205532,shasta,USC00045983,"MOUNT SHASTA, CA US",,
2026-03-06,USC00045983,0.0,",,7,0800",",,7,0800",0.0,0.6,",,7,0800",",,7,0800",0.0,"MOUNT SHASTA, CA US",8.3,",,7",-0.6,",,7",,,,,,,,,,,,,,,,,,,,,,,,,,,True,0.0,0.0,0.0,8.3,-0.6,3.8500000000000005,72.72659136671022,0.0,0.0,0.0,0.0,0.0,0.0,0.05,1.938016638360313,21.298088675505298,0.0023476285014018402,0.09099486192811307,shasta,USC00045983,"MOUNT SHASTA, CA US",,
2026-03-07,USC00045983,0.0,",,7,0800",",,7,0800",0.0,7.2,",,7,0800",",,7,0800",0.0,"MOUNT SHASTA, CA US",10.6,",,7",0.6,",,7",,,,,,,,,,,,,,,,,,,,,,,,,,,True,0.0,0.0,0.0,10.6,0.6,5.6,70.21871910834726,0.0,0.0,0.0,0.0,0.0,0.0,0.05,1.5943974746504688,21.298088675505298,0.0023476285014018402,0.07486105908105116,shasta,USC00045983,"MOUNT SHASTA, CA US",,
2026-03-08,USC00045983,0.0,",,7,0800",",,7,0800",0.0,5.6,",,7,0800",",,7,0800",0.0,"MOUNT SHASTA, CA US",16.7,",,7",2.8,",,7",,,,,,,,,,,,,,,,,,,,,,,,,,,True,0.0,0.0,0.0,16.7,2.8,9.75,61.937260496230486,0.0,0.0,0.0,0.0,0.0,0.0,0.05,1.2975386669681972,21.298088675505298,0.0023476285014018402,0.060922775124909796,shasta,USC00045983,"MOUNT SHASTA, CA US",,
2026-03-09,USC00045983,0.0,",,7,0800",",,7,0800",0.0,1.1,",,7,0800",",,7,0800",0.0,"MOUNT SHASTA, CA US",17.8,",,7",0.6,",,7",,,,,,,,,,,,,,,,,,,,,,,,,,,True,0.0,0.0,0.0,17.8,0.6,9.200000000000001,54.91212809935574,0.0,0.0,0.0,0.0,0.0,0.0,0.05,1.019517435174847,21.298088675505298,0.0023476285014018402,0.047868963769851475,shasta,USC00045983,"MOUNT SHASTA, CA US",,
2026-03-10,USC00045983,0.0,",,7,0800",",,7,0800",0.0,1.1,",,7,0800",",,7,0800",0.0,"MOUNT SHASTA, CA US",12.8,",,7",0.6,",,7",,,,,,,,,,,,,,,,,,,,,,,,,,,True,0.0,0.0,0.0,12.8,0.6,6.7,65.08750748478799,0.0,0.0,0.0,0.0,0.0,0.0,0.05,0.8437737398229361,21.298088675505298,0.0023476285014018402,0.03961734560685491,shasta,USC00045983,"MOUNT SHASTA, CA US",,
2026-03-11,USC00045983,0.0,",,7,0800",",,7,0800",0.0,-2.2,",,7,0800",",,7,0800",0.0,"MOUNT SHASTA, CA US",11.1,",,7",-2.8,",,7",,,,,,,,,,,,,,,,,,,,,,,,,,,True,0.0,0.0,0.0,11.1,-2.8,4.15,60.57302604150634,0.0,0.0,0.0,0.0,0.0,0.0,0.05,0.6998869717787586,21.298088675505298,0.0023476285014018402,0.03286149205415278,shasta,USC00045983,"MOUNT SHASTA, CA US",,
2026-03-12,USC00045983,0.0,",,7,0800",",,7,0800",0.0,-1.7,",,7,0800",",,7,0800",0.0,"MOUNT SHASTA, CA US",15.0,",,7",-2.2,",,7",,,,,,,,,,,,,,,,,,,,,,,,,,,True,0.0,0.0,0.0,15.0,-2.2,6.4,54.16084473320467,0.0,0.0,0.0,0.0,0.0,0.0,0.05,0.582082449819992,21.298088675505298,0.0023476285014018402,0.02733026698726439,shasta,USC00045983,"MOUNT SHASTA, CA US",,
2026-03-13,USC00045983,0.0,",,7,0800",",,7,0800",0.0,2.2,",,7,0800",",,7,0800",0.0,"MOUNT SHASTA, CA US",17.8,",,7",-1.7,",,7",,,,,,,,,,,,,,,,,,,,,,,,,,,True,0.0,0.0,0.0,17.8,-1.7,8.05,50.197151268460324,0.0,0.0,0.0,0.0,0.0,0.0,0.05,0.4856322648406995,21.298088675505298,0.0023476285014018402,0.022801682922807057,shasta,USC00045983,"MOUNT SHASTA, CA US",,
2026-03-14,USC00045983,0.0,",,7,0800",",,7,0800",0.0,3.9,",,7,0800",",,7,0800",0.0,"MOUNT SHASTA, CA US",18.3,",,7",2.2,",,7",,,,,,,,,,,,,,,,,,,,,,,,,,,True,0.0,0.0,0.0,18.3,2.2,10.25,57.39985807409693,0.0,0.0,0.0,0.0,0.0,0.0,0.05,0.37355010430537355,21.298088675505298,0.0023476285014018402,0.017539137431378502,shasta,USC00045983,"MOUNT SHASTA, CA US",,
2026-03-15,USC00045983,0.0,",,7,0800",",,7,0800",0.0,0.6,",,7,0800",",,7,0800",0.0,"MOUNT SHASTA, CA US",15.6,",,7",0.6,",,7",,,,,,,,,,,,,,,,,,,,,,,,,,,True,0.0,0.0,0.0,15.6,0.6,8.1,59.15236404804515,0.0,0.0,0.0,0.0,0.0,0.0,0.05,0.3133777567350607,21.298088675505298,0.0023476285014018402,0.014713891068332017,shasta,USC00045983,"MOUNT SHASTA, CA US",,
2026-03-16,USC00045983,0.0,",,7,0800",",,7,0800",0.0,2.8,",,7,0800",",,7,0800",0.0,"MOUNT SHASTA, CA US",17.8,",,7",0.0,",,7",,,,,,,,,,,,,,,,,,,,,,,,,,,True,0.0,0.0,0.0,17.8,0.0,8.9,53.65376831094375,0.0,0.0,0.0,0.0,0.0,0.0,0.05,0.25095917659934575,21.298088675505298,0.0023476285014018402,0.011783178313459234,shasta,USC00045983,"MOUNT SHASTA, CA US",,
2026-03-17,USC00045983,0.0,",,7,0800",",,7,0800",0.0,2.8,",,7,0800",",,7,0800",0.0,"MOUNT SHASTA, CA US",21.7,",,7",0.6,",,7",,,,,,,,,,,,,,,,,,,,,,,,,,,True,0.0,0.0,0.0,21.7,0.6,11.15,48.20471505770401,0.0,0.0,0.0,0.0,0.0,0.0,0.05,0.1666421393968986,21.298088675505298,0.0023476285014018402,0.00782427671965475,shasta,USC00045983,"MOUNT SHASTA, CA US",,
2026-03-18,USC00045983,0.0,",,7,0800",",,7,0800",0.0,2.8,",,7,0800",",,7,0800",0.0,"MOUNT SHASTA, CA US",25.6,",,7",2.2,",,7",,,,,,,,,,,,,,,,,,,,,,,,,,,True,0.0,0.0,0.0,25.6,2.2,13.9,45.14137586680072,0.0,0.0,0.0,0.0,0.0,0.0,0.05,0.10199735565230852,21.298088675505298,0.0023476285014018402,0.004789037983939591,shasta,USC00045983,"MOUNT SHASTA, CA US",,
2026-03-19,USC00045983,0.0,",,7,0800",",,7,0800",0.0,8.9,",,7,0800",",,7,0800",0.0,"MOUNT SHASTA, CA US",24.4,",,7",2.2,",,7",,,,,,,,,,,,,,,,,,,,,,,,,,,True,0.0,0.0,0.0,24.4,2.2,13.299999999999999,46.93770497912033,0.0,0.0,0.0,0.0,0.0,0.0,0.05,0.0925718341512782,21.298088675505298,0.0023476285014018402,0.004346485525611698,shasta,USC00045983,"MOUNT SHASTA, CA US",,
2026-03-20,USC00045983,0.0,",,7,0800",",,7,0800",0.0,8.9,",,7,0800",",,7,0800",0.0,"MOUNT SHASTA, CA US",25.0,",,7",2.8,",,7",,,,,,,,,,,,,,,,,,,,,,,,,,,True,0.0,0.0,0.0,25.0,2.8,13.9,47.107355067631,0.0,0.0,0.0,0.0,0.0,0.0,0.05,0.08485486983458695,21.298088675505298,0.0023476285014018402,0.003984154218128391,shasta,USC00045983,"MOUNT SHASTA, CA US",,
2026-03-21,USC00045983,0.0,",,7,0800",",,7,0800",0.0,12.2,",,7,0800",",,7,0800",0.0,"MOUNT SHASTA, CA US",24.4,",,7",8.9,",,7",,,,,,,,,,,,,,,,,,,,,,,,,,,True,0.0,0.0,0.0,24.4,8.9,16.65,60.205483981150124,0.0,0.0,0.0,0.0,0.0,0.0,0.05,0.07853675382810642,21.298088675505298,0.0023476285014018402,0.0036875024338888537,shasta,USC00045983,"MOUNT SHASTA, CA US",,
2026-03-22,USC00045983,0.0,",,7,0800",",,7,0800",0.0,11.1,",,7,0800",",,7,0800",0.0,"MOUNT SHASTA, CA US",21.7,",,7",2.2,",,7",,,,,,,,,,,,,,,,,,,,,,,,,,,True,0.0,0.0,0.0,21.7,2.2,11.95,51.279565238159115,0.0,0.0,0.0,0.0,0.0,0.0,0.05,0.06508506096390675,21.298088675505298,0.0023476285014018402,0.0030559108826868756,shasta,USC00045983,"MOUNT SHASTA, CA US",,
2026-03-23,USC00045983,0.0,",,7,0800",",,7,0800",0.0,2.2,",,7,0800",",,7,0800",0.0,"MOUNT SHASTA, CA US",21.1,",,7",1.7,",,7",,,,,,,,,,,,,,,,,,,,,,,,,,,True,0.0,0.0,0.0,21.1,1.7,11.4,51.3117956347327,0.0,0.0,0.0,0.0,0.0,0.0,0.05,0.062350603323206646,21.298088675505298,0.0023476285014018402,0.002927521068823204,shasta,USC00045983,"MOUNT SHASTA, CA US",,
2026-03-24,USC00045983,0.0,",,7,0800",",,7,0800",0.0,7.2,",,7,0800",",,7,0800",0.0,"MOUNT SHASTA, CA US",18.3,",,7",2.2,",,7",,,,,,,,,,,,,,,,,,,,,,,,,,,True,0.0,0.0,0.0,18.3,2.2,10.25,57.39985807409693,0.0,0.0,0.0,0.0,0.0,0.0,0.05,0.0601118187597764,21.298088675505298,0.0023476285014018402,0.0028224043798310574,shasta,USC00045983,"MOUNT SHASTA, CA US",,
2026-03-25,USC00045983,0.0,",,7,0800",",,7,0800",0.0,8.3,",,7,0800",",,7,0800",0.0,"MOUNT SHASTA, CA US",19.4,",,7",6.7,",,7",,,,,,,,,,,,,,,,,,,,,,,,,,,True,0.0,0.0,0.0,19.4,6.7,13.049999999999999,65.3570805195421,0.0,0.0,0.0,0.0,0.0,0.0,0.05,0.05,21.298088675505298,0.0023476285014018402,0.0023476285014018402,shasta,USC00045983,"MOUNT SHASTA, CA US",,
2026-03-26,USC00045983,0.0,",,7,0800",",,7,0800",0.0,0.6,",,7,0800",",,7,0800",0.0,"MOUNT SHASTA, CA US",18.9,",,7",0.0,",,7",,,,,,,,,,,,,,,,,,,,,,,,,,,True,0.0,0.0,0.0,18.9,0.0,9.45,51.702976281903126,0.0,0.0,0.0,0.0,0.0,0.0,0.05,0.05,21.298088675505298,0.0023476285014018402,0.0023476285014018402,shasta,USC00045983,"MOUNT SHASTA, CA US",,
2026-03-27,USC00045983,0.0,",,7,0800",",,7,0800",0.0,2.2,",,7,0800",",,7,0800",0.0,"MOUNT SHASTA, CA US",13.3,",,7",-2.2,",,7",,,,,,,,,,,,,,,,,,,,,,,,,,,True,0.0,0.0,0.0,13.3,-2.2,5.550000000000001,57.43632107799528,0.0,0.0,0.0,0.0,0.0,0.0,0.05,0.05,21.298088675505298,0.0023476285014018402,0.0023476285014018402,shasta,USC00045983,"MOUNT SHASTA, CA US",,
2026-03-28,USC00045983,0.0,",,7,0800",",,7,0800",0.0,1.1,",,7,0800",",,7,0800",0.0,"MOUNT SHASTA, CA US",21.1,",,7",1.1,",,7",,,,,,,,,,,,,,,,,,,,,,,,,,,True,0.0,0.0,0.0,21.1,1.1,11.100000000000001,50.13801544573498,0.0,0.0,0.0,0.0,0.0,0.0,0.05,0.05,21.298088675505298,0.0023476285014018402,0.0023476285014018402,shasta,USC00045983,"MOUNT SHASTA, CA US",,
2026-03-29,USC00045983,0.0,",,7,0800",",,7,0800",0.0,9.4,",,7,0800",",,7,0800",0.0,"MOUNT SHASTA, CA US",21.7,",,7",1.1,",,7",,,,,,,,,,,,,,,,,,,,,,,,,,,True,0.0,0.0,0.0,21.7,1.1,11.4,49.1514439095833,0.0,0.0,0.0,0.0,0.0,0.0,0.05,0.05,21.298088675505298,0.0023476285014018402,0.0023476285014018402,shasta,USC00045983,"MOUNT SHASTA, CA US",,
2026-03-30,USC00045983,0.0,",,7,0800",",,7,0800",0.0,7.2,",,7,0800",",,7,0800",0.0,"MOUNT SHASTA, CA US",15.6,",,7",1.7,",,7",,,,,,,,,,,,,,,,,,,,,,,,,,,True,0.0,0.0,0.0,15.6,1.7,8.65,61.67420438652846,0.0,0.0,0.0,0.0,0.0,0.0,0.05,0.05,21.298088675505298,0.0023476285014018402,0.0023476285014018402,shasta,USC00045983,"MOUNT SHASTA, CA US",,
2026-03-31,USC00045983,0.0,",,7,0800",",,7,0800",0.0,7.8,",,7,0800",",,7,0800",0.0,"MOUNT SHASTA, CA US",15.0,",,7",7.2,",,7",,,,,,,,,,,,,,,,,,,,,,,,,,,True,0.0,0.0,0.0,15.0,7.2,11.1,76.89810853218474,0.0,0.0,0.0,0.0,0.0,0.0,0.05,0.05,21.298088675505298,0.0023476285014018402,0.0023476285014018402,shasta,USC00045983,"MOUNT SHASTA, CA US",,
2026-04-01,USC00045983,0.0,",,7,0800",",,7,0800",1.5,5.6,",,7,0800",",,7,0800",0.0,"MOUNT SHASTA, CA US",10.0,",,7",5.0,",,7",,,,,,,,,,,,,,,,,,,,,,,,,,,True,1.5,0.0,0.0,10.0,5.0,7.5,84.17056385489306,0.020852819274465306,1.5,0.0,0.0,0.0,1.5208528192744653,0.05,0.3298808195593916,21.298088675505298,0.0023476285014018402,0.015488752281268505,shasta,USC00045983,"MOUNT SHASTA, CA US",,
2026-04-02,USC00045983,0.0,",,7,0800",",,7,0800",2.0,0.0,",,7,0800",",,7,0800",0.0,"MOUNT SHASTA, CA US",10.0,",,7",-1.1,",,7",,,,,,,,,,,,,,,,,,,,,,,,,,,True,2.0,0.0,0.0,10.0,-1.1,4.45,67.23069661570759,0.0,2.0,0.0,0.0,0.0,2.0,0.05,0.6472047660060997,21.298088675505298,0.0023476285014018402,0.030387927098380563,shasta,USC00045983,"MOUNT SHASTA, CA US",,
2026-04-03,USC00045983,0.0,",,7,0800",",,7,0800",0.0,-2.8,",,7,0800",",,7,0800",0.0,"MOUNT SHASTA, CA US",8.3,",,7",-5.0,",,7",,,,,,,,,,,,,,,,,,,,,,,,,,,True,0.0,0.0,0.0,8.3,-5.0,1.6500000000000004,61.32023808413266,0.0,0.0,0.0,0.0,0.0,0.0,0.05,0.5389499078139339,21.298088675505298,0.0023476285014018402,0.02530508328823771,shasta,USC00045983,"MOUNT SHASTA, CA US",,
2026-04-04,USC00045983,0.0,",,7,0800",",,7,0800",0.0,1.7,",,7,0800",",,7,0800",0.0,"MOUNT SHASTA, CA US",15.6,",,7",-4.4,",,7",,,,,,,,,,,,,,,,,,,,,,,,,,,True,0.0,0.0,0.0,15.6,-4.4,5.6,48.58157043476822,0.0,0.0,0.0,0.0,0.0,0.0,0.05,0.45031832624191187,21.298088675505298,0.0023476285014018402,0.021143602747781688,shasta,USC00045983,"MOUNT SHASTA, CA US",,
2026-04-05,USC00045983,0.0,",,7,0800",",,7,0800",0.0,7.8,",,7,0800",",,7,0800",0.0,"MOUNT SHASTA, CA US",21.7,",,7",1.1,",,7",,,,,,,,,,,,,,,,,,,,,,,,,,,True,0.0,0.0,0.0,21.7,1.1,11.4,49.1514439095833,0.0,0.0,0.0,0.0,0.0,0.0,0.05,0.37775292471495775,21.298088675505298,0.0023476285014018402,0.017736470650974768,shasta,USC00045983,"MOUNT SHASTA, CA US",,
2026-04-06,USC00045983,0.0,",,7,0800",",,7,0800",0.0,3.3,",,7,0800",",,7,0800",0.0,"MOUNT SHASTA, CA US",20.6,",,7",0.6,",,7",,,,,,,,,,,,,,,,,,,,,,,,,,,True,0.0,0.0,0.0,20.6,0.6,10.600000000000001,49.99879612442243,0.0,0.0,0.0,0.0,0.0,0.0,0.05,0.3183413988753884,21.298088675505298,0.0023476285014018402,0.01494694682351987,shasta,USC00045983,"MOUNT SHASTA, CA US",,
2026-04-07,USC00045983,0.0,",,7,0800",",,7,0800",0.0,5.6,",,7,0800",",,7,0800",0.0,"MOUNT SHASTA, CA US",21.7,",,7",3.3,",,7",,,,,,,,,,,,,,,,,,,,,,,,,,,True,0.0,0.0,0.0,21.7,3.3,12.5,53.470597154850914,0.0,0.0,0.0,0.0,0.0,0.0,0.05,0.2696993555832459,21.298088675505298,0.0023476285014018402,0.012663077879538751,shasta,USC00045983,"MOUNT SHASTA, CA US",,
2026-04-08,USC00045983,0.0,",,7,0800",",,7,0800",0.0,6.7,",,7,0800",",,7,0800",0.0,"MOUNT SHASTA, CA US",19.4,",,7",3.3,",,7",,,,,,,,,,,,,,,,,,,,,,,,,,,True,0.0,0.0,0.0,19.4,3.3,11.35,57.6799935244102,0.0,0.0,0.0,0.0,0.0,0.0,0.05,0.22987461884741822,21.298088675505298,0.0023476285014018402,0.010793204139101672,shasta,USC00045983,"MOUNT SHASTA, CA US",,
2026-04-09,USC00045983,0.0,",,7,0800",",,7,0800",0.8,7.2,",,7,0800",",,7,0800",0.0,"MOUNT SHASTA, CA US",20.6,",,7",3.9,",,7",,,,,,,,,,,,,,,,,,,,,,,,,,,True,0.8,0.0,0.0,20.6,3.9,12.25,56.70134377434043,0.0,0.8,0.0,0.0,0.0,0.8,0.05,0.34449197488302413,21.298088675505298,0.0023476285014018402,0.016174783574791886,shasta,USC00045983,"MOUNT SHASTA, CA US",,
2026-04-10,USC00045983,0.0,",,7,0800",",,7,0800",6.6,7.2,",,7,0800",",,7,0800",0.0,"MOUNT SHASTA, CA US",16.7,",,7",4.4,",,7",,,,,,,,,,,,,,,,,,,,,,,,,,,True,6.6,0.0,0.0,16.7,4.4,10.55,65.71543990568868,0.0,6.6,0.0,0.0,0.0,6.6,0.05,1.5057001514307158,21.298088675505298,0.0023476285014018402,0.0706964918012763,shasta,USC00045983,"MOUNT SHASTA, CA US",,
2026-04-11,USC00045983,0.0,",,7,0800",",,7,0800",11.4,5.6,",,7,0800",",,7,0800",0.0,"MOUNT SHASTA, CA US",15.0,",,7",3.9,",,7",,,,,,,,,,,,,,,,,,,,,,,,,,,True,11.4,0.0,0.0,15.0,3.9,9.45,68.2974505716331,0.0,11.4,0.0,0.0,0.0,11.4,0.05,3.339755552702692,21.298088675505298,0.0023476285014018402,0.15681010646479787,shasta,USC00045983,"MOUNT SHASTA, CA US",,
2026-04-12,USC00045983,0.0,",,7,0800",",,7,0800",28.4,-0.6,",,7,0800",",,7,0800",0.0,"MOUNT SHASTA, CA US",7.2,",,7",-0.6,",,7",,,,,,,,,,,,,,,,,,,,,,,,,,,True,28.4,0.0,0.0,7.2,-0.6,3.3000000000000003,75.5991126431707,0.0,28.4,0.0,0.0,0.0,28.4,0.05,7.969843833180164,21.298088675505298,0.0023476285014018402,0.3742046506899089,shasta,USC00045983,"MOUNT SHASTA, CA US",,
2026-04-13,USC00045983,0.0,",,7,0800",",,7,0800",5.3,1.1,",,7,0800",",,7,0800",0.0,"MOUNT SHASTA, CA US",5.0,",,7",-0.6,",,7",,,,,,,,,,,,,,,,,,,,,,,,,,,True,5.3,0.0,0.0,5.0,-0.6,2.2,81.7316012906317,0.008658006453158507,5.3,0.0,0.0,0.0,5.308658006453158,0.05,7.511166018274106,21.298088675505298,0.0023476285014018402,0.3526685484652253,shasta,USC00045983,"MOUNT SHASTA, CA US",,
2026-04-14,USC00045983,0.0,",,7,0800",",,7,0800",0.5,0.6,",,7,0800",",,7,0800",0.0,"MOUNT SHASTA, CA US",11.1,",,7",-1.1,",,7",,,,,,,,,,,,,,,,,,,,,,,,,,,True,0.5,0.0,0.0,11.1,-1.1,5.0,64.69935575127796,0.0,0.5,0.0,0.0,0.0,0.5,0.05,6.250700505940446,21.298088675505298,0.0023476285014018402,0.2934864532294538,shasta,USC00045983,"MOUNT SHASTA, CA US",,
2026-04-15,USC00045983,0.0,",,7,0800",",,7,0800",0.0,6.1,",,7,0800",",,7,0800",0.0,"MOUNT SHASTA, CA US",12.8,",,7",0.6,",,7",,,,,,,,,,,,,,,,,,,,,,,,,,,True,0.0,0.0,0.0,12.8,0.6,6.7,65.08750748478799,0.0,0.0,0.0,0.0,0.0,0.0,0.05,5.126704194839644,21.298088675505298,0.0023476285014018402,0.2407119377212384,shasta,USC00045983,"MOUNT SHASTA, CA US",,
2026-04-16,USC00045983,0.0,",,7,0800",",,7,0800",1.8,-0.6,",,7,0800",",,7,0800",0.0,"MOUNT SHASTA, CA US",8.9,",,7",-2.2,",,7",,,,,,,,,,,,,,,,,,,,,,,,,,,True,1.8,0.0,0.0,8.9,-2.2,3.35,66.98949715846071,0.0,1.8,0.0,0.0,0.0,1.8,0.05,4.537705807247752,21.298088675505298,0.0023476285014018402,0.21305694968142933,shasta,USC00045983,"MOUNT SHASTA, CA US",,
2026-04-17,USC00045983,0.0,",,7,0800",",,7,0800",0.0,-0.6,",,7,0800",",,7,0800",0.0,"MOUNT SHASTA, CA US",8.3,",,7",-5.6,",,7",,,,,,,,,,,,,,,,,,,,,,,,,,,True,0.0,0.0,0.0,8.3,-5.6,1.3500000000000005,59.86706200767706,0.0,0.0,0.0,0.0,0.0,0.0,0.05,3.724222755160385,21.298088675505298,0.0023476285014018402,0.17486182971167613,shasta,USC00045983,"MOUNT SHASTA, CA US",,
2026-04-18,USC00045983,0.0,",,7,0800",",,7,0800",0.0,6.7,",,7,0800",",,7,0800",0.0,"MOUNT SHASTA, CA US",19.4,",,7",-0.6,",,7",,,,,,,,,,,,,,,,,,,,,,,,,,,True,0.0,0.0,0.0,19.4,-0.6,9.399999999999999,49.662820822762804,0.0,0.0,0.0,0.0,0.0,0.0,0.05,3.0581991633087195,21.298088675505298,0.0023476285014018402,0.1435903103749362,shasta,USC00045983,"MOUNT SHASTA, CA US",,
2026-04-19,USC00045983,0.0,",,7,0800",",,7,0800",0.0,9.4,",,7,0800",",,7,0800",0.0,"MOUNT SHASTA, CA US",17.8,",,7",-2.2,",,7",,,,,,,,,,,,,,,,,,,,,,,,,,,True,0.0,0.0,0.0,17.8,-2.2,7.800000000000001,49.21077773382495,0.0,0.0,0.0,0.0,0.0,0.0,0.05,2.5129051663843023,21.298088675505298,0.0023476285014018402,0.11798735579847441,shasta,USC00045983,"MOUNT SHASTA, CA US",,
2026-04-20,USC00045983,0.0,",,7,0800",",,7,0800",0.0,7.2,",,7,0800",",,7,0800",0.0,"MOUNT SHASTA, CA US",17.8,",,7",-2.2,",,7",,,,,,,,,,,,,,,,,,,,,,,,,,,True,0.0,0.0,0.0,17.8,-2.2,7.800000000000001,49.21077773382495,0.0,0.0,0.0,0.0,0.0,0.0,0.05,2.0664562016334718,21.298088675505298,0.0023476285014018402,0.09702542951706651,shasta,USC00045983,"MOUNT SHASTA, CA US",,
2026-04-21,USC00045983,0.0,",,7,0800",",,7,0800",22.1,2.8,",,7,0800",",,7,0800",0.0,"MOUNT SHASTA, CA US",10.0,",,7",2.2,",,7",,,,,,,,,,,,,,,,,,,,,,,,,,,True,22.1,0.0,0.0,10.0,2.2,6.1,76.07701099632224,0.0,22.1,0.0,0.0,0.0,22.1,0.05,5.7679726413016645,21.298088675505298,0.0023476285014018402,0.27082113936051677,shasta,USC00045983,"MOUNT SHASTA, CA US",,
2026-04-22,USC00045983,0.0,",,7,0800",",,7,0800",7.6,2.2,",,7,0800",",,7,0800",0.0,"MOUNT SHASTA, CA US",7.2,",,7",1.7,",,7",,,,,,,,,,,,,,,,,,,,,,,,,,,True,7.6,0.0,0.0,7.2,1.7,4.45,82.32618990825245,0.011630949541262226,7.6,0.0,0.0,0.0,7.6116309495412615,0.05,6.128042883792951,21.298088675505298,0.0023476285014018402,0.2877273626361011,shasta,USC00045983,"MOUNT SHASTA, CA US",,
2026-04-23,USC00045983,0.0,",,7,0800",",,7,0800",0.0,5.0,",,7,0800",",,7,0800",0.0,"MOUNT SHASTA, CA US",10.6,",,7",0.6,",,7",,,,,,,,,,,,,,,,,,,,,,,,,,,True,0.0,0.0,0.0,10.6,0.6,5.6,70.21871910834726,0.0,0.0,0.0,0.0,0.0,0.0,0.05,5.020761389495951,21.298088675505298,0.0023476285014018402,0.235737650734372,shasta,USC00045983,"MOUNT SHASTA, CA US",,
2026-04-24,USC00045983,0.0,",,7,0800",",,7,0800",0.0,3.9,",,7,0800",",,7,0800",0.0,"MOUNT SHASTA, CA US",17.2,",,7",-1.7,",,7",,,,,,,,,,,,,,,,,,,,,,,,,,,True,0.0,0.0,0.0,17.2,-1.7,7.75,51.23207067597221,0.0,0.0,0.0,0.0,0.0,0.0,0.05,4.119715215792976,21.298088675505298,0.0023476285014018402,0.19343121716508843,shasta,USC00045983,"MOUNT SHASTA, CA US",,
2026-04-25,USC00045983,0.0,",,7,0800",",,7,0800",0.0,7.8,",,7,0800",",,7,0800",0.0,"MOUNT SHASTA, CA US",18.9,",,7",2.2,",,7",,,,,,,,,,,,,,,,,,,,,,,,,,,True,0.0,0.0,0.0,18.9,2.2,10.549999999999999,56.2628812659161,0.0,0.0,0.0,0.0,0.0,0.0,0.05,3.3820010034391044,21.298088675505298,0.0023476285014018402,0.15879363894886528,shasta,USC00045983,"MOUNT SHASTA, CA US",,
2026-04-26,USC00045983,0.0,",,7,0800",",,7,0800",0.0,6.1,",,7,0800",",,7,0800",0.0,"MOUNT SHASTA, CA US",13.9,",,7",-1.1,",,7",,,,,,,,,,,,,,,,,,,,,,,,,,,True,0.0,0.0,0.0,13.9,-1.1,6.4,58.72254500834221,0.0,0.0,0.0,0.0,0.0,0.0,0.05,2.7780116908022894,21.298088675505298,0.0023476285014018402,0.1304347884510994,shasta,USC00045983,"MOUNT SHASTA, CA US",,
2026-04-27,USC00045983,0.0,",,7,0800",",,7,0800",3.8,3.3,",,7,0800",",,7,0800",0.0,"MOUNT SHASTA, CA US",10.6,",,7",0.6,",,7",,,,,,,,,,,,,,,,,,,,,,,,,,,True,3.8,0.0,0.0,10.6,0.6,5.6,70.21871910834726,0.0,3.8,0.0,0.0,0.0,3.8,0.05,2.9828167565047936,21.298088675505298,0.0023476285014018402,0.1400509126405929,shasta,USC00045983,"MOUNT SHASTA, CA US",,
2026-04-28,USC00045983,0.0,",,7,0800",",,7,0800",0.0,6.7,",,7,0800",",,7,0800",0.0,"MOUNT SHASTA, CA US",13.9,",,7",-0.6,",,7",,,,,,,,,,,,,,,,,,,,,,,,,,,True,0.0,0.0,0.0,13.9,-0.6,6.65,59.86811631157193,0.0,0.0,0.0,0.0,0.0,0.0,0.05,2.4511872716928935,21.298088675505298,0.0023476285014018402,0.11508954202599304,shasta,USC00045983,"MOUNT SHASTA, CA US",,
2026-04-29,USC00045983,0.0,",,7,0800",",,7,0800",0.0,5.6,",,7,0800",",,7,0800",0.0,"MOUNT SHASTA, CA US",17.8,",,7",1.1,",,7",,,,,,,,,,,,,,,,,,,,,,,,,,,True,0.0,0.0,0.0,17.8,1.1,9.450000000000001,55.97620845626204,0.0,0.0,0.0,0.0,0.0,0.0,0.05,2.0159258632343873,21.298088675505298,0.0023476285014018402,0.0946529002648431,shasta,USC00045983,"MOUNT SHASTA, CA US",,
2026-04-30,USC00045983,0.0,",,7,0800",",,7,0800",0.0,10.0,",,7,0800",",,7,0800",0.0,"MOUNT SHASTA, CA US",21.1,",,7",1.1,",,7",,,,,,,,,,,,,,,,,,,,,,,,,,,True,0.0,0.0,0.0,21.1,1.1,11.100000000000001,50.13801544573498,0.0,0.0,0.0,0.0,0.0,0.0,0.05,1.6573562673045237,21.298088675505298,0.0023476285014018402,0.07781713620202133,shasta,USC00045983,"MOUNT SHASTA, CA US",,
2026-05-01,USC00045983,0.0,",,7,0800",",,7,0800",0.0,10.6,",,7,0800",",,7,0800",0.0,"MOUNT SHASTA, CA US",23.9,",,7",5.0,",,7",,,,,,,,,,,,,,,,,,,,,,,,,,,True,0.0,0.0,0.0,23.9,5.0,14.45,53.056841205156275,0.0,0.0,0.0,0.0,0.0,0.0,0.05,1.3477785218208511,21.298088675505298,0.0023476285014018402,0.06328166542807744,shasta,USC00045983,"MOUNT SHASTA, CA US",,
2026-05-02,USC00045983,0.0,",,7,0800",",,7,0800",0.0,11.7,",,7,0800",",,7,0800",0.0,"MOUNT SHASTA, CA US",21.7,",,7",7.8,",,7",,,,,,,,,,,,,,,,,,,,,,,,,,,True,0.0,0.0,0.0,21.7,7.8,14.75,63.10355219542805,0.0,0.0,0.0,0.0,0.0,0.0,0.05,1.0810715299437323,21.298088675505298,0.0023476285014018402,0.05075908671499997,shasta,USC00045983,"MOUNT SHASTA, CA US",,
2026-05-03,USC00045983,0.0,",,7,0800",",,7,0800",0.0,13.3,",,7,0800",",,7,0800",0.0,"MOUNT SHASTA, CA US",20.0,",,7",7.2,",,7",,,,,,,,,,,,,,,,,,,,,,,,,,,True,0.0,0.0,0.0,20.0,7.2,13.6,65.25418716134025,0.0,0.0,0.0,0.0,0.0,0.0,0.05,0.8157967906999969,21.298088675505298,0.0023476285014018402,0.038303755943989284,shasta,USC00045983,"MOUNT SHASTA, CA US",,
2026-05-04,USC00045983,0.0,",,7,0800",",,7,0800",3.0,7.8,",,7,0800",",,7,0800",0.0,"MOUNT SHASTA, CA US",22.8,",,7",7.2,",,7",,,,,,,,,,,,,,,,,,,,,,,,,,,True,3.0,0.0,0.0,22.8,7.2,15.0,59.60460880652699,0.0,3.0,0.0,0.0,0.0,3.0,0.05,1.2144181074305507,21.298088675505298,0.0023476285014018402,0.05702005123244885,shasta,USC00045983,"MOUNT SHASTA, CA US",,
2026-05-05,USC00045983,0.0,",,7,0800",",,7,0800",0.8,7.2,",,7,0800",",,7,0800",0.0,"MOUNT SHASTA, CA US",23.3,",,7",6.7,",,7",,,,,,,,,,,,,,,,,,,,,,,,,,,True,0.8,0.0,0.0,23.3,6.7,15.0,57.59648169315894,0.0,0.8,0.0,0.0,0.0,0.8,0.05,1.1491881972306854,21.298088675505298,0.0023476285014018402,0.05395733930586712,shasta,USC00045983,"MOUNT SHASTA, CA US",,
2026-05-06,USC00045983,0.0,",,7,0800",",,7,0800",0.0,8.3,",,7,0800",",,7,0800",0.0,"MOUNT SHASTA, CA US",24.4,",,7",7.2,",,7",,,,,,,,,,,,,,,,,,,,,,,,,,,True,0.0,0.0,0.0,24.4,7.2,15.799999999999999,56.6235901030048,0.0,0.0,0.0,0.0,0.0,0.0,0.05,0.9499391804931084,21.298088675505298,0.0023476285014018402,0.04460208589447856,shasta,USC00045983,"MOUNT SHASTA, CA US",,
2026-05-07,USC00045983,0.0,",,7,0800",",,7,0800",0.0,11.7,",,7,0800",",,7,0800",0.0,"MOUNT SHASTA, CA US",23.9,",,7",8.3,",,7",,,,,,,,,,,,,,,,,,,,,,,,,,,True,0.0,0.0,0.0,23.9,8.3,16.1,59.870523930266955,0.0,0.0,0.0,0.0,0.0,0.0,0.05,0.7818405687765966,21.298088675505298,0.0023476285014018402,0.03670942405624327,shasta,USC00045983,"MOUNT SHASTA, CA US",,
2026-05-08,USC00045983,0.0,",,7,0800",",,7,0800",0.0,12.8,",,7,0800",",,7,0800",0.0,"MOUNT SHASTA, CA US",22.2,",,7",7.8,",,7",,,,,,,,,,,,,,,,,,,,,,,,,,,True,0.0,0.0,0.0,22.2,7.8,15.0,62.09579368201139,0.0,0.0,0.0,0.0,0.0,0.0,0.05,0.6491803800074816,21.298088675505298,0.0023476285014018402,0.03048068725312882,shasta,USC00045983,"MOUNT SHASTA, CA US",,
2026-05-09,USC00045983,0.0,",,7,0800",",,7,0800",0.0,13.3,",,7,0800",",,7,0800",0.0,"MOUNT SHASTA, CA US",25.0,",,7",5.6,",,7",,,,,,,,,,,,,,,,,,,,,,,,,,,True,0.0,0.0,0.0,25.0,5.6,15.3,52.368315595303336,0.0,0.0,0.0,0.0,0.0,0.0,0.05,0.5405674037530768,21.298088675505298,0.0023476285014018402,0.02538102887959038,shasta,USC00045983,"MOUNT SHASTA, CA US",,
2026-05-10,USC00045983,0.0,",,7,0800",",,7,0800",0.0,13.9,",,7,0800",",,7,0800",0.0,"MOUNT SHASTA, CA US",27.2,",,7",6.7,",,7",,,,,,,,,,,,,,,,,,,,,,,,,,,True,0.0,0.0,0.0,27.2,6.7,16.95,50.85372242133063,0.0,0.0,0.0,0.0,0.0,0.0,0.05,0.4516426199102669,21.298088675505298,0.0023476285014018402,0.021205781738982812,shasta,USC00045983,"MOUNT SHASTA, CA US",,
2026-05-11,USC00045983,0.0,",,7,0800",",,7,0800",0.0,13.9,",,7,0800",",,7,0800",0.0,"MOUNT SHASTA, CA US",25.6,",,7",7.8,",,7",,,,,,,,,,,,,,,,,,,,,,,,,,,True,0.0,0.0,0.0,25.6,7.8,16.7,55.70267668413531,0.0,0.0,0.0,0.0,0.0,0.0,0.05,0.37883716466734646,21.298088675505298,0.0023476285014018402,0.017787378503266494,shasta,USC00045983,"MOUNT SHASTA, CA US",,
2026-05-12,USC00045983,0.0,",,7,0800",",,7,0800",0.0,14.4,",,7,0800",",,7,0800",0.0,"MOUNT SHASTA, CA US",27.2,",,7",10.0,",,7",,,,,,,,,,,,,,,,,,,,,,,,,,,True,0.0,0.0,0.0,27.2,10.0,18.6,57.325083969202744,0.0,0.0,0.0,0.0,0.0,0.0,0.05,0.2582415196552003,21.298088675505298,0.0023476285014018402,0.012125103035757433,shasta,USC00045983,"MOUNT SHASTA, CA US",,
2026-05-13,USC00045983,0.0,",,7,0800",",,7,0800",0.0,13.9,",,7,0800",",,7,0800",0.0,"MOUNT SHASTA, CA US",26.1,",,7",5.6,",,7",,,,,,,,,,,,,,,,,,,,,,,,,,,True,0.0,0.0,0.0,26.1,5.6,15.850000000000001,50.555705127944655,0.0,0.0,0.0,0.0,0.0,0.0,0.05,0.1994885348500538,21.298088675505298,0.0023476285014018402,0.00936649940233761,shasta,USC00045983,"MOUNT SHASTA, CA US",,
2026-05-14,USC00045983,0.0,",,7,0800",",,7,0800",0.0,8.9,",,7,0800",",,7,0800",0.0,"MOUNT SHASTA, CA US",20.0,",,7",5.0,",,7",,,,,,,,,,,,,,,,,,,,,,,,,,,True,0.0,0.0,0.0,20.0,5.0,12.5,60.238444059528916,0.0,0.0,0.0,0.0,0.0,0.0,0.05,0.1723908607143087,21.298088675505298,0.0023476285014018402,0.008094193959882118,shasta,USC00045983,"MOUNT SHASTA, CA US",,
2026-05-15,USC00045983,0.0,",,7,0800",",,7,0800",0.0,10.0,",,7,0800",",,7,0800",0.0,"MOUNT SHASTA, CA US",24.4,",,7",6.1,",,7",,,,,,,,,,,,,,,,,,,,,,,,,,,True,0.0,0.0,0.0,24.4,6.1,15.25,54.38490103933714,0.0,0.0,0.0,0.0,0.0,0.0,0.05,0.1502051615624883,21.298088675505298,0.0023476285014018402,0.007052518366835314,shasta,USC00045983,"MOUNT SHASTA, CA US",,
2026-05-16,USC00045983,0.0,",,7,0800",",,7,0800",0.0,6.7,",,7,0800",",,7,0800",0.0,"MOUNT SHASTA, CA US",21.1,",,7",3.9,",,7",,,,,,,,,,,,,,,,,,,,,,,,,,,True,0.0,0.0,0.0,21.1,3.9,12.5,55.778160678819326,0.0,0.0,0.0,0.0,0.0,0.0,0.05,0.13204104738835692,21.298088675505298,0.0023476285014018402,0.006199666524077154,shasta,USC00045983,"MOUNT SHASTA, CA US",,
2026-05-17,USC00045983,0.0,",,7,0800",",,7,0800",0.0,3.9,",,7,0800",",,7,0800",0.0,"MOUNT SHASTA, CA US",15.0,",,7",2.8,",,7",,,,,,,,,,,,,,,,,,,,,,,,,,,True,0.0,0.0,0.0,15.0,2.8,8.9,65.58139377917824,0.0,0.0,0.0,0.0,0.0,0.0,0.05,0.11716952851157585,21.298088675505298,0.0023476285014018402,0.005501410492591819,shasta,USC00045983,"MOUNT SHASTA, CA US",,
2026-05-18,USC00045983,0.0,",,7,0800",",,7,0800",0.0,6.1,",,7,0800",",,7,0800",0.0,"MOUNT SHASTA, CA US",15.6,",,7",3.3,",,7",,,,,,,,,,,,,,,,,,,,,,,,,,,True,0.0,0.0,0.0,15.6,3.3,9.45,65.47195930764846,0.0,0.0,0.0,0.0,0.0,0.0,0.05,0.09450720647714775,21.298088675505298,0.0023476285014018402,0.004437356230272412,shasta,USC00045983,"MOUNT SHASTA, CA US",,
2026-05-19,USC00045983,0.0,",,7,0800",",,7,0800",0.0,7.2,",,7,0800",",,7,0800",0.0,"MOUNT SHASTA, CA US",22.2,",,7",3.9,",,7",,,,,,,,,,,,,,,,,,,,,,,,,,,True,0.0,0.0,0.0,22.2,3.9,13.049999999999999,53.805791884882325,0.0,0.0,0.0,0.0,0.0,0.0,0.05,0.0864394186764324,21.298088675505298,0.0023476285014018402,0.0040585528585879846,shasta,USC00045983,"MOUNT SHASTA, CA US",,
2026-05-20,USC00045983,0.0,",,7,0800",",,7,0800",0.0,11.7,",,7,0800",",,7,0800",0.0,"MOUNT SHASTA, CA US",22.8,",,7",4.4,",,7",,,,,,,,,,,,,,,,,,,,,,,,,,,True,0.0,0.0,0.0,22.8,4.4,13.600000000000001,53.76304607288373,0.0,0.0,0.0,0.0,0.0,0.0,0.05,0.07983407269467938,21.298088675505298,0.0023476285014018402,0.0037484148888203136,shasta,USC00045983,"MOUNT SHASTA, CA US",,
2026-05-21,USC00045983,0.0,",,7,0800",",,7,0800",0.0,12.8,",,7,0800",",,7,0800",0.0,"MOUNT SHASTA, CA US",21.7,",,7",6.7,",,7",,,,,,,,,,,,,,,,,,,,,,,,,,,True,0.0,0.0,0.0,21.7,6.7,14.2,60.648070661277124,0.0,0.0,0.0,0.0,0.0,0.0,0.05,0.0744260728046981,21.298088675505298,0.0023476285014018402,0.0034944953952743526,shasta,USC00045983,"MOUNT SHASTA, CA US",,
2026-05-22,USC00045983,0.0,",,7,0800",",,7,0800",0.0,16.7,",,7,0800",",,7,0800",0.0,"MOUNT SHASTA, CA US",27.2,",,7",7.8,",,7",,,,,,,,,,,,,,,,,,,,,,,,,,,True,0.0,0.0,0.0,27.2,7.8,17.5,52.952187071348845,0.0,0.0,0.0,0.0,0.0,0.0,0.05,0.06999837698212809,21.298088675505298,0.0023476285014018402,0.003286603697102288,shasta,USC00045983,"MOUNT SHASTA, CA US",,
2026-05-23,USC00045983,0.0,",,7,0800",",,7,0800",0.0,17.2,",,7,0800",",,7,0800",0.0,"MOUNT SHASTA, CA US",27.2,",,7",10.0,",,7",,,,,,,,,,,,,,,,,,,,,,,,,,,True,0.0,0.0,0.0,27.2,10.0,18.6,57.325083969202744,0.0,0.0,0.0,0.0,0.0,0.0,0.05,0.0663732862469151,21.298088675505298,0.0023476285014018402,0.003116396370499213,shasta,USC00045983,"MOUNT SHASTA, CA US",,
2026-05-24,USC00045983,0.0,",,7,0800",",,7,0800",0.0,17.8,",,7,0800",",,7,0800",0.0,"MOUNT SHASTA, CA US",23.9,",,7",8.3,",,7",,,,,,,,,,,,,,,,,,,,,,,,,,,True,0.0,0.0,0.0,23.9,8.3,16.1,59.870523930266955,0.0,0.0,0.0,0.0,0.0,0.0,0.05,0.06340531297929818,21.298088675505298,0.0023476285014018402,0.0029770423978100883,shasta,USC00045983,"MOUNT SHASTA, CA US",,
2026-05-25,USC00045983,0.0,",,7,0800",",,7,0800",0.0,12.8,",,7,0800",",,7,0800",0.0,"MOUNT SHASTA, CA US",25.0,",,7",8.3,",,7",,,,,,,,,,,,,,,,,,,,,,,,,,,True,0.0,0.0,0.0,25.0,8.3,16.65,57.810781019033996,0.0,0.0,0.0,0.0,0.0,0.0,0.05,0.05269648500260704,21.298088675505298,0.0023476285014018402,0.002474235402316298,shasta,USC00045983,"MOUNT SHASTA, CA US",,
2026-05-26,USC00045983,0.0,",,7,0800",",,7,0800",0.0,6.1,",,7,0800",",,7,0800",0.0,"MOUNT SHASTA, CA US",21.1,",,7",5.0,",,7",,,,,,,,,,,,,,,,,,,,,,,,,,,True,0.0,0.0,0.0,21.1,5.0,13.05,58.10835540453582,0.0,0.0,0.0,0.0,0.0,0.0,0.05,0.05,21.298088675505298,0.0023476285014018402,0.0023476285014018402,shasta,USC00045983,"MOUNT SHASTA, CA US",,
2026-05-27,USC00045983,0.0,",,7,0800",",,7,0800",9.4,6.1,",,7,0800",",,7,0800",0.0,"MOUNT SHASTA, CA US",13.9,",,7",5.0,",,7",,,,,,,,,,,,,,,,,,,,,,,,,,,True,9.4,0.0,0.0,13.9,5.0,9.45,73.75883509959525,0.0,9.4,0.0,0.0,0.0,9.4,0.05,1.779871339629934,21.298088675505298,0.0023476285014018402,0.08356953371487014,shasta,USC00045983,"MOUNT SHASTA, CA US",,
2026-05-28,USC00045983,0.0,",,7,0800",",,7,0800",19.6,8.3,",,7,0800",",,7,0800",0.0,"MOUNT SHASTA, CA US",12.8,",,7",4.4,",,7",,,,,,,,,,,,,,,,,,,,,,,,,,,True,19.6,0.0,0.0,12.8,4.4,8.600000000000001,74.90576853961927,0.0,19.6,0.0,0.0,0.0,19.6,0.05,5.073264636617564,21.298088675505298,0.0023476285014018402,0.23820281312154884,shasta,USC00045983,"MOUNT SHASTA, CA US",,
2026-05-29,USC00045983,0.0,",,7,0800",",,7,0800",28.7,10.0,",,7,0800",",,7,0800",0.0,"MOUNT SHASTA, CA US",17.2,",,7",7.2,",,7",,,,,,,,,,,,,,,,,,,,,,,,,,,True,28.7,0.0,0.0,17.2,7.2,12.2,71.51026102177828,0.0,28.7,0.0,0.0,0.0,28.7,0.05,9.444329690696733,21.298088675505298,0.0023476285014018402,0.4434355511703055,shasta,USC00045983,"MOUNT SHASTA, CA US",,
2026-05-30,USC00045983,0.0,",,7,0800",",,7,0800",3.0,10.0,",,7,0800",",,7,0800",0.0,"MOUNT SHASTA, CA US",17.8,",,7",7.8,",,7",,,,,,,,,,,,,,,,,,,,,,,,,,,True,3.0,0.0,0.0,17.8,7.8,12.8,71.62381165163026,0.0,3.0,0.0,0.0,0.0,3.0,0.05,8.293513220081216,21.298088675505298,0.0023476285014018402,0.3894017602443123,shasta,USC00045983,"MOUNT SHASTA, CA US",,
2026-05-31,USC00045983,0.0,",,7,0800",",,7,0800",0.0,10.6,",,7,0800",",,7,0800",0.0,"MOUNT SHASTA, CA US",19.4,",,7",5.6,",,7",,,,,,,,,,,,,,,,,,,,,,,,,,,True,0.0,0.0,0.0,19.4,5.6,12.5,62.801865331242716,0.0,0.0,0.0,0.0,0.0,0.0,0.05,6.799217786685392,21.298088675505298,0.0023476285014018402,0.3192407492652192,shasta,USC00045983,"MOUNT SHASTA, CA US",,
2026-06-01,USC00045983,0.0,",,7,0800",",,7,0800",0.0,11.1,",,7,0800",",,7,0800",0.0,"MOUNT SHASTA, CA US",21.7,",,7",5.0,",,7",,,,,,,,,,,,,,,,,,,,,,,,,,,True,0.0,0.0,0.0,21.7,5.0,13.35,56.98211798704991,0.0,0.0,0.0,0.0,0.0,0.0,0.05,5.5757921611802415,21.298088675505298,0.0023476285014018402,0.2617977719095939,shasta,USC00045983,"MOUNT SHASTA, CA US",,
2026-06-02,USC00045983,0.0,",,7,0800",",,7,0800",0.0,13.9,",,7,0800",",,7,0800",0.0,"MOUNT SHASTA, CA US",25.6,",,7",6.7,",,7",,,,,,,,,,,,,,,,,,,,,,,,,,,True,0.0,0.0,0.0,25.6,6.7,16.150000000000002,53.50670411722178,0.0,0.0,0.0,0.0,0.0,0.0,0.05,4.574135977475508,21.298088675505298,0.0023476285014018402,0.21476743980018131,shasta,USC00045983,"MOUNT SHASTA, CA US",,
2026-06-03,USC00045983,0.0,",,7,0800",",,7,0800",0.0,16.1,",,7,0800",",,7,0800",0.0,"MOUNT SHASTA, CA US",26.7,",,7",12.8,",,7",,,,,,,,,,,,,,,,,,,,,,,,,,,True,0.0,0.0,0.0,26.7,12.8,19.75,64.22311930367218,0.0,0.0,0.0,0.0,0.0,0.0,0.05,3.7540492558657146,21.298088675505298,0.0023476285014018402,0.1762622605747344,shasta,USC00045983,"MOUNT SHASTA, CA US",,
2026-06-04,USC00045983,0.0,",,7,0800",",,7,0800",0.0,12.8,",,7,0800",",,7,0800",0.0,"MOUNT SHASTA, CA US",26.7,",,7",9.4,",,7",,,,,,,,,,,,,,,,,,,,,,,,,,,True,0.0,0.0,0.0,26.7,9.4,18.05,56.99657829687643,0.0,0.0,0.0,0.0,0.0,0.0,0.05,3.0826190366928747,21.298088675505298,0.0023476285014018402,0.14473688619008154,shasta,USC00045983,"MOUNT SHASTA, CA US",,
2026-06-05,USC00045983,0.0,",,7,0800",",,7,0800",0.0,13.3,",,7,0800",",,7,0800",0.0,"MOUNT SHASTA, CA US",26.1,",,7",10.6,",,7",,,,,,,,,,,,,,,,,,,,,,,,,,,True,0.0,0.0,0.0,26.1,10.6,18.35,60.60892701251806,0.0,0.0,0.0,0.0,0.0,0.0,0.05,2.532898467710181,21.298088675505298,0.0023476285014018402,0.11892609267906938,shasta,USC00045983,"MOUNT SHASTA, CA US",,
2026-06-06,USC00045983,0.0,",,7,0800",",,7,0800",0.0,9.4,",,7,0800",",,7,0800",0.0,"MOUNT SHASTA, CA US",27.2,",,7",8.3,",,7",,,,,,,,,,,,,,,,,,,,,,,,,,,True,0.0,0.0,0.0,27.2,8.3,17.75,53.925326685859694,0.0,0.0,0.0,0.0,0.0,0.0,0.05,2.0828253322845236,21.298088675505298,0.0023476285014018402,0.09779400227025811,shasta,USC00045983,"MOUNT SHASTA, CA US",,
2026-06-07,USC00045983,0.0,",,7,0800",",,7,0800",0.0,8.9,",,7,0800",",,7,0800",0.0,"MOUNT SHASTA, CA US",20.0,",,7",3.3,",,7",,,,,,,,,,,,,,,,,,,,,,,,,,,True,0.0,0.0,0.0,20.0,3.3,11.65,56.54722395673351,0.0,0.0,0.0,0.0,0.0,0.0,0.05,1.7143366151773067,21.298088675505298,0.0023476285014018402,0.08049250997574006,shasta,USC00045983,"MOUNT SHASTA, CA US",,
2026-06-08,USC00045983,0.0,",,7,0800",",,7,0800",0.0,9.4,",,7,0800",",,7,0800",0.0,"MOUNT SHASTA, CA US",20.0,",,7",5.0,",,7",,,,,,,,,,,,,,,,,,,,,,,,,,,True,0.0,0.0,0.0,20.0,5.0,12.5,60.238444059528916,0.0,0.0,0.0,0.0,0.0,0.0,0.05,1.4126435703193758,21.298088675505298,0.0023476285014018402,0.06632724616007642,shasta,USC00045983,"MOUNT SHASTA, CA US",,
2026-06-09,USC00045983,0.0,",,7,0800",",,7,0800",0.8,9.4,",,7,0800",",,7,0800",0.0,"MOUNT SHASTA, CA US",14.4,",,7",3.3,",,7",,,,,,,,,,,,,,,,,,,,,,,,,,,True,0.8,0.0,0.0,14.4,3.3,8.85,68.1719552970427,0.0,0.8,0.0,0.0,0.0,0.8,0.05,1.3128612892389149,21.298088675505298,0.0023476285014018402,0.06164221162008882,shasta,USC00045983,"MOUNT SHASTA, CA US",,
2026-06-10,USC00045983,0.0,",,7,0800",",,7,0800",0.0,11.1,",,7,0800",",,7,0800",0.0,"MOUNT SHASTA, CA US",22.8,",,7",8.3,",,7",,,,,,,,,,,,,,,,,,,,,,,,,,,True,0.0,0.0,0.0,22.8,8.3,15.55,62.012887952102574,0.0,0.0,0.0,0.0,0.0,0.0,0.05,1.0839433743716078,21.298088675505298,0.0023476285014018402,0.05089392719160942,shasta,USC00045983,"MOUNT SHASTA, CA US",,
2026-06-11,USC00045983,0.0,",,7,0800",",,7,0800",0.0,15.0,",,7,0800",",,7,0800",0.0,"MOUNT SHASTA, CA US",24.4,",,7",10.6,",,7",,,,,,,,,,,,,,,,,,,,,,,,,,,True,0.0,0.0,0.0,24.4,10.6,17.5,63.93751725471262,0.0,0.0,0.0,0.0,0.0,0.0,0.05,0.8965212375392564,21.298088675505298,0.0023476285014018402,0.04209397618718415,shasta,USC00045983,"MOUNT SHASTA, CA US",,
2026-06-12,USC00045983,0.0,",,7,0800",",,7,0800",0.0,17.8,",,7,0800",",,7,0800",0.0,"MOUNT SHASTA, CA US",28.9,",,7",13.9,",,7",,,,,,,,,,,,,,,,,,,,,,,,,,,True,0.0,0.0,0.0,28.9,13.9,21.4,62.32331261022911,0.0,0.0,0.0,0.0,0.0,0.0,0.05,0.7430729703070205,21.298088675505298,0.0023476285014018402,0.03488918567428169,shasta,USC00045983,"MOUNT SHASTA, CA US",,
2026-06-13,USC00045983,0.0,",,7,0800",",,7,0800",0.0,18.3,",,7,0800",",,7,0800",0.0,"MOUNT SHASTA, CA US",30.0,",,7",11.7,",,7",,,,,,,,,,,,,,,,,,,,,,,,,,,True,0.0,0.0,0.0,30.0,11.7,20.85,55.81917051932364,0.0,0.0,0.0,0.0,0.0,0.0,0.05,0.6174401549174606,21.298088675505298,0.0023476285014018402,0.02899040211188396,shasta,USC00045983,"MOUNT SHASTA, CA US",,
2026-06-14,USC00045983,0.0,",,7,0800",",,7,0800",0.0,18.9,",,7,0800",",,7,0800",0.0,"MOUNT SHASTA, CA US",30.6,",,7",10.0,",,7",,,,,,,,,,,,,,,,,,,,,,,,,,,True,0.0,0.0,0.0,30.6,10.0,20.3,51.575567703898805,0.0,0.0,0.0,0.0,0.0,0.0,0.05,0.5145807053622592,21.298088675505298,0.0023476285014018402,0.024160886603598046,shasta,USC00045983,"MOUNT SHASTA, CA US",,
2026-06-15,USC00045983,0.0,",,7,0800",",,7,0800",0.0,17.2,",,7,0800",",,7,0800",0.0,"MOUNT SHASTA, CA US",32.2,",,7",11.1,",,7",,,,,,,,,,,,,,,,,,,,,,,,,,,True,0.0,0.0,0.0,32.2,11.1,21.650000000000002,51.07813912882916,0.0,0.0,0.0,0.0,0.0,0.0,0.05,0.4303665107667424,21.298088675505298,0.0023476285014018402,0.020206813734497328,shasta,USC00045983,"MOUNT SHASTA, CA US",,
2026-06-16,USC00045983,0.0,",,7,0800",",,7,0800",0.0,19.4,",,7,0800",",,7,0800",0.0,"MOUNT SHASTA, CA US",33.9,",,7",13.3,",,7",,,,,,,,,,,,,,,,,,,,,,,,,,,True,0.0,0.0,0.0,33.9,13.3,23.6,52.43954598139339,0.0,0.0,0.0,0.0,0.0,0.0,0.05,0.36141775980569935,21.298088675505298,0.0023476285014018402,0.01696949267665328,shasta,USC00045983,"MOUNT SHASTA, CA US",,
2026-06-17,USC00045983,0.0,",,7,0800",",,7,0800",0.0,20.0,",,7,0800",",,7,0800",0.0,"MOUNT SHASTA, CA US",34.4,",,7",12.2,",,7",,,,,,,,,,,,,,,,,,,,,,,,,,,True,0.0,0.0,0.0,34.4,12.2,23.299999999999997,49.686805924480865,0.0,0.0,0.0,0.0,0.0,0.0,0.05,0.27902687844461493,21.298088675505298,0.0023476285014018402,0.013101029049875295,shasta,USC00045983,"MOUNT SHASTA, CA US",,
2026-06-18,USC00045983,0.0,",,7,0800",",,7,0800",0.0,18.3,",,7,0800",",,7,0800",0.0,"MOUNT SHASTA, CA US",32.2,",,7",13.9,",,7",,,,,,,,,,,,,,,,,,,,,,,,,,,True,0.0,0.0,0.0,32.2,13.9,23.05,56.36728753357131,0.0,0.0,0.0,0.0,0.0,0.0,0.05,0.18342281634128432,21.298088675505298,0.0023476285014018402,0.008612172629003885,shasta,USC00045983,"MOUNT SHASTA, CA US",,
2026-06-19,USC00045983,0.0,",,7,0800",",,7,0800",0.0,17.2,",,7,0800",",,7,0800",0.0,"MOUNT SHASTA, CA US",31.7,",,7",16.1,",,7",,,,,,,,,,,,,,,,,,,,,,,,,,,True,0.0,0.0,0.0,31.7,16.1,23.9,61.692553954215626,0.0,0.0,0.0,0.0,0.0,0.0,0.05,0.08003629771396498,21.298088675505298,0.0023476285014018402,0.003757909873199742,shasta,USC00045983,"MOUNT SHASTA, CA US",,
2026-06-20,USC00045983,0.0,",,7,0800",",,7,0800",4.1,13.3,",,7,0800",",,7,0800",0.0,"MOUNT SHASTA, CA US",18.9,",,7",11.1,",,7",,,,,,,,,,,,,,,,,,,,,,,,,,,True,4.1,0.0,0.0,18.9,11.1,15.0,77.51115072171147,0.0,4.1,0.0,0.0,0.0,4.1,0.05,0.8208311339229692,21.298088675505298,0.0023476285014018402,0.038540131296711064,shasta,USC00045983,"MOUNT SHASTA, CA US",,
2026-06-21,USC00045983,0.0,",,7,0800",",,7,0800",0.0,15.6,",,7,0800",",,7,0800",0.0,"MOUNT SHASTA, CA US",23.3,",,7",8.9,",,7",,,,,,,,,,,,,,,,,,,,,,,,,,,True,0.0,0.0,0.0,23.3,8.9,16.1,62.350547871684554,0.0,0.0,0.0,0.0,0.0,0.0,0.05,0.6811031547727073,21.298088675505298,0.0023476285014018402,0.03197954357078233,shasta,USC00045983,"MOUNT SHASTA, CA US",,
2026-06-22,USC00045983,0.0,",,7,0800",",,7,0800",0.0,17.2,",,7,0800",",,7,0800",0.0,"MOUNT SHASTA, CA US",28.3,",,7",8.9,",,7",,,,,,,,,,,,,,,,,,,,,,,,,,,True,0.0,0.0,0.0,28.3,8.9,18.6,53.24088313880135,0.0,0.0,0.0,0.0,0.0,0.0,0.05,0.5667035611769489,21.298088675505298,0.0023476285014018402,0.026608188641298526,shasta,USC00045983,"MOUNT SHASTA, CA US",,
2026-06-23,USC00045983,0.0,",,7,0800",",,7,0800",0.0,18.9,",,7,0800",",,7,0800",0.0,"MOUNT SHASTA, CA US",30.6,",,7",9.4,",,7",,,,,,,,,,,,,,,,,,,,,,,,,,,True,0.0,0.0,0.0,30.6,9.4,20.0,50.46925737562965,0.0,0.0,0.0,0.0,0.0,0.0,0.05,0.47304109576047837,21.298088675505298,0.0023476285014018402,0.02221049517483312,shasta,USC00045983,"MOUNT SHASTA, CA US",,
2026-06-24,USC00045983,0.0,",,7,0800",",,7,0800",0.0,18.3,",,7,0800",",,7,0800",0.0,"MOUNT SHASTA, CA US",29.4,",,7",11.7,",,7",,,,,,,,,,,,,,,,,,,,,,,,,,,True,0.0,0.0,0.0,29.4,11.7,20.549999999999997,56.85999511920206,0.0,0.0,0.0,0.0,0.0,0.0,0.05,0.39635675491491107,21.298088675505298,0.0023476285014018402,0.01860996829122778,shasta,USC00045983,"MOUNT SHASTA, CA US",,
2026-06-25,USC00045983,0.0,",,7,0800",",,7,0800",0.0,16.7,",,7,0800",",,7,0800",0.0,"MOUNT SHASTA, CA US",30.6,",,7",9.4,",,7",,,,,,,,,,,,,,,,,,,,,,,,,,,True,0.0,0.0,0.0,30.6,9.4,20.0,50.46925737562965,0.0,0.0,0.0,0.0,0.0,0.0,0.05,0.3335729267851312,21.298088675505298,0.0023476285014018402,0.015662106204336064,shasta,USC00045983,"MOUNT SHASTA, CA US",,
2026-06-26,USC00045983,0.0,",,7,0800",",,7,0800",0.5,15.6,",,7,0800",",,7,0800",0.0,"MOUNT SHASTA, CA US",27.2,",,7",12.2,",,7",,,,,,,,,,,,,,,,,,,,,,,,,,,True,0.5,0.0,0.0,27.2,12.2,19.7,61.93630644082758,0.0,0.5,0.0,0.0,0.0,0.5,0.05,0.3741843088583569,21.298088675505298,0.0023476285014018402,0.017568914965064554,shasta,USC00045983,"MOUNT SHASTA, CA US",,
2026-06-27,USC00045983,0.0,",,7,0800",",,7,0800",0.0,11.1,",,7,0800",",,7,0800",0.0,"MOUNT SHASTA, CA US",21.1,",,7",8.9,",,7",,,,,,,,,,,,,,,,,,,,,,,,,,,True,0.0,0.0,0.0,21.1,8.9,15.0,66.9026253514193,0.0,0.0,0.0,0.0,0.0,0.0,0.05,0.3154196633276675,21.298088675505298,0.0023476285014018402,0.0148097638306121,shasta,USC00045983,"MOUNT SHASTA, CA US",,
2026-06-28,USC00045983,0.0,",,7,0800",",,7,0800",0.0,8.9,",,7,0800",",,7,0800",0.0,"MOUNT SHASTA, CA US",20.6,",,7",5.0,",,7",,,,,,,,,,,,,,,,,,,,,,,,,,,True,0.0,0.0,0.0,20.6,5.0,12.8,59.06594302258198,0.0,0.0,0.0,0.0,0.0,0.0,0.05,0.2673072408379657,21.298088675505298,0.0023476285014018402,0.012550761944445883,shasta,USC00045983,"MOUNT SHASTA, CA US",,
2026-06-29,USC00045983,0.0,",,7,0800",",,7,0800",0.0,8.9,",,7,0800",",,7,0800",0.0,"MOUNT SHASTA, CA US",18.9,",,7",6.7,",,7",,,,,,,,,,,,,,,,,,,,,,,,,,,True,0.0,0.0,0.0,18.9,6.7,12.799999999999999,66.43412237731724,0.0,0.0,0.0,0.0,0.0,0.0,0.05,0.227916120940566,21.298088675505298,0.0023476285014018402,0.01070124762898043,shasta,USC00045983,"MOUNT SHASTA, CA US",,
2026-06-30,USC00045983,0.0,",,7,0800",",,7,0800",0.0,11.7,",,7,0800",",,7,0800",0.0,"MOUNT SHASTA, CA US",21.7,",,7",7.8,",,7",,,,,,,,,,,,,,,,,,,,,,,,,,,True,0.0,0.0,0.0,21.7,7.8,14.75,63.10355219542805,0.0,0.0,0.0,0.0,0.0,0.0,0.05,0.193457704485535,21.298088675505298,0.0023476285014018402,0.009083336417320332,shasta,USC00045983,"MOUNT SHASTA, CA US",,
2025-07-01,USC00045449,0.0,",,7,0800",",,7,0800",0.0,14.4,",,7,0800",",,7,0800",0.0,"MCCLOUD, CA US",36.7,",,7",14.4,",,7",,,,,,,,,,,,,,,,,,,,,,,,,,,True,0.0,0.0,0.0,36.7,14.4,25.55,50.1204021823529,0.0,0.0,0.0,0.0,0.0,0.0,0.05,0.05,24.960140638743077,0.002003193841079169,0.002003193841079169,mccloud,USC00045449,"MCCLOUD, CA US",,
2025-07-02,USC00045449,0.0,",,7,0800",",,7,0800",7.4,15.0,",,7,0800",",,7,0800",0.0,"MCCLOUD, CA US",36.7,",,7",11.7,",,7",,,,,,,,,,,,,,,,,,,,,,,,,,,True,7.4,0.0,0.0,36.7,11.7,24.200000000000003,45.54199016430845,0.0,7.4,0.0,0.0,0.0,7.4,0.05,1.4118136077937777,24.960140638743077,0.002003193841079169,0.056562726477685135,mccloud,USC00045449,"MCCLOUD, CA US",,
2025-07-03,USC00045449,0.0,",,7,0800",",,7,0800",0.0,16.1,",,7,0800",",,7,0800",0.0,"MCCLOUD, CA US",31.7,",,7",15.0,",,7",,,,,,,,,,,,,,,,,,,,,,,,,,,True,0.0,0.0,0.0,31.7,15.0,23.35,59.431759514746744,0.0,0.0,0.0,0.0,0.0,0.0,0.05,1.1649586806608432,24.960140638743077,0.002003193841079169,0.0466727610842303,mccloud,USC00045449,"MCCLOUD, CA US",,
2025-07-04,USC00045449,0.0,",,7,0800",",,7,0800",0.0,,,",,7,0800",0.0,"MCCLOUD, CA US",25.6,",,7",10.6,",,7",,,,,,,,,,,,,,,,,,,,,,,,,,,True,0.0,0.0,0.0,25.6,10.6,18.1,61.56729502675715,0.0,0.0,0.0,0.0,0.0,0.0,0.05,0.9628509602682853,24.960140638743077,0.002003193841079169,0.03857554226973185,mccloud,USC00045449,"MCCLOUD, CA US",,
2025-07-05,USC00045449,0.0,",,7,0800",",,7,0800",0.0,,,",,7,0800",0.0,"MCCLOUD, CA US",28.3,",,7",10.6,",,7",,,,,,,,,,,,,,,,,,,,,,,,,,,True,0.0,0.0,0.0,28.3,10.6,19.45,56.58632364445439,0.0,0.0,0.0,0.0,0.0,0.0,0.05,0.7973791541484121,24.960140638743077,0.002003193841079169,0.03194610021190032,mccloud,USC00045449,"MCCLOUD, CA US",,
2025-07-06,USC00045449,0.0,",,7,0800",",,7,0800",0.0,,,",,7,0800",0.0,"MCCLOUD, CA US",33.3,",,7",12.8,",,7",,,,,,,,,,,,,,,,,,,,,,,,,,,True,0.0,0.0,0.0,33.3,12.8,23.049999999999997,52.46827756691779,0.0,0.0,0.0,0.0,0.0,0.0,0.05,0.6619022977107145,24.960140638743077,0.002003193841079169,0.026518372123405073,mccloud,USC00045449,"MCCLOUD, CA US",,
2025-07-07,USC00045449,0.0,",,7,0800",",,7,0800",0.0,,,",,7,0800",0.0,"MCCLOUD, CA US",35.6,",,7",11.7,",,7",,,,,,,,,,,,,,,,,,,,,,,,,,,True,0.0,0.0,0.0,35.6,11.7,23.65,47.072624172967245,0.0,0.0,0.0,0.0,0.0,0.0,0.05,0.5509832290148409,24.960140638743077,0.002003193841079169,0.02207452421800885,mccloud,USC00045449,"MCCLOUD, CA US",,
2025-07-08,USC00045449,0.0,",,7,0800",",,7,0800",0.0,,,",,7,0800",0.0,"MCCLOUD, CA US",28.9,",,7",16.7,",,7",,,,,,,,,,,,,,,,,,,,,,,,,,,True,0.0,0.0,0.0,28.9,16.7,22.799999999999997,68.49406925058418,0.0,0.0,0.0,0.0,0.0,0.0,0.05,0.46017037637075964,24.960140638743077,0.002003193841079169,0.018436209275859775,mccloud,USC00045449,"MCCLOUD, CA US",,
2025-07-09,USC00045449,0.0,",,7,0800",",,7,0800",0.0,12.8,",,7,0800",",,7,0800",0.0,"MCCLOUD, CA US",31.1,",,7",10.0,",,7",,,,,,,,,,,,,,,,,,,,,,,,,,,True,0.0,0.0,0.0,31.1,10.0,20.55,50.78598182720913,0.0,0.0,0.0,0.0,0.0,0.0,0.05,0.38581910113631124,24.960140638743077,0.002003193841079169,0.015457408943339192,mccloud,USC00045449,"MCCLOUD, CA US",,
2025-07-10,,,,,,,,,,,,,,,,,,,,,,,,,,,,,,,,,,,,,,,,,False,0.0,0.0,0.0,32.766666666666666,11.866666666666667,22.316666666666666,51.59334642891875,0.0,0.0,0.0,0.0,0.0,0.0,0.05,0.324945425571303,24.960140638743077,0.002003193841079169,0.013018573503825672,mccloud,USC00045449,"MCCLOUD, CA US",,
2025-07-11,,,,,,,,,,,,,,,,,,,,,,,,,,,,,,,,,,,,,,,,,False,0.0,0.0,0.0,34.43333333333334,13.733333333333333,24.083333333333336,52.39408963867927,0.0,0.0,0.0,0.0,0.0,0.0,0.05,0.27510627533333915,24.960140638743077,0.002003193841079169,0.0110218239277995,mccloud,USC00045449,"MCCLOUD, CA US",,
2025-07-12,USC00045449,0.0,",,7,0800",",,7,0800",0.0,,,",,7,0800",0.0,"MCCLOUD, CA US",36.1,",,7",15.6,",,7",,,,,,,,,,,,,,,,,,,,,,,,,,,True,0.0,0.0,0.0,36.1,15.6,25.85,53.188084906595996,0.0,0.0,0.0,0.0,0.0,0.0,0.05,0.23430143032624434,24.960140638743077,0.002003193841079169,0.009387023643711452,mccloud,USC00045449,"MCCLOUD, CA US",,
2025-07-13,USC00045449,0.0,",,7,0800",",,7,0800",0.0,,,",,7,0800",0.0,"MCCLOUD, CA US",37.8,",,7",16.1,",,7",,,,,,,,,,,,,,,,,,,,,,,,,,,True,0.0,0.0,0.0,37.8,16.1,26.95,51.464133236217506,0.0,0.0,0.0,0.0,0.0,0.0,0.05,0.20089324884435517,24.960140638743077,0.002003193841079169,0.008048562375987943,mccloud,USC00045449,"MCCLOUD, CA US",,
2025-07-14,USC00045449,0.0,",,7,0800",",,7,0800",0.0,18.3,",,7,0800",",,7,0800",0.0,"MCCLOUD, CA US",38.9,",,7",16.1,",,7",,,,,,,,,,,,,,,,,,,,,,,,,,,True,0.0,0.0,0.0,38.9,16.1,27.5,49.83066791662694,0.0,0.0,0.0,0.0,0.0,0.0,0.05,0.17354094326072228,24.960140638743077,0.002003193841079169,0.006952722974298967,mccloud,USC00045449,"MCCLOUD, CA US",,
2025-07-15,,,,,,,,,,,,,,,,,,,,,,,,,,,,,,,,,,,,,,,,,False,0.0,0.0,0.0,36.95,15.275000000000002,26.112500000000004,51.28816793432941,0.0,0.0,0.0,0.0,0.0,0.0,0.05,0.15114676951181535,24.960140638743077,0.002003193841079169,0.006055525555701624,mccloud,USC00045449,"MCCLOUD, CA US",,
2025-07-16,,,,,,,,,,,,,,,,,,,,,,,,,,,,,,,,,,,,,,,,,False,0.0,0.0,0.0,35.0,14.450000000000001,24.725,52.815100675834586,0.0,0.0,0.0,0.0,0.0,0.0,0.05,0.13281197077381368,24.960140638743077,0.002003193841079169,0.005320962437513802,mccloud,USC00045449,"MCCLOUD, CA US",,
2025-07-17,,,,,,,,,,,,,,,,,,,,,,,,,,,,,,,,,,,,,,,,,False,0.0,0.0,0.0,33.05,13.625,23.3375,54.41564865446485,0.0,0.0,0.0,0.0,0.0,0.0,0.05,0.11780070719551627,24.960140638743077,0.002003193841079169,0.004719553022576574,mccloud,USC00045449,"MCCLOUD, CA US",,
2025-07-18,USC00045449,0.0,",,7,0800",",,7,0800",0.0,,,",,7,0800",0.0,"MCCLOUD, CA US",31.1,",,7",12.8,",,7",,,,,,,,,,,,,,,,,,,,,,,,,,,True,0.0,0.0,0.0,31.1,12.8,21.950000000000003,56.09429669957213,0.0,0.0,0.0,0.0,0.0,0.0,0.05,0.10551052406140478,24.960140638743077,0.002003193841079169,0.00422716063937683,mccloud,USC00045449,"MCCLOUD, CA US",,
2025-07-19,USC00045449,0.0,",,7,0800",",,7,0800",0.0,,,",,7,0800",0.0,"MCCLOUD, CA US",31.7,",,7",12.2,",,7",,,,,,,,,,,,,,,,,,,,,,,,,,,True,0.0,0.0,0.0,31.7,12.2,21.95,53.92938069003591,0.0,0.0,0.0,0.0,0.0,0.0,0.05,0.09544817316854737,24.960140638743077,0.002003193841079169,0.003824023852669841,mccloud,USC00045449,"MCCLOUD, CA US",,
2025-07-20,USC00045449,0.0,",,7,0800",",,7,0800",0.0,,,",,7,0800",0.0,"MCCLOUD, CA US",32.2,",,7",13.3,",,7",,,,,,,,,,,,,,,,,,,,,,,,,,,True,0.0,0.0,0.0,32.2,13.3,22.75,55.20409791517579,0.0,0.0,0.0,0.0,0.0,0.0,0.05,0.08720981704430332,24.960140638743077,0.002003193841079169,0.0034939633676957906,mccloud,USC00045449,"MCCLOUD, CA US",,
2025-07-21,USC00045449,0.0,",,7,0800",",,7,0800",0.0,16.7,",,7,0800",",,7,0800",0.0,"MCCLOUD, CA US",31.7,",,7",15.0,",,7",,,,,,,,,,,,,,,,,,,,,,,,,,,True,0.0,0.0,0.0,31.7,15.0,23.35,59.431759514746744,0.0,0.0,0.0,0.0,0.0,0.0,0.05,0.08046482153057638,24.960140638743077,0.002003193841079169,0.0032237326982717017,mccloud,USC00045449,"MCCLOUD, CA US",,
2025-07-22,USC00045449,0.0,",,7,0800",",,7,0800",0.0,13.3,",,7,0800",",,7,0800",0.0,"MCCLOUD, CA US",26.1,",,7",11.7,",,7",,,,,,,,,,,,,,,,,,,,,,,,,,,True,0.0,0.0,0.0,26.1,11.7,18.9,62.98893293737408,0.0,0.0,0.0,0.0,0.0,0.0,0.05,0.07494248627411512,24.960140638743077,0.002003193841079169,0.003002486538789351,mccloud,USC00045449,"MCCLOUD, CA US",,
2025-07-23,USC00045449,0.0,",,7,0800",",,7,0800",0.0,11.1,",,7,0800",",,7,0800",0.0,"MCCLOUD, CA US",27.8,",,7",9.4,",,7",,,,,,,,,,,,,,,,,,,,,,,,,,,True,0.0,0.0,0.0,27.8,9.4,18.6,55.064359053093064,0.0,0.0,0.0,0.0,0.0,0.0,0.05,0.05,24.960140638743077,0.002003193841079169,0.002003193841079169,mccloud,USC00045449,"MCCLOUD, CA US",,
2025-07-24,,,,,,,,,,,,,,,,,,,,,,,,,,,,,,,,,,,,,,,,,False,15.35,0.0,0.0,29.75,9.4,19.575,51.81703044376738,0.0,15.35,0.0,0.0,0.0,15.35,0.05,2.8748430918424983,24.960140638743077,0.002003193841079169,0.11517735951295775,mccloud,USC00045449,"MCCLOUD, CA US",,
2025-07-25,USC00045449,0.0,,",,7,0800",,15.0,",,7,0800",",,7,0800",0.0,"MCCLOUD, CA US",31.7,",,7",9.4,",,7",2.0,",,7",",,7",30.7,,,,,,,,,,,,,,,,,,,,,,,True,15.35,0.0,0.0,31.7,9.4,20.55,48.78313897803777,0.0,15.35,0.0,0.0,0.0,15.35,0.05,5.187629003753842,24.960140638743077,0.002003193841079169,0.2078365294024672,mccloud,USC00045449,"MCCLOUD, CA US",,
2025-07-26,USC00045449,0.0,",,7,0800",",,7,0800",0.0,,,",,7,0800",0.0,"MCCLOUD, CA US",31.1,",,7",12.8,",,7",,,,,,,,,,,,,,,,,,,,,,,,,,,True,0.0,0.0,0.0,31.1,12.8,21.950000000000003,56.09429669957213,0.0,0.0,0.0,0.0,0.0,0.0,0.05,4.256334863278664,24.960140638743077,0.002003193841079169,0.17052527567380732,mccloud,USC00045449,"MCCLOUD, CA US",,
2025-07-27,USC00045449,0.0,",,7,0800",",,7,0800",0.0,,,",,7,0800",0.0,"MCCLOUD, CA US",26.1,",,7",12.2,",,7",,,,,,,,,,,,,,,,,,,,,,,,,,,True,0.0,0.0,0.0,26.1,12.2,19.15,64.09117197919643,0.0,0.0,0.0,0.0,0.0,0.0,0.05,3.493855710310311,24.960140638743077,0.002003193841079169,0.13997740481025797,mccloud,USC00045449,"MCCLOUD, CA US",,
2025-07-28,USC00045449,0.0,",,7,0800",",,7,0800",0.0,18.3,",,7,0800",",,7,0800",0.0,"MCCLOUD, CA US",28.3,",,7",13.3,",,7",,,,,,,,,,,,,,,,,,,,,,,,,,,True,0.0,0.0,0.0,28.3,13.3,20.8,62.18731412928012,0.0,0.0,0.0,0.0,0.0,0.0,0.05,2.869590579194269,24.960140638743077,0.002003193841079169,0.11496692349321529,mccloud,USC00045449,"MCCLOUD, CA US",,
2025-07-29,,,,,,,,,,,,,,,,,,,,,,,,,,,,,,,,,,,,,,,,,False,0.0,0.0,0.0,29.700000000000003,13.3,21.5,59.57226832301751,0.0,0.0,0.0,0.0,0.0,0.0,0.05,2.358485518275307,24.960140638743077,0.002003193841079169,0.09449007328967013,mccloud,USC00045449,"MCCLOUD, CA US",,
2025-07-30,USC00045449,0.0,",,7,0800",",,7,0800",0.0,14.4,",,7,0800",",,7,0800",0.0,"MCCLOUD, CA US",31.1,",,7",13.3,",,7",,,,,,,,,,,,,,,,,,,,,,,,,,,True,0.0,0.0,0.0,31.1,13.3,22.200000000000003,57.080129993681375,0.0,0.0,0.0,0.0,0.0,0.0,0.05,1.9400280868471576,24.960140638743077,0.002003193841079169,0.07772504630185657,mccloud,USC00045449,"MCCLOUD, CA US",,
2025-07-31,USC00045449,0.0,",,7,0800",",,7,0800",0.0,14.4,",,7,0800",",,7,0800",0.0,"MCCLOUD, CA US",30.6,",,7",14.4,",,7",,,,,,,,,,,,,,,,,,,,,,,,,,,True,0.0,0.0,0.0,30.6,14.4,22.5,60.19636079095624,0.0,0.0,0.0,0.0,0.0,0.0,0.05,1.5974241188829106,24.960140638743077,0.002003193841079169,0.06399900313075128,mccloud,USC00045449,"MCCLOUD, CA US",,
2025-08-01,USC00045449,0.0,",,7,0800",",,7,0800",14.0,11.7,",,7,0800",",,7,0800",0.0,"MCCLOUD, CA US",30.6,",,7",11.1,",,7",,,,,,,,,,,,,,,,,,,,,,,,,,,True,14.0,0.0,0.0,30.6,11.1,20.85,53.64657356861746,0.0,14.0,0.0,0.0,0.0,14.0,0.05,3.8933278370371305,24.960140638743077,0.002003193841079169,0.1559818068890972,mccloud,USC00045449,"MCCLOUD, CA US",,
2025-08-02,USC00045449,0.0,",,7,0800",",,7,0800",0.0,,,",,7,0800",0.0,"MCCLOUD, CA US",31.1,",,7",11.7,",,7",,,,,,,,,,,,,,,,,,,,,,,,,,,True,0.0,0.0,0.0,31.1,11.7,21.4,53.96609842694297,0.0,0.0,0.0,0.0,0.0,0.0,0.05,3.1966506943429813,24.960140638743077,0.002003193841079169,0.12807021965978616,mccloud,USC00045449,"MCCLOUD, CA US",,
2025-08-03,USC00045449,0.0,",,7,0800",",,7,0800",0.0,,,",,7,0800",0.0,"MCCLOUD, CA US",31.1,",,7",12.8,",,7",,,,,,,,,,,,,,,,,,,,,,,,,,,True,0.0,0.0,0.0,31.1,12.8,21.950000000000003,56.09429669957213,0.0,0.0,0.0,0.0,0.0,0.0,0.05,2.6262596926527833,24.960140638743077,0.002003193841079169,0.10521814482793052,mccloud,USC00045449,"MCCLOUD, CA US",,
2025-08-04,USC00045449,0.0,",,7,0800",",,7,0800",0.0,,,",,7,0800",0.0,"MCCLOUD, CA US",29.4,",,7",12.8,",,7",,,,,,,,,,,,,,,,,,,,,,,,,,,True,0.0,0.0,0.0,29.4,12.8,21.1,59.08949518847941,0.0,0.0,0.0,0.0,0.0,0.0,0.05,2.1592630382900633,24.960140638743077,0.002003193841079169,0.08650844839145096,mccloud,USC00045449,"MCCLOUD, CA US",,
2025-08-05,USC00045449,0.0,",,7,0800",",,7,0800",0.0,,,",,7,0800",0.0,"MCCLOUD, CA US",27.2,",,7",10.6,",,7",,,,,,,,,,,,,,,,,,,,,,,,,,,True,0.0,0.0,0.0,27.2,10.6,18.9,58.558875068030474,0.0,0.0,0.0,0.0,0.0,0.0,0.05,1.776918515778776,24.960140638743077,0.002003193841079169,0.07119024453815163,mccloud,USC00045449,"MCCLOUD, CA US",,
2025-08-06,USC00045449,0.0,",,7,0800",",,7,0800",0.0,20.6,",,7,0800",",,7,0800",0.0,"MCCLOUD, CA US",28.3,",,7",12.2,",,7",,,,,,,,,,,,,,,,,,,,,,,,,,,True,0.0,0.0,0.0,28.3,12.2,20.25,59.862444341113466,0.0,0.0,0.0,0.0,0.0,0.0,0.05,1.463881296927868,24.960140638743077,0.002003193841079169,0.05864875996153782,mccloud,USC00045449,"MCCLOUD, CA US",,
2025-08-07,USC00045449,0.0,",,7,0800",",,7,0800",0.0,,,",,7,0800",0.0,"MCCLOUD, CA US",28.9,",,7",12.2,",,7",,,,,,,,,,,,,,,,,,,,,,,,,,,True,0.0,0.0,0.0,28.9,12.2,20.549999999999997,58.764185694743084,0.0,0.0,0.0,0.0,0.0,0.0,0.05,1.207588098996627,24.960140638743077,0.002003193841079169,0.048380660849410895,mccloud,USC00045449,"MCCLOUD, CA US",,
2025-08-08,USC00045449,0.0,",,7,0800",",,7,0800",0.0,12.2,",,7,0800",",,7,0800",0.0,"MCCLOUD, CA US",30.6,",,7",11.7,",,7",,,,,,,,,,,,,,,,,,,,,,,,,,,True,0.0,0.0,0.0,30.6,11.7,21.15,54.799697475737034,0.0,0.0,0.0,0.0,0.0,0.0,0.05,0.9977529760456179,24.960140638743077,0.002003193841079169,0.03997385233065986,mccloud,USC00045449,"MCCLOUD, CA US",,
2025-08-09,USC00045449,0.0,",,7,0800",",,7,0800",0.0,,,",,7,0800",0.0,"MCCLOUD, CA US",32.2,",,7",11.7,",,7",,,,,,,,,,,,,,,,,,,,,,,,,,,True,0.0,0.0,0.0,32.2,11.7,21.950000000000003,52.181856798729484,0.0,0.0,0.0,0.0,0.0,0.0,0.05,0.8259545078097271,24.960140638743077,0.002003193841079169,0.03309093966112043,mccloud,USC00045449,"MCCLOUD, CA US",,
2025-08-10,USC00045449,0.0,",,7,0800",",,7,0800",0.0,,,",,7,0800",0.0,"MCCLOUD, CA US",33.9,",,7",14.4,",,7",,,,,,,,,,,,,,,,,,,,,,,,,,,True,0.0,0.0,0.0,33.9,14.4,24.15,54.4886946818226,0.0,0.0,0.0,0.0,0.0,0.0,0.05,0.6852978185333127,24.960140638743077,0.002003193841079169,0.027455687387818437,mccloud,USC00045449,"MCCLOUD, CA US",,
2025-08-11,USC00045449,0.0,",,7,0800",",,7,0800",0.0,15.6,",,7,0800",",,7,0800",0.0,"MCCLOUD, CA US",37.2,",,7",15.6,",,7",,,,,,,,,,,,,,,,,,,,,,,,,,,True,0.0,0.0,0.0,37.2,15.6,26.400000000000002,51.48629870237059,0.0,0.0,0.0,0.0,0.0,0.0,0.05,0.5701378613965782,24.960140638743077,0.002003193841079169,0.022841933050313484,mccloud,USC00045449,"MCCLOUD, CA US",,
2025-08-12,USC00045449,0.0,",,7,0800",",,7,0800",0.0,,,",,7,0800",0.0,"MCCLOUD, CA US",37.2,",,7",15.6,",,7",,,,,,,,,,,,,,,,,,,,,,,,,,,True,0.0,0.0,0.0,37.2,15.6,26.400000000000002,51.48629870237059,0.0,0.0,0.0,0.0,0.0,0.0,0.05,0.4758528629655913,24.960140638743077,0.002003193841079169,0.019064510487051243,mccloud,USC00045449,"MCCLOUD, CA US",,
2025-08-13,USC00045449,0.0,",,7,0800",",,7,0800",0.0,17.8,",,7,0800",",,7,0800",0.0,"MCCLOUD, CA US",35.6,",,7",15.6,",,7",,,,,,,,,,,,,,,,,,,,,,,,,,,True,0.0,0.0,0.0,35.6,15.6,25.6,53.9824847505112,0.0,0.0,0.0,0.0,0.0,0.0,0.05,0.39865883519623324,24.960140638743077,0.002003193841079169,0.015971818467137796,mccloud,USC00045449,"MCCLOUD, CA US",,
2025-08-14,USC00045449,0.0,",,7,0800",",,7,0800",0.0,17.2,",,7,0800",",,7,0800",0.0,"MCCLOUD, CA US",32.2,",,7",13.3,",,7",,,,,,,,,,,,,,,,,,,,,,,,,,,True,0.0,0.0,0.0,32.2,13.3,22.75,55.20409791517579,0.0,0.0,0.0,0.0,0.0,0.0,0.05,0.293097559117984,24.960140638743077,0.002003193841079169,0.011742624505209662,mccloud,USC00045449,"MCCLOUD, CA US",,
2025-08-15,USC00045449,0.0,",,7,0800",",,7,0800",0.0,9.4,",,7,0800",",,7,0800",0.0,"MCCLOUD, CA US",32.2,",,7",8.9,",,7",,,,,,,,,,,,,,,,,,,,,,,,,,,True,0.0,0.0,0.0,32.2,8.9,20.55,47.167667909642574,0.0,0.0,0.0,0.0,0.0,0.0,0.05,0.20667129605856638,24.960140638743077,0.002003193841079169,0.008280053347847392,mccloud,USC00045449,"MCCLOUD, CA US",,
2025-08-16,USC00045449,0.0,",,7,0800",",,7,0800",0.0,,,",,7,0800",0.0,"MCCLOUD, CA US",31.1,",,7",9.4,",,7",,,,,,,,,,,,,,,,,,,,,,,,,,,True,0.0,0.0,0.0,31.1,9.4,20.25,49.69485933196265,0.0,0.0,0.0,0.0,0.0,0.0,0.05,0.17827160820773347,24.960140638743077,0.002003193841079169,0.007142251752020205,mccloud,USC00045449,"MCCLOUD, CA US",,
2025-08-17,USC00045449,0.0,",,7,0800",",,7,0800",0.0,,,",,7,0800",0.0,"MCCLOUD, CA US",27.2,",,7",13.3,",,7",,,,,,,,,,,,,,,,,,,,,,,,,,,True,0.0,0.0,0.0,27.2,13.3,20.25,64.33258323406451,0.0,0.0,0.0,0.0,0.0,0.0,0.05,0.15501991038644147,24.960140638743077,0.002003193841079169,0.006210698594615285,mccloud,USC00045449,"MCCLOUD, CA US",,
2025-08-18,USC00045449,0.0,",,7,0800",",,7,0800",0.0,7.8,",,7,0800",",,7,0800",0.0,"MCCLOUD, CA US",26.7,",,7",7.8,",,7",,,,,,,,,,,,,,,,,,,,,,,,,,,True,0.0,0.0,0.0,26.7,7.8,17.25,53.79500240405028,0.0,0.0,0.0,0.0,0.0,0.0,0.05,0.1359830303188734,24.960140638743077,0.002003193841079169,0.005448007376520981,mccloud,USC00045449,"MCCLOUD, CA US",,
2025-08-19,USC00045449,0.0,",,7,0800",",,7,0800",0.0,8.9,",,7,0800",",,7,0800",0.0,"MCCLOUD, CA US",26.1,",,7",7.8,",,7",,,,,,,,,,,,,,,,,,,,,,,,,,,True,0.0,0.0,0.0,26.1,7.8,16.95,54.82630470833591,0.0,0.0,0.0,0.0,0.0,0.0,0.05,0.12039695116489817,24.960140638743077,0.002003193841079169,0.0048235686211646695,mccloud,USC00045449,"MCCLOUD, CA US",,
2025-08-20,USC00045449,0.0,",,7,0800",",,7,0800",0.0,8.9,",,7,0800",",,7,0800",0.0,"MCCLOUD, CA US",28.3,",,7",7.8,",,7",,,,,,,,,,,,,,,,,,,,,,,,,,,True,0.0,0.0,0.0,28.3,7.8,18.05,51.14962671234668,0.0,0.0,0.0,0.0,0.0,0.0,0.05,0.107636148841631,24.960140638743077,0.002003193841079169,0.004312321408740718,mccloud,USC00045449,"MCCLOUD, CA US",,
2025-08-21,USC00045449,0.0,",,7,0800",",,7,0800",0.0,,,",,7,0800",0.0,"MCCLOUD, CA US",31.1,",,7",8.9,",,7",,,,,,,,,,,,,,,,,,,,,,,,,,,True,0.0,0.0,0.0,31.1,8.9,20.0,48.79794989436187,0.0,0.0,0.0,0.0,0.0,0.0,0.05,0.09718848754562319,24.960140638743077,0.002003193841079169,0.003893747593503837,mccloud,USC00045449,"MCCLOUD, CA US",,
2025-08-22,USC00045449,0.0,",,7,0800",",,7,0800",0.0,12.8,",,7,0800",",,7,0800",0.0,"MCCLOUD, CA US",35.0,",,7",11.7,",,7",,,,,,,,,,,,,,,,,,,,,,,,,,,True,0.0,0.0,0.0,35.0,11.7,23.35,47.93184677854381,0.0,0.0,0.0,0.0,0.0,0.0,0.05,0.05,24.960140638743077,0.002003193841079169,0.002003193841079169,mccloud,USC00045449,"MCCLOUD, CA US",,
2025-08-23,USC00045449,0.0,",,7,0800",",,7,0800",0.0,,,",,7,0800",0.0,"MCCLOUD, CA US",34.4,",,7",12.8,",,7",,,,,,,,,,,,,,,,,,,,,,,,,,,True,0.0,0.0,0.0,34.4,12.8,23.6,50.754628454740974,0.0,0.0,0.0,0.0,0.0,0.0,0.05,0.05,24.960140638743077,0.002003193841079169,0.002003193841079169,mccloud,USC00045449,"MCCLOUD, CA US",,
2025-08-24,USC00045449,0.0,",,7,0800",",,7,0800",0.0,,,",,7,0800",0.0,"MCCLOUD, CA US",33.9,",,7",16.7,",,7",,,,,,,,,,,,,,,,,,,,,,,,,,,True,0.0,0.0,0.0,33.9,16.7,25.299999999999997,58.946264957632486,0.0,0.0,0.0,0.0,0.0,0.0,0.05,0.05,24.960140638743077,0.002003193841079169,0.002003193841079169,mccloud,USC00045449,"MCCLOUD, CA US",,
2025-08-25,USC00045449,0.0,",,7,0800",",,7,0800",0.0,,,",,7,0800",0.0,"MCCLOUD, CA US",34.4,",,7",15.0,",,7",,,,,,,,,,,,,,,,,,,,,,,,,,,True,0.0,0.0,0.0,34.4,15.0,24.7,54.803252913313436,0.0,0.0,0.0,0.0,0.0,0.0,0.05,0.05,24.960140638743077,0.002003193841079169,0.002003193841079169,mccloud,USC00045449,"MCCLOUD, CA US",,
2025-08-26,USC00045449,0.0,",,7,0800",",,7,0800",0.0,,,",,7,0800",0.0,"MCCLOUD, CA US",33.9,",,7",15.0,",,7",,,,,,,,,,,,,,,,,,,,,,,,,,,True,0.0,0.0,0.0,33.9,15.0,24.45,55.628879082971544,0.0,0.0,0.0,0.0,0.0,0.0,0.05,0.05,24.960140638743077,0.002003193841079169,0.002003193841079169,mccloud,USC00045449,"MCCLOUD, CA US",,
2025-08-27,USC00045449,0.0,",,7,0800",",,7,0800",0.0,,,",,7,0800",0.0,"MCCLOUD, CA US",31.7,",,7",13.3,",,7",,,,,,,,,,,,,,,,,,,,,,,,,,,True,0.0,0.0,0.0,31.7,13.3,22.5,56.04810989965591,0.0,0.0,0.0,0.0,0.0,0.0,0.05,0.05,24.960140638743077,0.002003193841079169,0.002003193841079169,mccloud,USC00045449,"MCCLOUD, CA US",,
2025-08-28,USC00045449,0.0,",,7,0800",",,7,0800",0.0,,,",,7,0800",0.0,"MCCLOUD, CA US",30.0,",,7",11.1,",,7",,,,,,,,,,,,,,,,,,,,,,,,,,,True,0.0,0.0,0.0,30.0,11.1,20.55,54.646887133830226,0.0,0.0,0.0,0.0,0.0,0.0,0.05,0.05,24.960140638743077,0.002003193841079169,0.002003193841079169,mccloud,USC00045449,"MCCLOUD, CA US",,
2025-08-29,USC00045449,0.0,",,7,0800",",,7,0800",0.0,,,",,7,0800",0.0,"MCCLOUD, CA US",31.1,",,7",11.1,",,7",,,,,,,,,,,,,,,,,,,,,,,,,,,True,0.0,0.0,0.0,31.1,11.1,21.1,52.828674138994906,0.0,0.0,0.0,0.0,0.0,0.0,0.05,0.05,24.960140638743077,0.002003193841079169,0.002003193841079169,mccloud,USC00045449,"MCCLOUD, CA US",,
2025-08-30,USC00045449,0.0,",,7,0800",",,7,0800",0.0,,,",,7,0800",0.0,"MCCLOUD, CA US",31.1,",,7",10.6,",,7",,,,,,,,,,,,,,,,,,,,,,,,,,,True,0.0,0.0,0.0,31.1,10.6,20.85,51.89336730139615,0.0,0.0,0.0,0.0,0.0,0.0,0.05,0.05,24.960140638743077,0.002003193841079169,0.002003193841079169,mccloud,USC00045449,"MCCLOUD, CA US",,
2025-08-31,USC00045449,0.0,",,7,0800",",,7,0800",0.0,,,",,7,0800",0.0,"MCCLOUD, CA US",31.1,",,7",9.4,",,7",,,,,,,,,,,,,,,,,,,,,,,,,,,True,0.0,0.0,0.0,31.1,9.4,20.25,49.69485933196265,0.0,0.0,0.0,0.0,0.0,0.0,0.05,0.05,24.960140638743077,0.002003193841079169,0.002003193841079169,mccloud,USC00045449,"MCCLOUD, CA US",,
2025-09-01,USC00045449,0.0,",,7,0800",",,7,0800",0.0,,,",,7,0800",0.0,"MCCLOUD, CA US",32.2,",,7",11.7,",,7",,,,,,,,,,,,,,,,,,,,,,,,,,,True,0.0,0.0,0.0,32.2,11.7,21.950000000000003,52.181856798729484,0.0,0.0,0.0,0.0,0.0,0.0,0.05,0.05,24.960140638743077,0.002003193841079169,0.002003193841079169,mccloud,USC00045449,"MCCLOUD, CA US",,
2025-09-02,USC00045449,0.0,",,7,0800",",,7,0800",2.5,15.0,",,7,0800",",,7,0800",0.0,"MCCLOUD, CA US",32.2,",,7",12.8,",,7",,,,,,,,,,,,,,,,,,,,,,,,,,,True,2.5,0.0,0.0,32.2,12.8,22.5,54.247246811726455,0.0,2.5,0.0,0.0,0.0,2.5,0.05,0.5100721647951952,24.960140638743077,0.002003193841079169,0.02043546838047308,mccloud,USC00045449,"MCCLOUD, CA US",,
2025-09-03,USC00045449,0.0,",,7,0800",",,7,0800",0.0,13.9,",,7,0800",",,7,0800",0.0,"MCCLOUD, CA US",32.2,",,7",13.9,",,7",,,,,,,,,,,,,,,,,,,,,,,,,,,True,0.0,0.0,0.0,32.2,13.9,23.05,56.36728753357131,0.0,0.0,0.0,0.0,0.0,0.0,0.05,0.4266752299529875,24.960140638743077,0.002003193841079169,0.017094263855657252,mccloud,USC00045449,"MCCLOUD, CA US",,
2025-09-04,USC00045449,0.0,",,7,0800",",,7,0800",0.0,11.1,",,7,0800",",,7,0800",0.0,"MCCLOUD, CA US",32.2,",,7",7.8,",,7",,,,,,,,,,,,,,,,,,,,,,,,,,,True,0.0,0.0,0.0,32.2,7.8,20.0,45.29190615209753,0.0,0.0,0.0,0.0,0.0,0.0,0.05,0.35839559468523147,24.960140638743077,0.002003193841079169,0.014358716958867234,mccloud,USC00045449,"MCCLOUD, CA US",,
2025-09-05,,,,,,,,,,,,,,,,,,,,,,,,,,,,,,,,,,,,,,,,,False,0.0,0.0,0.0,30.8,10.0,20.4,51.25809072100948,0.0,0.0,0.0,0.0,0.0,0.0,0.05,0.3024929574825716,24.960140638743077,0.002003193841079169,0.012119040587978205,mccloud,USC00045449,"MCCLOUD, CA US",,
2025-09-06,USC00045449,0.0,",,7,0800",",,7,0800",0.0,,,",,7,0800",0.0,"MCCLOUD, CA US",29.4,",,7",12.2,",,7",,,,,,,,,,,,,,,,,,,,,,,,,,,True,0.0,0.0,0.0,29.4,12.2,20.799999999999997,57.86623890483207,0.0,0.0,0.0,0.0,0.0,0.0,0.05,0.25672374922659275,24.960140638743077,0.002003193841079169,0.010285348666189272,mccloud,USC00045449,"MCCLOUD, CA US",,
2025-09-07,USC00045449,0.0,",,7,0800",",,7,0800",0.0,,,",,7,0800",0.0,"MCCLOUD, CA US",27.8,",,7",9.4,",,7",,,,,,,,,,,,,,,,,,,,,,,,,,,True,0.0,0.0,0.0,27.8,9.4,18.6,55.064359053093064,0.0,0.0,0.0,0.0,0.0,0.0,0.05,0.21925109088339217,24.960140638743077,0.002003193841079169,0.008784048698150006,mccloud,USC00045449,"MCCLOUD, CA US",,
2025-09-08,USC00045449,0.0,",,7,0800",",,7,0800",14.5,14.4,",,7,0800",",,7,0800",0.0,"MCCLOUD, CA US",25.0,",,7",10.0,",,7",,,,,,,,,,,,,,,,,,,,,,,,,,,True,14.5,0.0,0.0,25.0,10.0,17.5,61.427710545063924,0.0,14.5,0.0,0.0,0.0,14.5,0.05,2.8569896289103616,24.960140638743077,0.002003193841079169,0.11446208057320592,mccloud,USC00045449,"MCCLOUD, CA US",,
2025-09-09,USC00045449,0.0,",,7,0800",",,7,0800",6.4,,,",,7,0800",0.0,"MCCLOUD, CA US",20.0,",,7",10.0,",,7",,,,,,,,,,,,,,,,,,,,,,,,,,,True,6.4,0.0,0.0,20.0,10.0,15.0,72.03484221010554,0.0,6.4,0.0,0.0,0.0,6.4,0.05,3.5259534746355654,24.960140638743077,0.002003193841079169,0.1412633656864332,mccloud,USC00045449,"MCCLOUD, CA US",,
2025-09-10,USC00045449,0.0,",,7,0800",",,7,0800",0.0,,,",,7,0800",0.0,"MCCLOUD, CA US",20.6,",,7",11.7,",,7",,,,,,,,,,,,,,,,,,,,,,,,,,,True,0.0,0.0,0.0,20.6,11.7,16.15,74.92345903663825,0.0,0.0,0.0,0.0,0.0,0.0,0.05,2.895870005952404,24.960140638743077,0.002003193841079169,0.11601977920979502,mccloud,USC00045449,"MCCLOUD, CA US",,
2025-09-11,USC00045449,0.0,",,7,0800",",,7,0800",0.0,10.6,",,7,0800",",,7,0800",0.0,"MCCLOUD, CA US",21.7,",,7",10.0,",,7",,,,,,,,,,,,,,,,,,,,,,,,,,,True,0.0,0.0,0.0,21.7,10.0,15.85,68.21377565853983,0.0,0.0,0.0,0.0,0.0,0.0,0.05,2.3800012931354524,24.960140638743077,0.002003193841079169,0.0953520786433879,mccloud,USC00045449,"MCCLOUD, CA US",,
2025-09-12,USC00045449,0.0,",,7,0800",",,7,0800",0.0,,,",,7,0800",0.0,"MCCLOUD, CA US",25.6,",,7",10.0,",,7",,,,,,,,,,,,,,,,,,,,,,,,,,,True,0.0,0.0,0.0,25.6,10.0,17.8,60.2770580191516,0.0,0.0,0.0,0.0,0.0,0.0,0.05,1.9576437134014604,24.960140638743077,0.002003193841079169,0.07843079659426318,mccloud,USC00045449,"MCCLOUD, CA US",,
2025-09-13,USC00045449,0.0,",,7,0800",",,7,0800",0.0,,,",,7,0800",0.0,"MCCLOUD, CA US",27.2,",,7",11.1,",,7",,,,,,,,,,,,,,,,,,,,,,,,,,,True,0.0,0.0,0.0,27.2,11.1,19.15,59.600639403318844,0.0,0.0,0.0,0.0,0.0,0.0,0.05,1.6118465740776557,24.960140638743077,0.002003193841079169,0.06457682259913836,mccloud,USC00045449,"MCCLOUD, CA US",,
2025-09-14,USC00045449,0.0,",,7,0800",",,7,0800",0.0,5.6,",,7,0800",",,7,0800",0.0,"MCCLOUD, CA US",25.6,",,7",5.6,",,7",,,,,,,,,,,,,,,,,,,,,,,,,,,True,0.0,0.0,0.0,25.6,5.6,15.600000000000001,51.370753919958474,0.0,0.0,0.0,0.0,0.0,0.0,0.05,1.328731821786865,24.960140638743077,0.002003193841079169,0.05323414803698703,mccloud,USC00045449,"MCCLOUD, CA US",,
2025-09-15,USC00045449,0.0,",,7,0800",",,7,0800",0.0,,,",,7,0800",0.0,"MCCLOUD, CA US",28.9,",,7",5.6,",,7",,,,,,,,,,,,,,,,,,,,,,,,,,,True,0.0,0.0,0.0,28.9,5.6,17.25,46.25092699223512,0.0,0.0,0.0,0.0,0.0,0.0,0.05,1.0969370674363397,24.960140638743077,0.002003193841079169,0.04394755155079841,mccloud,USC00045449,"MCCLOUD, CA US",,
2025-09-16,USC00045449,0.0,",,7,0800",",,7,0800",0.0,8.3,",,7,0800",",,7,0800",0.0,"MCCLOUD, CA US",30.0,",,7",5.6,",,7",,,,,,,,,,,,,,,,,,,,,,,,,,,True,0.0,0.0,0.0,30.0,5.6,17.8,44.67351560263233,0.0,0.0,0.0,0.0,0.0,0.0,0.05,0.9071595736474083,24.960140638743077,0.002003193841079169,0.036344329416129854,mccloud,USC00045449,"MCCLOUD, CA US",,
2025-09-17,,,,,,,,,,,,,,,,,,,,,,,,,,,,,,,,,,,,,,,,,False,0.0,0.0,0.0,30.85,9.45,20.15,50.171312457623564,0.0,0.0,0.0,0.0,0.0,0.0,0.05,0.7517829032403444,24.960140638743077,0.002003193841079169,0.03011933763199349,mccloud,USC00045449,"MCCLOUD, CA US",,
2025-09-18,USC00045449,0.0,",,7,0800",",,7,0800",0.0,,,",,7,0800",0.0,"MCCLOUD, CA US",31.7,",,7",13.3,",,7",,,,,,,,,,,,,,,,,,,,,,,,,,,True,0.0,0.0,0.0,31.7,13.3,22.5,56.04810989965591,0.0,0.0,0.0,0.0,0.0,0.0,0.05,0.6245712448672197,24.960140638743077,0.002003193841079169,0.025022745420663278,mccloud,USC00045449,"MCCLOUD, CA US",,
2025-09-19,USC00045449,0.0,",,7,0800",",,7,0800",0.0,,,",,7,0800",0.0,"MCCLOUD, CA US",26.7,",,7",12.2,",,7",,,,,,,,,,,,,,,,,,,,,,,,,,,True,0.0,0.0,0.0,26.7,12.2,19.45,62.905542139484396,0.0,0.0,0.0,0.0,0.0,0.0,0.05,0.5204191480070922,24.960140638743077,0.002003193841079169,0.020850008641349508,mccloud,USC00045449,"MCCLOUD, CA US",,
2025-09-20,USC00045449,0.0,",,7,0800",",,7,0800",0.0,,,",,7,0800",0.0,"MCCLOUD, CA US",26.1,",,7",10.0,",,7",,,,,,,,,,,,,,,,,,,,,,,,,,,True,0.0,0.0,0.0,26.1,10.0,18.05,59.33663249717148,0.0,0.0,0.0,0.0,0.0,0.0,0.05,0.4351466233101492,24.960140638743077,0.002003193841079169,0.017433660715625757,mccloud,USC00045449,"MCCLOUD, CA US",,
2025-09-21,USC00045449,0.0,",,7,0800",",,7,0800",0.0,,,",,7,0800",0.0,"MCCLOUD, CA US",27.2,",,7",10.6,",,7",,,,,,,,,,,,,,,,,,,,,,,,,,,True,0.0,0.0,0.0,27.2,10.6,18.9,58.558875068030474,0.0,0.0,0.0,0.0,0.0,0.0,0.05,0.36533138494816025,24.960140638743077,0.002003193841079169,0.01463659160562155,mccloud,USC00045449,"MCCLOUD, CA US",,
2025-09-22,USC00045449,0.0,",,7,0800",",,7,0800",0.0,,,",,7,0800",0.0,"MCCLOUD, CA US",28.9,",,7",10.0,",,7",,,,,,,,,,,,,,,,,,,,,,,,,,,True,0.0,0.0,0.0,28.9,10.0,19.45,54.365081080539596,0.0,0.0,0.0,0.0,0.0,0.0,0.05,0.30817150226773027,24.960140638743077,0.002003193841079169,0.012346545106776647,mccloud,USC00045449,"MCCLOUD, CA US",,
2025-09-23,USC00045449,0.0,",,7,0800",",,7,0800",0.0,6.7,",,7,0800",",,7,0800",0.0,"MCCLOUD, CA US",32.2,",,7",6.7,",,7",,,,,,,,,,,,,,,,,,,,,,,,,,,True,0.0,0.0,0.0,32.2,6.7,19.450000000000003,43.46837309741658,0.0,0.0,0.0,0.0,0.0,0.0,0.05,0.2544739009847829,24.960140638743077,0.002003193841079169,0.010195211023362146,mccloud,USC00045449,"MCCLOUD, CA US",,
2025-09-24,USC00045449,0.0,",,7,0800",",,7,0800",0.0,,,",,7,0800",0.0,"MCCLOUD, CA US",32.2,",,7",6.7,",,7",,,,,,,,,,,,,,,,,,,,,,,,,,,True,0.0,0.0,0.0,32.2,6.7,19.450000000000003,43.46837309741658,0.0,0.0,0.0,0.0,0.0,0.0,0.05,0.21740907093806394,24.960140638743077,0.002003193841079169,0.008710250237957476,mccloud,USC00045449,"MCCLOUD, CA US",,
2025-09-25,USC00045449,0.0,",,7,0800",",,7,0800",0.0,,,",,7,0800",0.0,"MCCLOUD, CA US",30.6,",,7",10.0,",,7",,,,,,,,,,,,,,,,,,,,,,,,,,,True,0.0,0.0,0.0,30.6,10.0,20.3,51.575567703898805,0.0,0.0,0.0,0.0,0.0,0.0,0.05,0.18706295472120643,24.960140638743077,0.002003193841079169,0.0074944671758318425,mccloud,USC00045449,"MCCLOUD, CA US",,
2025-09-26,USC00045449,0.0,",,7,0800",",,7,0800",0.0,,,",,7,0800",0.0,"MCCLOUD, CA US",28.9,",,7",11.1,",,7",,,,,,,,,,,,,,,,,,,,,,,,,,,True,0.0,0.0,0.0,28.9,11.1,20.0,56.5356774761032,0.0,0.0,0.0,0.0,0.0,0.0,0.05,0.16221765613798667,24.960140638743077,0.002003193841079169,0.006499068193798266,mccloud,USC00045449,"MCCLOUD, CA US",,
2025-09-27,USC00045449,0.0,",,7,0800",",,7,0800",0.0,,,",,7,0800",0.0,"MCCLOUD, CA US",29.4,",,7",11.1,",,7",,,,,,,,,,,,,,,,,,,,,,,,,,,True,0.0,0.0,0.0,29.4,11.1,20.25,55.668196551844076,0.0,0.0,0.0,0.0,0.0,0.0,0.05,0.14187604611849985,24.960140638743077,0.002003193841079169,0.0056841044356248606,mccloud,USC00045449,"MCCLOUD, CA US",,
2025-09-28,USC00045449,0.0,",,7,0800",",,7,0800",0.3,15.6,",,7,0800",",,7,0800",0.0,"MCCLOUD, CA US",22.2,",,7",12.2,",,7",,,,,,,,,,,,,,,,,,,,,,,,,,,True,0.3,0.0,0.0,22.2,12.2,17.2,72.43766031858733,0.0,0.3,0.0,0.0,0.0,0.3,0.05,0.18043040420385015,24.960140638743077,0.002003193841079169,0.007228741488891552,mccloud,USC00045449,"MCCLOUD, CA US",,
2025-09-29,USC00045449,0.0,",,7,0800",",,7,0800",8.6,11.7,",,7,0800",",,7,0800",0.0,"MCCLOUD, CA US",16.1,",,7",10.6,",,7",,,,,,,,,,,,,,,,,,,,,,,,,,,True,8.6,0.0,0.0,16.1,10.6,13.350000000000001,83.43163237614331,0.017158161880716564,8.6,0.0,0.0,0.0,8.617158161880717,0.05,1.7025787515828334,24.960140638743077,0.002003193841079169,0.06821190538245984,mccloud,USC00045449,"MCCLOUD, CA US",,
2025-09-30,USC00045449,0.0,",,7,0800",",,7,0800",18.8,12.2,",,7,0800",",,7,0800",0.0,"MCCLOUD, CA US",15.6,",,7",9.4,",,7",,,,,,,,,,,,,,,,,,,,,,,,,,,True,18.8,0.0,0.0,15.6,9.4,12.5,81.39549124350962,0.006977456217548124,18.8,0.0,0.0,0.0,18.80697745621755,0.05,4.846382216843877,24.960140638743077,0.002003193841079169,0.19416486016594525,mccloud,USC00045449,"MCCLOUD, CA US",,
2025-10-01,USC00045449,0.0,",,7,0800",",,7,0800",8.9,11.1,",,7,0800",",,7,0800",0.0,"MCCLOUD, CA US",13.9,",,7",10.0,",,7",,,,,,,,,,,,,,,,,,,,,,,,,,,True,8.9,0.0,0.0,13.9,10.0,11.95,87.85714163081606,0.0392857081540803,8.9,0.0,0.0,0.0,8.939285708154081,0.05,5.622032235435706,24.960140638743077,0.002003193841079169,0.22524040696746717,mccloud,USC00045449,"MCCLOUD, CA US",,
2025-10-02,USC00045449,0.0,",,7,0800",",,7,0800",5.1,11.1,",,7,0800",",,7,0800",0.0,"MCCLOUD, CA US",17.8,",,7",9.4,",,7",,,,,,,,,,,,,,,,,,,,,,,,,,,True,5.1,0.0,0.0,17.8,9.4,13.600000000000001,75.75251225246794,0.0,5.1,0.0,0.0,0.0,5.1,0.05,5.550541364475265,24.960140638743077,0.002003193841079169,0.22237620551944032,mccloud,USC00045449,"MCCLOUD, CA US",,
2025-10-03,USC00045449,0.0,",,7,0800",",,7,0800",0.0,,,",,7,0800",0.0,"MCCLOUD, CA US",19.4,",,7",5.0,",,7",,,,,,,,,,,,,,,,,,,,,,,,,,,True,0.0,0.0,0.0,19.4,5.0,12.2,61.43705880458777,0.0,0.0,0.0,0.0,0.0,0.0,0.05,4.553462373673423,24.960140638743077,0.002003193841079169,0.18242935565056667,mccloud,USC00045449,"MCCLOUD, CA US",,
2025-10-04,USC00045449,0.0,",,7,0800",",,7,0800",0.0,,,",,7,0800",0.0,"MCCLOUD, CA US",20.6,",,7",4.4,",,7",,,,,,,,,,,,,,,,,,,,,,,,,,,True,0.0,0.0,0.0,20.6,4.4,12.5,57.767979116854235,0.0,0.0,0.0,0.0,0.0,0.0,0.05,3.737123140655998,24.960140638743077,0.002003193841079169,0.1497236411743307,mccloud,USC00045449,"MCCLOUD, CA US",,
2025-10-05,USC00045449,0.0,",,7,0800",",,7,0800",0.0,2.2,",,7,0800",",,7,0800",0.0,"MCCLOUD, CA US",21.7,",,7",2.2,",,7",,,,,,,,,,,,,,,,,,,,,,,,,,,True,0.0,0.0,0.0,21.7,2.2,11.95,51.279565238159115,0.0,0.0,0.0,0.0,0.0,0.0,0.05,3.068761105640539,24.960140638743077,0.002003193841079169,0.12294646693124855,mccloud,USC00045449,"MCCLOUD, CA US",,
2025-10-06,USC00045449,0.0,",,7,0800",",,7,0800",0.0,5.0,",,7,0800",",,7,0800",0.0,"MCCLOUD, CA US",21.7,",,7",1.7,",,7",,,,,,,,,,,,,,,,,,,,,,,,,,,True,0.0,0.0,0.0,21.7,1.7,11.7,50.304482107268626,0.0,0.0,0.0,0.0,0.0,0.0,0.05,2.5215525533835996,24.960140638743077,0.002003193841079169,0.10102317089790958,mccloud,USC00045449,"MCCLOUD, CA US",,
2025-10-07,USC00045449,0.0,",,7,0800",",,7,0800",0.0,5.0,",,7,0800",",,7,0800",0.0,"MCCLOUD, CA US",25.0,",,7",5.0,",,7",,,,,,,,,,,,,,,,,,,,,,,,,,,True,0.0,0.0,0.0,25.0,5.0,15.0,51.20848118783703,0.0,0.0,0.0,0.0,0.0,0.0,0.05,2.073536083303563,24.960140638743077,0.002003193841079169,0.08307389422658239,mccloud,USC00045449,"MCCLOUD, CA US",,
2025-10-08,USC00045449,0.0,",,7,0800",",,7,0800",1.3,12.2,",,7,0800",",,7,0800",0.0,"MCCLOUD, CA US",23.3,",,7",5.0,",,7",,,,,,,,,,,,,,,,,,,,,,,,,,,True,1.3,0.0,0.0,23.3,5.0,14.15,54.0964636283212,0.0,1.3,0.0,0.0,0.0,1.3,0.05,1.9459687470570977,24.960140638743077,0.002003193841079169,0.07796305218074649,mccloud,USC00045449,"MCCLOUD, CA US",,
2025-10-09,USC00045449,0.0,",,7,0800",",,7,0800",2.5,11.7,",,7,0800",",,7,0800",0.0,"MCCLOUD, CA US",15.6,",,7",8.9,",,7",,,,,,,,,,,,,,,,,,,,,,,,,,,True,2.5,0.0,0.0,15.6,8.9,12.25,80.00261326685249,1.3066334262461509e-05,2.5,0.0,0.0,0.0,2.5000130663342626,0.05,2.062362489468246,24.960140638743077,0.002003193841079169,0.08262623673950985,mccloud,USC00045449,"MCCLOUD, CA US",,
2025-10-10,USC00045449,0.0,",,7,0800",",,7,0800",0.0,,,",,7,0800",0.0,"MCCLOUD, CA US",15.0,",,7",1.7,",,7",,,,,,,,,,,,,,,,,,,,,,,,,,,True,0.0,0.0,0.0,15.0,1.7,8.35,62.93962674026501,0.0,0.0,0.0,0.0,0.0,0.0,0.05,1.69758305646822,24.960140638743077,0.002003193841079169,0.06801175846874978,mccloud,USC00045449,"MCCLOUD, CA US",,
2025-10-11,USC00045449,0.0,",,7,0800",",,7,0800",0.0,,,",,7,0800",0.0,"MCCLOUD, CA US",14.4,",,7",1.1,",,7",,,,,,,,,,,,,,,,,,,,,,,,,,,True,0.0,0.0,0.0,14.4,1.1,7.75,62.798280692119604,0.0,0.0,0.0,0.0,0.0,0.0,0.05,1.3989269165807487,24.960140638743077,0.002003193841079169,0.056046435668288555,mccloud,USC00045449,"MCCLOUD, CA US",,
2025-10-12,USC00045449,0.0,",,7,0800",",,7,0800",9.1,0.6,",,7,0800",",,7,0800",0.0,"MCCLOUD, CA US",13.9,",,7",0.6,",,7",,,,,,,,,,,,,,,,,,,,,,,,,,,True,9.1,0.0,0.0,13.9,0.6,7.25,62.67994919472807,0.0,9.1,0.0,0.0,0.0,9.1,0.05,2.8290706301138266,24.960140638743077,0.002003193841079169,0.11334353724443962,mccloud,USC00045449,"MCCLOUD, CA US",,
2025-10-13,USC00045449,0.0,",,7,0800",",,7,0800",0.0,-0.6,",,7,0800",",,7,0800",0.0,"MCCLOUD, CA US",12.2,",,7",-0.6,",,7",,,,,,,,,,,,,,,,,,,,,,,,,,,True,0.0,0.0,0.0,12.2,-0.6,5.8,63.48127660043438,0.0,0.0,0.0,0.0,0.0,0.0,0.05,2.325310589849995,24.960140638743077,0.002003193841079169,0.09316095704367358,mccloud,USC00045449,"MCCLOUD, CA US",,
2025-10-14,,,,,,,,,,,,,,,,,,,,,,,,,,,,,,,,,,,,,,,,,False,0.0,0.0,0.0,12.2,-0.6,5.8,63.48127660043438,0.0,0.0,0.0,0.0,0.0,0.0,0.05,1.9128667527141936,24.960140638743077,0.002003193841079169,0.07663685795684363,mccloud,USC00045449,"MCCLOUD, CA US",,
2025-10-15,USC00045449,0.0,",,7,0800",",,7,0800",0.0,1.1,",,7,0800",",,7,0800",0.0,"MCCLOUD, CA US",12.2,",,7",-0.6,",,7",,,,,,,,,,,,,,,,,,,,,,,,,,,True,0.0,0.0,0.0,12.2,-0.6,5.8,63.48127660043438,0.0,0.0,0.0,0.0,0.0,0.0,0.05,1.5751862993336265,24.960140638743077,0.002003193841079169,0.06310806986754817,mccloud,USC00045449,"MCCLOUD, CA US",,
2025-10-16,USC00045449,0.0,",,7,0800",",,7,0800",0.0,3.3,",,7,0800",",,7,0800",0.0,"MCCLOUD, CA US",18.3,",,7",1.1,",,7",,,,,,,,,,,,,,,,,,,,,,,,,,,True,0.0,0.0,0.0,18.3,1.1,9.700000000000001,55.04468614273963,0.0,0.0,0.0,0.0,0.0,0.0,0.05,1.2987169274376402,24.960140638743077,0.002003193841079169,0.05203163500696685,mccloud,USC00045449,"MCCLOUD, CA US",,
2025-10-17,USC00045449,0.0,",,7,0800",",,7,0800",0.0,,,",,7,0800",0.0,"MCCLOUD, CA US",23.9,",,7",3.3,",,7",,,,,,,,,,,,,,,,,,,,,,,,,,,True,0.0,0.0,0.0,23.9,3.3,13.6,49.76359260492339,0.0,0.0,0.0,0.0,0.0,0.0,0.05,1.072362950382243,24.960140638743077,0.002003193841079169,0.04296301715214391,mccloud,USC00045449,"MCCLOUD, CA US",,
2025-10-18,USC00045449,0.0,",,7,0800",",,7,0800",0.0,,,",,7,0800",0.0,"MCCLOUD, CA US",23.3,",,7",3.3,",,7",,,,,,,,,,,,,,,,,,,,,,,,,,,True,0.0,0.0,0.0,23.3,3.3,13.3,50.745222459926794,0.0,0.0,0.0,0.0,0.0,0.0,0.05,0.8870399882854811,24.960140638743077,0.002003193841079169,0.035538260826488276,mccloud,USC00045449,"MCCLOUD, CA US",,
2025-10-19,USC00045449,0.0,",,7,0800",",,7,0800",0.0,,,",,7,0800",0.0,"MCCLOUD, CA US",20.6,",,7",1.7,",,7",,,,,,,,,,,,,,,,,,,,,,,,,,,True,0.0,0.0,0.0,20.6,1.7,11.15,52.16847972345723,0.0,0.0,0.0,0.0,0.0,0.0,0.05,0.7344824942665391,24.960140638743077,0.002003193841079169,0.02942621617790394,mccloud,USC00045449,"MCCLOUD, CA US",,
2025-10-20,,,,,,,,,,,,,,,,,,,,,,,,,,,,,,,,,,,,,,,,,False,0.0,0.0,0.0,21.333333333333336,2.2333333333333334,11.783333333333335,51.96931727383202,0.0,0.0,0.0,0.0,0.0,0.0,0.05,0.58662679464396,24.960140638743077,0.002003193841079169,0.023502543640855897,mccloud,USC00045449,"MCCLOUD, CA US",,
2025-10-21,,,,,,,,,,,,,,,,,,,,,,,,,,,,,,,,,,,,,,,,,False,0.0,0.0,0.0,22.066666666666666,2.7666666666666666,12.416666666666666,51.77311669401922,0.0,0.0,0.0,0.0,0.0,0.0,0.05,0.437452767454024,24.960140638743077,0.002003193841079169,0.017526053790538773,mccloud,USC00045449,"MCCLOUD, CA US",,
2025-10-22,USC00045449,0.0,",,7,0800",",,7,0800",0.0,,,",,7,0800",0.0,"MCCLOUD, CA US",22.8,",,7",3.3,",,7",,,,,,,,,,,,,,,,,,,,,,,,,,,True,0.0,0.0,0.0,22.8,3.3,13.05,51.57982600108907,0.0,0.0,0.0,0.0,0.0,0.0,0.05,0.3425504734283522,24.960140638743077,0.002003193841079169,0.013723899972608571,mccloud,USC00045449,"MCCLOUD, CA US",,
2025-10-23,USC00045449,0.0,",,7,0800",",,7,0800",0.0,,,",,7,0800",0.0,"MCCLOUD, CA US",22.8,",,7",3.9,",,7",,,,,,,,,,,,,,,,,,,,,,,,,,,True,0.0,0.0,0.0,22.8,3.9,13.35,52.76294536691867,0.0,0.0,0.0,0.0,0.0,0.0,0.05,0.2754460125434093,24.960140638743077,0.002003193841079169,0.011035435117535458,mccloud,USC00045449,"MCCLOUD, CA US",,
2025-10-24,USC00045449,0.0,",,7,0800",",,7,0800",0.0,,,",,7,0800",0.0,"MCCLOUD, CA US",14.4,",,7",3.9,",,7",,,,,,,,,,,,,,,,,,,,,,,,,,,True,0.0,0.0,0.0,14.4,3.9,9.15,69.6898067282379,0.0,0.0,0.0,0.0,0.0,0.0,0.05,0.2345795836280936,24.960140638743077,0.002003193841079169,0.009398167543334258,mccloud,USC00045449,"MCCLOUD, CA US",,
2025-10-25,USC00045449,0.0,",,7,0800",",,7,0800",0.0,,,",,7,0800",0.0,"MCCLOUD, CA US",13.3,",,7",6.1,",,7",,,,,,,,,,,,,,,,,,,,,,,,,,,True,0.0,0.0,0.0,13.3,6.1,9.7,78.2781419257746,0.0,0.0,0.0,0.0,0.0,0.0,0.05,0.20112098150664942,24.960140638743077,0.002003193841079169,0.00805768622931835,mccloud,USC00045449,"MCCLOUD, CA US",,
2025-10-26,USC00045449,0.0,",,7,0800",",,7,0800",57.2,-2.2,",,7,0800",",,7,0800",0.0,"MCCLOUD, CA US",7.2,",,7",-2.2,",,7",,,,,,,,,,,,,,,,,,,,,,,,,,,True,57.2,0.0,0.0,7.2,-2.2,2.5,71.14498017124721,0.0,57.2,0.0,0.0,0.0,57.2,0.05,10.700178525508889,24.960140638743077,0.002003193841079169,0.42869063441493976,mccloud,USC00045449,"MCCLOUD, CA US",,
2025-10-27,USC00045449,0.0,",,7,0800",",,7,0800",0.0,,,",,7,0800",0.0,"MCCLOUD, CA US",7.8,",,7",-2.2,",,7",,,,,,,,,,,,,,,,,,,,,,,,,,,True,0.0,0.0,0.0,7.8,-2.2,2.8,69.64638967214714,0.0,0.0,0.0,0.0,0.0,0.0,0.05,8.769628684604845,24.960140638743077,0.002003193841079169,0.35134532339103275,mccloud,USC00045449,"MCCLOUD, CA US",,
2025-10-28,USC00045449,0.0,",,7,0800",",,7,0800",0.0,,,",,7,0800",0.0,"MCCLOUD, CA US",21.7,",,7",2.2,",,7",,,,,,,,,,,,,,,,,,,,,,,,,,,True,0.0,0.0,0.0,21.7,2.2,11.95,51.279565238159115,0.0,0.0,0.0,0.0,0.0,0.0,0.05,7.189028159506896,24.960140638743077,0.002003193841079169,0.28802033864937854,mccloud,USC00045449,"MCCLOUD, CA US",,
2025-10-29,USC00045449,0.0,",,7,0800",",,7,0800",0.0,,,",,7,0800",0.0,"MCCLOUD, CA US",22.8,",,7",1.1,",,7",,,,,,,,,,,,,,,,,,,,,,,,,,,True,0.0,0.0,0.0,22.8,1.1,11.950000000000001,47.398629521348504,0.0,0.0,0.0,0.0,0.0,0.0,0.05,5.891354396583122,24.960140638743077,0.002003193841079169,0.23603049685699984,mccloud,USC00045449,"MCCLOUD, CA US",,
2025-10-30,,,,,,,,,,,,,,,,,,,,,,,,,,,,,,,,,,,,,,,,,False,0.0,0.0,0.0,22.25,2.2,12.225,50.35986661781984,0.0,0.0,0.0,0.0,0.0,0.0,0.05,4.825597400561625,24.960140638743077,0.002003193841079169,0.19333213984665387,mccloud,USC00045449,"MCCLOUD, CA US",,
2025-10-31,USC00045449,0.0,",,7,0800",",,7,0800",0.0,,,",,7,0800",0.0,"MCCLOUD, CA US",21.7,",,7",3.3,",,7",,,,,,,,,,,,,,,,,,,,,,,,,,,True,0.0,0.0,0.0,21.7,3.3,12.5,53.470597154850914,0.0,0.0,0.0,0.0,0.0,0.0,0.05,3.9599284561590724,24.960140638743077,0.002003193841079169,0.1586500858898399,mccloud,USC00045449,"MCCLOUD, CA US",,
2025-11-01,USC00045449,0.0,",,7,0800",",,7,0800",0.0,,,",,7,0800",0.0,"MCCLOUD, CA US",21.1,",,7",3.3,",,7",,,,,,,,,,,,,,,,,,,,,,,,,,,True,0.0,0.0,0.0,21.1,3.3,12.200000000000001,54.534546384906896,0.0,0.0,0.0,0.0,0.0,0.0,0.05,3.2511786693921487,24.960140638743077,0.002003193841079169,0.1302548217354864,mccloud,USC00045449,"MCCLOUD, CA US",,
2025-11-02,USC00045449,0.0,",,7,0800",",,7,0800",0.0,,,",,7,0800",0.0,"MCCLOUD, CA US",21.1,",,7",5.0,",,7",,,,,,,,,,,,,,,,,,,,,,,,,,,True,0.0,0.0,0.0,21.1,5.0,13.05,58.10835540453582,0.0,0.0,0.0,0.0,0.0,0.0,0.05,2.6457908898644598,24.960140638743077,0.002003193841079169,0.10600064030719718,mccloud,USC00045449,"MCCLOUD, CA US",,
2025-11-03,USC00045449,0.0,",,7,0800",",,7,0800",12.2,10.0,",,7,0800",",,7,0800",0.0,"MCCLOUD, CA US",17.2,",,7",7.8,",,7",,,,,,,,,,,,,,,,,,,,,,,,,,,True,12.2,0.0,0.0,17.2,7.8,12.5,73.04559532482958,0.0,12.2,0.0,0.0,0.0,12.2,0.05,4.4204059942922465,24.960140638743077,0.002003193841079169,0.17709860125671334,mccloud,USC00045449,"MCCLOUD, CA US",,
2025-11-04,USC00045449,0.0,",,7,0800",",,7,0800",44.5,8.3,",,7,0800",",,7,0800",0.0,"MCCLOUD, CA US",11.1,",,7",8.3,",,7",,,,,,,,,,,,,,,,,,,,,,,,,,,True,44.5,0.0,0.0,11.1,8.3,9.7,90.99133160399236,0.05495665801996183,44.5,0.0,0.0,0.0,44.55495665801996,0.05,11.827583935767953,24.960140638743077,0.002003193841079169,0.4738588658995455,mccloud,USC00045449,"MCCLOUD, CA US",,
2025-11-05,USC00045449,0.0,",,7,0800",",,7,0800",21.6,9.4,",,7,0800",",,7,0800",0.0,"MCCLOUD, CA US",12.2,",,7",8.3,",,7",,,,,,,,,,,,,,,,,,,,,,,,,,,True,21.6,0.0,0.0,12.2,8.3,10.25,87.70349284680721,0.03851746423403604,21.6,0.0,0.0,0.0,21.638517464234038,0.05,13.674781994261956,24.960140638743077,0.002003193841079169,0.5478647813801172,mccloud,USC00045449,"MCCLOUD, CA US",,
2025-11-06,USC00045449,0.0,",,7,0800",",,7,0800",3.8,8.9,",,7,0800",",,7,0800",0.0,"MCCLOUD, CA US",11.7,",,7",8.9,",,7",,,,,,,,,,,,,,,,,,,,,,,,,,,True,3.8,0.0,0.0,11.7,8.9,10.3,91.0320943150688,0.05516047157534402,3.8,0.0,0.0,0.0,3.855160471575344,0.05,11.914488832201632,24.960140638743077,0.002003193841079169,0.47734061296545693,mccloud,USC00045449,"MCCLOUD, CA US",,
2025-11-07,,,,,,,,,,,,,,,,,,,,,,,,,,,,,,,,,,,,,,,,,False,0.0,0.0,0.0,15.4,7.233333333333333,11.316666666666666,75.97493926946213,0.0,0.0,0.0,0.0,0.0,0.0,0.05,9.763821876473747,24.960140638743077,0.002003193841079169,0.3911765569669252,mccloud,USC00045449,"MCCLOUD, CA US",,
2025-11-08,,,,,,,,,,,,,,,,,,,,,,,,,,,,,,,,,,,,,,,,,False,0.0,0.0,0.0,19.1,5.566666666666666,12.333333333333334,63.346200406921504,0.0,0.0,0.0,0.0,0.0,0.0,0.05,8.003004700190726,24.960140638743077,0.002003193841079169,0.32063139451099404,mccloud,USC00045449,"MCCLOUD, CA US",,
2025-11-09,USC00045449,0.0,",,7,0800",",,7,0800",0.0,5.6,",,7,0800",",,7,0800",0.0,"MCCLOUD, CA US",22.8,",,7",3.9,",,7",,,,,,,,,,,,,,,,,,,,,,,,,,,True,0.0,0.0,0.0,22.8,3.9,13.35,52.76294536691867,0.0,0.0,0.0,0.0,0.0,0.0,0.05,6.561369527419882,24.960140638743077,0.002003193841079169,0.26287390052744086,mccloud,USC00045449,"MCCLOUD, CA US",,
2025-11-10,,,,,,,,,,,,,,,,,,,,,,,,,,,,,,,,,,,,,,,,,False,0.0,0.0,0.0,22.8,3.9,13.35,52.76294536691867,0.0,0.0,0.0,0.0,0.0,0.0,0.05,5.381058476753503,24.960140638743077,0.002003193841079169,0.2155860639823894,mccloud,USC00045449,"MCCLOUD, CA US",,
2025-11-11,USC00045449,0.0,",,7,0800",",,7,0800",0.0,5.6,",,7,0800",",,7,0800",0.0,"MCCLOUD, CA US",22.8,",,7",3.9,",,7",,,,,,,,,,,,,,,,,,,,,,,,,,,True,0.0,0.0,0.0,22.8,3.9,13.35,52.76294536691867,0.0,0.0,0.0,0.0,0.0,0.0,0.05,4.414701521375155,24.960140638743077,0.002003193841079169,0.1768700579564309,mccloud,USC00045449,"MCCLOUD, CA US",,
2025-11-12,USC00045449,0.0,",,7,0800",",,7,0800",21.6,12.2,",,7,0800",",,7,0800",0.0,"MCCLOUD, CA US",15.6,",,7",3.9,",,7",,,,,,,,,,,,,,,,,,,,,,,,,,,True,21.6,0.0,0.0,15.6,3.9,9.75,66.93611901981343,0.0,21.6,0.0,0.0,0.0,21.6,0.05,7.59853886738658,24.960140638743077,0.002003193841079169,0.3044269252069896,mccloud,USC00045449,"MCCLOUD, CA US",,
2025-11-13,,,,,,,,,,,,,,,,,,,,,,,,,,,,,,,,,,,,,,,,,False,14.3,0.0,0.0,17.4,3.9,10.649999999999999,63.03078514067222,0.0,14.3,0.0,0.0,0.0,14.3,0.05,8.861833694162348,24.960140638743077,0.002003193841079169,0.35503941353627744,mccloud,USC00045449,"MCCLOUD, CA US",,
2025-11-14,,,,,,,,,,,,,,,,,,,,,,,,,,,,,,,,,,,,,,,,,False,14.3,0.0,0.0,19.2,3.9,11.549999999999999,59.37853698221934,0.0,14.3,0.0,0.0,0.0,14.3,0.05,9.896132019047991,24.960140638743077,0.002003193841079169,0.3964774142212659,mccloud,USC00045449,"MCCLOUD, CA US",,
2025-11-15,,,,,,,,,,,,,,,,,,,,,,,,,,,,,,,,,,,,,,,,,False,14.3,0.0,0.0,21.0,3.9,12.45,55.96144310775759,0.0,14.3,0.0,0.0,0.0,14.3,0.05,10.74294386548891,24.960140638743077,0.002003193841079169,0.43040397972813244,mccloud,USC00045449,"MCCLOUD, CA US",,
2025-11-16,USC00045449,0.0,,",,7,0800",,6.7,",,7,0800",",,7,0800",0.0,"MCCLOUD, CA US",22.8,",,7",3.9,",,7",4.0,",,7",",,7",57.2,,,,,,,,,,,,,,,,,,,,,,,True,14.3,0.0,0.0,22.8,3.9,13.35,52.76294536691867,0.0,14.3,0.0,0.0,0.0,14.3,0.05,11.278404559666209,24.960140638743077,0.002003193841079169,0.4518566110224513,mccloud,USC00045449,"MCCLOUD, CA US",,
2025-11-17,USC00045449,0.0,",,7,0800",",,7,0800",0.0,,,",,7,0800",0.0,"MCCLOUD, CA US",10.0,",,7",2.8,",,7",,,,,,,,,,,,,,,,,,,,,,,,,,,True,0.0,0.0,0.0,10.0,2.8,6.4,77.76547354164516,0.0,0.0,0.0,0.0,0.0,0.0,0.05,9.24304012099976,24.960140638743077,0.002003193841079169,0.37031202086468745,mccloud,USC00045449,"MCCLOUD, CA US",,
2025-11-18,USC00045449,0.0,",,7,0800",",,7,0800",3.8,3.9,",,7,0800",",,7,0800",0.0,"MCCLOUD, CA US",16.1,",,7",3.9,",,7",,,,,,,,,,,,,,,,,,,,,,,,,,,True,3.8,0.0,0.0,16.1,3.9,10.0,65.82482744276116,0.0,3.8,0.0,0.0,0.0,3.8,0.05,8.275934351830932,24.960140638743077,0.002003193841079169,0.3315660144552649,mccloud,USC00045449,"MCCLOUD, CA US",,
2025-11-19,USC00045449,0.0,",,7,0800",",,7,0800",8.9,3.3,",,7,0800",",,7,0800",0.0,"MCCLOUD, CA US",8.9,",,7",2.8,",,7",,,,,,,,,,,,,,,,,,,,,,,,,,,True,8.9,0.0,0.0,8.9,2.8,5.85,80.77327624296,0.0038663812147999724,8.9,0.0,0.0,0.0,8.903866381214801,0.05,8.423393859065643,24.960140638743077,0.002003193841079169,0.3374738139892877,mccloud,USC00045449,"MCCLOUD, CA US",,
2025-11-20,USC00045449,0.0,",,7,0800",",,7,0800",0.3,-3.3,",,7,0800",",,7,0800",0.0,"MCCLOUD, CA US",12.2,",,7",-3.3,",,7",,,,,,,,,,,,,,,,,,,,,,,,,,,True,0.3,0.0,0.0,12.2,-3.3,4.449999999999999,57.14871289660633,0.0,0.3,0.0,0.0,0.0,0.3,0.05,6.960763719826784,24.960140638743077,0.002003193841079169,0.27887518025528674,mccloud,USC00045449,"MCCLOUD, CA US",,
2025-11-21,USC00045449,0.0,",,7,0800",",,7,0800",0.0,,,",,7,0800",0.0,"MCCLOUD, CA US",16.1,",,7",-3.3,",,7",,,,,,,,,,,,,,,,,,,,,,,,,,,True,0.0,0.0,0.0,16.1,-3.3,6.4,49.91645236732122,0.0,0.0,0.0,0.0,0.0,0.0,0.05,5.7080547846777785,24.960140638743077,0.002003193841079169,0.22868680378418013,mccloud,USC00045449,"MCCLOUD, CA US",,
2025-11-22,USC00045449,0.0,",,7,0800",",,7,0800",0.0,,,",,7,0800",0.0,"MCCLOUD, CA US",17.2,",,7",0.0,",,7",,,,,,,,,,,,,,,,,,,,,,,,,,,True,0.0,0.0,0.0,17.2,0.0,8.6,54.752421320992454,0.0,0.0,0.0,0.0,0.0,0.0,0.05,4.682423454815717,24.960140638743077,0.002003193841079169,0.18759603652022974,mccloud,USC00045449,"MCCLOUD, CA US",,
2025-11-23,USC00045449,0.0,",,7,0800",",,7,0800",0.0,2.8,",,7,0800",",,7,0800",0.0,"MCCLOUD, CA US",14.4,",,7",-2.2,",,7",,,,,,,,,,,,,,,,,,,,,,,,,,,True,0.0,0.0,0.0,14.4,-2.2,6.1,55.29246839664916,0.0,0.0,0.0,0.0,0.0,0.0,0.05,3.8427075437373777,24.960140638743077,0.002003193841079169,0.1539537616936635,mccloud,USC00045449,"MCCLOUD, CA US",,
2025-11-24,USC00045449,0.0,",,7,0800",",,7,0800",0.0,-2.8,",,7,0800",",,7,0800",0.0,"MCCLOUD, CA US",13.9,",,7",-3.3,",,7",,,,,,,,,,,,,,,,,,,,,,,,,,,True,0.0,0.0,0.0,13.9,-3.3,5.300000000000001,53.861502963708794,0.0,0.0,0.0,0.0,0.0,0.0,0.05,3.1215389517367145,24.960140638743077,0.002003193841079169,0.12506095205615422,mccloud,USC00045449,"MCCLOUD, CA US",,
2025-11-25,USC00045449,0.0,",,7,0800",",,7,0800",0.0,-1.7,",,7,0800",",,7,0800",0.0,"MCCLOUD, CA US",15.0,",,7",-3.3,",,7",,,,,,,,,,,,,,,,,,,,,,,,,,,True,0.0,0.0,0.0,15.0,-3.3,5.85,51.84711431063311,0.0,0.0,0.0,0.0,0.0,0.0,0.05,2.4418086943016566,24.960140638743077,0.002003193841079169,0.0978283227503729,mccloud,USC00045449,"MCCLOUD, CA US",,
2025-11-26,USC00045449,0.0,",,7,0800",",,7,0800",0.0,,,",,7,0800",0.0,"MCCLOUD, CA US",17.8,",,7",-1.7,",,7",,,,,,,,,,,,,,,,,,,,,,,,,,,True,0.0,0.0,0.0,17.8,-1.7,8.05,50.197151268460324,0.0,0.0,0.0,0.0,0.0,0.0,0.05,1.9485332696631852,24.960140638743077,0.002003193841079169,0.07806579689854296,mccloud,USC00045449,"MCCLOUD, CA US",,
2025-11-27,USC00045449,0.0,",,7,0800",",,7,0800",0.0,,,",,7,0800",0.0,"MCCLOUD, CA US",17.2,",,7",-1.1,",,7",,,,,,,,,,,,,,,,,,,,,,,,,,,True,0.0,0.0,0.0,17.2,-1.1,8.049999999999999,52.45603285122425,0.0,0.0,0.0,0.0,0.0,0.0,0.05,1.593748799544724,24.960140638743077,0.002003193841079169,0.06385175558950619,mccloud,USC00045449,"MCCLOUD, CA US",,
2025-11-28,USC00045449,0.0,",,7,0800",",,7,0800",0.0,,,",,7,0800",0.0,"MCCLOUD, CA US",15.6,",,7",-0.6,",,7",,,,,,,,,,,,,,,,,,,,,,,,,,,True,0.0,0.0,0.0,15.6,-0.6,7.5,56.48306081443667,0.0,0.0,0.0,0.0,0.0,0.0,0.05,1.3139146172144824,24.960140638743077,0.002003193841079169,0.05264051337815889,mccloud,USC00045449,"MCCLOUD, CA US",,
2025-11-29,USC00045449,0.0,",,7,0800",",,7,0800",0.0,,,",,7,0800",0.0,"MCCLOUD, CA US",15.0,",,7",-0.6,",,7",,,,,,,,,,,,,,,,,,,,,,,,,,,True,0.0,0.0,0.0,15.0,-0.6,7.2,57.65275159380576,0.0,0.0,0.0,0.0,0.0,0.0,0.05,1.0848057663782824,24.960140638743077,0.002003193841079169,0.043461524599522856,mccloud,USC00045449,"MCCLOUD, CA US",,
2025-11-30,USC00045449,0.0,",,7,0800",",,7,0800",0.0,-1.1,",,7,0800",",,7,0800",0.0,"MCCLOUD, CA US",13.9,",,7",-1.7,",,7",,,,,,,,,,,,,,,,,,,,,,,,,,,True,0.0,0.0,0.0,13.9,-1.7,6.1000000000000005,57.36791250528854,0.0,0.0,0.0,0.0,0.0,0.0,0.05,0.8972273043963293,24.960140638743077,0.002003193841079169,0.035946404204295825,mccloud,USC00045449,"MCCLOUD, CA US",,
2025-12-01,,,,,,,,,,,,,,,,,,,,,,,,,,,,,,,,,,,,,,,,,False,0.0,0.0,0.0,14.45,-1.4,6.5249999999999995,56.953842151827956,0.0,0.0,0.0,0.0,0.0,0.0,0.05,0.7436510489566353,24.960140638743077,0.002003193841079169,0.0297935440236399,mccloud,USC00045449,"MCCLOUD, CA US",,
2025-12-02,USC00045449,0.0,",,7,0800",",,7,0800",0.0,,,",,7,0800",0.0,"MCCLOUD, CA US",15.0,",,7",-1.1,",,7",,,,,,,,,,,,,,,,,,,,,,,,,,,True,0.0,0.0,0.0,15.0,-1.1,6.95,56.54529972922765,0.0,0.0,0.0,0.0,0.0,0.0,0.05,0.617913445685598,24.960140638743077,0.002003193841079169,0.02475600817434795,mccloud,USC00045449,"MCCLOUD, CA US",,
2025-12-03,USC00045449,0.0,",,7,0800",",,7,0800",0.0,,,",,7,0800",0.0,"MCCLOUD, CA US",11.1,",,7",0.6,",,7",,,,,,,,,,,,,,,,,,,,,,,,,,,True,0.0,0.0,0.0,11.1,0.6,5.85,69.01404642588602,0.0,0.0,0.0,0.0,0.0,0.0,0.05,0.4553604327543867,24.960140638743077,0.002003193841079169,0.018243504287294647,mccloud,USC00045449,"MCCLOUD, CA US",,
2025-12-04,USC00045449,0.0,",,7,0800",",,7,0800",0.0,,,",,7,0800",0.0,"MCCLOUD, CA US",15.6,",,7",1.1,",,7",,,,,,,,,,,,,,,,,,,,,,,,,,,True,0.0,0.0,0.0,15.6,1.1,8.35,60.28971496994779,0.0,0.0,0.0,0.0,0.0,0.0,0.05,0.3424185007333586,24.960140638743077,0.002003193841079169,0.013718612634812536,mccloud,USC00045449,"MCCLOUD, CA US",,
2025-12-05,USC00045449,0.0,",,7,0800",",,7,0800",0.0,,,",,7,0800",0.0,"MCCLOUD, CA US",15.0,",,7",1.7,",,7",,,,,,,,,,,,,,,,,,,,,,,,,,,True,0.0,0.0,0.0,15.0,1.7,8.35,62.93962674026501,0.0,0.0,0.0,0.0,0.0,0.0,0.05,0.2499494676757001,24.960140638743077,0.002003193841079169,0.010013944684579584,mccloud,USC00045449,"MCCLOUD, CA US",,
2025-12-06,USC00045449,0.0,",,7,0800",",,7,0800",0.0,,,",,7,0800",0.0,"MCCLOUD, CA US",16.7,",,7",1.7,",,7",,,,,,,,,,,,,,,,,,,,,,,,,,,True,0.0,0.0,0.0,16.7,1.7,9.2,59.427428165355316,0.0,0.0,0.0,0.0,0.0,0.0,0.05,0.1742422266040105,24.960140638743077,0.002003193841079169,0.006980819103781495,mccloud,USC00045449,"MCCLOUD, CA US",,
2025-12-07,USC00045449,0.0,",,7,0800",",,7,0800",0.0,0.0,",,7,0800",",,7,0800",0.0,"MCCLOUD, CA US",15.0,",,7",0.0,",,7",,,,,,,,,,,,,,,,,,,,,,,,,,,True,0.0,0.0,0.0,15.0,0.0,7.5,59.00132046212087,0.0,0.0,0.0,0.0,0.0,0.0,0.05,0.11225838010792977,24.960140638743077,0.002003193841079169,0.004497505912834584,mccloud,USC00045449,"MCCLOUD, CA US",,
2025-12-08,USC00045449,0.0,",,7,0800",",,7,0800",0.0,-1.7,",,7,0800",",,7,0800",0.0,"MCCLOUD, CA US",16.1,",,7",-2.2,",,7",,,,,,,,,,,,,,,,,,,,,,,,,,,True,0.0,0.0,0.0,16.1,-2.2,6.950000000000001,52.15273279780618,0.0,0.0,0.0,0.0,0.0,0.0,0.05,0.10097285043118058,24.960140638743077,0.002003193841079169,0.004045363841998981,mccloud,USC00045449,"MCCLOUD, CA US",,
2025-12-09,USC00045449,0.0,",,7,0800",",,7,0800",0.0,-1.1,",,7,0800",",,7,0800",0.0,"MCCLOUD, CA US",17.2,",,7",-1.7,",,7",,,,,,,,,,,,,,,,,,,,,,,,,,,True,0.0,0.0,0.0,17.2,-1.7,7.75,51.23207067597221,0.0,0.0,0.0,0.0,0.0,0.0,0.05,0.08124648803502407,24.960140638743077,0.002003193841079169,0.003255049288821452,mccloud,USC00045449,"MCCLOUD, CA US",,
2025-12-10,USC00045449,0.0,",,7,0800",",,7,0800",0.0,-2.8,",,7,0800",",,7,0800",0.0,"MCCLOUD, CA US",18.9,",,7",-3.3,",,7",,,,,,,,,,,,,,,,,,,,,,,,,,,True,0.0,0.0,0.0,18.9,-3.3,7.799999999999999,45.35430447604024,0.0,0.0,0.0,0.0,0.0,0.0,0.05,0.05101118187597764,24.960140638743077,0.002003193841079169,0.0020437057072025546,mccloud,USC00045449,"MCCLOUD, CA US",,
2025-12-11,USC00045449,0.0,",,7,0800",",,7,0800",0.0,-2.2,",,7,0800",",,7,0800",0.0,"MCCLOUD, CA US",16.7,",,7",-3.3,",,7",,,,,,,,,,,,,,,,,,,,,,,,,,,True,0.0,0.0,0.0,16.7,-3.3,6.699999999999999,48.89728418376342,0.0,0.0,0.0,0.0,0.0,0.0,0.05,0.05,24.960140638743077,0.002003193841079169,0.002003193841079169,mccloud,USC00045449,"MCCLOUD, CA US",,
2025-12-12,,,,,,,,,,,,,,,,,,,,,,,,,,,,,,,,,,,,,,,,,False,0.0,0.0,0.0,15.2,-2.933333333333333,6.133333333333333,52.248682295224214,0.0,0.0,0.0,0.0,0.0,0.0,0.05,0.05,24.960140638743077,0.002003193841079169,0.002003193841079169,mccloud,USC00045449,"MCCLOUD, CA US",,
2025-12-13,,,,,,,,,,,,,,,,,,,,,,,,,,,,,,,,,,,,,,,,,False,0.0,0.0,0.0,13.7,-2.566666666666667,5.566666666666666,55.83506633744351,0.0,0.0,0.0,0.0,0.0,0.0,0.05,0.05,24.960140638743077,0.002003193841079169,0.002003193841079169,mccloud,USC00045449,"MCCLOUD, CA US",,
2025-12-14,USC00045449,0.0,",,7,0800",",,7,0800",0.0,-1.1,",,7,0800",",,7,0800",0.0,"MCCLOUD, CA US",12.2,",,7",-2.2,",,7",,,,,,,,,,,,,,,,,,,,,,,,,,,True,0.0,0.0,0.0,12.2,-2.2,5.0,59.6733632829696,0.0,0.0,0.0,0.0,0.0,0.0,0.05,0.05,24.960140638743077,0.002003193841079169,0.002003193841079169,mccloud,USC00045449,"MCCLOUD, CA US",,
2025-12-15,USC00045449,0.0,,",,7,0800",,,,",,7,0800",0.0,"MCCLOUD, CA US",16.7,",,7",-1.1,",,7",,,,,,,,,,,,,,,,,,,,,,,,,,,True,22.0,0.0,0.0,16.7,-1.1,7.8,53.35555833010128,0.0,22.0,0.0,0.0,0.0,22.0,0.05,4.098635050197718,24.960140638743077,0.002003193841079169,0.16420720978774556,mccloud,USC00045449,"MCCLOUD, CA US",,
2025-12-16,USC00045449,0.0,,",,7,0800",,,,",,7,0800",0.0,"MCCLOUD, CA US",11.7,",,7",4.4,",,7",,,,,,,,,,,,,,,,,,,,,,,,,,,True,22.0,0.0,0.0,11.7,4.4,8.05,77.75152497912298,0.0,22.0,0.0,0.0,0.0,22.0,0.05,7.413377073784008,24.960140638743077,0.002003193841079169,0.2970086259160327,mccloud,USC00045449,"MCCLOUD, CA US",,
2025-12-17,USC00045449,0.0,,",,7,0800",,,,",,7,0800",0.0,"MCCLOUD, CA US",11.1,",,7",4.4,",,7",3.0,",,7",",,7",66.0,,,,,,,,,,,,,,,,,,,,,,,True,22.0,0.0,0.0,11.1,4.4,7.75,79.35453551121861,0.0,22.0,0.0,0.0,0.0,22.0,0.05,10.127258307014046,24.960140638743077,0.002003193841079169,0.40573722935256773,mccloud,USC00045449,"MCCLOUD, CA US",,
2025-12-18,USC00045449,,,,,8.9,",,7,0800",,,"MCCLOUD, CA US",10.6,",,7",7.8,",,7",,,,,,,,,,,,,,,,,,,,,,,,,,,True,20.95,0.0,0.0,10.6,7.8,9.2,90.95715369432003,0.05478576847160014,20.95,0.0,0.0,0.0,21.0047857684716,0.05,12.166048186486972,24.960140638743077,0.002003193841079169,0.4874190559488618,mccloud,USC00045449,"MCCLOUD, CA US",,
2025-12-19,USC00045449,,,,,,,,,"MCCLOUD, CA US",10.0,",,7",5.6,",,7",,,,,,,,,,,,,,,,,,,,,,,,,,,True,20.95,0.0,0.0,10.0,5.6,7.8,85.97625230099969,0.02988126150499845,20.95,0.0,0.0,0.0,20.979881261504996,0.05,13.830685011702299,24.960140638743077,0.002003193841079169,0.5541108606669602,mccloud,USC00045449,"MCCLOUD, CA US",,
2025-12-20,USC00045449,,,,,,,,,"MCCLOUD, CA US",12.2,",,7",8.9,",,7",,,,,,,,,,,,,,,,,,,,,,,,,,,True,20.95,0.0,0.0,12.2,8.9,10.55,89.52725224579348,0.047636261228967386,20.95,0.0,0.0,0.0,20.997636261228966,0.05,15.196841805675758,24.960140638743077,0.002003193841079169,0.6088443981796823,mccloud,USC00045449,"MCCLOUD, CA US",,
2025-12-21,USC00045449,0.0,,",,7,0800",,8.3,",,7,0800",",,7,0800",0.0,"MCCLOUD, CA US",13.3,",,7",8.3,",,7",4.0,",,7",",,7",83.8,,,,,,,,,,,,,,,,,,,,,,,True,20.95,0.0,0.0,13.3,8.3,10.8,84.54793808949398,0.022739690447469915,20.95,0.0,0.0,0.0,20.97273969044747,0.05,16.310774698742087,24.960140638743077,0.002003193841079169,0.6534728683950016,mccloud,USC00045449,"MCCLOUD, CA US",,
2025-12-22,USC00045449,0.0,",,7,0800",",,7,0800",21.8,8.3,",,7,0800",",,7,0800",0.0,"MCCLOUD, CA US",11.7,",,7",7.8,",,7",,,,,,,,,,,,,,,,,,,,,,,,,,,True,21.8,0.0,0.0,11.7,7.8,9.75,87.65776072627956,0.03828880363139781,21.8,0.0,0.0,0.0,21.8382888036314,0.05,17.38207183685625,24.960140638743077,0.002003193841079169,0.6963931849757223,mccloud,USC00045449,"MCCLOUD, CA US",,
2025-12-23,USC00045449,0.0,",,7,0800",",,7,0800",47.0,6.1,",,7,0800",",,7,0800",0.0,"MCCLOUD, CA US",12.8,",,7",4.4,",,7",,,,,,,,,,,,,,,,,,,,,,,,,,,True,47.0,0.0,0.0,12.8,4.4,8.600000000000001,74.90576853961927,0.0,47.0,0.0,0.0,0.0,47.0,0.05,22.889656925540667,24.960140638743077,0.002003193841079169,0.9170483955531641,mccloud,USC00045449,"MCCLOUD, CA US",,
2025-12-24,USC00045449,,,,,,,,,"MCCLOUD, CA US",11.1,",,7",3.3,",,7",,,,,,,,,,,,,,,,,,,,,,,,,,,True,26.68,0.0,0.0,11.1,3.3,7.199999999999999,76.2611485480364,0.0,26.68,0.0,0.0,0.0,26.68,0.05,23.659419657384976,24.960140638743077,0.002003193841079169,0.94788807482362,mccloud,USC00045449,"MCCLOUD, CA US",,
2025-12-25,USC00045449,,,,,,,,,"MCCLOUD, CA US",8.9,",,7",2.8,",,7",,,,,,,,,,,,,,,,,,,,,,,,,,,True,26.68,0.0,0.0,8.9,2.8,5.85,80.77327624296,0.0038663812147999724,26.68,0.0,0.0,0.0,26.6838663812148,0.05,24.2903596042694,24.960140638743077,0.002003193841079169,0.973165975137414,mccloud,USC00045449,"MCCLOUD, CA US",,
2025-12-26,USC00045449,,,,,,,,,"MCCLOUD, CA US",6.1,",,7",0.6,",,7",,,,,,,,,,,,,,,,,,,,,,,,,,,True,26.68,0.0,0.0,6.1,0.6,3.3499999999999996,82.18222638735239,0.010911131936761935,26.68,0.0,0.0,0.0,26.690911131936762,0.05,24.80822597961511,24.960140638743077,0.002003193841079169,0.9939137098093043,mccloud,USC00045449,"MCCLOUD, CA US",,
2025-12-27,USC00045449,,,,,,,,,"MCCLOUD, CA US",7.8,",,7",-0.6,",,7",,,,,,,,,,,,,,,,,,,,,,,,,,,True,26.68,0.0,0.0,7.8,-0.6,3.6,74.01691179545828,0.0,26.68,0.0,0.0,0.0,26.68,0.05,25.230211143859453,24.960140638743077,0.002003193841079169,1.0,mccloud,USC00045449,"MCCLOUD, CA US",,
2025-12-28,USC00045449,0.0,,",,7,0800",,-3.3,",,7,0800",",,7,0800",0.0,"MCCLOUD, CA US",10.6,",,7",-3.3,",,7",5.0,",,7",",,7",133.4,,,,,,,,,,,,,,,,,,,,,,,True,26.68,0.0,0.0,10.6,-3.3,3.65,60.448146536789984,0.0,26.68,0.0,0.0,0.0,26.68,0.05,25.575703375168967,24.960140638743077,0.002003193841079169,1.0,mccloud,USC00045449,"MCCLOUD, CA US",,
2025-12-29,USC00045449,0.0,",,7,0800",",,7,0800",0.0,-3.9,",,7,0800",",,7,0800",0.0,"MCCLOUD, CA US",12.8,",,7",-3.9,",,7",,,,,,,,,,,,,,,,,,,,,,,,,,,True,0.0,0.0,0.0,12.8,-3.9,4.45,54.643332988396494,0.0,0.0,0.0,0.0,0.0,0.0,0.05,20.94867834719727,24.960140638743077,0.002003193841079169,0.8392852688770822,mccloud,USC00045449,"MCCLOUD, CA US",,
2025-12-30,,,,,,,,,,,,,,,,,,,,,,,,,,,,,,,,,,,,,,,,,False,0.0,0.0,0.0,11.7,1.65,6.675,70.30865907233068,0.0,0.0,0.0,0.0,0.0,0.0,0.05,17.160390661535335,24.960140638743077,0.002003193841079169,0.6875117776740013,mccloud,USC00045449,"MCCLOUD, CA US",,
2025-12-31,USC00045449,0.0,",,7,0800",",,7,0800",0.0,,,",,7,0800",0.0,"MCCLOUD, CA US",10.6,",,7",7.2,",,7",,,,,,,,,,,,,,,,,,,,,,,,,,,True,0.0,0.0,0.0,10.6,7.2,8.9,89.09158421428451,0.04545792107142255,0.0,0.0,0.0,0.0,0.04545792107142255,0.05,14.067168601439061,24.960140638743077,0.002003193841079169,0.5635853100764998,mccloud,USC00045449,"MCCLOUD, CA US",,
2026-01-01,USC00045449,0.0,",,7,0800",",,7,0800",0.0,,,",,7,0800",0.0,"MCCLOUD, CA US",10.6,",,7",7.2,",,7",,,,,,,,,,,,,,,,,,,,,,,,,,,True,0.0,0.0,0.0,10.6,7.2,8.9,89.09158421428451,0.04545792107142255,0.0,0.0,0.0,0.0,0.04545792107142255,0.05,11.534652574739011,24.960140638743077,0.002003193841079169,0.46212289993410327,mccloud,USC00045449,"MCCLOUD, CA US",,
2026-01-02,USC00045449,0.0,",,7,0800",",,7,0800",27.2,7.2,",,7,0800",",,7,0800",0.0,"MCCLOUD, CA US",17.2,",,7",-1.7,",,7",,,,,,,,,,,,,,,,,,,,,,,,,,,True,27.2,0.0,0.0,17.2,-1.7,7.75,51.23207067597221,0.0,27.2,0.0,0.0,0.0,27.2,0.05,14.458423404326778,24.960140638743077,0.002003193841079169,0.5792604943052462,mccloud,USC00045449,"MCCLOUD, CA US",,
2026-01-03,USC00045449,0.0,,",,7,0800",,,,",,7,0800",0.0,"MCCLOUD, CA US",11.1,",,7",7.2,",,7",,,,,,,,,,,,,,,,,,,,,,,,,,,True,42.0,0.0,0.0,11.1,7.2,9.15,87.60255311831123,0.038012765591556176,42.0,0.0,0.0,0.0,42.03801276559155,0.05,19.582827159192384,24.960140638743077,0.002003193841079169,0.7845639751242411,mccloud,USC00045449,"MCCLOUD, CA US",,
2026-01-04,USC00045449,0.0,,",,7,0800",,,,",,7,0800",0.0,"MCCLOUD, CA US",10.6,",,7",2.8,",,7",,,,,,,,,,,,,,,,,,,,,,,,,,,True,42.0,0.0,0.0,10.6,2.8,6.699999999999999,76.17769851649459,0.0,42.0,0.0,0.0,0.0,42.0,0.05,23.771338658346917,24.960140638743077,0.002003193841079169,0.9523719838921538,mccloud,USC00045449,"MCCLOUD, CA US",,
2026-01-05,USC00045449,0.0,,",,7,0800",,2.8,",,7,0800",",,7,0800",0.0,"MCCLOUD, CA US",9.4,",,7",2.2,",,7",3.0,",,7",",,7",126.0,,,,,,,,,,,,,,,,,,,,,,,True,42.0,0.0,0.0,9.4,2.2,5.800000000000001,77.67041829353069,0.0,42.0,0.0,0.0,0.0,42.0,0.05,27.139890214412176,24.960140638743077,0.002003193841079169,1.0,mccloud,USC00045449,"MCCLOUD, CA US",,
2026-01-06,USC00045449,0.0,",,7,0800",",,7,0800",23.1,1.1,",,7,0800",",,7,0800",0.0,"MCCLOUD, CA US",4.4,",,7",-0.6,",,7",,,,,,,,,,,,,,,,,,,,,,,,,,,True,23.1,0.0,0.0,4.4,-0.6,1.9000000000000001,83.4989444954607,0.017494722477303527,23.1,0.0,0.0,0.0,23.117494722477304,0.05,26.42290093477687,24.960140638743077,0.002003193841079169,1.0,mccloud,USC00045449,"MCCLOUD, CA US",,
2026-01-07,USC00045449,0.0,",,7,0800",",,7,0800",6.4,3.9,",,7,0800",",,7,0800",0.0,"MCCLOUD, CA US",7.2,",,7",0.6,",,7",,,,,,,,,,,,,,,,,,,,,,,,,,,True,6.4,0.0,0.0,7.2,0.6,3.9,79.06080959835856,0.0,6.4,0.0,0.0,0.0,6.4,0.05,22.75937816714326,24.960140638743077,0.002003193841079169,0.9118289234242616,mccloud,USC00045449,"MCCLOUD, CA US",,
2026-01-08,USC00045449,0.0,",,7,0800",",,7,0800",0.0,-4.4,",,7,0800",",,7,0800",0.0,"MCCLOUD, CA US",8.9,",,7",-5.0,",,7",,,,,,,,,,,,,,,,,,,,,,,,,,,True,0.0,0.0,0.0,8.9,-5.0,1.9500000000000002,60.01970703299682,0.0,0.0,0.0,0.0,0.0,0.0,0.05,18.584901082903038,24.960140638743077,0.002003193841079169,0.7445831877267387,mccloud,USC00045449,"MCCLOUD, CA US",,
2026-01-09,USC00045449,0.0,",,7,0800",",,7,0800",0.0,-6.7,",,7,0800",",,7,0800",0.0,"MCCLOUD, CA US",6.7,",,7",-7.2,",,7",,,,,,,,,,,,,,,,,,,,,,,,,,,True,0.0,0.0,0.0,6.7,-7.2,-0.25,59.45631990414304,0.0,0.0,0.0,0.0,0.0,0.0,0.05,15.167197042966773,24.960140638743077,0.002003193841079169,0.6076567140581044,mccloud,USC00045449,"MCCLOUD, CA US",,
2026-01-10,USC00045449,0.0,,",,7,0800",,,,",,7,0800",0.0,"MCCLOUD, CA US",,,,,,,,,,,,,,,,,,,,,,,,,,,,,,,True,0.0,0.0,0.0,9.875,-6.375,1.75,54.83935330264085,0.0,0.0,0.0,0.0,0.0,0.0,0.05,12.368968643517583,24.960140638743077,0.002003193841079169,0.49554883614391565,mccloud,USC00045449,"MCCLOUD, CA US",,
2026-01-11,USC00045449,0.0,,",,7,0800",,,,",,7,0800",0.0,"MCCLOUD, CA US",,,,,,,,,,,,,,,,,,,,,,,,,,,,,,,True,0.0,0.0,0.0,13.05,-5.55,3.7500000000000004,50.676925776181,0.0,0.0,0.0,0.0,0.0,0.0,0.05,10.078041703802015,24.960140638743077,0.002003193841079169,0.40376542142390415,mccloud,USC00045449,"MCCLOUD, CA US",,
2026-01-12,USC00045449,0.0,,",,7,0800",,,,",,7,0800",0.0,"MCCLOUD, CA US",,,,,,,,,,,,,,,,,,,,,,,,,,,,,,,True,0.0,0.0,0.0,16.224999999999998,-4.725,5.749999999999999,46.916904233348895,0.0,0.0,0.0,0.0,0.0,0.0,0.05,8.200000779427288,24.960140638743077,0.002003193841079169,0.32852382116386253,mccloud,USC00045449,"MCCLOUD, CA US",,
2026-01-13,USC00045449,0.0,",,7,0800",",,7,0800",0.0,-3.9,",,7,0800",",,7,0800",0.0,"MCCLOUD, CA US",19.4,",,7",-3.9,",,7",,,,,,,,,,,,,,,,,,,,,,,,,,,True,0.0,0.0,0.0,19.4,-3.9,7.749999999999999,43.51388412553251,0.0,0.0,0.0,0.0,0.0,0.0,0.05,6.592954182911826,24.960140638743077,0.002003193841079169,0.26413930427452226,mccloud,USC00045449,"MCCLOUD, CA US",,
2026-01-14,USC00045449,0.0,",,7,0800",",,7,0800",0.0,-2.2,",,7,0800",",,7,0800",0.0,"MCCLOUD, CA US",20.6,",,7",-3.9,",,7",,,,,,,,,,,,,,,,,,,,,,,,,,,True,0.0,0.0,0.0,20.6,-3.9,8.350000000000001,41.77566077048506,0.0,0.0,0.0,0.0,0.0,0.0,0.05,5.333291170715252,24.960140638743077,0.002003193841079169,0.21367232051717402,mccloud,USC00045449,"MCCLOUD, CA US",,
2026-01-15,USC00045449,0.0,",,7,0800",",,7,0800",0.0,-1.7,",,7,0800",",,7,0800",0.0,"MCCLOUD, CA US",22.2,",,7",-2.2,",,7",,,,,,,,,,,,,,,,,,,,,,,,,,,True,0.0,0.0,0.0,22.2,-2.2,10.0,42.42089254777639,0.0,0.0,0.0,0.0,0.0,0.0,0.05,4.301955654376026,24.960140638743077,0.002003193841079169,0.17235302142883518,mccloud,USC00045449,"MCCLOUD, CA US",,
2026-01-16,USC00045449,0.0,",,7,0800",",,7,0800",0.0,-2.2,",,7,0800",",,7,0800",0.0,"MCCLOUD, CA US",21.7,",,7",-2.2,",,7",,,,,,,,,,,,,,,,,,,,,,,,,,,True,0.0,0.0,0.0,21.7,-2.2,9.75,43.13706579745754,0.0,0.0,0.0,0.0,0.0,0.0,0.05,3.4575501095796257,24.960140638743077,0.002003193841079169,0.13852286169465022,mccloud,USC00045449,"MCCLOUD, CA US",,
2026-01-17,USC00045449,0.0,",,7,0800",",,7,0800",0.0,,,",,7,0800",0.0,"MCCLOUD, CA US",21.1,",,7",-2.2,",,7",,,,,,,,,,,,,,,,,,,,,,,,,,,True,0.0,0.0,0.0,21.1,-2.2,9.450000000000001,44.014377622267965,0.0,0.0,0.0,0.0,0.0,0.0,0.05,2.766239432552208,24.960140638743077,0.002003193841079169,0.11082627588477835,mccloud,USC00045449,"MCCLOUD, CA US",,
2026-01-18,USC00045449,0.0,",,7,0800",",,7,0800",0.0,,,",,7,0800",0.0,"MCCLOUD, CA US",19.4,",,7",0.0,",,7",,,,,,,,,,,,,,,,,,,,,,,,,,,True,0.0,0.0,0.0,19.4,0.0,9.7,50.842566521929015,0.0,0.0,0.0,0.0,0.0,0.0,0.05,2.2002421213387002,24.960140638743077,0.002003193841079169,0.08815022932697299,mccloud,USC00045449,"MCCLOUD, CA US",,
2026-01-19,USC00045449,0.0,",,7,0800",",,7,0800",0.0,,,",,7,0800",0.0,"MCCLOUD, CA US",17.8,",,7",-0.6,",,7",,,,,,,,,,,,,,,,,,,,,,,,,,,True,0.0,0.0,0.0,17.8,-0.6,8.6,52.41551068669267,0.0,0.0,0.0,0.0,0.0,0.0,0.05,1.8104693513036316,24.960140638743077,0.002003193841079169,0.07253442107988066,mccloud,USC00045449,"MCCLOUD, CA US",,
2026-01-20,USC00045449,0.0,",,7,0800",",,7,0800",0.0,-3.9,",,7,0800",",,7,0800",0.0,"MCCLOUD, CA US",18.9,",,7",-3.9,",,7",,,,,,,,,,,,,,,,,,,,,,,,,,,True,0.0,0.0,0.0,18.9,-3.9,7.499999999999999,44.26187046370348,0.0,0.0,0.0,0.0,0.0,0.0,0.05,1.4913503977635283,24.960140638743077,0.002003193841079169,0.05974927863381737,mccloud,USC00045449,"MCCLOUD, CA US",,
2026-01-21,USC00045449,0.0,",,7,0800",",,7,0800",0.0,-1.7,",,7,0800",",,7,0800",0.0,"MCCLOUD, CA US",14.4,",,7",-3.9,",,7",,,,,,,,,,,,,,,,,,,,,,,,,,,True,0.0,0.0,0.0,14.4,-3.9,5.25,51.679431828514296,0.0,0.0,0.0,0.0,0.0,0.0,0.05,1.2299524500676722,24.960140638743077,0.002003193841079169,0.049276663455915894,mccloud,USC00045449,"MCCLOUD, CA US",,
2026-01-22,USC00045449,0.0,",,7,0800",",,7,0800",0.0,,,",,7,0800",0.0,"MCCLOUD, CA US",16.7,",,7",-3.9,",,7",,,,,,,,,,,,,,,,,,,,,,,,,,,True,0.0,0.0,0.0,16.7,-3.9,6.3999999999999995,47.728132272055774,0.0,0.0,0.0,0.0,0.0,0.0,0.05,1.015937911497605,24.960140638743077,0.002003193841079169,0.04070241134461672,mccloud,USC00045449,"MCCLOUD, CA US",,
2026-01-23,USC00045449,0.0,",,7,0800",",,7,0800",0.0,-4.4,",,7,0800",",,7,0800",0.0,"MCCLOUD, CA US",18.3,",,7",-4.4,",,7",,,,,,,,,,,,,,,,,,,,,,,,,,,True,0.0,0.0,0.0,18.3,-4.4,6.95,44.26565567750295,0.0,0.0,0.0,0.0,0.0,0.0,0.05,0.7657814370141769,24.960140638743077,0.002003193841079169,0.03068017316479109,mccloud,USC00045449,"MCCLOUD, CA US",,
2026-01-24,USC00045449,0.0,",,7,0800",",,7,0800",0.0,,,",,7,0800",0.0,"MCCLOUD, CA US",15.6,",,7",-4.4,",,7",,,,,,,,,,,,,,,,,,,,,,,,,,,True,0.0,0.0,0.0,15.6,-4.4,5.6,48.58157043476822,0.0,0.0,0.0,0.0,0.0,0.0,0.05,0.5200233763813208,24.960140638743077,0.002003193841079169,0.020834152495685127,mccloud,USC00045449,"MCCLOUD, CA US",,
2026-01-25,USC00045449,0.0,",,7,0800",",,7,0800",0.0,,,",,7,0800",0.0,"MCCLOUD, CA US",15.0,",,7",-3.9,",,7",,,,,,,,,,,,,,,,,,,,,,,,,,,True,0.0,0.0,0.0,15.0,-3.9,5.55,50.61457854164862,0.0,0.0,0.0,0.0,0.0,0.0,0.05,0.31891859507441733,24.960140638743077,0.002003193841079169,0.012777115309173883,mccloud,USC00045449,"MCCLOUD, CA US",,
2026-01-26,USC00045449,0.0,",,7,0800",",,7,0800",0.0,-0.6,",,7,0800",",,7,0800",0.0,"MCCLOUD, CA US",13.9,",,7",-6.1,",,7",,,,,,,,,,,,,,,,,,,,,,,,,,,True,0.0,0.0,0.0,13.9,-6.1,3.9000000000000004,48.08926542804324,0.0,0.0,0.0,0.0,0.0,0.0,0.05,0.15426792602743344,24.960140638743077,0.002003193841079169,0.006180571185884229,mccloud,USC00045449,"MCCLOUD, CA US",,
2026-01-27,USC00045449,0.0,,",,7,0800",,,,",,7,0800",0.0,"MCCLOUD, CA US",,,,,,,,,,,,,,,,,,,,,,,,,,,,,,,True,3.2,0.0,0.0,13.05,-3.5999999999999996,4.7250000000000005,54.820240545768556,0.0,3.2,0.0,0.0,0.0,3.2,0.05,0.6604642509587062,24.960140638743077,0.002003193841079169,0.026460758395468933,mccloud,USC00045449,"MCCLOUD, CA US",,
2026-01-28,USC00045449,0.0,,",,7,0800",,,,",,7,0800",0.0,"MCCLOUD, CA US",12.2,",,7",-1.1,",,7",2.0,",,7",",,7",6.4,,,,,,,,,,,,,,,,,,,,,,,True,3.2,0.0,0.0,12.2,-1.1,5.55,62.2738985374131,0.0,3.2,0.0,0.0,0.0,3.2,0.05,1.121036665277674,24.960140638743077,0.002003193841079169,0.04491307487016332,mccloud,USC00045449,"MCCLOUD, CA US",,
2026-01-29,USC00045449,0.0,",,7,0800",",,7,0800",0.0,-2.8,",,7,0800",",,7,0800",0.0,"MCCLOUD, CA US",10.0,",,7",-2.8,",,7",,,,,,,,,,,,,,,,,,,,,,,,,,,True,0.0,0.0,0.0,10.0,-2.8,3.6,62.959588249465334,0.0,0.0,0.0,0.0,0.0,0.0,0.05,0.9268906555369205,24.960140638743077,0.002003193841079169,0.03713483305050785,mccloud,USC00045449,"MCCLOUD, CA US",,
2026-01-30,USC00045449,0.0,,",,7,0800",,,,",,7,0800",0.0,"MCCLOUD, CA US",,,,,,,,,,,,,,,,,,,,,,,,,,,,,,,True,0.0,0.0,0.0,13.35,-1.0999999999999999,6.125,59.846149541779155,0.0,0.0,0.0,0.0,0.0,0.0,0.05,0.7679373467747881,24.960140638743077,0.002003193841079169,0.030766547267878665,mccloud,USC00045449,"MCCLOUD, CA US",,
2026-01-31,USC00045449,0.0,",,7,0800",",,7,0800",0.0,,,",,7,0800",0.0,"MCCLOUD, CA US",16.7,",,7",0.6,",,7",,,,,,,,,,,,,,,,,,,,,,,,,,,True,0.0,0.0,0.0,16.7,0.6,8.65,56.988194109218355,0.0,0.0,0.0,0.0,0.0,0.0,0.05,0.6377973845877305,24.960140638743077,0.002003193841079169,0.025552635853250873,mccloud,USC00045449,"MCCLOUD, CA US",,
2026-02-01,USC00045449,0.0,",,7,0800",",,7,0800",0.0,,,",,7,0800",0.0,"MCCLOUD, CA US",16.7,",,7",1.1,",,7",,,,,,,,,,,,,,,,,,,,,,,,,,,True,0.0,0.0,0.0,16.7,1.1,8.9,58.088232736585994,0.0,0.0,0.0,0.0,0.0,0.0,0.05,0.5312477953407807,24.960140638743077,0.002003193841079169,0.02128384623427077,mccloud,USC00045449,"MCCLOUD, CA US",,
2026-02-02,USC00045449,0.0,",,7,0800",",,7,0800",0.0,-3.3,",,7,0800",",,7,0800",0.0,"MCCLOUD, CA US",17.2,",,7",-3.9,",,7",,,,,,,,,,,,,,,,,,,,,,,,,,,True,0.0,0.0,0.0,17.2,-3.9,6.6499999999999995,46.91450447054103,0.0,0.0,0.0,0.0,0.0,0.0,0.05,0.4440123698964759,24.960140638743077,0.002003193841079169,0.017788856894791726,mccloud,USC00045449,"MCCLOUD, CA US",,
2026-02-03,USC00045449,0.0,",,7,0800",",,7,0800",0.0,-3.3,",,7,0800",",,7,0800",0.0,"MCCLOUD, CA US",18.9,",,7",-3.3,",,7",,,,,,,,,,,,,,,,,,,,,,,,,,,True,0.0,0.0,0.0,18.9,-3.3,7.799999999999999,45.35430447604024,0.0,0.0,0.0,0.0,0.0,0.0,0.05,0.372590044327382,24.960140638743077,0.002003193841079169,0.014927401640880522,mccloud,USC00045449,"MCCLOUD, CA US",,
2026-02-04,USC00045449,0.0,",,7,0800",",,7,0800",0.0,-2.2,",,7,0800",",,7,0800",0.0,"MCCLOUD, CA US",20.0,",,7",-3.3,",,7",,,,,,,,,,,,,,,,,,,,,,,,,,,True,0.0,0.0,0.0,20.0,-3.3,8.35,43.691061889388045,0.0,0.0,0.0,0.0,0.0,0.0,0.05,0.314114389927617,24.960140638743077,0.002003193841079169,0.012584640225946856,mccloud,USC00045449,"MCCLOUD, CA US",,
2026-02-05,,,,,,,,,,,,,,,,,,,,,,,,,,,,,,,,,,,,,,,,,False,0.0,0.0,0.0,19.266666666666666,-1.9999999999999998,8.633333333333333,47.19678184020814,0.0,0.0,0.0,0.0,0.0,0.0,0.05,0.2662385733641696,24.960140638743077,0.002003193841079169,0.01066654940841618,mccloud,USC00045449,"MCCLOUD, CA US",,
2026-02-06,,,,,,,,,,,,,,,,,,,,,,,,,,,,,,,,,,,,,,,,,False,0.0,0.0,0.0,18.533333333333335,-0.6999999999999997,8.916666666666668,50.93331036847094,0.0,0.0,0.0,0.0,0.0,0.0,0.05,0.22704117001495505,24.960140638743077,0.002003193841079169,0.009096149468907327,mccloud,USC00045449,"MCCLOUD, CA US",,
2026-02-07,USC00045449,0.0,",,7,0800",",,7,0800",0.0,,,",,7,0800",0.0,"MCCLOUD, CA US",17.8,",,7",0.6,",,7",,,,,,,,,,,,,,,,,,,,,,,,,,,True,0.0,0.0,0.0,17.8,0.6,9.200000000000001,54.91212809935574,0.0,0.0,0.0,0.0,0.0,0.0,0.05,0.19494905045215116,24.960140638743077,0.002003193841079169,0.007810414743799627,mccloud,USC00045449,"MCCLOUD, CA US",,
2026-02-08,USC00045449,0.0,",,7,0800",",,7,0800",0.0,,,",,7,0800",0.0,"MCCLOUD, CA US",15.0,",,7",-0.6,",,7",,,,,,,,,,,,,,,,,,,,,,,,,,,True,0.0,0.0,0.0,15.0,-0.6,7.2,57.65275159380576,0.0,0.0,0.0,0.0,0.0,0.0,0.05,0.1686742452346281,24.960140638743077,0.002003193841079169,0.006757744184053687,mccloud,USC00045449,"MCCLOUD, CA US",,
2026-02-09,USC00045449,0.0,",,7,0800",",,7,0800",10.2,-2.2,",,7,0800",",,7,0800",0.0,"MCCLOUD, CA US",10.6,",,7",-2.2,",,7",,,,,,,,,,,,,,,,,,,,,,,,,,,True,10.2,0.0,0.0,10.6,-2.2,4.199999999999999,63.10283810870929,0.0,10.2,0.0,0.0,0.0,10.2,0.05,2.024256686536304,24.960140638743077,0.002003193841079169,0.081099570544657,mccloud,USC00045449,"MCCLOUD, CA US",,
2026-02-10,USC00045449,0.0,",,7,0800",",,7,0800",0.0,-3.3,",,7,0800",",,7,0800",0.0,"MCCLOUD, CA US",10.6,",,7",-3.3,",,7",,,,,,,,,,,,,,,,,,,,,,,,,,,True,0.0,0.0,0.0,10.6,-3.3,3.65,60.448146536789984,0.0,0.0,0.0,0.0,0.0,0.0,0.05,1.6663846637371098,24.960140638743077,0.002003193841079169,0.0667618299053392,mccloud,USC00045449,"MCCLOUD, CA US",,
2026-02-11,USC00045449,0.0,",,7,0800",",,7,0800",8.9,2.2,",,7,0800",",,7,0800",0.0,"MCCLOUD, CA US",12.8,",,7",-3.3,",,7",,,,,,,,,,,,,,,,,,,,,,,,,,,True,8.9,0.0,0.0,12.8,-3.3,4.75,55.96362436662374,0.0,8.9,0.0,0.0,0.0,8.9,0.05,3.011240739676079,24.960140638743077,0.002003193841079169,0.12064197807451603,mccloud,USC00045449,"MCCLOUD, CA US",,
2026-02-12,USC00045449,0.0,",,7,0800",",,7,0800",3.3,1.1,",,7,0800",",,7,0800",0.0,"MCCLOUD, CA US",10.0,",,7",0.6,",,7",,,,,,,,,,,,,,,,,,,,,,,,,,,True,3.3,0.0,0.0,10.0,0.6,5.3,71.6954128600953,0.0,3.3,0.0,0.0,0.0,3.3,0.05,3.081754118369854,24.960140638743077,0.002003193841079169,0.1234670173927771,mccloud,USC00045449,"MCCLOUD, CA US",,
2026-02-13,,,,,,,,,,,,,,,,,,,,,,,,,,,,,,,,,,,,,,,,,False,0.0,0.0,0.0,10.2,1.5,5.85,73.62738238418369,0.0,0.0,0.0,0.0,0.0,0.0,0.05,2.5321903324802237,24.960140638743077,0.002003193841079169,0.10144936156929193,mccloud,USC00045449,"MCCLOUD, CA US",,
2026-02-14,,,,,,,,,,,,,,,,,,,,,,,,,,,,,,,,,,,,,,,,,False,0.0,0.0,0.0,10.4,2.4,6.4,75.58824451402936,0.0,0.0,0.0,0.0,0.0,0.0,0.05,2.082245560194419,24.960140638743077,0.002003193841079169,0.08342282963591809,mccloud,USC00045449,"MCCLOUD, CA US",,
2026-02-15,USC00045449,0.0,",,7,0800",",,7,0800",0.0,,,",,7,0800",0.0,"MCCLOUD, CA US",10.6,",,7",3.3,",,7",,,,,,,,,,,,,,,,,,,,,,,,,,,True,0.0,0.0,0.0,10.6,3.3,6.949999999999999,77.57786850524789,0.0,0.0,0.0,0.0,0.0,0.0,0.05,1.7138619379373623,24.960140638743077,0.002003193841079169,0.06866395357072265,mccloud,USC00045449,"MCCLOUD, CA US",,
2026-02-16,USC00045449,0.0,",,7,0800",",,7,0800",0.0,,,",,7,0800",0.0,"MCCLOUD, CA US",10.6,",,7",2.2,",,7",,,,,,,,,,,,,,,,,,,,,,,,,,,True,0.0,0.0,0.0,10.6,2.2,6.4,74.5200078748486,0.0,0.0,0.0,0.0,0.0,0.0,0.05,1.412254937465247,24.960140638743077,0.002003193841079169,0.05658040785528059,mccloud,USC00045449,"MCCLOUD, CA US",,
2026-02-17,USC00045449,102.0,",,7,0800",",,7,0800",38.1,-1.7,",,7,0800",,,"MCCLOUD, CA US",7.2,",,7",-1.7,",,7",,,,,,,,,,,,,,,,,,,,,,,,,,,True,38.1,102.0,76.0,7.2,-1.7,2.75,72.51720420975357,0.0,0.0,38.1,4.375,33.725,4.375,0.05,1.9616155184393205,24.960140638743077,0.002003193841079169,0.07858992250205935,mccloud,USC00045449,"MCCLOUD, CA US",,
2026-02-18,USC00045449,,",,7,0800",,7.6,-7.8,",,7,0800",",,7,0800",152.0,"MCCLOUD, CA US",2.8,",,7",-7.8,",,7",,,,,,,,,,,,,,,,,,,,,,,,,,,True,7.6,0.0,152.0,2.8,-7.8,-2.5,66.95017022345613,0.0,0.0,7.6,0.0,41.325,0.0,0.05,1.6062676322199898,24.960140638743077,0.002003193841079169,0.06435330855975806,mccloud,USC00045449,"MCCLOUD, CA US",,
2026-02-19,USC00045449,0.0,",,7,0800",",,7,0800",0.0,,,,,"MCCLOUD, CA US",2.8,",,7",-7.8,",,7",,,,,,,,,,,,,,,,,,,,,,,,,,,True,0.0,0.0,101.33333333333334,2.8,-7.8,-2.5,66.95017022345613,0.0,0.0,0.0,12.666666666666664,28.65833333333334,12.666666666666664,0.05,3.6551964721473484,24.960140638743077,0.002003193841079169,0.14644134121879748,mccloud,USC00045449,"MCCLOUD, CA US",,
2026-02-20,USC00045449,0.0,",,7,0800",",,7,0800",0.0,,,,,"MCCLOUD, CA US",4.4,",,7",-10.0,",,7",,,,,,,,,,,,,,,,,,,,,,,,,,,True,0.0,0.0,50.66666666666667,4.4,-10.0,-2.8,57.64375048632164,0.0,0.0,0.0,12.666666666666668,15.99166666666667,12.666666666666668,0.05,5.332717524264272,24.960140638743077,0.002003193841079169,0.21364933801642283,mccloud,USC00045449,"MCCLOUD, CA US",,
2026-02-21,USC00045449,0.0,",,7,0800",",,7,0800",0.0,,,",,7,0800",0.0,"MCCLOUD, CA US",5.0,",,7",0.6,",,7",,,,,,,,,,,,,,,,,,,,,,,,,,,True,0.0,0.0,0.0,5.0,0.6,2.8,85.44168273959436,0.02720841369797178,0.0,0.0,12.666666666666668,3.325000000000003,12.69387508036464,0.05,6.7111627320843965,24.960140638743077,0.002003193841079169,0.2688751970278302,mccloud,USC00045449,"MCCLOUD, CA US",,
2026-02-22,USC00045449,0.0,",,7,0800",",,7,0800",0.0,,,",,7,0800",0.0,"MCCLOUD, CA US",6.7,",,7",5.0,",,7",,,,,,,,,,,,,,,,,,,,,,,,,,,True,0.0,0.0,0.0,6.7,5.0,5.85,94.27266644309753,0.07136333221548767,0.0,0.0,3.325000000000003,0.0,3.3963633322154907,0.05,6.1287276722878055,24.960140638743077,0.002003193841079169,0.24554059053556804,mccloud,USC00045449,"MCCLOUD, CA US",,
2026-02-23,USC00045449,0.0,",,7,0800",",,7,0800",0.0,,,",,7,0800",0.0,"MCCLOUD, CA US",7.2,",,7",3.9,",,7",,,,,,,,,,,,,,,,,,,,,,,,,,,True,0.0,0.0,0.0,7.2,3.9,5.55,89.12438416160207,0.045621920808010336,0.0,0.0,0.0,0.0,0.045621920808010336,0.05,5.035237035235466,24.960140638743077,0.002003193841079169,0.20173111634714835,mccloud,USC00045449,"MCCLOUD, CA US",,
2026-02-24,USC00045449,0.0,",,7,0800",",,7,0800",69.1,,,",,7,0800",0.0,"MCCLOUD, CA US",9.4,",,7",5.6,",,7",,,,,,,,,,,,,,,,,,,,,,,,,,,True,69.1,0.0,0.0,9.4,5.6,7.5,87.75240626809607,0.03876203134048034,69.1,0.0,0.0,0.0,69.13876203134048,0.05,16.855094839738044,24.960140638743077,0.002003193841079169,0.6752804434753705,mccloud,USC00045449,"MCCLOUD, CA US",,
2026-02-25,USC00045449,0.0,",,7,0800",",,7,0800",0.0,,,",,7,0800",0.0,"MCCLOUD, CA US",9.4,",,7",6.1,",,7",,,,,,,,,,,,,,,,,,,,,,,,,,,True,0.0,0.0,0.0,9.4,6.1,7.75,89.3044010817882,0.046522005408941,0.0,0.0,0.0,0.0,0.046522005408941,0.05,13.817409345581277,24.960140638743077,0.002003193841079169,0.5535789860147632,mccloud,USC00045449,"MCCLOUD, CA US",,
2026-02-26,USC00045449,0.0,",,7,0800",",,7,0800",31.8,6.1,",,7,0800",",,7,0800",0.0,"MCCLOUD, CA US",15.0,",,7",5.6,",,7",,,,,,,,,,,,,,,,,,,,,,,,,,,True,31.8,0.0,0.0,15.0,5.6,10.3,72.64271487593496,0.0,31.8,0.0,0.0,0.0,31.8,0.05,17.173919357635487,24.960140638743077,0.002003193841079169,0.6880537896881144,mccloud,USC00045449,"MCCLOUD, CA US",,
2026-02-27,USC00045449,0.0,",,7,0800",",,7,0800",0.0,3.3,",,7,0800",",,7,0800",0.0,"MCCLOUD, CA US",16.7,",,7",1.1,",,7",,,,,,,,,,,,,,,,,,,,,,,,,,,True,0.0,0.0,0.0,16.7,1.1,8.9,58.088232736585994,0.0,0.0,0.0,0.0,0.0,0.0,0.05,14.069879391323534,24.960140638743077,0.002003193841079169,0.5636939148285205,mccloud,USC00045449,"MCCLOUD, CA US",,
2026-02-28,USC00045449,0.0,",,7,0800",",,7,0800",0.0,,,",,7,0800",0.0,"MCCLOUD, CA US",21.1,",,7",3.3,",,7",,,,,,,,,,,,,,,,,,,,,,,,,,,True,0.0,0.0,0.0,21.1,3.3,12.200000000000001,54.534546384906896,0.0,0.0,0.0,0.0,0.0,0.0,0.05,11.528506412120796,24.960140638743077,0.002003193841079169,0.46187666083204165,mccloud,USC00045449,"MCCLOUD, CA US",,
2026-03-01,USC00045449,0.0,",,7,0800",",,7,0800",0.0,,,",,7,0800",0.0,"MCCLOUD, CA US",16.1,",,7",1.7,",,7",,,,,,,,,,,,,,,,,,,,,,,,,,,True,0.0,0.0,0.0,16.1,1.7,8.9,60.64138283395059,0.0,0.0,0.0,0.0,0.0,0.0,0.05,9.447806199006104,24.960140638743077,0.002003193841079169,0.37851574379117237,mccloud,USC00045449,"MCCLOUD, CA US",,
2026-03-02,USC00045449,0.0,",,7,0800",",,7,0800",6.1,-1.1,",,7,0800",",,7,0800",0.0,"MCCLOUD, CA US",15.0,",,7",-1.1,",,7",,,,,,,,,,,,,,,,,,,,,,,,,,,True,6.1,0.0,0.0,15.0,-1.1,6.95,56.54529972922765,0.0,6.1,0.0,0.0,0.0,6.1,0.05,8.838700914933659,24.960140638743077,0.002003193841079169,0.35411262471871835,mccloud,USC00045449,"MCCLOUD, CA US",,
2026-03-03,USC00045449,0.0,",,7,0800",",,7,0800",0.0,-1.1,",,7,0800",",,7,0800",0.0,"MCCLOUD, CA US",15.6,",,7",-2.2,",,7",,,,,,,,,,,,,,,,,,,,,,,,,,,True,0.0,0.0,0.0,15.6,-2.2,6.699999999999999,53.055016752071275,0.0,0.0,0.0,0.0,0.0,0.0,0.05,7.245579718660781,24.960140638743077,0.002003193841079169,0.29028601334938825,mccloud,USC00045449,"MCCLOUD, CA US",,
2026-03-04,USC00045449,0.0,",,7,0800",",,7,0800",1.0,5.6,",,7,0800",",,7,0800",0.0,"MCCLOUD, CA US",18.9,",,7",-1.1,",,7",,,,,,,,,,,,,,,,,,,,,,,,,,,True,1.0,0.0,0.0,18.9,-1.1,8.899999999999999,49.52205873015426,0.0,1.0,0.0,0.0,0.0,1.0,0.05,6.100710658744939,24.960140638743077,0.002003193841079169,0.244418120356078,mccloud,USC00045449,"MCCLOUD, CA US",,
2026-03-05,USC00045449,0.0,",,7,0800",",,7,0800",0.0,-3.3,",,7,0800",",,7,0800",0.0,"MCCLOUD, CA US",10.6,",,7",-3.3,",,7",,,,,,,,,,,,,,,,,,,,,,,,,,,True,0.0,0.0,0.0,10.6,-3.3,3.65,60.448146536789984,0.0,0.0,0.0,0.0,0.0,0.0,0.05,4.994796151604217,24.960140638743077,0.002003193841079169,0.20011089776679003,mccloud,USC00045449,"MCCLOUD, CA US",,
2026-03-06,USC00045449,0.0,",,7,0800",",,7,0800",0.0,0.0,",,7,0800",",,7,0800",0.0,"MCCLOUD, CA US",13.9,",,7",-3.3,",,7",,,,,,,,,,,,,,,,,,,,,,,,,,,True,0.0,0.0,0.0,13.9,-3.3,5.300000000000001,53.861502963708794,0.0,0.0,0.0,0.0,0.0,0.0,0.05,4.098456677020027,24.960140638743077,0.002003193841079169,0.16420006346672628,mccloud,USC00045449,"MCCLOUD, CA US",,
2026-03-07,,,,,,,,,,,,,,,,,,,,,,,,,,,,,,,,,,,,,,,,,False,0.0,0.0,0.0,18.05,-1.0999999999999996,8.475000000000001,50.9654598958682,0.0,0.0,0.0,0.0,0.0,0.0,0.05,3.364595983980191,24.960140638743077,0.002003193841079169,0.13479875905657648,mccloud,USC00045449,"MCCLOUD, CA US",,
2026-03-08,USC00045449,0.0,",,7,0800",",,7,0800",0.0,,,",,7,0800",0.0,"MCCLOUD, CA US",22.2,",,7",1.1,",,7",,,,,,,,,,,,,,,,,,,,,,,,,,,True,0.0,0.0,0.0,22.2,1.1,11.65,48.34587553660211,0.0,0.0,0.0,0.0,0.0,0.0,0.05,2.763761666113356,24.960140638743077,0.002003193841079169,0.11072700695537954,mccloud,USC00045449,"MCCLOUD, CA US",,
2026-03-09,USC00045449,0.0,",,7,0800",",,7,0800",0.0,,,",,7,0800",0.0,"MCCLOUD, CA US",23.9,",,7",0.0,",,7",,,,,,,,,,,,,,,,,,,,,,,,,,,True,0.0,0.0,0.0,23.9,0.0,11.95,43.780211013253094,0.0,0.0,0.0,0.0,0.0,0.0,0.05,2.271840132571146,24.960140638743077,0.002003193841079169,0.09101872322966004,mccloud,USC00045449,"MCCLOUD, CA US",,
2026-03-10,USC00045449,0.0,",,7,0800",",,7,0800",0.0,2.2,",,7,0800",",,7,0800",0.0,"MCCLOUD, CA US",18.9,",,7",0.0,",,7",,,,,,,,,,,,,,,,,,,,,,,,,,,True,0.0,0.0,0.0,18.9,0.0,9.45,51.702976281903126,0.0,0.0,0.0,0.0,0.0,0.0,0.05,1.8570155118510963,24.960140638743077,0.002003193841079169,0.07439924072257192,mccloud,USC00045449,"MCCLOUD, CA US",,
2026-03-11,USC00045449,0.0,",,7,0800",",,7,0800",0.0,-1.7,",,7,0800",",,7,0800",0.0,"MCCLOUD, CA US",16.1,",,7",-1.7,",,7",,,,,,,,,,,,,,,,,,,,,,,,,,,True,0.0,0.0,0.0,16.1,-1.7,7.200000000000001,53.19191646636464,0.0,0.0,0.0,0.0,0.0,0.0,0.05,1.5294591708414427,24.960140638743077,0.002003193841079169,0.061276063824232604,mccloud,USC00045449,"MCCLOUD, CA US",,
2026-03-12,USC00045449,0.0,",,7,0800",",,7,0800",0.0,-1.7,",,7,0800",",,7,0800",0.0,"MCCLOUD, CA US",18.3,",,7",-3.3,",,7",,,,,,,,,,,,,,,,,,,,,,,,,,,True,0.0,0.0,0.0,18.3,-3.3,7.5,46.29126352768617,0.0,0.0,0.0,0.0,0.0,0.0,0.05,1.2263235471410485,24.960140638743077,0.002003193841079169,0.04913127553606616,mccloud,USC00045449,"MCCLOUD, CA US",,
2026-03-13,,,,,,,,,,,,,,,,,,,,,,,,,,,,,,,,,,,,,,,,,False,0.0,0.0,0.0,19.433333333333334,-1.1,9.166666666666666,48.639745547868436,0.0,0.0,0.0,0.0,0.0,0.0,0.05,0.9781370896640611,24.960140638743077,0.002003193841079169,0.039187963874922994,mccloud,USC00045449,"MCCLOUD, CA US",,
2026-03-14,,,,,,,,,,,,,,,,,,,,,,,,,,,,,,,,,,,,,,,,,False,0.0,0.0,0.0,20.566666666666666,1.0999999999999996,10.833333333333332,51.03359220537673,0.0,0.0,0.0,0.0,0.0,0.0,0.05,0.774864119574877,24.960140638743077,0.002003193841079169,0.031044060640112524,mccloud,USC00045449,"MCCLOUD, CA US",,
2026-03-15,USC00045449,0.0,",,7,0800",",,7,0800",0.0,,,",,7,0800",0.0,"MCCLOUD, CA US",21.7,",,7",3.3,",,7",,,,,,,,,,,,,,,,,,,,,,,,,,,True,0.0,0.0,0.0,21.7,3.3,12.5,53.470597154850914,0.0,0.0,0.0,0.0,0.0,0.0,0.05,0.6340958777296443,24.960140638743077,0.002003193841079169,0.02540433913843426,mccloud,USC00045449,"MCCLOUD, CA US",,
2026-03-16,USC00045449,0.0,",,7,0800",",,7,0800",0.0,2.8,",,7,0800",",,7,0800",0.0,"MCCLOUD, CA US",23.3,",,7",2.8,",,7",,,,,,,,,,,,,,,,,,,,,,,,,,,True,0.0,0.0,0.0,23.3,2.8,13.05,49.78751975735939,0.0,0.0,0.0,0.0,0.0,0.0,0.05,0.5280913587240378,24.960140638743077,0.002003193841079169,0.02115738714646245,mccloud,USC00045449,"MCCLOUD, CA US",,
2026-03-17,USC00045449,0.0,",,7,0800",",,7,0800",0.0,3.3,",,7,0800",",,7,0800",0.0,"MCCLOUD, CA US",26.7,",,7",0.6,",,7",,,,,,,,,,,,,,,,,,,,,,,,,,,True,0.0,0.0,0.0,26.7,0.6,13.65,40.9081801814485,0.0,0.0,0.0,0.0,0.0,0.0,0.05,0.25063145710245277,24.960140638743077,0.002003193841079169,0.010041267824966626,mccloud,USC00045449,"MCCLOUD, CA US",,
2026-03-18,,,,,,,,,,,,,,,,,,,,,,,,,,,,,,,,,,,,,,,,,False,0.0,0.0,0.0,27.5,1.9499999999999997,14.725,42.03978686158253,0.0,0.0,0.0,0.0,0.0,0.0,0.05,0.21413476095476258,24.960140638743077,0.002003193841079169,0.00857906868611081,mccloud,USC00045449,"MCCLOUD, CA US",,
2026-03-19,USC00045449,0.0,",,7,0800",",,7,0800",0.0,3.3,",,7,0800",",,7,0800",0.0,"MCCLOUD, CA US",28.3,",,7",3.3,",,7",,,,,,,,,,,,,,,,,,,,,,,,,,,True,0.0,0.0,0.0,28.3,3.3,15.8,43.18180016168371,0.0,0.0,0.0,0.0,0.0,0.0,0.05,0.09662629236806151,24.960140638743077,0.002003193841079169,0.0038712238751603184,mccloud,USC00045449,"MCCLOUD, CA US",,
2026-03-20,USC00045449,0.0,",,7,0800",",,7,0800",0.0,3.9,",,7,0800",",,7,0800",0.0,"MCCLOUD, CA US",27.8,",,7",1.1,",,7",,,,,,,,,,,,,,,,,,,,,,,,,,,True,0.0,0.0,0.0,27.8,1.1,14.450000000000001,40.265288888041546,0.0,0.0,0.0,0.0,0.0,0.0,0.05,0.08817437946373716,24.960140638743077,0.002003193841079169,0.0035326074776547162,mccloud,USC00045449,"MCCLOUD, CA US",,
2026-03-21,USC00045449,0.0,",,7,0800",",,7,0800",0.0,,,",,7,0800",0.0,"MCCLOUD, CA US",27.8,",,7",3.9,",,7",,,,,,,,,,,,,,,,,,,,,,,,,,,True,0.0,0.0,0.0,27.8,3.9,15.85,44.901600119426064,0.0,0.0,0.0,0.0,0.0,0.0,0.05,0.08125453844663018,24.960140638743077,0.002003193841079169,0.003255371819520402,mccloud,USC00045449,"MCCLOUD, CA US",,
2026-03-22,USC00045449,0.0,",,7,0800",",,7,0800",0.0,,,",,7,0800",0.0,"MCCLOUD, CA US",29.4,",,7",3.9,",,7",,,,,,,,,,,,,,,,,,,,,,,,,,,True,0.0,0.0,0.0,29.4,3.9,16.65,42.67025419443581,0.0,0.0,0.0,0.0,0.0,0.0,0.05,0.07558905179951425,24.960140638743077,0.002003193841079169,0.003028390460356024,mccloud,USC00045449,"MCCLOUD, CA US",,
2026-03-23,USC00045449,0.0,",,7,0800",",,7,0800",0.0,3.3,",,7,0800",",,7,0800",0.0,"MCCLOUD, CA US",23.3,",,7",3.3,",,7",,,,,,,,,,,,,,,,,,,,,,,,,,,True,0.0,0.0,0.0,23.3,3.3,13.3,50.745222459926794,0.0,0.0,0.0,0.0,0.0,0.0,0.05,0.054116867774402215,24.960140638743077,0.002003193841079169,0.0021681315244835653,mccloud,USC00045449,"MCCLOUD, CA US",,
2026-03-24,USC00045449,0.0,",,7,0800",",,7,0800",0.0,5.6,",,7,0800",",,7,0800",0.0,"MCCLOUD, CA US",21.7,",,7",3.3,",,7",,,,,,,,,,,,,,,,,,,,,,,,,,,True,0.0,0.0,0.0,21.7,3.3,12.5,53.470597154850914,0.0,0.0,0.0,0.0,0.0,0.0,0.05,0.053370606253258804,24.960140638743077,0.002003193841079169,0.002138233394823788,mccloud,USC00045449,"MCCLOUD, CA US",,
2026-03-25,,,,,,,,,,,,,,,,,,,,,,,,,,,,,,,,,,,,,,,,,False,0.0,0.0,0.0,20.549999999999997,0.5499999999999998,10.549999999999999,49.984849302222734,0.0,0.0,0.0,0.0,0.0,0.0,0.05,0.05,24.960140638743077,0.002003193841079169,0.002003193841079169,mccloud,USC00045449,"MCCLOUD, CA US",,
2026-03-26,USC00045449,0.0,",,7,0800",",,7,0800",0.0,-1.7,",,7,0800",",,7,0800",0.0,"MCCLOUD, CA US",19.4,",,7",-2.2,",,7",,,,,,,,,,,,,,,,,,,,,,,,,,,True,0.0,0.0,0.0,19.4,-2.2,8.6,46.61034859223722,0.0,0.0,0.0,0.0,0.0,0.0,0.05,0.05,24.960140638743077,0.002003193841079169,0.002003193841079169,mccloud,USC00045449,"MCCLOUD, CA US",,
2026-03-27,,,,,,,,,,,,,,,,,,,,,,,,,,,,,,,,,,,,,,,,,False,0.0,0.0,0.0,20.799999999999997,-1.375,9.712499999999999,45.95280372319308,0.0,0.0,0.0,0.0,0.0,0.0,0.05,0.05,24.960140638743077,0.002003193841079169,0.002003193841079169,mccloud,USC00045449,"MCCLOUD, CA US",,
2026-03-28,,,,,,,,,,,,,,,,,,,,,,,,,,,,,,,,,,,,,,,,,False,0.0,0.0,0.0,22.2,-0.55,10.825,45.31556969427905,0.0,0.0,0.0,0.0,0.0,0.0,0.05,0.05,24.960140638743077,0.002003193841079169,0.002003193841079169,mccloud,USC00045449,"MCCLOUD, CA US",,
2026-03-29,,,,,,,,,,,,,,,,,,,,,,,,,,,,,,,,,,,,,,,,,False,0.0,0.0,0.0,23.6,0.2749999999999999,11.9375,44.697860225115285,0.0,0.0,0.0,0.0,0.0,0.0,0.05,0.05,24.960140638743077,0.002003193841079169,0.002003193841079169,mccloud,USC00045449,"MCCLOUD, CA US",,
2026-03-30,USC00045449,0.0,",,7,0800",",,7,0800",0.0,7.2,",,7,0800",",,7,0800",0.0,"MCCLOUD, CA US",25.0,",,7",1.1,",,7",,,,,,,,,,,,,,,,,,,,,,,,,,,True,0.0,0.0,0.0,25.0,1.1,13.05,44.09892605791313,0.0,0.0,0.0,0.0,0.0,0.0,0.05,0.05,24.960140638743077,0.002003193841079169,0.002003193841079169,mccloud,USC00045449,"MCCLOUD, CA US",,
2026-03-31,,,,,,,,,,,,,,,,,,,,,,,,,,,,,,,,,,,,,,,,,False,0.0,0.0,0.0,20.933333333333334,0.16666666666666685,10.55,48.61843586689476,0.0,0.0,0.0,0.0,0.0,0.0,0.05,0.05,24.960140638743077,0.002003193841079169,0.002003193841079169,mccloud,USC00045449,"MCCLOUD, CA US",,
2026-04-01,,,,,,,,,,,,,,,,,,,,,,,,,,,,,,,,,,,,,,,,,False,0.0,0.0,0.0,16.866666666666667,-0.7666666666666664,8.05,53.74953800521872,0.0,0.0,0.0,0.0,0.0,0.0,0.05,0.05,24.960140638743077,0.002003193841079169,0.002003193841079169,mccloud,USC00045449,"MCCLOUD, CA US",,
2026-04-02,USC00045449,0.0,",,7,0800",",,7,0800",12.7,-1.1,",,7,0800",",,7,0800",0.0,"MCCLOUD, CA US",12.8,",,7",-1.7,",,7",,,,,,,,,,,,,,,,,,,,,,,,,,,True,12.7,0.0,0.0,12.8,-1.7,5.550000000000001,59.59223629863805,0.0,12.7,0.0,0.0,0.0,12.7,0.05,2.3871665971595912,24.960140638743077,0.002003193841079169,0.0956391485012002,mccloud,USC00045449,"MCCLOUD, CA US",,
2026-04-03,,,,,,,,,,,,,,,,,,,,,,,,,,,,,,,,,,,,,,,,,False,0.0,0.0,0.0,12.555555555555555,-1.0777777777777777,5.738888888888889,61.564486053026336,0.0,0.0,0.0,0.0,0.0,0.0,0.05,1.9635101681611766,24.960140638743077,0.002003193841079169,0.07866582951513584,mccloud,USC00045449,"MCCLOUD, CA US",,
2026-04-04,,,,,,,,,,,,,,,,,,,,,,,,,,,,,,,,,,,,,,,,,False,0.0,0.0,0.0,12.311111111111112,-0.4555555555555555,5.927777777777778,63.58838079221916,0.0,0.0,0.0,0.0,0.0,0.0,0.05,1.616649621000976,24.960140638743077,0.002003193841079169,0.06476925127944255,mccloud,USC00045449,"MCCLOUD, CA US",,
2026-04-05,,,,,,,,,,,,,,,,,,,,,,,,,,,,,,,,,,,,,,,,,False,0.0,0.0,0.0,12.066666666666666,0.16666666666666674,6.116666666666666,65.66485177429769,0.0,0.0,0.0,0.0,0.0,0.0,0.05,1.332664224011464,24.960140638743077,0.002003193841079169,0.05339169531532628,mccloud,USC00045449,"MCCLOUD, CA US",,
2026-04-06,,,,,,,,,,,,,,,,,,,,,,,,,,,,,,,,,,,,,,,,,False,0.0,0.0,0.0,11.822222222222223,0.788888888888889,6.305555555555556,67.79483641759327,0.0,0.0,0.0,0.0,0.0,0.0,0.05,1.100156646071091,24.960140638743077,0.002003193841079169,0.044076540352638485,mccloud,USC00045449,"MCCLOUD, CA US",,
2026-04-07,,,,,,,,,,,,,,,,,,,,,,,,,,,,,,,,,,,,,,,,,False,0.0,0.0,0.0,11.577777777777778,1.4111111111111112,6.4944444444444445,69.9792781186267,0.0,0.0,0.0,0.0,0.0,0.0,0.05,0.9097955416876321,24.960140638743077,0.002003193841079169,0.03644993651499901,mccloud,USC00045449,"MCCLOUD, CA US",,
2026-04-08,,,,,,,,,,,,,,,,,,,,,,,,,,,,,,,,,,,,,,,,,False,0.0,0.0,0.0,11.333333333333334,2.033333333333333,6.683333333333334,72.21912606665875,0.0,0.0,0.0,0.0,0.0,0.0,0.05,0.7539410513390065,24.960140638743077,0.002003193841079169,0.03020580141158102,mccloud,USC00045449,"MCCLOUD, CA US",,
2026-04-09,,,,,,,,,,,,,,,,,,,,,,,,,,,,,,,,,,,,,,,,,False,0.0,0.0,0.0,11.088888888888889,2.655555555555556,6.872222222222222,74.51533505493903,0.0,0.0,0.0,0.0,0.0,0.0,0.05,0.626338187085291,24.960140638743077,0.002003193841079169,0.02509353597603894,mccloud,USC00045449,"MCCLOUD, CA US",,
2026-04-10,,,,,,,,,,,,,,,,,,,,,,,,,,,,,,,,,,,,,,,,,False,0.0,0.0,0.0,10.844444444444445,3.2777777777777777,7.061111111111112,76.86886528874031,0.0,0.0,0.0,0.0,0.0,0.0,0.05,0.5218657979399389,24.960140638743077,0.002003193841079169,0.02090796704606303,mccloud,USC00045449,"MCCLOUD, CA US",,
2026-04-11,USC00045449,0.0,",,7,0800",",,7,0800",0.0,,,",,7,0800",0.0,"MCCLOUD, CA US",10.6,",,7",3.9,",,7",,,,,,,,,,,,,,,,,,,,,,,,,,,True,0.0,0.0,0.0,10.6,3.9,7.25,79.28068219026866,0.0,0.0,0.0,0.0,0.0,0.0,0.05,0.43633104009910906,24.960140638743077,0.002003193841079169,0.01748111304396406,mccloud,USC00045449,"MCCLOUD, CA US",,
2026-04-12,USC00045449,0.0,",,7,0800",",,7,0800",0.0,,,",,7,0800",0.0,"MCCLOUD, CA US",7.8,",,7",3.3,",,7",,,,,,,,,,,,,,,,,,,,,,,,,,,True,0.0,0.0,0.0,7.8,3.3,5.55,85.43727480760796,0.02718637403803982,0.0,0.0,0.0,0.0,0.02718637403803982,0.05,0.37130418098038875,24.960140638743077,0.002003193841079169,0.014875884970137195,mccloud,USC00045449,"MCCLOUD, CA US",,
2026-04-13,USC00045449,0.0,",,7,0800",",,7,0800",88.4,4.4,",,7,0800",",,7,0800",0.0,"MCCLOUD, CA US",6.1,",,7",-0.6,",,7",,,,,,,,,,,,,,,,,,,,,,,,,,,True,88.4,0.0,0.0,6.1,-0.6,2.75,78.59871646523405,0.0,88.4,0.0,0.0,0.0,88.4,0.05,16.58121336121928,24.960140638743077,0.002003193841079169,0.6643076896562816,mccloud,USC00045449,"MCCLOUD, CA US",,
2026-04-14,USC00045449,0.0,",,7,0800",",,7,0800",0.0,-0.6,",,7,0800",",,7,0800",0.0,"MCCLOUD, CA US",12.2,",,7",-0.6,",,7",,,,,,,,,,,,,,,,,,,,,,,,,,,True,0.0,0.0,0.0,12.2,-0.6,5.8,63.48127660043438,0.0,0.0,0.0,0.0,0.0,0.0,0.05,13.58461276452386,24.960140638743077,0.002003193841079169,0.5442522524667931,mccloud,USC00045449,"MCCLOUD, CA US",,
2026-04-15,,,,,,,,,,,,,,,,,,,,,,,,,,,,,,,,,,,,,,,,,False,0.0,0.0,0.0,12.5,-1.4,5.55,60.919977700724765,0.0,0.0,0.0,0.0,0.0,0.0,0.05,11.131203701317485,24.960140638743077,0.002003193841079169,0.44595917396553664,mccloud,USC00045449,"MCCLOUD, CA US",,
2026-04-16,USC00045449,0.0,",,7,0800",",,7,0800",0.0,,,",,7,0800",0.0,"MCCLOUD, CA US",12.8,",,7",-2.2,",,7",,,,,,,,,,,,,,,,,,,,,,,,,,,True,0.0,0.0,0.0,12.8,-2.2,5.300000000000001,58.441342698950834,0.0,0.0,0.0,0.0,0.0,0.0,0.05,9.122522251390185,24.960140638743077,0.002003193841079169,0.3654836077818498,mccloud,USC00045449,"MCCLOUD, CA US",,
2026-04-17,USC00045449,0.0,",,7,0800",",,7,0800",0.0,-5.0,",,7,0800",",,7,0800",0.0,"MCCLOUD, CA US",12.8,",,7",-5.0,",,7",,,,,,,,,,,,,,,,,,,,,,,,,,,True,0.0,0.0,0.0,12.8,-5.0,3.9000000000000004,52.27938924322846,0.0,0.0,0.0,0.0,0.0,0.0,0.05,7.477952975197432,24.960140638743077,0.002003193841079169,0.2995957868759028,mccloud,USC00045449,"MCCLOUD, CA US",,
2026-04-18,USC00045449,0.0,",,7,0800",",,7,0800",0.0,,,",,7,0800",0.0,"MCCLOUD, CA US",18.9,",,7",-5.0,",,7",,,,,,,,,,,,,,,,,,,,,,,,,,,True,0.0,0.0,0.0,18.9,-5.0,6.949999999999999,42.3075136220765,0.0,0.0,0.0,0.0,0.0,0.0,0.05,6.131493533211231,24.960140638743077,0.002003193841079169,0.24565140164690977,mccloud,USC00045449,"MCCLOUD, CA US",,
2026-04-19,USC00045449,0.0,",,7,0800",",,7,0800",0.0,,,",,7,0800",0.0,"MCCLOUD, CA US",21.7,",,7",6.1,",,7",,,,,,,,,,,,,,,,,,,,,,,,,,,True,0.0,0.0,0.0,21.7,6.1,13.899999999999999,59.336421444032524,0.0,0.0,0.0,0.0,0.0,0.0,0.05,5.029105780284907,24.960140638743077,0.002003193841079169,0.20148547450404747,mccloud,USC00045449,"MCCLOUD, CA US",,
2026-04-20,USC00045449,0.0,",,7,0800",",,7,0800",0.0,6.7,",,7,0800",",,7,0800",0.0,"MCCLOUD, CA US",20.0,",,7",6.1,",,7",,,,,,,,,,,,,,,,,,,,,,,,,,,True,0.0,0.0,0.0,20.0,6.1,13.05,62.71235671657797,0.0,0.0,0.0,0.0,0.0,0.0,0.05,4.126547025147594,24.960140638743077,0.002003193841079169,0.1653254717139845,mccloud,USC00045449,"MCCLOUD, CA US",,
2026-04-21,,,,,,,,,,,,,,,,,,,,,,,,,,,,,,,,,,,,,,,,,False,18.4,0.0,0.0,14.45,4.449999999999999,9.45,70.9816996124001,0.0,18.4,0.0,0.0,0.0,18.4,0.05,6.773725548749533,24.960140638743077,0.002003193841079169,0.2713817060083135,mccloud,USC00045449,"MCCLOUD, CA US",,
2026-04-22,USC00045449,0.0,,",,7,0800",,2.8,",,7,0800",",,7,0800",0.0,"MCCLOUD, CA US",8.9,",,7",2.8,",,7",2.0,",,7",",,7",36.8,,,,,,,,,,,,,,,,,,,,,,,True,18.4,0.0,0.0,8.9,2.8,5.85,80.77327624296,0.0038663812147999724,18.4,0.0,0.0,0.0,18.403866381214797,0.05,8.941763540660174,24.960140638743077,0.002003193841079169,0.35824171306073443,mccloud,USC00045449,"MCCLOUD, CA US",,
2026-04-23,USC00045449,0.0,",,7,0800",",,7,0800",0.8,3.9,",,7,0800",",,7,0800",0.0,"MCCLOUD, CA US",12.8,",,7",2.8,",,7",,,,,,,,,,,,,,,,,,,,,,,,,,,True,0.8,0.0,0.0,12.8,2.8,7.800000000000001,70.65804554332159,0.0,0.8,0.0,0.0,0.0,0.8,0.05,7.442136191320548,24.960140638743077,0.002003193841079169,0.2981608276585141,mccloud,USC00045449,"MCCLOUD, CA US",,
2026-04-24,USC00045449,0.0,",,7,0800",",,7,0800",0.0,-1.1,",,7,0800",",,7,0800",0.0,"MCCLOUD, CA US",20.0,",,7",-1.1,",,7",,,,,,,,,,,,,,,,,,,,,,,,,,,True,0.0,0.0,0.0,20.0,-1.1,9.45,47.721491119085606,0.0,0.0,0.0,0.0,0.0,0.0,0.05,6.102169230774877,24.960140638743077,0.002003193841079169,0.24447655640622085,mccloud,USC00045449,"MCCLOUD, CA US",,
2026-04-25,USC00045449,0.0,",,7,0800",",,7,0800",0.0,,,",,7,0800",0.0,"MCCLOUD, CA US",20.6,",,7",-1.1,",,7",,,,,,,,,,,,,,,,,,,,,,,,,,,True,0.0,0.0,0.0,20.6,-1.1,9.75,46.770287655170705,0.0,0.0,0.0,0.0,0.0,0.0,0.05,5.005097072067706,24.960140638743077,0.002003193841079169,0.20052359257538815,mccloud,USC00045449,"MCCLOUD, CA US",,
2026-04-26,USC00045449,0.0,",,7,0800",",,7,0800",34.8,,,",,7,0800",0.0,"MCCLOUD, CA US",18.3,",,7",8.3,",,7",,,,,,,,,,,,,,,,,,,,,,,,,,,True,34.8,0.0,0.0,18.3,8.3,13.3,71.71795908567832,0.0,34.8,0.0,0.0,0.0,34.8,0.05,10.511094891337612,24.960140638743077,0.002003193841079169,0.4211152109865244,mccloud,USC00045449,"MCCLOUD, CA US",,
2026-04-27,USC00045449,0.0,",,7,0800",",,7,0800",0.0,3.9,",,7,0800",",,7,0800",0.0,"MCCLOUD, CA US",12.2,",,7",3.9,",,7",,,,,,,,,,,,,,,,,,,,,,,,,,,True,0.0,0.0,0.0,12.2,3.9,8.049999999999999,75.07337316640616,0.0,0.0,0.0,0.0,0.0,0.0,0.05,8.614820098405072,24.960140638743077,0.002003193841079169,0.34514309126260156,mccloud,USC00045449,"MCCLOUD, CA US",,
2026-04-28,USC00045449,0.0,",,7,0800",",,7,0800",2.8,3.3,",,7,0800",",,7,0800",0.0,"MCCLOUD, CA US",16.1,",,7",-1.1,",,7",,,,,,,,,,,,,,,,,,,,,,,,,,,True,2.8,0.0,0.0,16.1,-1.1,7.500000000000001,54.457812546333834,0.0,2.8,0.0,0.0,0.0,2.8,0.05,7.577562433715238,24.960140638743077,0.002003193841079169,0.30358652795222485,mccloud,USC00045449,"MCCLOUD, CA US",,
2026-04-29,USC00045449,0.0,",,7,0800",",,7,0800",0.0,0.0,",,7,0800",",,7,0800",0.0,"MCCLOUD, CA US",19.4,",,7",-0.6,",,7",,,,,,,,,,,,,,,,,,,,,,,,,,,True,0.0,0.0,0.0,19.4,-0.6,9.399999999999999,49.662820822762804,0.0,0.0,0.0,0.0,0.0,0.0,0.05,6.213046860197203,24.960140638743077,0.002003193841079169,0.24891874409366607,mccloud,USC00045449,"MCCLOUD, CA US",,
2026-04-30,USC00045449,0.0,",,7,0800",",,7,0800",0.0,6.1,",,7,0800",",,7,0800",0.0,"MCCLOUD, CA US",22.2,",,7",0.0,",,7",,,,,,,,,,,,,,,,,,,,,,,,,,,True,0.0,0.0,0.0,22.2,0.0,11.1,46.31047180407107,0.0,0.0,0.0,0.0,0.0,0.0,0.05,5.095875997104147,24.960140638743077,0.002003193841079169,0.2041605482460439,mccloud,USC00045449,"MCCLOUD, CA US",,
2026-05-01,USC00045449,0.0,",,7,0800",",,7,0800",0.0,5.6,",,7,0800",",,7,0800",0.0,"MCCLOUD, CA US",26.1,",,7",4.4,",,7",,,,,,,,,,,,,,,,,,,,,,,,,,,True,0.0,0.0,0.0,26.1,4.4,15.25,48.32559771435816,0.0,0.0,0.0,0.0,0.0,0.0,0.05,4.181213855047191,24.960140638743077,0.002003193841079169,0.16751563685330842,mccloud,USC00045449,"MCCLOUD, CA US",,
2026-05-02,USC00045449,0.0,",,7,0800",",,7,0800",0.0,,,",,7,0800",0.0,"MCCLOUD, CA US",24.4,",,7",5.6,",,7",,,,,,,,,,,,,,,,,,,,,,,,,,,True,0.0,0.0,0.0,24.4,5.6,15.0,53.38763624435434,0.0,0.0,0.0,0.0,0.0,0.0,0.05,3.4323518306689795,24.960140638743077,0.002003193841079169,0.13751332095225818,mccloud,USC00045449,"MCCLOUD, CA US",,
2026-05-03,USC00045449,0.0,",,7,0800",",,7,0800",0.0,,,",,7,0800",0.0,"MCCLOUD, CA US",23.9,",,7",10.0,",,7",,,,,,,,,,,,,,,,,,,,,,,,,,,True,0.0,0.0,0.0,23.9,10.0,16.95,63.601799324005604,0.0,0.0,0.0,0.0,0.0,0.0,0.05,2.8191604374640744,24.960140638743077,0.002003193841079169,0.11294649650684177,mccloud,USC00045449,"MCCLOUD, CA US",,
2026-05-04,USC00045449,0.0,",,7,0800",",,7,0800",1.8,,,",,7,0800",0.0,"MCCLOUD, CA US",25.6,",,7",10.6,",,7",,,,,,,,,,,,,,,,,,,,,,,,,,,True,1.8,0.0,0.0,25.6,10.6,18.1,61.56729502675715,0.0,1.8,0.0,0.0,0.0,1.8,0.05,2.404498449759558,24.960140638743077,0.002003193841079169,0.0963335297088551,mccloud,USC00045449,"MCCLOUD, CA US",,
2026-05-05,USC00045449,0.0,",,7,0800",",,7,0800",0.0,,,",,7,0800",0.0,"MCCLOUD, CA US",15.0,",,7",9.4,",,7",,,,,,,,,,,,,,,,,,,,,,,,,,,True,0.0,0.0,0.0,15.0,9.4,12.2,83.0150854662516,0.015075427331258027,0.0,0.0,0.0,0.0,0.015075427331258027,0.05,1.9804746026875857,24.960140638743077,0.002003193841079169,0.0793454905303497,mccloud,USC00045449,"MCCLOUD, CA US",,
2026-05-06,USC00045449,0.0,",,7,0800",",,7,0800",0.0,,,",,7,0800",0.0,"MCCLOUD, CA US",23.3,",,7",10.0,",,7",,,,,,,,,,,,,,,,,,,,,,,,,,,True,0.0,0.0,0.0,23.3,10.0,16.65,64.82395146655004,0.0,0.0,0.0,0.0,0.0,0.0,0.05,1.6305389252563252,24.960140638743077,0.002003193841079169,0.06532571065426634,mccloud,USC00045449,"MCCLOUD, CA US",,
2026-05-07,USC00045449,0.0,",,7,0800",",,7,0800",0.0,13.3,",,7,0800",",,7,0800",0.0,"MCCLOUD, CA US",26.1,",,7",11.1,",,7",,,,,,,,,,,,,,,,,,,,,,,,,,,True,0.0,0.0,0.0,26.1,11.1,18.6,61.68311177404508,0.0,0.0,0.0,0.0,0.0,0.0,0.05,1.3440358245441746,24.960140638743077,0.002003193841079169,0.053847285718333054,mccloud,USC00045449,"MCCLOUD, CA US",,
2026-05-08,USC00045449,0.0,",,7,0800",",,7,0800",0.0,12.8,",,7,0800",",,7,0800",0.0,"MCCLOUD, CA US",23.3,",,7",9.4,",,7",,,,,,,,,,,,,,,,,,,,,,,,,,,True,0.0,0.0,0.0,23.3,9.4,16.35,63.46680100892185,0.0,0.0,0.0,0.0,0.0,0.0,0.05,1.1094669251389397,24.960140638743077,0.002003193841079169,0.044449546226387346,mccloud,USC00045449,"MCCLOUD, CA US",,
2026-05-09,USC00045449,0.0,",,7,0800",",,7,0800",0.0,,,",,7,0800",0.0,"MCCLOUD, CA US",26.1,",,7",8.3,",,7",,,,,,,,,,,,,,,,,,,,,,,,,,,True,0.0,0.0,0.0,26.1,8.3,17.200000000000003,55.830161087985,0.0,0.0,0.0,0.0,0.0,0.0,0.05,0.9174181534802179,24.960140638743077,0.002003193841079169,0.03675532789491592,mccloud,USC00045449,"MCCLOUD, CA US",,
2026-05-10,USC00045449,0.0,",,7,0800",",,7,0800",0.0,,,",,7,0800",0.0,"MCCLOUD, CA US",28.9,",,7",8.3,",,7",,,,,,,,,,,,,,,,,,,,,,,,,,,True,0.0,0.0,0.0,28.9,8.3,18.6,51.12320062672182,0.0,0.0,0.0,0.0,0.0,0.0,0.05,0.7601819180323713,24.960140638743077,0.002003193841079169,0.030455834726043914,mccloud,USC00045449,"MCCLOUD, CA US",,
2026-05-11,USC00045449,0.0,",,7,0800",",,7,0800",0.0,,,",,7,0800",0.0,"MCCLOUD, CA US",28.3,",,7",10.6,",,7",,,,,,,,,,,,,,,,,,,,,,,,,,,True,0.0,0.0,0.0,28.3,10.6,19.45,56.58632364445439,0.0,0.0,0.0,0.0,0.0,0.0,0.05,0.631447776573009,24.960140638743077,0.002003193841079169,0.02529824593988373,mccloud,USC00045449,"MCCLOUD, CA US",,
2026-05-12,USC00045449,0.0,",,7,0800",",,7,0800",0.0,,,",,7,0800",0.0,"MCCLOUD, CA US",28.9,",,7",10.0,",,7",,,,,,,,,,,,,,,,,,,,,,,,,,,True,0.0,0.0,0.0,28.9,10.0,19.45,54.365081080539596,0.0,0.0,0.0,0.0,0.0,0.0,0.05,0.47527218646163494,24.960140638743077,0.002003193841079169,0.019041246335123548,mccloud,USC00045449,"MCCLOUD, CA US",,
2026-05-13,USC00045449,0.0,",,7,0800",",,7,0800",0.0,,,",,7,0800",0.0,"MCCLOUD, CA US",28.3,",,7",8.9,",,7",,,,,,,,,,,,,,,,,,,,,,,,,,,True,0.0,0.0,0.0,28.3,8.9,18.6,53.24088313880135,0.0,0.0,0.0,0.0,0.0,0.0,0.05,0.34739575821830515,24.960140638743077,0.002003193841079169,0.013918020865598738,mccloud,USC00045449,"MCCLOUD, CA US",,
2026-05-14,USC00045449,0.0,",,7,0800",",,7,0800",0.0,,,",,7,0800",0.0,"MCCLOUD, CA US",22.8,",,7",5.6,",,7",,,,,,,,,,,,,,,,,,,,,,,,,,,True,0.0,0.0,0.0,22.8,5.6,14.2,56.21623127321577,0.0,0.0,0.0,0.0,0.0,0.0,0.05,0.29127935789142245,24.960140638743077,0.002003193841079169,0.011669780315231849,mccloud,USC00045449,"MCCLOUD, CA US",,
2026-05-15,,,,,,,,,,,,,,,,,,,,,,,,,,,,,,,,,,,,,,,,,False,0.0,0.0,0.0,23.35,5.85,14.600000000000001,55.737722165239234,0.0,0.0,0.0,0.0,0.0,0.0,0.05,0.24754283038861624,24.960140638743077,0.002003193841079169,0.009917525464755626,mccloud,USC00045449,"MCCLOUD, CA US",,
2026-05-16,USC00045449,0.0,",,7,0800",",,7,0800",0.0,,,",,7,0800",0.0,"MCCLOUD, CA US",23.9,",,7",6.1,",,7",,,,,,,,,,,,,,,,,,,,,,,,,,,True,0.0,0.0,0.0,23.9,6.1,15.0,55.26579640412836,0.0,0.0,0.0,0.0,0.0,0.0,0.05,0.2117343902892278,24.960140638743077,0.002003193841079169,0.008482900531440681,mccloud,USC00045449,"MCCLOUD, CA US",,
2026-05-17,USC00045449,0.0,",,7,0800",",,7,0800",0.0,,,",,7,0800",0.0,"MCCLOUD, CA US",19.4,",,7",2.8,",,7",,,,,,,,,,,,,,,,,,,,,,,,,,,True,0.0,0.0,0.0,19.4,2.8,11.1,56.605628702184525,0.0,0.0,0.0,0.0,0.0,0.0,0.05,0.08638217809722211,24.960140638743077,0.002003193841079169,0.0034608049428671837,mccloud,USC00045449,"MCCLOUD, CA US",,
2026-05-18,USC00045449,0.0,",,7,0800",",,7,0800",0.0,7.2,",,7,0800",",,7,0800",0.0,"MCCLOUD, CA US",18.9,",,7",3.3,",,7",,,,,,,,,,,,,,,,,,,,,,,,,,,True,0.0,0.0,0.0,18.9,3.3,11.1,58.643380778359656,0.0,0.0,0.0,0.0,0.0,0.0,0.05,0.07978720807215592,24.960140638743077,0.002003193841079169,0.0031965848761408974,mccloud,USC00045449,"MCCLOUD, CA US",,
2026-05-19,,,,,,,,,,,,,,,,,,,,,,,,,,,,,,,,,,,,,,,,,False,0.0,0.0,0.0,20.9,4.9799999999999995,12.94,58.44608697963793,0.0,0.0,0.0,0.0,0.0,0.0,0.05,0.06666077010803895,24.960140638743077,0.002003193841079169,0.0026706888824403596,mccloud,USC00045449,"MCCLOUD, CA US",,
2026-05-20,,,,,,,,,,,,,,,,,,,,,,,,,,,,,,,,,,,,,,,,,False,0.0,0.0,0.0,22.9,6.659999999999999,14.78,58.25786742942432,0.0,0.0,0.0,0.0,0.0,0.0,0.05,0.06364068485741385,24.960140638743077,0.002003193841079169,0.002549692558968635,mccloud,USC00045449,"MCCLOUD, CA US",,
2026-05-21,,,,,,,,,,,,,,,,,,,,,,,,,,,,,,,,,,,,,,,,,False,0.0,0.0,0.0,24.9,8.34,16.619999999999997,58.0783490696479,0.0,0.0,0.0,0.0,0.0,0.0,0.05,0.06116804818580987,24.960140638743077,0.002003193841079169,0.002450629147932963,mccloud,USC00045449,"MCCLOUD, CA US",,
2026-05-22,,,,,,,,,,,,,,,,,,,,,,,,,,,,,,,,,,,,,,,,,False,0.0,0.0,0.0,26.9,10.02,18.46,57.90717745123639,0.0,0.0,0.0,0.0,0.0,0.0,0.05,0.059143624501579305,24.960140638743077,0.002003193841079169,0.0023695228868132537,mccloud,USC00045449,"MCCLOUD, CA US",,
2026-05-23,USC00045449,0.0,",,7,0800",",,7,0800",0.0,,,",,7,0800",0.0,"MCCLOUD, CA US",28.9,",,7",11.7,",,7",,,,,,,,,,,,,,,,,,,,,,,,,,,True,0.0,0.0,0.0,28.9,11.7,20.299999999999997,57.74401562012527,0.0,0.0,0.0,0.0,0.0,0.0,0.05,0.057486166574040314,24.960140638743077,0.002003193841079169,0.002303118696567375,mccloud,USC00045449,"MCCLOUD, CA US",,
2026-05-24,USC00045449,0.0,",,7,0800",",,7,0800",0.0,,,",,7,0800",0.0,"MCCLOUD, CA US",27.2,",,7",10.6,",,7",,,,,,,,,,,,,,,,,,,,,,,,,,,True,0.0,0.0,0.0,27.2,10.6,18.9,58.558875068030474,0.0,0.0,0.0,0.0,0.0,0.0,0.05,0.05612915479683124,24.960140638743077,0.002003193841079169,0.0022487515438798325,mccloud,USC00045449,"MCCLOUD, CA US",,
2026-05-25,USC00045449,0.0,",,7,0800",",,7,0800",0.0,,,",,7,0800",0.0,"MCCLOUD, CA US",27.8,",,7",10.6,",,7",,,,,,,,,,,,,,,,,,,,,,,,,,,True,0.0,0.0,0.0,27.8,10.6,19.2,57.47353947621389,0.0,0.0,0.0,0.0,0.0,0.0,0.05,0.05005081332963329,24.960140638743077,0.002003193841079169,0.0020052296200584914,mccloud,USC00045449,"MCCLOUD, CA US",,
2026-05-26,USC00045449,0.0,",,7,0800",",,7,0800",3.8,8.9,",,7,0800",",,7,0800",0.0,"MCCLOUD, CA US",23.9,",,7",8.3,",,7",,,,,,,,,,,,,,,,,,,,,,,,,,,True,3.8,0.0,0.0,23.9,8.3,16.1,59.870523930266955,0.0,3.8,0.0,0.0,0.0,3.8,0.05,0.7493096904886967,24.960140638743077,0.002003193841079169,0.030020251140957906,mccloud,USC00045449,"MCCLOUD, CA US",,
2026-05-27,USC00045449,0.0,",,7,0800",",,7,0800",11.4,,,",,7,0800",0.0,"MCCLOUD, CA US",15.6,",,7",6.7,",,7",,,,,,,,,,,,,,,,,,,,,,,,,,,True,11.4,0.0,0.0,15.6,6.7,11.15,74.06139353080964,0.0,11.4,0.0,0.0,0.0,11.4,0.05,2.7204754209946307,24.960140638743077,0.002003193841079169,0.10899279216287405,mccloud,USC00045449,"MCCLOUD, CA US",,
2026-05-28,USC00045449,0.0,",,7,0800",",,7,0800",11.4,,,",,7,0800",0.0,"MCCLOUD, CA US",18.3,",,7",7.2,",,7",,,,,,,,,,,,,,,,,,,,,,,,,,,True,11.4,0.0,0.0,18.3,7.2,12.75,68.97575544034103,0.0,11.4,0.0,0.0,0.0,11.4,0.05,4.334329423973265,24.960140638743077,0.002003193841079169,0.1736500401462293,mccloud,USC00045449,"MCCLOUD, CA US",,
2026-05-29,USC00045449,0.0,",,7,0800",",,7,0800",40.9,,,",,7,0800",0.0,"MCCLOUD, CA US",20.6,",,7",7.2,",,7",,,,,,,,,,,,,,,,,,,,,,,,,,,True,40.9,0.0,0.0,20.6,7.2,13.9,63.994810864366436,0.0,40.9,0.0,0.0,0.0,40.9,0.05,11.08449287177318,24.960140638743077,0.002003193841079169,0.44408775704443965,mccloud,USC00045449,"MCCLOUD, CA US",,
2026-05-30,USC00045449,0.0,",,7,0800",",,7,0800",0.0,,,",,7,0800",0.0,"MCCLOUD, CA US",14.4,",,7",8.3,",,7",,,,,,,,,,,,,,,,,,,,,,,,,,,True,0.0,0.0,0.0,14.4,8.3,11.350000000000001,81.5188349782595,0.0075941748912975275,0.0,0.0,0.0,0.0,0.0075941748912975275,0.05,9.085676206133309,24.960140638743077,0.002003193841079169,0.36400741236331585,mccloud,USC00045449,"MCCLOUD, CA US",,
2026-05-31,USC00045449,0.0,",,7,0800",",,7,0800",0.0,,,",,7,0800",0.0,"MCCLOUD, CA US",20.6,",,7",7.2,",,7",,,,,,,,,,,,,,,,,,,,,,,,,,,True,0.0,0.0,0.0,20.6,7.2,13.9,63.994810864366436,0.0,0.0,0.0,0.0,0.0,0.0,0.05,7.447785984816325,24.960140638743077,0.002003193841079169,0.29838718028919625,mccloud,USC00045449,"MCCLOUD, CA US",,
2026-06-01,USC00045449,0.0,",,7,0800",",,7,0800",0.0,15.6,",,7,0800",",,7,0800",0.0,"MCCLOUD, CA US",24.4,",,7",8.3,",,7",,,,,,,,,,,,,,,,,,,,,,,,,,,True,0.0,0.0,0.0,24.4,8.3,16.35,58.9242489499764,0.0,0.0,0.0,0.0,0.0,0.0,0.05,6.10679489045841,24.960140638743077,0.002003193841079169,0.24466187826600047,mccloud,USC00045449,"MCCLOUD, CA US",,
2026-06-02,USC00045449,0.0,",,7,0800",",,7,0800",0.0,,,",,7,0800",0.0,"MCCLOUD, CA US",27.2,",,7",8.9,",,7",,,,,,,,,,,,,,,,,,,,,,,,,,,True,0.0,0.0,0.0,27.2,8.9,18.05,55.10911625230447,0.0,0.0,0.0,0.0,0.0,0.0,0.05,5.008884241903886,24.960140638743077,0.002003193841079169,0.20067532128120733,mccloud,USC00045449,"MCCLOUD, CA US",,
2026-06-03,USC00045449,0.0,",,7,0800",",,7,0800",0.0,15.6,",,7,0800",",,7,0800",0.0,"MCCLOUD, CA US",28.9,",,7",14.4,",,7",,,,,,,,,,,,,,,,,,,,,,,,,,,True,0.0,0.0,0.0,28.9,14.4,21.65,63.39692162646237,0.0,0.0,0.0,0.0,0.0,0.0,0.05,4.109991029800507,24.960140638743077,0.002003193841079169,0.1646621743557401,mccloud,USC00045449,"MCCLOUD, CA US",,
2026-06-04,USC00045449,0.0,",,7,0800",",,7,0800",0.0,15.0,",,7,0800",",,7,0800",0.0,"MCCLOUD, CA US",27.8,",,7",9.4,",,7",,,,,,,,,,,,,,,,,,,,,,,,,,,True,0.0,0.0,0.0,27.8,9.4,18.6,55.064359053093064,0.0,0.0,0.0,0.0,0.0,0.0,0.05,3.3740395133184196,24.960140638743077,0.002003193841079169,0.13517710345274428,mccloud,USC00045449,"MCCLOUD, CA US",,
2026-06-05,USC00045449,0.0,",,7,0800",",,7,0800",0.0,12.2,",,7,0800",",,7,0800",0.0,"MCCLOUD, CA US",28.3,",,7",9.4,",,7",,,,,,,,,,,,,,,,,,,,,,,,,,,True,0.0,0.0,0.0,28.3,9.4,18.85,54.21046280290882,0.0,0.0,0.0,0.0,0.0,0.0,0.05,2.7714933740001575,24.960140638743077,0.002003193841079169,0.11103676914777681,mccloud,USC00045449,"MCCLOUD, CA US",,
2026-06-06,,,,,,,,,,,,,,,,,,,,,,,,,,,,,,,,,,,,,,,,,False,0.0,0.0,0.0,28.7875,9.6875,19.2375,53.94751787497089,0.0,0.0,0.0,0.0,0.0,0.0,0.05,2.2781703195918865,24.960140638743077,0.002003193841079169,0.09127233506271656,mccloud,USC00045449,"MCCLOUD, CA US",,
2026-06-07,,,,,,,,,,,,,,,,,,,,,,,,,,,,,,,,,,,,,,,,,False,0.0,0.0,0.0,29.275000000000002,9.975,19.625,53.68732111116356,0.0,0.0,0.0,0.0,0.0,0.0,0.05,1.874271563745473,24.960140638743077,0.002003193841079169,0.07509058506009508,mccloud,USC00045449,"MCCLOUD, CA US",,
2026-06-08,,,,,,,,,,,,,,,,,,,,,,,,,,,,,,,,,,,,,,,,,False,0.0,0.0,0.0,29.762500000000003,10.2625,20.012500000000003,53.42983616044178,0.0,0.0,0.0,0.0,0.0,0.0,0.05,1.543587231204079,24.960140638743077,0.002003193841079169,0.06184208869432916,mccloud,USC00045449,"MCCLOUD, CA US",,
2026-06-09,,,,,,,,,,,,,,,,,,,,,,,,,,,,,,,,,,,,,,,,,False,0.0,0.0,0.0,30.25,10.55,20.4,53.1750272588435,0.0,0.0,0.0,0.0,0.0,0.0,0.05,1.2728457985913733,24.960140638743077,0.002003193841079169,0.0509951372876347,mccloud,USC00045449,"MCCLOUD, CA US",,
2026-06-10,,,,,,,,,,,,,,,,,,,,,,,,,,,,,,,,,,,,,,,,,False,0.0,0.0,0.0,30.7375,10.8375,20.7875,52.92285921841424,0.0,0.0,0.0,0.0,0.0,0.0,0.05,1.0511814615789612,24.960140638743077,0.002003193841079169,0.04211440459383148,mccloud,USC00045449,"MCCLOUD, CA US",,
2026-06-11,,,,,,,,,,,,,,,,,,,,,,,,,,,,,,,,,,,,,,,,,False,0.0,0.0,0.0,31.225,11.125,21.175,52.67329741636924,0.0,0.0,0.0,0.0,0.0,0.0,0.05,0.8696980520062574,24.960140638743077,0.002003193841079169,0.034843475627549705,mccloud,USC00045449,"MCCLOUD, CA US",,
2026-06-12,,,,,,,,,,,,,,,,,,,,,,,,,,,,,,,,,,,,,,,,,False,0.0,0.0,0.0,31.712500000000002,11.4125,21.5625,52.426307784486994,0.0,0.0,0.0,0.0,0.0,0.0,0.05,0.721112003415638,24.960140638743077,0.002003193841079169,0.02889054247940933,mccloud,USC00045449,"MCCLOUD, CA US",,
2026-06-13,USC00045449,0.0,",,7,0800",",,7,0800",0.0,,,",,7,0800",0.0,"MCCLOUD, CA US",32.2,",,7",11.7,",,7",,,,,,,,,,,,,,,,,,,,,,,,,,,True,0.0,0.0,0.0,32.2,11.7,21.950000000000003,52.181856798729484,0.0,0.0,0.0,0.0,0.0,0.0,0.05,0.5994600359561584,24.960140638743077,0.002003193841079169,0.02401669304000947,mccloud,USC00045449,"MCCLOUD, CA US",,
2026-06-14,USC00045449,0.0,",,7,0800",",,7,0800",0.0,,,",,7,0800",0.0,"MCCLOUD, CA US",31.7,",,7",11.1,",,7",,,,,,,,,,,,,,,,,,,,,,,,,,,True,0.0,0.0,0.0,31.7,11.1,21.4,51.86562685430831,0.0,0.0,0.0,0.0,0.0,0.0,0.05,0.4998598290246405,24.960140638743077,0.002003193841079169,0.020026322618100924,mccloud,USC00045449,"MCCLOUD, CA US",,
2026-06-15,USC00045449,0.0,",,7,0800",",,7,0800",0.0,,,",,7,0800",0.0,"MCCLOUD, CA US",33.9,",,7",12.8,",,7",,,,,,,,,,,,,,,,,,,,,,,,,,,True,0.0,0.0,0.0,33.9,12.8,23.35,51.52563361102036,0.0,0.0,0.0,0.0,0.0,0.0,0.05,0.418314076596876,24.960140638743077,0.002003193841079169,0.016759283637511634,mccloud,USC00045449,"MCCLOUD, CA US",,
2026-06-16,USC00045449,0.0,",,7,0800",",,7,0800",0.0,17.8,",,7,0800",",,7,0800",0.0,"MCCLOUD, CA US",36.1,",,7",13.9,",,7",,,,,,,,,,,,,,,,,,,,,,,,,,,True,0.0,0.0,0.0,36.1,13.9,25.0,50.13772727236808,0.0,0.0,0.0,0.0,0.0,0.0,0.05,0.3410635091163541,24.960140638743077,0.002003193841079169,0.013664326417574589,mccloud,USC00045449,"MCCLOUD, CA US",,
2026-06-17,USC00045449,0.0,",,7,0800",",,7,0800",0.0,18.9,",,7,0800",",,7,0800",0.0,"MCCLOUD, CA US",36.7,",,7",6.7,",,7",,,,,,,,,,,,,,,,,,,,,,,,,,,True,0.0,0.0,0.0,36.7,6.7,21.700000000000003,37.83898083428751,0.0,0.0,0.0,0.0,0.0,0.0,0.05,0.25684298945726947,24.960140638743077,0.002003193841079169,0.01029012589210328,mccloud,USC00045449,"MCCLOUD, CA US",,
2026-06-18,USC00045449,0.0,",,7,0800",",,7,0800",0.0,18.3,",,7,0800",",,7,0800",0.0,"MCCLOUD, CA US",36.1,",,7",6.7,",,7",,,,,,,,,,,,,,,,,,,,,,,,,,,True,0.0,0.0,0.0,36.1,6.7,21.400000000000002,38.53997263366161,0.0,0.0,0.0,0.0,0.0,0.0,0.05,0.18788905997216804,24.960140638743077,0.002003193841079169,0.007527564154848032,mccloud,USC00045449,"MCCLOUD, CA US",,
2026-06-19,USC00045449,0.0,",,7,0800",",,7,0800",0.0,18.9,",,7,0800",",,7,0800",0.0,"MCCLOUD, CA US",32.8,",,7",16.1,",,7",,,,,,,,,,,,,,,,,,,,,,,,,,,True,0.0,0.0,0.0,32.8,16.1,24.45,59.69022218804923,0.0,0.0,0.0,0.0,0.0,0.0,0.05,0.050025596973376954,24.960140638743077,0.002003193841079169,0.0020042193550675485,mccloud,USC00045449,"MCCLOUD, CA US",,
2026-06-20,USC00045449,0.0,",,7,0800",",,7,0800",6.4,,,",,7,0800",0.0,"MCCLOUD, CA US",20.6,",,7",5.0,",,7",,,,,,,,,,,,,,,,,,,,,,,,,,,True,6.4,0.0,0.0,20.6,5.0,12.8,59.06594302258198,0.0,6.4,0.0,0.0,0.0,6.4,0.05,1.2277847418756997,24.960140638743077,0.002003193841079169,0.04918981666192757,mccloud,USC00045449,"MCCLOUD, CA US",,
2026-06-21,USC00045449,0.0,",,7,0800",",,7,0800",0.0,,,",,7,0800",0.0,"MCCLOUD, CA US",26.7,",,7",12.2,",,7",,,,,,,,,,,,,,,,,,,,,,,,,,,True,0.0,0.0,0.0,26.7,12.2,19.45,62.905542139484396,0.0,0.0,0.0,0.0,0.0,0.0,0.05,1.0142885886796482,24.960140638743077,0.002003193841079169,0.04063633307839907,mccloud,USC00045449,"MCCLOUD, CA US",,
2026-06-22,USC00045449,0.0,",,7,0800",",,7,0800",0.0,13.3,",,7,0800",",,7,0800",0.0,"MCCLOUD, CA US",30.0,",,7",11.7,",,7",,,,,,,,,,,,,,,,,,,,,,,,,,,True,0.0,0.0,0.0,30.0,11.7,20.85,55.81917051932364,0.0,0.0,0.0,0.0,0.0,0.0,0.05,0.8394927223941927,24.960140638743077,0.002003193841079169,0.033633333022616625,mccloud,USC00045449,"MCCLOUD, CA US",,
2026-06-23,USC00045449,0.0,",,7,0800",",,7,0800",0.0,17.8,",,7,0800",",,7,0800",0.0,"MCCLOUD, CA US",32.8,",,7",13.3,",,7",,,,,,,,,,,,,,,,,,,,,,,,,,,True,0.0,0.0,0.0,32.8,13.3,23.049999999999997,54.210083647610425,0.0,0.0,0.0,0.0,0.0,0.0,0.05,0.6963819711553835,24.960140638743077,0.002003193841079169,0.02789976151314071,mccloud,USC00045449,"MCCLOUD, CA US",,
2026-06-24,USC00045449,0.0,",,7,0800",",,7,0800",0.0,,,",,7,0800",0.0,"MCCLOUD, CA US",29.4,",,7",13.9,",,7",,,,,,,,,,,,,,,,,,,,,,,,,,,True,0.0,0.0,0.0,29.4,13.9,21.65,61.377043439905215,0.0,0.0,0.0,0.0,0.0,0.0,0.05,0.5792127980200774,24.960140638743077,0.002003193841079169,0.02320551019336103,mccloud,USC00045449,"MCCLOUD, CA US",,
2026-06-25,USC00045449,0.0,",,7,0800",",,7,0800",0.0,17.8,",,7,0800",",,7,0800",0.0,"MCCLOUD, CA US",30.6,",,7",12.8,",,7",,,,,,,,,,,,,,,,,,,,,,,,,,,True,0.0,0.0,0.0,30.6,12.8,21.700000000000003,56.95714714101043,0.0,0.0,0.0,0.0,0.0,0.0,0.05,0.48328279266148394,24.960140638743077,0.002003193841079169,0.01936218227518051,mccloud,USC00045449,"MCCLOUD, CA US",,
2026-06-26,USC00045449,0.0,",,7,0800",",,7,0800",0.0,17.2,",,7,0800",",,7,0800",0.0,"MCCLOUD, CA US",29.4,",,7",16.7,",,7",,,,,,,,,,,,,,,,,,,,,,,,,,,True,0.0,0.0,0.0,29.4,16.7,23.049999999999997,67.46494520269053,0.0,0.0,0.0,0.0,0.0,0.0,0.05,0.4047419471314678,24.960140638743077,0.002003193841079169,0.01621553151440294,mccloud,USC00045449,"MCCLOUD, CA US",,
2026-06-27,USC00045449,0.0,",,7,0800",",,7,0800",0.0,,,",,7,0800",0.0,"MCCLOUD, CA US",23.9,",,7",5.0,",,7",,,,,,,,,,,,,,,,,,,,,,,,,,,True,0.0,0.0,0.0,23.9,5.0,14.45,53.056841205156275,0.0,0.0,0.0,0.0,0.0,0.0,0.05,0.3404381415232962,24.960140638743077,0.002003193841079169,0.013639271767358107,mccloud,USC00045449,"MCCLOUD, CA US",,
2026-06-28,USC00045449,0.0,",,7,0800",",,7,0800",0.0,,,",,7,0800",0.0,"MCCLOUD, CA US",22.2,",,7",5.6,",,7",,,,,,,,,,,,,,,,,,,,,,,,,,,True,0.0,0.0,0.0,22.2,5.6,13.899999999999999,57.31992462265644,0.0,0.0,0.0,0.0,0.0,0.0,0.05,0.28779063833193774,24.960140638743077,0.002003193841079169,0.011530008684535605,mccloud,USC00045449,"MCCLOUD, CA US",,
2026-06-29,USC00045449,0.0,",,7,0800",",,7,0800",0.0,7.2,",,7,0800",",,7,0800",0.0,"MCCLOUD, CA US",22.2,",,7",5.6,",,7",,,,,,,,,,,,,,,,,,,,,,,,,,,True,0.0,0.0,0.0,22.2,5.6,13.899999999999999,57.31992462265644,0.0,0.0,0.0,0.0,0.0,0.0,0.05,0.24468650839640144,24.960140638743077,0.002003193841079169,0.009803090132296754,mccloud,USC00045449,"MCCLOUD, CA US",,
2026-06-30,USC00045449,0.0,",,7,0800",",,7,0800",0.0,12.2,",,7,0800",",,7,0800",0.0,"MCCLOUD, CA US",23.3,",,7",7.2,",,7",,,,,,,,,,,,,,,,,,,,,,,,,,,True,0.0,0.0,0.0,23.3,7.2,15.25,58.65455602462332,0.0,0.0,0.0,0.0,0.0,0.0,0.05,0.2093958316335086,24.960140638743077,0.002003193841079169,0.008389208805517901,mccloud,USC00045449,"MCCLOUD, CA US",,
2025-07-01,USW00024216,,",,W,2400",,0.0,,,,,"RED BLUFF MUNICIPAL AIRPORT, CA US",36.7,",,W",20.6,",,W",,,,,9.4,",,W",13.4,",,W",",,W",   10,",,W",3.7,  360,",,W",,,,,,,,,,,,,True,0.0,0.0,0.0,36.7,20.6,28.650000000000002,61.79096737290473,0.0,0.0,0.0,0.0,0.0,0.0,0.05,0.05,10.837321793111949,0.0046136860152827894,0.0046136860152827894,cottonwood,USW00024216,"RED BLUFF MUNICIPAL AIRPORT, CA US",,
2025-07-02,USW00024216,,",,W,2400",,0.0,,,,,"RED BLUFF MUNICIPAL AIRPORT, CA US",40.0,",,W",22.8,",,W",,,,,7.2,",,W",10.3,",,W",",,W",  170,",,W",3.5,  350,",,W",,,,,,,,,,,,,True,0.0,0.0,0.0,40.0,22.8,31.4,60.35433174396142,0.0,0.0,0.0,0.0,0.0,0.0,0.05,0.05,10.837321793111949,0.0046136860152827894,0.0046136860152827894,cottonwood,USW00024216,"RED BLUFF MUNICIPAL AIRPORT, CA US",,
2025-07-03,USW00024216,,",,W,2400",,0.0,,,,,"RED BLUFF MUNICIPAL AIRPORT, CA US",34.4,",,W",21.1,",,W",,,,,9.4,",,W",12.1,",,W",",,W",  170,",,W",3.6,  130,",,W",,,,,,,,,,,,,True,0.0,0.0,0.0,34.4,21.1,27.75,67.14904710286208,0.0,0.0,0.0,0.0,0.0,0.0,0.05,0.05,10.837321793111949,0.0046136860152827894,0.0046136860152827894,cottonwood,USW00024216,"RED BLUFF MUNICIPAL AIRPORT, CA US",,
2025-07-04,USW00024216,,",,W,2400",,0.0,,,,,"RED BLUFF MUNICIPAL AIRPORT, CA US",31.1,",,W",17.2,",,W",,,,,8.1,",,W",11.6,",,W",",,W",  170,",,W",4.3,  160,",,W",,,,,,,,,,,,,True,0.0,0.0,0.0,31.1,17.2,24.15,65.17126942744648,0.0,0.0,0.0,0.0,0.0,0.0,0.05,0.05,10.837321793111949,0.0046136860152827894,0.0046136860152827894,cottonwood,USW00024216,"RED BLUFF MUNICIPAL AIRPORT, CA US",,
2025-07-05,USW00024216,,",,W,2400",,0.0,,,,,"RED BLUFF MUNICIPAL AIRPORT, CA US",33.9,",,W",13.9,",,W",,,,,7.2,",,W",11.2,",,W",",,W",  150,",,W",2.6,  150,",,W",,,,,,,,,,,,,True,0.0,0.0,0.0,33.9,13.9,23.9,53.55067448469177,0.0,0.0,0.0,0.0,0.0,0.0,0.05,0.05,10.837321793111949,0.0046136860152827894,0.0046136860152827894,cottonwood,USW00024216,"RED BLUFF MUNICIPAL AIRPORT, CA US",,
2025-07-06,USW00024216,,",,W,2400",,0.0,,,,,"RED BLUFF MUNICIPAL AIRPORT, CA US",37.2,",,W",15.0,",,W",,,,,7.2,",,W",9.8,",,W",",,W",  180,",,W",2.8,  140,",,W",",,W",    1,,,,,,,,,,,True,0.0,0.0,0.0,37.2,15.0,26.1,50.42698979544794,0.0,0.0,0.0,0.0,0.0,0.0,0.05,0.05,10.837321793111949,0.0046136860152827894,0.0046136860152827894,cottonwood,USW00024216,"RED BLUFF MUNICIPAL AIRPORT, CA US",,
2025-07-07,USW00024216,,",,W,2400",,0.0,,,,,"RED BLUFF MUNICIPAL AIRPORT, CA US",37.2,",,W",18.9,",,W",,,,,8.1,",,W",10.7,",,W",",,W",  170,",,W",3.2,  150,",,W",,,,,,,,,,,,,True,0.0,0.0,0.0,37.2,18.9,28.05,57.58164008299821,0.0,0.0,0.0,0.0,0.0,0.0,0.05,0.05,10.837321793111949,0.0046136860152827894,0.0046136860152827894,cottonwood,USW00024216,"RED BLUFF MUNICIPAL AIRPORT, CA US",,
2025-07-08,USW00024216,,",,W,2400",,0.0,,,,,"RED BLUFF MUNICIPAL AIRPORT, CA US",33.9,",,W",18.9,",,W",,,,,9.4,",,W",11.2,",,W",",,W",  140,",,W",3.5,  140,",,W",,,,,,,,,,,,,True,0.0,0.0,0.0,33.9,18.9,26.4,63.43197618697897,0.0,0.0,0.0,0.0,0.0,0.0,0.05,0.05,10.837321793111949,0.0046136860152827894,0.0046136860152827894,cottonwood,USW00024216,"RED BLUFF MUNICIPAL AIRPORT, CA US",,
2025-07-09,USW00024216,,",,W,2400",,0.0,,,,,"RED BLUFF MUNICIPAL AIRPORT, CA US",35.6,",,W",15.6,",,W",,,,,5.8,",,W",8.1,",,W",",,W",  160,",,W",1.5,  150,",,W",,,,,,,,,,,,,True,0.0,0.0,0.0,35.6,15.6,25.6,53.9824847505112,0.0,0.0,0.0,0.0,0.0,0.0,0.05,0.05,10.837321793111949,0.0046136860152827894,0.0046136860152827894,cottonwood,USW00024216,"RED BLUFF MUNICIPAL AIRPORT, CA US",,
2025-07-10,USW00024216,,",,W,2400",,0.0,,,,,"RED BLUFF MUNICIPAL AIRPORT, CA US",40.6,",,W",19.4,",,W",,,,,7.2,",,W",9.8,",,W",",,W",  350,",,W",3.0,  350,",,W",,,,,,,,,,,,,True,0.0,0.0,0.0,40.6,19.4,30.0,53.06459616581008,0.0,0.0,0.0,0.0,0.0,0.0,0.05,0.05,10.837321793111949,0.0046136860152827894,0.0046136860152827894,cottonwood,USW00024216,"RED BLUFF MUNICIPAL AIRPORT, CA US",,
2025-07-11,USW00024216,,",,W,2400",,0.0,,,,,"RED BLUFF MUNICIPAL AIRPORT, CA US",41.1,",,W",22.2,",,W",,,,,7.2,",,W",8.9,",,W",",,W",  160,",,W",3.3,  160,",,W",",,W",    1,,,,,,,,,,,True,0.0,0.0,0.0,41.1,22.2,31.65,57.373189562026695,0.0,0.0,0.0,0.0,0.0,0.0,0.05,0.05,10.837321793111949,0.0046136860152827894,0.0046136860152827894,cottonwood,USW00024216,"RED BLUFF MUNICIPAL AIRPORT, CA US",,
2025-07-12,USW00024216,,",,W,2400",,0.0,,,,,"RED BLUFF MUNICIPAL AIRPORT, CA US",40.0,",,W",22.8,",,W",,,,,8.1,",,W",10.7,",,W",",,W",  170,",,W",3.5,  180,",,W",",,W",    1,,,,,,,,,,,True,0.0,0.0,0.0,40.0,22.8,31.4,60.35433174396142,0.0,0.0,0.0,0.0,0.0,0.0,0.05,0.05,10.837321793111949,0.0046136860152827894,0.0046136860152827894,cottonwood,USW00024216,"RED BLUFF MUNICIPAL AIRPORT, CA US",,
2025-07-13,USW00024216,,",,W,2400",,0.0,,,,,"RED BLUFF MUNICIPAL AIRPORT, CA US",38.3,",,W",22.2,",,W",,,,,7.6,",,W",9.8,",,W",",,W",  180,",,W",2.7,  160,",,W",,,,,,,,,,,,,True,0.0,0.0,0.0,38.3,22.2,30.25,62.14452255961115,0.0,0.0,0.0,0.0,0.0,0.0,0.05,0.05,10.837321793111949,0.0046136860152827894,0.0046136860152827894,cottonwood,USW00024216,"RED BLUFF MUNICIPAL AIRPORT, CA US",,
2025-07-14,USW00024216,,",,W,2400",,0.0,,,,,"RED BLUFF MUNICIPAL AIRPORT, CA US",38.9,",,W",21.1,",,W",,,,,8.9,",,W",11.2,",,W",",,W",  170,",,W",3.2,  160,",,W",,,,,,,,,,,,,True,0.0,0.0,0.0,38.9,21.1,30.0,58.94229351258289,0.0,0.0,0.0,0.0,0.0,0.0,0.05,0.05,10.837321793111949,0.0046136860152827894,0.0046136860152827894,cottonwood,USW00024216,"RED BLUFF MUNICIPAL AIRPORT, CA US",,
2025-07-15,USW00024216,,",,W,2400",,0.0,,,,,"RED BLUFF MUNICIPAL AIRPORT, CA US",34.4,",,W",20.6,",,W",,,,,8.9,",,W",10.7,",,W",",,W",  170,",,W",3.3,  180,",,W",,,,,,,,,,,,,True,0.0,0.0,0.0,34.4,20.6,27.5,66.0740741178503,0.0,0.0,0.0,0.0,0.0,0.0,0.05,0.05,10.837321793111949,0.0046136860152827894,0.0046136860152827894,cottonwood,USW00024216,"RED BLUFF MUNICIPAL AIRPORT, CA US",,
2025-07-16,USW00024216,,",,W,2400",,0.0,,,,,"RED BLUFF MUNICIPAL AIRPORT, CA US",33.9,",,W",18.9,",,W",,,,,7.6,",,W",13.4,",,W",",,W",  160,",,W",3.6,  170,",,W",,,,,,,,,,,,,True,0.0,0.0,0.0,33.9,18.9,26.4,63.43197618697897,0.0,0.0,0.0,0.0,0.0,0.0,0.05,0.05,10.837321793111949,0.0046136860152827894,0.0046136860152827894,cottonwood,USW00024216,"RED BLUFF MUNICIPAL AIRPORT, CA US",,
2025-07-17,USW00024216,,",,W,2400",,0.0,,,,,"RED BLUFF MUNICIPAL AIRPORT, CA US",33.9,",,W",17.8,",,W",,,,,6.7,",,W",9.8,",,W",",,W",  170,",,W",2.2,  180,",,W",,,,,,,,,,,,,True,0.0,0.0,0.0,33.9,17.8,25.85,61.16178644891792,0.0,0.0,0.0,0.0,0.0,0.0,0.05,0.05,10.837321793111949,0.0046136860152827894,0.0046136860152827894,cottonwood,USW00024216,"RED BLUFF MUNICIPAL AIRPORT, CA US",,
2025-07-18,USW00024216,,",,W,2400",,0.0,,,,,"RED BLUFF MUNICIPAL AIRPORT, CA US",36.1,",,W",16.7,",,W",,,,,7.2,",,W",9.4,",,W",",,W",  180,",,W",2.5,  170,",,W",,,,,,,,,,,,,True,0.0,0.0,0.0,36.1,16.7,26.4,55.22720140885527,0.0,0.0,0.0,0.0,0.0,0.0,0.05,0.05,10.837321793111949,0.0046136860152827894,0.0046136860152827894,cottonwood,USW00024216,"RED BLUFF MUNICIPAL AIRPORT, CA US",,
2025-07-19,USW00024216,,",,W,2400",,0.0,,,,,"RED BLUFF MUNICIPAL AIRPORT, CA US",36.7,",,W",17.2,",,W",,,,,7.6,",,W",10.7,",,W",",,W",  160,",,W",2.8,  150,",,W",,,,,,,,,,,,,True,0.0,0.0,0.0,36.7,17.2,26.950000000000003,55.18853179760028,0.0,0.0,0.0,0.0,0.0,0.0,0.05,0.05,10.837321793111949,0.0046136860152827894,0.0046136860152827894,cottonwood,USW00024216,"RED BLUFF MUNICIPAL AIRPORT, CA US",,
2025-07-20,USW00024216,,",,W,2400",,0.0,,,,,"RED BLUFF MUNICIPAL AIRPORT, CA US",35.6,",,W",17.8,",,W",,,,,8.1,",,W",11.6,",,W",",,W",  170,",,W",3.3,  160,",,W",,,,,,,,,,,,,True,0.0,0.0,0.0,35.6,17.8,26.700000000000003,58.167242282258265,0.0,0.0,0.0,0.0,0.0,0.0,0.05,0.05,10.837321793111949,0.0046136860152827894,0.0046136860152827894,cottonwood,USW00024216,"RED BLUFF MUNICIPAL AIRPORT, CA US",,
2025-07-21,USW00024216,,",,W,2400",,0.0,,,,,"RED BLUFF MUNICIPAL AIRPORT, CA US",28.3,",,W",16.7,",,W",,,,,9.4,",,W",13.0,",,W",",,W",  150,",,W",4.9,  140,",,W",,,,,,,,,,,,,True,0.0,0.0,0.0,28.3,16.7,22.5,69.75238569404682,0.0,0.0,0.0,0.0,0.0,0.0,0.05,0.05,10.837321793111949,0.0046136860152827894,0.0046136860152827894,cottonwood,USW00024216,"RED BLUFF MUNICIPAL AIRPORT, CA US",,
2025-07-22,USW00024216,,",,W,2400",,0.0,,,,,"RED BLUFF MUNICIPAL AIRPORT, CA US",30.0,",,W",15.6,",,W",,,,,7.6,",,W",9.8,",,W",",,W",  170,",,W",3.4,  170,",,W",,,,,,,,,,,,,True,0.0,0.0,0.0,30.0,15.6,22.8,63.854514058555644,0.0,0.0,0.0,0.0,0.0,0.0,0.05,0.05,10.837321793111949,0.0046136860152827894,0.0046136860152827894,cottonwood,USW00024216,"RED BLUFF MUNICIPAL AIRPORT, CA US",,
2025-07-23,USW00024216,,",,W,2400",,0.0,,,,,"RED BLUFF MUNICIPAL AIRPORT, CA US",31.7,",,W",15.6,",,W",,,,,7.6,",,W",10.7,",,W",",,W",  160,",,W",2.9,  180,",,W",,,,,,,,,,,,,True,0.0,0.0,0.0,31.7,15.6,23.65,60.65793042660804,0.0,0.0,0.0,0.0,0.0,0.0,0.05,0.05,10.837321793111949,0.0046136860152827894,0.0046136860152827894,cottonwood,USW00024216,"RED BLUFF MUNICIPAL AIRPORT, CA US",,
2025-07-24,USW00024216,,"T,,W,2400",,0.0,,,,,"RED BLUFF MUNICIPAL AIRPORT, CA US",32.2,",,W",16.7,",,W",,,,,7.6,",,W",10.3,",,W",",,W",  160,",,W",2.3,  160,",,W",,,,,,,,,,,,,True,0.0,0.0,0.0,32.2,16.7,24.450000000000003,62.0135261701272,0.0,0.0,0.0,0.0,0.0,0.0,0.05,0.05,10.837321793111949,0.0046136860152827894,0.0046136860152827894,cottonwood,USW00024216,"RED BLUFF MUNICIPAL AIRPORT, CA US",,
2025-07-25,USW00024216,,",,W,2400",,0.0,,,,,"RED BLUFF MUNICIPAL AIRPORT, CA US",32.8,",,W",19.4,",,W",,,,,9.8,",,W",13.0,",,W",",,W",  150,",,W",3.8,  130,",,W",,,,,,,,,,,,,True,0.0,0.0,0.0,32.8,19.4,26.099999999999998,66.60937367510265,0.0,0.0,0.0,0.0,0.0,0.0,0.05,0.05,10.837321793111949,0.0046136860152827894,0.0046136860152827894,cottonwood,USW00024216,"RED BLUFF MUNICIPAL AIRPORT, CA US",,
2025-07-26,USW00024216,,",,W,2400",,0.0,,,,,"RED BLUFF MUNICIPAL AIRPORT, CA US",30.6,",,W",17.2,",,W",,,,,7.2,",,W",9.4,",,W",",,W",  160,",,W",3.5,  160,",,W",,,,,,,,,,,,,True,0.0,0.0,0.0,30.6,17.2,23.9,66.15717124681608,0.0,0.0,0.0,0.0,0.0,0.0,0.05,0.05,10.837321793111949,0.0046136860152827894,0.0046136860152827894,cottonwood,USW00024216,"RED BLUFF MUNICIPAL AIRPORT, CA US",,
2025-07-27,USW00024216,,",,W,2400",,0.0,,,,,"RED BLUFF MUNICIPAL AIRPORT, CA US",32.8,",,W",16.7,",,W",,,,,7.6,",,W",10.7,",,W",",,W",  160,",,W",2.9,  170,",,W",,,,,,,,,,,,,True,0.0,0.0,0.0,32.8,16.7,24.75,60.910913887497706,0.0,0.0,0.0,0.0,0.0,0.0,0.05,0.05,10.837321793111949,0.0046136860152827894,0.0046136860152827894,cottonwood,USW00024216,"RED BLUFF MUNICIPAL AIRPORT, CA US",,
2025-07-28,USW00024216,,",,W,2400",,0.0,,,,,"RED BLUFF MUNICIPAL AIRPORT, CA US",35.0,",,W",17.8,",,W",,,,,6.7,",,W",9.4,",,W",",,W",  180,",,W",2.3,  160,",,W",,,,,,,,,,,,,True,0.0,0.0,0.0,35.0,17.8,26.4,59.204876652535305,0.0,0.0,0.0,0.0,0.0,0.0,0.05,0.05,10.837321793111949,0.0046136860152827894,0.0046136860152827894,cottonwood,USW00024216,"RED BLUFF MUNICIPAL AIRPORT, CA US",,
2025-07-29,USW00024216,,",,W,2400",,0.0,,,,,"RED BLUFF MUNICIPAL AIRPORT, CA US",36.1,",,W",18.9,",,W",,,,,6.7,",,W",9.4,",,W",",,W",  130,",,W",2.4,  160,",,W",,,,,,,,,,,,,True,0.0,0.0,0.0,36.1,18.9,27.5,59.46140201144328,0.0,0.0,0.0,0.0,0.0,0.0,0.05,0.05,10.837321793111949,0.0046136860152827894,0.0046136860152827894,cottonwood,USW00024216,"RED BLUFF MUNICIPAL AIRPORT, CA US",,
2025-07-30,USW00024216,,",,W,2400",,0.0,,,,,"RED BLUFF MUNICIPAL AIRPORT, CA US",33.9,",,W",18.3,",,W",,,,,7.6,",,W",10.3,",,W",",,W",  160,",,W",2.9,  170,",,W",,,,,,,,,,,,,True,0.0,0.0,0.0,33.9,18.3,26.1,62.186890864618405,0.0,0.0,0.0,0.0,0.0,0.0,0.05,0.05,10.837321793111949,0.0046136860152827894,0.0046136860152827894,cottonwood,USW00024216,"RED BLUFF MUNICIPAL AIRPORT, CA US",,
2025-07-31,USW00024216,,",,W,2400",,0.0,,,,,"RED BLUFF MUNICIPAL AIRPORT, CA US",36.1,",,W",17.2,",,W",,,,,8.1,",,W",11.6,",,W",",,W",  170,",,W",2.3,  160,",,W",,,,,,,,,,,,,True,0.0,0.0,0.0,36.1,17.2,26.65,56.171190000205215,0.0,0.0,0.0,0.0,0.0,0.0,0.05,0.05,10.837321793111949,0.0046136860152827894,0.0046136860152827894,cottonwood,USW00024216,"RED BLUFF MUNICIPAL AIRPORT, CA US",,
2025-08-01,USW00024216,,",,W,2400",,0.0,,,,,"RED BLUFF MUNICIPAL AIRPORT, CA US",37.2,",,W",20.6,",,W",,,,,7.2,",,W",10.7,",,W",",,W",  170,",,W",3.4,  160,",,W",,,,,,,,,,,,,True,0.0,0.0,0.0,37.2,20.6,28.900000000000002,60.901804087946225,0.0,0.0,0.0,0.0,0.0,0.0,0.05,0.05,10.837321793111949,0.0046136860152827894,0.0046136860152827894,cottonwood,USW00024216,"RED BLUFF MUNICIPAL AIRPORT, CA US",,
2025-08-02,USW00024216,,",,W,2400",,0.0,,,,,"RED BLUFF MUNICIPAL AIRPORT, CA US",36.1,",,W",17.8,",,W",,,,,6.7,",,W",11.6,",,W",",,W",  160,",,W",2.4,  170,",,W",,,,,,,,,,,,,True,0.0,0.0,0.0,36.1,17.8,26.950000000000003,57.318172904978184,0.0,0.0,0.0,0.0,0.0,0.0,0.05,0.05,10.837321793111949,0.0046136860152827894,0.0046136860152827894,cottonwood,USW00024216,"RED BLUFF MUNICIPAL AIRPORT, CA US",,
2025-08-03,USW00024216,,",,W,2400",,0.0,,,,,"RED BLUFF MUNICIPAL AIRPORT, CA US",35.0,",,W",20.6,",,W",,,,,7.6,",,W",10.7,",,W",",,W",  180,",,W",2.9,  200,",,W",,,,,,,,,,,,,True,0.0,0.0,0.0,35.0,20.6,27.8,64.9253595288962,0.0,0.0,0.0,0.0,0.0,0.0,0.05,0.05,10.837321793111949,0.0046136860152827894,0.0046136860152827894,cottonwood,USW00024216,"RED BLUFF MUNICIPAL AIRPORT, CA US",,
2025-08-04,USW00024216,,",,W,2400",,0.0,,,,,"RED BLUFF MUNICIPAL AIRPORT, CA US",33.3,",,W",17.8,",,W",,,,,7.2,",,W",9.8,",,W",",,W",  180,",,W",2.3,  150,",,W",,,,,,,,,,,,,True,0.0,0.0,0.0,33.3,17.8,25.549999999999997,62.259814328979246,0.0,0.0,0.0,0.0,0.0,0.0,0.05,0.05,10.837321793111949,0.0046136860152827894,0.0046136860152827894,cottonwood,USW00024216,"RED BLUFF MUNICIPAL AIRPORT, CA US",,
2025-08-05,USW00024216,,",,W,2400",,0.0,,,,,"RED BLUFF MUNICIPAL AIRPORT, CA US",34.4,",,W",16.1,",,W",,,,,6.3,",,W",8.5,",,W",",,W",  160,",,W",2.1,  150,",,W",,,,,,,,,,,,,True,0.0,0.0,0.0,34.4,16.1,25.25,56.90692080983591,0.0,0.0,0.0,0.0,0.0,0.0,0.05,0.05,10.837321793111949,0.0046136860152827894,0.0046136860152827894,cottonwood,USW00024216,"RED BLUFF MUNICIPAL AIRPORT, CA US",,
2025-08-06,USW00024216,,",,W,2400",,0.0,,,,,"RED BLUFF MUNICIPAL AIRPORT, CA US",35.0,",,W",17.2,",,W",,,,,5.8,",,W",8.5,",,W",",,W",  150,",,W",2.5,  160,",,W",",,W",    1,,,,,,,,,,,True,0.0,0.0,0.0,35.0,17.2,26.1,58.02432650428326,0.0,0.0,0.0,0.0,0.0,0.0,0.05,0.05,10.837321793111949,0.0046136860152827894,0.0046136860152827894,cottonwood,USW00024216,"RED BLUFF MUNICIPAL AIRPORT, CA US",,
2025-08-07,USW00024216,,",,W,2400",,0.0,,,,,"RED BLUFF MUNICIPAL AIRPORT, CA US",37.2,",,W",20.0,",,W",,,,,5.8,",,W",7.6,",,W",",,W",  140,",,W",2.6,  360,",,W",,,,,,,,,,,,,True,0.0,0.0,0.0,37.2,20.0,28.6,59.715857294950915,0.0,0.0,0.0,0.0,0.0,0.0,0.05,0.05,10.837321793111949,0.0046136860152827894,0.0046136860152827894,cottonwood,USW00024216,"RED BLUFF MUNICIPAL AIRPORT, CA US",,
2025-08-08,USW00024216,,",,W,2400",,0.0,,,,,"RED BLUFF MUNICIPAL AIRPORT, CA US",40.0,",,W",21.1,",,W",,,,,7.6,",,W",10.7,",,W",",,W",  350,",,W",3.3,  360,",,W",,,,,,,,,,,,,True,0.0,0.0,0.0,40.0,21.1,30.55,57.11234202537539,0.0,0.0,0.0,0.0,0.0,0.0,0.05,0.05,10.837321793111949,0.0046136860152827894,0.0046136860152827894,cottonwood,USW00024216,"RED BLUFF MUNICIPAL AIRPORT, CA US",,
2025-08-09,USW00024216,,",,W,2400",,0.0,,,,,"RED BLUFF MUNICIPAL AIRPORT, CA US",41.1,",,W",20.0,",,W",,,,,6.3,",,W",8.5,",,W",",,W",  170,",,W",2.6,  120,",,W",,,,,,,,,,,,,True,0.0,0.0,0.0,41.1,20.0,30.55,53.367527212328774,0.0,0.0,0.0,0.0,0.0,0.0,0.05,0.05,10.837321793111949,0.0046136860152827894,0.0046136860152827894,cottonwood,USW00024216,"RED BLUFF MUNICIPAL AIRPORT, CA US",,
2025-08-10,USW00024216,,",,W,2400",,0.0,,,,,"RED BLUFF MUNICIPAL AIRPORT, CA US",40.6,",,W",21.1,",,W",,,,,7.6,",,W",9.4,",,W",",,W",  130,",,W",3.1,  150,",,W",,,,,,,,,,,,,True,0.0,0.0,0.0,40.6,21.1,30.85,56.14124401512825,0.0,0.0,0.0,0.0,0.0,0.0,0.05,0.05,10.837321793111949,0.0046136860152827894,0.0046136860152827894,cottonwood,USW00024216,"RED BLUFF MUNICIPAL AIRPORT, CA US",,
2025-08-11,USW00024216,,",,W,2400",,0.0,,,,,"RED BLUFF MUNICIPAL AIRPORT, CA US",39.4,",,W",20.6,",,W",,,,,7.2,",,W",9.8,",,W",",,W",  160,",,W",3.0,  160,",,W",,,,,,,,,,,,,True,0.0,0.0,0.0,39.4,20.6,30.0,57.157052096788696,0.0,0.0,0.0,0.0,0.0,0.0,0.05,0.05,10.837321793111949,0.0046136860152827894,0.0046136860152827894,cottonwood,USW00024216,"RED BLUFF MUNICIPAL AIRPORT, CA US",,
2025-08-12,USW00024216,,",,W,2400",,0.0,,,,,"RED BLUFF MUNICIPAL AIRPORT, CA US",37.8,",,W",21.7,",,W",,,,,8.9,",,W",10.3,",,W",",,W",  180,",,W",3.2,  190,",,W",,,,,,,,,,,,,True,0.0,0.0,0.0,37.8,21.7,29.75,62.034498766760635,0.0,0.0,0.0,0.0,0.0,0.0,0.05,0.05,10.837321793111949,0.0046136860152827894,0.0046136860152827894,cottonwood,USW00024216,"RED BLUFF MUNICIPAL AIRPORT, CA US",,
2025-08-13,USW00024216,,",,W,2400",,0.0,,,,,"RED BLUFF MUNICIPAL AIRPORT, CA US",35.0,",,W",20.0,",,W",,,,,6.7,",,W",10.7,",,W",",,W",  170,",,W",3.6,  150,",,W",,,,,,,,,,,,,True,0.0,0.0,0.0,35.0,20.0,27.5,63.67008147144812,0.0,0.0,0.0,0.0,0.0,0.0,0.05,0.05,10.837321793111949,0.0046136860152827894,0.0046136860152827894,cottonwood,USW00024216,"RED BLUFF MUNICIPAL AIRPORT, CA US",,
2025-08-14,USW00024216,,",,W,2400",,0.0,,,,,"RED BLUFF MUNICIPAL AIRPORT, CA US",35.6,",,W",18.3,",,W",,,,,6.3,",,W",8.1,",,W",",,W",  160,",,W",2.6,  160,",,W",,,,,,,,,,,,,True,0.0,0.0,0.0,35.6,18.3,26.950000000000003,59.14766117315548,0.0,0.0,0.0,0.0,0.0,0.0,0.05,0.05,10.837321793111949,0.0046136860152827894,0.0046136860152827894,cottonwood,USW00024216,"RED BLUFF MUNICIPAL AIRPORT, CA US",,
2025-08-15,USW00024216,,",,W,2400",,0.0,,,,,"RED BLUFF MUNICIPAL AIRPORT, CA US",38.9,",,W",20.6,",,W",,,,,8.9,",,W",13.4,",,W",",,W",  160,",,W",3.7,  130,",,W",,,,,,,,,,,,,True,0.0,0.0,0.0,38.9,20.6,29.75,57.9847804462662,0.0,0.0,0.0,0.0,0.0,0.0,0.05,0.05,10.837321793111949,0.0046136860152827894,0.0046136860152827894,cottonwood,USW00024216,"RED BLUFF MUNICIPAL AIRPORT, CA US",,
2025-08-16,USW00024216,,",,W,2400",,0.0,,,,,"RED BLUFF MUNICIPAL AIRPORT, CA US",32.2,",,W",19.4,",,W",,,,,9.4,",,W",11.6,",,W",",,W",  190,",,W",3.2,  150,",,W",,,,,,,,,,,,,True,0.0,0.0,0.0,32.2,19.4,25.8,67.80295966071287,0.0,0.0,0.0,0.0,0.0,0.0,0.05,0.05,10.837321793111949,0.0046136860152827894,0.0046136860152827894,cottonwood,USW00024216,"RED BLUFF MUNICIPAL AIRPORT, CA US",,
2025-08-17,USW00024216,,",,W,2400",,0.0,,,,,"RED BLUFF MUNICIPAL AIRPORT, CA US",31.1,",,W",20.6,",,W",,,,,8.9,",,W",11.2,",,W",",,W",  170,",,W",4.3,  160,",,W",,,,,,,,,,,,,True,0.0,0.0,0.0,31.1,20.6,25.85,72.8160077480037,0.0,0.0,0.0,0.0,0.0,0.0,0.05,0.05,10.837321793111949,0.0046136860152827894,0.0046136860152827894,cottonwood,USW00024216,"RED BLUFF MUNICIPAL AIRPORT, CA US",,
2025-08-18,USW00024216,,",,W,2400",,0.0,,,,,"RED BLUFF MUNICIPAL AIRPORT, CA US",30.6,",,W",14.4,",,W",,,,,6.7,",,W",9.4,",,W",",,W",  170,",,W",2.3,  180,",,W",,,,,,,,,,,,,True,0.0,0.0,0.0,30.6,14.4,22.5,60.19636079095624,0.0,0.0,0.0,0.0,0.0,0.0,0.05,0.05,10.837321793111949,0.0046136860152827894,0.0046136860152827894,cottonwood,USW00024216,"RED BLUFF MUNICIPAL AIRPORT, CA US",,
2025-08-19,USW00024216,,",,W,2400",,0.0,,,,,"RED BLUFF MUNICIPAL AIRPORT, CA US",33.9,",,W",15.0,",,W",,,,,6.7,",,W",8.5,",,W",",,W",  160,",,W",2.6,  150,",,W",,,,,,,,,,,,,True,0.0,0.0,0.0,33.9,15.0,24.45,55.628879082971544,0.0,0.0,0.0,0.0,0.0,0.0,0.05,0.05,10.837321793111949,0.0046136860152827894,0.0046136860152827894,cottonwood,USW00024216,"RED BLUFF MUNICIPAL AIRPORT, CA US",,
2025-08-20,USW00024216,,",,W,2400",,0.0,,,,,"RED BLUFF MUNICIPAL AIRPORT, CA US",38.9,",,W",16.7,",,W",,,,,6.3,",,W",7.6,",,W",",,W",  360,",,W",2.5,  350,",,W",,,,,,,,,,,,,True,0.0,0.0,0.0,38.9,16.7,27.799999999999997,50.87017323087455,0.0,0.0,0.0,0.0,0.0,0.0,0.05,0.05,10.837321793111949,0.0046136860152827894,0.0046136860152827894,cottonwood,USW00024216,"RED BLUFF MUNICIPAL AIRPORT, CA US",,
2025-08-21,USW00024216,,",,W,2400",,0.0,,,,,"RED BLUFF MUNICIPAL AIRPORT, CA US",40.6,",,W",19.4,",,W",,,,,6.3,",,W",8.1,",,W",",,W",  150,",,W",2.4,  140,",,W",,,,,,,,,,,,,True,0.0,0.0,0.0,40.6,19.4,30.0,53.06459616581008,0.0,0.0,0.0,0.0,0.0,0.0,0.05,0.05,10.837321793111949,0.0046136860152827894,0.0046136860152827894,cottonwood,USW00024216,"RED BLUFF MUNICIPAL AIRPORT, CA US",,
2025-08-22,USW00024216,,",,W,2400",,0.0,,,,,"RED BLUFF MUNICIPAL AIRPORT, CA US",40.0,",,W",18.9,",,W",,,,,6.7,",,W",8.9,",,W",",,W",  150,",,W",2.7,  190,",,W",,,,,,,,,,,,,True,0.0,0.0,0.0,40.0,18.9,29.45,53.09165143637332,0.0,0.0,0.0,0.0,0.0,0.0,0.05,0.05,10.837321793111949,0.0046136860152827894,0.0046136860152827894,cottonwood,USW00024216,"RED BLUFF MUNICIPAL AIRPORT, CA US",,
2025-08-23,USW00024216,,",,W,2400",,0.0,,,,,"RED BLUFF MUNICIPAL AIRPORT, CA US",41.1,",,W",20.0,",,W",,,,,8.1,",,W",10.3,",,W",",,W",  180,",,W",3.1,  180,",,W",,,,,,,,,,,,,True,0.0,0.0,0.0,41.1,20.0,30.55,53.367527212328774,0.0,0.0,0.0,0.0,0.0,0.0,0.05,0.05,10.837321793111949,0.0046136860152827894,0.0046136860152827894,cottonwood,USW00024216,"RED BLUFF MUNICIPAL AIRPORT, CA US",,
2025-08-24,USW00024216,,",,W,2400",,0.0,,,,,"RED BLUFF MUNICIPAL AIRPORT, CA US",39.4,",,W",21.1,",,W",,,,,7.2,",,W",9.4,",,W",",,W",  150,",,W",2.9,  140,",,W",,,",,W", 1537,,,,,,,,,True,0.0,0.0,0.0,39.4,21.1,30.25,58.10242510123811,0.0,0.0,0.0,0.0,0.0,0.0,0.05,0.05,10.837321793111949,0.0046136860152827894,0.0046136860152827894,cottonwood,USW00024216,"RED BLUFF MUNICIPAL AIRPORT, CA US",,
2025-08-25,USW00024216,,",,W,2400",,0.3,,,,,"RED BLUFF MUNICIPAL AIRPORT, CA US",40.6,",,W",22.8,",,W",,,,,9.4,",,W",13.9,",,W",",,W",   90,",,W",3.1,   80,",,W",,,",,W", 2128,,,,,,,,,True,0.3,0.0,0.0,40.6,22.8,31.700000000000003,59.33439888160038,0.0,0.3,0.0,0.0,0.0,0.3,0.05,0.10520865977542343,10.837321793111949,0.0046136860152827894,0.00970799444585032,cottonwood,USW00024216,"RED BLUFF MUNICIPAL AIRPORT, CA US",,
2025-08-26,USW00024216,,",,W,2400",,3.0,,,,,"RED BLUFF MUNICIPAL AIRPORT, CA US",33.3,",,W",22.8,",,W",,,,,9.4,",,W",12.5,",,W",",,W",  170,",,W",3.8,  180,",,W",,,",,W", 1417,,,,,,,,,True,3.0,0.0,0.0,33.3,22.8,28.049999999999997,73.19406317977462,0.0,3.0,0.0,0.0,0.0,3.0,0.05,0.6472876253485927,10.837321793111949,0.0046136860152827894,0.05972763729872816,cottonwood,USW00024216,"RED BLUFF MUNICIPAL AIRPORT, CA US",,
2025-08-27,USW00024216,,",,1,2400",,0.0,,,,,"RED BLUFF MUNICIPAL AIRPORT, CA US",35.0,",,1",20.0,",,1",,,,,8.0,",,1",10.7,",,1",",,1",  160,",,1",3.4,  140,",,1",,,,,,,,,,,,,True,0.0,0.0,0.0,35.0,20.0,27.5,63.67008147144812,0.0,0.0,0.0,0.0,0.0,0.0,0.05,0.5390177473058129,10.837321793111949,0.0046136860152827894,0.049737172854681225,cottonwood,USW00024216,"RED BLUFF MUNICIPAL AIRPORT, CA US",,
2025-08-28,USW00024216,,",,1,2400",,0.0,,,,,"RED BLUFF MUNICIPAL AIRPORT, CA US",36.1,",,1",15.0,",,1",,,,,5.8,",,1",7.6,",,1",",,1",  170,",,1",2.0,  170,",,1",,,,,,,,,,,,,True,0.0,0.0,0.0,36.1,15.0,25.55,52.097545096628444,0.0,0.0,0.0,0.0,0.0,0.0,0.05,0.45037386852018635,10.837321793111949,0.0046136860152827894,0.041557672376807867,cottonwood,USW00024216,"RED BLUFF MUNICIPAL AIRPORT, CA US",,
2025-08-29,USW00024216,,",,1,2400",,0.0,,,,,"RED BLUFF MUNICIPAL AIRPORT, CA US",36.1,",,1",16.1,",,1",,,,,6.3,",,1",8.5,",,1",",,1",  160,",,1",2.8,  140,",,1",,,,,,,,,,,,,True,0.0,0.0,0.0,36.1,16.1,26.1,54.10855431178666,0.0,0.0,0.0,0.0,0.0,0.0,0.05,0.3777983988862771,10.837321793111949,0.0046136860152827894,0.03486086379075691,cottonwood,USW00024216,"RED BLUFF MUNICIPAL AIRPORT, CA US",,
2025-08-30,USW00024216,,",,1,2400",,0.0,,,,,"RED BLUFF MUNICIPAL AIRPORT, CA US",37.8,",,1",16.7,",,1",,,,,6.3,",,1",9.4,",,1",",,1",  170,",,1",2.2,  190,",,1",,,,,,,,,,,,,True,0.0,0.0,0.0,37.8,16.7,27.25,52.53395821734079,0.0,0.0,0.0,0.0,0.0,0.0,0.05,0.31837862997791827,10.837321793111949,0.0046136860152827894,0.029377980653880306,cottonwood,USW00024216,"RED BLUFF MUNICIPAL AIRPORT, CA US",,
2025-08-31,USW00024216,,",,1,2400",,0.0,,,,,"RED BLUFF MUNICIPAL AIRPORT, CA US",37.2,",,1",17.2,",,1",,,,,8.0,",,1",11.6,",,1",",,1",  170,",,1",2.9,  170,",,1",,,,,,,,,,,,,True,0.0,0.0,0.0,37.2,17.2,27.200000000000003,54.384422361898814,0.0,0.0,0.0,0.0,0.0,0.0,0.05,0.2697298378318581,10.837321793111949,0.0046136860152827894,0.024888975614186768,cottonwood,USW00024216,"RED BLUFF MUNICIPAL AIRPORT, CA US",,
2025-09-01,USW00024216,,",,1,2400",,0.0,,,,,"RED BLUFF MUNICIPAL AIRPORT, CA US",39.4,",,1",16.1,",,1",,,,,8.0,",,1",11.2,",,1",",,1",  140,",,1",3.0,  160,",,1",,,,,,,,,,,,,True,0.0,0.0,0.0,39.4,16.1,27.75,49.10754997457263,0.0,0.0,0.0,0.0,0.0,0.0,0.05,0.22989957560178004,10.837321793111949,0.0046136860152827894,0.021213689137467618,cottonwood,USW00024216,"RED BLUFF MUNICIPAL AIRPORT, CA US",,
2025-09-02,USW00024216,,"T,,1,2400",,0.0,,,,,"RED BLUFF MUNICIPAL AIRPORT, CA US",39.4,",,1",20.6,",,1",,,,,8.0,",,1",11.6,",,1",",,1",  180,",,1",3.1,  180,",,1",,,,,,,,,,,,,True,0.0,0.0,0.0,39.4,20.6,30.0,57.157052096788696,0.0,0.0,0.0,0.0,0.0,0.0,0.05,0.19728931501085467,10.837321793111949,0.0046136860152827894,0.01820461907260602,cottonwood,USW00024216,"RED BLUFF MUNICIPAL AIRPORT, CA US",,
2025-09-03,USW00024216,,",,1,2400",,0.0,,,,,"RED BLUFF MUNICIPAL AIRPORT, CA US",38.9,",,1",20.6,",,1",,,,,7.6,",,1",9.4,",,1",",,1",  150,",,1",2.5,  160,",,1",,,,,,,,,,,,,True,0.0,0.0,0.0,38.9,20.6,29.75,57.9847804462662,0.0,0.0,0.0,0.0,0.0,0.0,0.05,0.17059029179917712,10.837321793111949,0.0046136860152827894,0.015741000872337475,cottonwood,USW00024216,"RED BLUFF MUNICIPAL AIRPORT, CA US",,
2025-09-04,USW00024216,,",,1,2400",,0.0,,,,,"RED BLUFF MUNICIPAL AIRPORT, CA US",37.2,",,1",19.4,",,1",,,,,7.2,",,1",9.4,",,1",",,1",  160,",,1",2.7,  150,",,1",,,,,,,,,,,,,True,0.0,0.0,0.0,37.2,19.4,28.3,58.545334875963256,0.0,0.0,0.0,0.0,0.0,0.0,0.05,0.1487309804186339,10.837321793111949,0.0046136860152827894,0.013723960887934991,cottonwood,USW00024216,"RED BLUFF MUNICIPAL AIRPORT, CA US",,
2025-09-05,USW00024216,,",,1,2400",,0.0,,,,,"RED BLUFF MUNICIPAL AIRPORT, CA US",32.2,",,1",15.6,",,1",,,,,6.3,",,1",8.0,",,1",",,1",  180,",,1",2.1,  180,",,1",,,,,,,,,,,,,True,0.0,0.0,0.0,32.2,15.6,23.900000000000002,59.75229854982479,0.0,0.0,0.0,0.0,0.0,0.0,0.05,0.13083408995027562,10.837321793111949,0.0046136860152827894,0.012072548222516744,cottonwood,USW00024216,"RED BLUFF MUNICIPAL AIRPORT, CA US",,
2025-09-06,USW00024216,,",,1,2400",,0.0,,,,,"RED BLUFF MUNICIPAL AIRPORT, CA US",30.6,",,1",17.2,",,1",,,,,8.0,",,1",11.2,",,1",",,1",  130,",,1",3.2,  130,",,1",,,,,,,,,,,,,True,0.0,0.0,0.0,30.6,17.2,23.9,66.15717124681608,0.0,0.0,0.0,0.0,0.0,0.0,0.05,0.11618135533936247,10.837321793111949,0.0046136860152827894,0.01072048588731634,cottonwood,USW00024216,"RED BLUFF MUNICIPAL AIRPORT, CA US",,
2025-09-07,USW00024216,,",,1,2400",,0.0,,,,,"RED BLUFF MUNICIPAL AIRPORT, CA US",28.9,",,1",13.9,",,1",,,,,6.7,",,1",9.4,",,1",",,1",  160,",,1",1.8,  150,",,1",,,,,,,,,,,,,True,0.0,0.0,0.0,28.9,13.9,21.4,62.32331261022911,0.0,0.0,0.0,0.0,0.0,0.0,0.05,0.10418471089671777,10.837321793111949,0.0046136860152827894,0.009613510873409344,cottonwood,USW00024216,"RED BLUFF MUNICIPAL AIRPORT, CA US",,
2025-09-08,USW00024216,,",,1,2400",,0.0,,,,,"RED BLUFF MUNICIPAL AIRPORT, CA US",28.9,",,1",15.0,",,1",,,,,9.4,",,1",12.5,",,1",",,1",  150,",,1",3.6,  150,",,1",,,,,,,,,,,,,True,0.0,0.0,0.0,28.9,15.0,21.95,64.70144116548605,0.0,0.0,0.0,0.0,0.0,0.0,0.05,0.09436268915778245,10.837321793111949,0.0046136860152827894,0.008707196386634756,cottonwood,USW00024216,"RED BLUFF MUNICIPAL AIRPORT, CA US",,
2025-09-09,USW00024216,,"T,,1,2400",,0.0,,,,,"RED BLUFF MUNICIPAL AIRPORT, CA US",27.2,",,1",18.3,",,1",,,,,7.2,",,1",11.6,",,1",",,1",  140,",,1",3.1,  150,",,1",,,,,,,,,,,,,True,0.0,0.0,0.0,27.2,18.3,22.75,76.000962884265,0.0,0.0,0.0,0.0,0.0,0.0,0.05,0.08632109790271567,10.837321793111949,0.0046136860152827894,0.007965168844352315,cottonwood,USW00024216,"RED BLUFF MUNICIPAL AIRPORT, CA US",,
2025-09-10,USW00024216,,",,1,2400",,2.5,,,,,"RED BLUFF MUNICIPAL AIRPORT, CA US",26.1,",,1",16.1,",,1",,,,,9.8,",,1",12.1,",,1",",,1",  350,",,1",2.5,  350,",,1",,,,,",,1",    1,,,,,,,True,2.5,0.0,0.0,26.1,16.1,21.1,73.13216209806724,0.0,2.5,0.0,0.0,0.0,2.5,0.05,0.5398093646337047,10.837321793111949,0.0046136860152827894,0.04981021833058422,cottonwood,USW00024216,"RED BLUFF MUNICIPAL AIRPORT, CA US",,
2025-09-11,USW00024216,,",,1,2400",,0.0,,,,,"RED BLUFF MUNICIPAL AIRPORT, CA US",27.8,",,1",13.9,",,1",,,,,4.0,",,1",6.3,",,1",",,1",  320,",,1",1.7,  320,",,1",,,,,,,,,,,,,True,0.0,0.0,0.0,27.8,13.9,20.85,64.46335227715217,0.0,0.0,0.0,0.0,0.0,0.0,0.05,0.45102198997120085,10.837321793111949,0.0046136860152827894,0.04161747695430287,cottonwood,USW00024216,"RED BLUFF MUNICIPAL AIRPORT, CA US",,
2025-09-12,USW00024216,,",,1,2400",,0.0,,,,,"RED BLUFF MUNICIPAL AIRPORT, CA US",32.8,",,1",16.7,",,1",,,,,6.7,",,1",9.8,",,1",",,1",   10,",,1",2.6,  360,",,1",,,,,,,,,,,,,True,0.0,0.0,0.0,32.8,16.7,24.75,60.910913887497706,0.0,0.0,0.0,0.0,0.0,0.0,0.05,0.3783290358499522,10.837321793111949,0.0046136860152827894,0.03490982763752691,cottonwood,USW00024216,"RED BLUFF MUNICIPAL AIRPORT, CA US",,
2025-09-13,USW00024216,,",,1,2400",,0.0,,,,,"RED BLUFF MUNICIPAL AIRPORT, CA US",31.7,",,1",16.1,",,1",,,,,6.7,",,1",8.5,",,1",",,1",  170,",,1",2.3,  160,",,1",,,,,,,,,,,,,True,0.0,0.0,0.0,31.7,16.1,23.9,61.692553954215626,0.0,0.0,0.0,0.0,0.0,0.0,0.05,0.31881307877879905,10.837321793111949,0.0046136860152827894,0.029418068861019907,cottonwood,USW00024216,"RED BLUFF MUNICIPAL AIRPORT, CA US",,
2025-09-14,USW00024216,,",,1,2400",,0.0,,,,,"RED BLUFF MUNICIPAL AIRPORT, CA US",31.7,",,1",15.6,",,1",,,,,4.0,",,1",5.8,",,1",",,1",  150,",,1",1.7,  110,",,1",,,,,,,,,,,,,True,0.0,0.0,0.0,31.7,15.6,23.65,60.65793042660804,0.0,0.0,0.0,0.0,0.0,0.0,0.05,0.27008553442577704,10.837321793111949,0.0046136860152827894,0.024921797062207717,cottonwood,USW00024216,"RED BLUFF MUNICIPAL AIRPORT, CA US",,
2025-09-15,USW00024216,,",,1,2400",,0.0,,,,,"RED BLUFF MUNICIPAL AIRPORT, CA US",35.0,",,1",17.2,",,1",,,,,8.0,",,1",11.2,",,1",",,1",  350,",,1",3.0,  340,",,1",,,,,,,,,,,,,True,0.0,0.0,0.0,35.0,17.2,26.1,58.02432650428326,0.0,0.0,0.0,0.0,0.0,0.0,0.05,0.22936290964316858,10.837321793111949,0.0046136860152827894,0.02116416897290514,cottonwood,USW00024216,"RED BLUFF MUNICIPAL AIRPORT, CA US",,
2025-09-16,USW00024216,,",,1,2400",,0.0,,,,,"RED BLUFF MUNICIPAL AIRPORT, CA US",35.0,",,1",15.0,",,1",,,,,6.3,",,1",8.5,",,1",",,1",  130,",,1",2.5,  130,",,1",,,,,,,,,,,,,True,0.0,0.0,0.0,35.0,15.0,25.0,53.83064226424434,0.0,0.0,0.0,0.0,0.0,0.0,0.05,0.18857107309822962,10.837321793111949,0.0046136860152827894,0.017400154456803412,cottonwood,USW00024216,"RED BLUFF MUNICIPAL AIRPORT, CA US",,
2025-09-17,USW00024216,,",,1,2400",,0.0,,,,,"RED BLUFF MUNICIPAL AIRPORT, CA US",37.2,",,1",17.2,",,1",,,,,4.5,",,1",6.7,",,1",",,1",  140,",,1",2.5,  130,",,1",,,,,,,,,,,,,True,0.0,0.0,0.0,37.2,17.2,27.200000000000003,54.384422361898814,0.0,0.0,0.0,0.0,0.0,0.0,0.05,0.16345239903253758,10.837321793111949,0.0046136860152827894,0.015082360951616814,cottonwood,USW00024216,"RED BLUFF MUNICIPAL AIRPORT, CA US",,
2025-09-18,USW00024216,,",,1,2400",,0.0,,,,,"RED BLUFF MUNICIPAL AIRPORT, CA US",36.1,",,1",19.4,",,1",,,,,10.7,",,1",13.4,",,1",",,1",  160,",,1",4.0,  170,",,1",,,,,,,,,,,,,True,0.0,0.0,0.0,36.1,19.4,27.75,60.452976209208124,0.0,0.0,0.0,0.0,0.0,0.0,0.05,0.14288696809841317,10.837321793111949,0.0046136860152827894,0.013184712129636138,cottonwood,USW00024216,"RED BLUFF MUNICIPAL AIRPORT, CA US",,
2025-09-19,USW00024216,,"T,,1,2400",,0.0,,,,,"RED BLUFF MUNICIPAL AIRPORT, CA US",25.6,",,1",20.0,",,1",,,,,7.2,",,1",8.9,",,1",",,1",  150,",,1",2.2,  150,",,1",,,,,,,,,,,,,True,0.0,0.0,0.0,25.6,20.0,22.8,84.23807515262574,0.0211903757631287,0.0,0.0,0.0,0.0,0.0211903757631287,0.05,0.1299490581624108,10.837321793111949,0.0046136860152827894,0.01199088304686169,cottonwood,USW00024216,"RED BLUFF MUNICIPAL AIRPORT, CA US",,
2025-09-20,USW00024216,,",,1,2400",,0.0,,,,,"RED BLUFF MUNICIPAL AIRPORT, CA US",31.1,",,1",18.9,",,1",,,,,5.8,",,1",8.0,",,1",",,1",  160,",,1",2.4,  160,",,1",,,,,,,,,,,,,True,0.0,0.0,0.0,31.1,18.9,25.0,68.92406520064893,0.0,0.0,0.0,0.0,0.0,0.0,0.05,0.11545675259718599,10.837321793111949,0.0046136860152827894,0.010653624096552038,cottonwood,USW00024216,"RED BLUFF MUNICIPAL AIRPORT, CA US",,
2025-09-21,USW00024216,,",,1,2400",,0.0,,,,,"RED BLUFF MUNICIPAL AIRPORT, CA US",33.3,",,1",17.8,",,1",,,,,5.8,",,1",8.0,",,1",",,1",  300,",,1",2.4,  300,",,1",,,,,,,,,,,,,True,0.0,0.0,0.0,33.3,17.8,25.549999999999997,62.259814328979246,0.0,0.0,0.0,0.0,0.0,0.0,0.05,0.10359145634793321,10.837321793111949,0.0046136860152827894,0.00955876906910474,cottonwood,USW00024216,"RED BLUFF MUNICIPAL AIRPORT, CA US",,
2025-09-22,USW00024216,,",,1,2400",,0.0,,,,,"RED BLUFF MUNICIPAL AIRPORT, CA US",35.6,",,1",18.3,",,1",,,,,8.0,",,1",10.7,",,1",",,1",  360,",,1",3.8,  360,",,1",,,,,,,,,,,,,True,0.0,0.0,0.0,35.6,18.3,26.950000000000003,59.14766117315548,0.0,0.0,0.0,0.0,0.0,0.0,0.05,0.09387697341428916,10.837321793111949,0.0046136860152827894,0.008662377587971603,cottonwood,USW00024216,"RED BLUFF MUNICIPAL AIRPORT, CA US",,
2025-09-23,USW00024216,,",,1,2400",,0.0,,,,,"RED BLUFF MUNICIPAL AIRPORT, CA US",38.3,",,1",17.2,",,1",,,,,7.2,",,1",10.3,",,1",",,1",  340,",,1",2.8,  330,",,1",,,,,,,,,,,,,True,0.0,0.0,0.0,38.3,17.2,27.75,52.66140538760074,0.0,0.0,0.0,0.0,0.0,0.0,0.05,0.08592342748626355,10.837321793111949,0.0046136860152827894,0.00792847431557078,cottonwood,USW00024216,"RED BLUFF MUNICIPAL AIRPORT, CA US",,
2025-09-24,USW00024216,,",,1,2400",,0.0,,,,,"RED BLUFF MUNICIPAL AIRPORT, CA US",31.7,",,1",19.4,",,1",,,,,9.4,",,1",11.2,",,1",",,1",  160,",,1",4.4,  150,",,1",,,,,,,,,,,,,True,0.0,0.0,0.0,31.7,19.4,25.549999999999997,68.8160221931409,0.0,0.0,0.0,0.0,0.0,0.0,0.05,0.07941161483897083,10.837321793111949,0.0046136860152827894,0.007327605136671659,cottonwood,USW00024216,"RED BLUFF MUNICIPAL AIRPORT, CA US",,
2025-09-25,USW00024216,,",,1,2400",,0.0,,,,,"RED BLUFF MUNICIPAL AIRPORT, CA US",33.3,",,1",16.1,",,1",,,,,5.8,",,1",7.2,",,1",",,1",  310,",,1",2.5,  290,",,1",,,,,,,,,,,,,True,0.0,0.0,0.0,33.3,16.1,24.7,58.80431885288306,0.0,0.0,0.0,0.0,0.0,0.0,0.05,0.07408019356635014,10.837321793111949,0.0046136860152827894,0.006835655061330234,cottonwood,USW00024216,"RED BLUFF MUNICIPAL AIRPORT, CA US",,
2025-09-26,USW00024216,,",,1,2400",,0.0,,,,,"RED BLUFF MUNICIPAL AIRPORT, CA US",36.1,",,1",17.8,",,1",,,,,9.8,",,1",13.9,",,1",",,1",  350,",,1",4.9,  350,",,1",,,,,,,,,,,,,True,0.0,0.0,0.0,36.1,17.8,26.950000000000003,57.318172904978184,0.0,0.0,0.0,0.0,0.0,0.0,0.05,0.06971519501284142,10.837321793111949,0.0046136860152827894,0.006432880405669178,cottonwood,USW00024216,"RED BLUFF MUNICIPAL AIRPORT, CA US",,
2025-09-27,USW00024216,,",,1,2400",,0.0,,,,,"RED BLUFF MUNICIPAL AIRPORT, CA US",32.2,",,1",16.1,",,1",,,,,7.2,",,1",8.9,",,1",",,1",  170,",,1",2.8,  130,",,1",,,,,,,,,,,,,True,0.0,0.0,0.0,32.2,16.1,24.150000000000002,60.77318572793364,0.0,0.0,0.0,0.0,0.0,0.0,0.05,0.06614143645994293,10.837321793111949,0.0046136860152827894,0.0061031164085190775,cottonwood,USW00024216,"RED BLUFF MUNICIPAL AIRPORT, CA US",,
2025-09-28,USW00024216,,",,1,2400",,0.0,,,,,"RED BLUFF MUNICIPAL AIRPORT, CA US",24.4,",,1",15.0,",,1",,,,,9.4,",,1",11.6,",,1",",,1",  150,",,1",4.4,  170,",,1",,,,,,,,,,,,,True,0.0,0.0,0.0,24.4,15.0,19.7,74.30770084717713,0.0,0.0,0.0,0.0,0.0,0.0,0.05,0.06321549042860947,10.837321793111949,0.0046136860152827894,0.00583312848279437,cottonwood,USW00024216,"RED BLUFF MUNICIPAL AIRPORT, CA US",,
2025-09-29,USW00024216,,",,1,2400",,1.5,,,,,"RED BLUFF MUNICIPAL AIRPORT, CA US",21.7,",,1",16.1,",,1",,,,,9.8,",,1",13.0,",,1",",,1",  160,",,1",3.3,  150,",,1",,,,,,,,,,,,,True,1.5,0.0,0.0,21.7,16.1,18.9,83.80338544159636,0.019016927207981812,1.5,0.0,0.0,0.0,1.5190169272079819,0.05,0.3403628908553589,10.837321793111949,0.0046136860152827894,0.031406550193211834,cottonwood,USW00024216,"RED BLUFF MUNICIPAL AIRPORT, CA US",,
2025-09-30,USW00024216,,",,1,2400",,2.8,,,,,"RED BLUFF MUNICIPAL AIRPORT, CA US",21.1,",,1",15.6,",,1",,,,,9.8,",,1",12.1,",,1",",,1",  150,",,1",4.4,  150,",,1",,,,,",,1",    1,,,,,,,True,2.8,0.0,0.0,21.1,15.6,18.35,84.00928733022756,0.020046436651137825,2.8,0.0,0.0,0.0,2.8200464366511375,0.05,0.806698975869134,10.837321793111949,0.0046136860152827894,0.07443711567020743,cottonwood,USW00024216,"RED BLUFF MUNICIPAL AIRPORT, CA US",,
2025-10-01,USW00024216,,",,1,2400",,4.8,,,,,"RED BLUFF MUNICIPAL AIRPORT, CA US",21.7,",,1",14.4,",,1",,,,,8.9,",,1",11.6,",,1",",,1",  160,",,1",4.3,  160,",,1",,,,,",,1",    1,,,,,,,True,4.8,0.0,0.0,21.7,14.4,18.05,79.2460408834815,0.0,4.8,0.0,0.0,0.0,4.8,0.05,1.5459722312832986,10.837321793111949,0.0046136860152827894,0.14265260926974568,cottonwood,USW00024216,"RED BLUFF MUNICIPAL AIRPORT, CA US",,
2025-10-02,USW00024216,,",,1,2400",,0.0,,,,,"RED BLUFF MUNICIPAL AIRPORT, CA US",21.1,",,1",14.4,",,1",,,,,5.8,",,1",10.3,",,1",",,1",  170,",,1",2.3,  180,",,1",,,,,,,,,,,,,True,0.0,0.0,0.0,21.1,14.4,17.75,80.7558750914009,0.003779375457004477,0.0,0.0,0.0,0.0,0.003779375457004477,0.05,1.275493985681555,10.837321793111949,0.0046136860152827894,0.11769457528632593,cottonwood,USW00024216,"RED BLUFF MUNICIPAL AIRPORT, CA US",,
2025-10-03,USW00024216,,",,1,2400",,11.4,,,,,"RED BLUFF MUNICIPAL AIRPORT, CA US",23.3,",,1",13.3,",,1",,,,,6.3,",,1",8.5,",,1",",,1",  110,",,1",1.4,  170,",,1",,,,,",,1",    1,,,,,,,True,11.4,0.0,0.0,23.3,13.3,18.3,72.63605067641198,0.0,11.4,0.0,0.0,0.0,11.4,0.05,3.151278685255687,10.837321793111949,0.0046136860152827894,0.29078020800845794,cottonwood,USW00024216,"RED BLUFF MUNICIPAL AIRPORT, CA US",,
2025-10-04,USW00024216,,",,1,2400",,0.0,,,,,"RED BLUFF MUNICIPAL AIRPORT, CA US",26.7,",,1",12.2,",,1",,,,,8.9,",,1",11.6,",,1",",,1",  360,",,1",4.3,  350,",,1",,,,,,,,,,,,,True,0.0,0.0,0.0,26.7,12.2,19.45,62.905542139484396,0.0,0.0,0.0,0.0,0.0,0.0,0.05,2.5891122334840824,10.837321793111949,0.0046136860152827894,0.23890701807246198,cottonwood,USW00024216,"RED BLUFF MUNICIPAL AIRPORT, CA US",,
2025-10-05,USW00024216,,",,1,2400",,0.0,,,,,"RED BLUFF MUNICIPAL AIRPORT, CA US",27.8,",,1",15.6,",,1",,,,,7.6,",,1",10.3,",,1",",,1",  360,",,1",3.6,  350,",,1",,,,,,,,,,,,,True,0.0,0.0,0.0,27.8,15.6,21.7,68.2760249716201,0.0,0.0,0.0,0.0,0.0,0.0,0.05,2.128849271069939,10.837321793111949,0.0046136860152827894,0.19643684221160676,cottonwood,USW00024216,"RED BLUFF MUNICIPAL AIRPORT, CA US",,
2025-10-06,USW00024216,,",,1,2400",,0.0,,,,,"RED BLUFF MUNICIPAL AIRPORT, CA US",30.0,",,1",13.3,",,1",,,,,7.6,",,1",10.7,",,1",",,1",  360,",,1",3.8,  360,",,1",,,,,,,,,,,,,True,0.0,0.0,0.0,30.0,13.3,21.65,59.02811372533456,0.0,0.0,0.0,0.0,0.0,0.0,0.05,1.752017829238705,10.837321793111949,0.0046136860152827894,0.16166520314569446,cottonwood,USW00024216,"RED BLUFF MUNICIPAL AIRPORT, CA US",,
2025-10-07,USW00024216,,",,1,2400",,0.0,,,,,"RED BLUFF MUNICIPAL AIRPORT, CA US",31.7,",,1",13.9,",,1",,,,,6.7,",,1",8.9,",,1",",,1",  340,",,1",2.8,  330,",,1",,,,,,,,,,,,,True,0.0,0.0,0.0,31.7,13.9,22.8,57.22712564566126,0.0,0.0,0.0,0.0,0.0,0.0,0.05,1.443494339084757,10.837321793111949,0.0046136860152827894,0.13319659290750432,cottonwood,USW00024216,"RED BLUFF MUNICIPAL AIRPORT, CA US",,
2025-10-08,USW00024216,,",,1,2400",,0.0,,,,,"RED BLUFF MUNICIPAL AIRPORT, CA US",30.0,",,1",12.2,",,1",,,,,11.2,",,1",15.6,",,1",",,1",  150,",,1",4.4,  170,",,1",,,,,,,,,,,,,True,0.0,0.0,0.0,30.0,12.2,21.1,56.80898180912317,0.0,0.0,0.0,0.0,0.0,0.0,0.05,1.1908966696487677,10.837321793111949,0.0046136860152827894,0.10988846620810735,cottonwood,USW00024216,"RED BLUFF MUNICIPAL AIRPORT, CA US",,
2025-10-09,USW00024216,,",,1,2400",,0.0,,,,,"RED BLUFF MUNICIPAL AIRPORT, CA US",21.7,",,1",12.8,",,1",,,,,7.2,",,1",9.4,",,1",",,1",  180,",,1",3.4,  170,",,1",,,,,,,,,,,,,True,0.0,0.0,0.0,21.7,12.8,17.25,75.10770672985517,0.0,0.0,0.0,0.0,0.0,0.0,0.05,0.9840871895256972,10.837321793111949,0.0046136860152827894,0.09080538608267306,cottonwood,USW00024216,"RED BLUFF MUNICIPAL AIRPORT, CA US",,
2025-10-10,USW00024216,,",,1,2400",,1.8,,,,,"RED BLUFF MUNICIPAL AIRPORT, CA US",23.3,",,1",10.0,",,1",,,,,13.0,",,1",16.5,",,1",",,1",  160,",,1",5.2,  160,",,1",,,,,",,1",    1,,,,,,,True,1.8,0.0,0.0,23.3,10.0,16.65,64.82395146655004,0.0,1.8,0.0,0.0,0.0,1.8,0.05,1.1459593894099205,10.837321793111949,0.0046136860152827894,0.10574193618005108,cottonwood,USW00024216,"RED BLUFF MUNICIPAL AIRPORT, CA US",,
2025-10-11,USW00024216,,",,1,2400",,0.0,,,,,"RED BLUFF MUNICIPAL AIRPORT, CA US",21.1,",,1",8.3,",,1",,,,,5.4,",,1",6.7,",,1",",,1",  350,",,1",2.7,  360,",,1",,,,,,,,,,,,,True,0.0,0.0,0.0,21.1,8.3,14.700000000000001,65.49490586767752,0.0,0.0,0.0,0.0,0.0,0.0,0.05,0.9472956562344694,10.837321793111949,0.0046136860152827894,0.08741049443014208,cottonwood,USW00024216,"RED BLUFF MUNICIPAL AIRPORT, CA US",,
2025-10-12,USW00024216,,",,1,2400",,0.0,,,,,"RED BLUFF MUNICIPAL AIRPORT, CA US",22.2,",,1",7.8,",,1",,,,,7.2,",,1",9.8,",,1",",,1",   10,",,1",4.0,  280,",,1",,,,,,,,,,,,,True,0.0,0.0,0.0,22.2,7.8,15.0,62.09579368201139,0.0,0.0,0.0,0.0,0.0,0.0,0.05,0.784643548362449,10.837321793111949,0.0046136860152827894,0.07240197932123392,cottonwood,USW00024216,"RED BLUFF MUNICIPAL AIRPORT, CA US",,
2025-10-13,USW00024216,,",,1,2400",,8.1,,,,,"RED BLUFF MUNICIPAL AIRPORT, CA US",17.8,",,1",6.7,",,1",,,,,10.7,",,1",14.3,",,1",",,1",  160,",,1",3.4,  170,",,1",,,,,",,1",    1,,,,,,,True,8.1,0.0,0.0,17.8,6.7,12.25,68.8742635468399,0.0,8.1,0.0,0.0,0.0,8.1,0.05,2.142109079531101,10.837321793111949,0.0046136860152827894,0.19766037406885856,cottonwood,USW00024216,"RED BLUFF MUNICIPAL AIRPORT, CA US",,
2025-10-14,USW00024216,,",,1,2400",,0.0,,,,,"RED BLUFF MUNICIPAL AIRPORT, CA US",18.9,",,1",9.4,",,1",,,,,9.8,",,1",12.1,",,1",",,1",  150,",,1",3.5,  140,",,1",,,,,,,,,,,,,True,0.0,0.0,0.0,18.9,9.4,14.149999999999999,73.09631416131054,0.0,0.0,0.0,0.0,0.0,0.0,0.05,1.7628740422057818,10.837321793111949,0.0046136860152827894,0.16266694630459713,cottonwood,USW00024216,"RED BLUFF MUNICIPAL AIRPORT, CA US",,
2025-10-15,USW00024216,,",,1,2400",,0.5,,,,,"RED BLUFF MUNICIPAL AIRPORT, CA US",16.1,",,1",9.4,",,1",,,,,6.7,",,1",8.5,",,1",",,1",  150,",,1",1.9,  160,",,1",,,,,",,1",    1,,,,,,,True,0.5,0.0,0.0,16.1,9.4,12.75,80.07281963682571,0.00036409818412856513,0.5,0.0,0.0,0.0,0.5003640981841285,0.05,1.5444640920378137,10.837321793111949,0.0046136860152827894,0.14251344765082583,cottonwood,USW00024216,"RED BLUFF MUNICIPAL AIRPORT, CA US",,
2025-10-16,USW00024216,,",,1,2400",,0.0,,,,,"RED BLUFF MUNICIPAL AIRPORT, CA US",25.0,",,1",6.7,",,1",,,,,6.7,",,1",9.8,",,1",",,1",  360,",,1",2.5,  350,",,1",,,,,,,,,,,,,True,0.0,0.0,0.0,25.0,6.7,15.85,54.541293635084436,0.0,0.0,0.0,0.0,0.0,0.0,0.05,1.2735637115221217,10.837321793111949,0.0046136860152827894,0.11751646170842514,cottonwood,USW00024216,"RED BLUFF MUNICIPAL AIRPORT, CA US",,
2025-10-17,USW00024216,,",,1,2400",,0.0,,,,,"RED BLUFF MUNICIPAL AIRPORT, CA US",23.9,",,1",8.9,",,1",,,,,4.0,",,1",7.2,",,1",",,1",  140,",,1",1.5,  130,",,1",,,,,,,,,,,,,True,0.0,0.0,0.0,23.9,8.9,16.4,61.170083102047734,0.0,0.0,0.0,0.0,0.0,0.0,0.05,1.0517692389733972,10.837321793111949,0.0046136860152827894,0.0970506605831237,cottonwood,USW00024216,"RED BLUFF MUNICIPAL AIRPORT, CA US",,
2025-10-18,USW00024216,,",,1,2400",,0.0,,,,,"RED BLUFF MUNICIPAL AIRPORT, CA US",25.6,",,1",9.4,",,1",,,,,3.6,",,1",5.4,",,1",",,1",  330,",,1",1.7,  350,",,1",,,,,,,,,,,,,True,0.0,0.0,0.0,25.6,9.4,17.5,59.00519066103887,0.0,0.0,0.0,0.0,0.0,0.0,0.05,0.8701792834350464,10.837321793111949,0.0046136860152827894,0.08029467981546144,cottonwood,USW00024216,"RED BLUFF MUNICIPAL AIRPORT, CA US",,
2025-10-19,USW00024216,,",,1,2400",,0.0,,,,,"RED BLUFF MUNICIPAL AIRPORT, CA US",25.0,",,1",10.0,",,1",,,,,6.3,",,1",8.5,",,1",",,1",  130,",,1",2.3,  150,",,1",,,,,,,,,,,,,True,0.0,0.0,0.0,25.0,10.0,17.5,61.427710545063924,0.0,0.0,0.0,0.0,0.0,0.0,0.05,0.721506002385735,10.837321793111949,0.0046136860152827894,0.06657604306299313,cottonwood,USW00024216,"RED BLUFF MUNICIPAL AIRPORT, CA US",,
2025-10-20,USW00024216,,",,1,2400",,0.0,,,,,"RED BLUFF MUNICIPAL AIRPORT, CA US",27.8,",,1",12.2,",,1",,,,,9.4,",,1",13.0,",,1",",,1",  350,",,1",4.6,  340,",,1",,,,,,,,,,,,,True,0.0,0.0,0.0,27.8,12.2,20.0,60.795284486151715,0.0,0.0,0.0,0.0,0.0,0.0,0.05,0.5955907070619981,10.837321793111949,0.0046136860152827894,0.05495737032008658,cottonwood,USW00024216,"RED BLUFF MUNICIPAL AIRPORT, CA US",,
2025-10-21,USW00024216,,",,1,2400",,0.0,,,,,"RED BLUFF MUNICIPAL AIRPORT, CA US",28.3,",,1",7.2,",,1",,,,,5.8,",,1",6.7,",,1",",,1",  350,",,1",1.9,  360,",,1",,,,,,,,,,,,,True,0.0,0.0,0.0,28.3,7.2,17.75,50.033015837571945,0.0,0.0,0.0,0.0,0.0,0.0,0.05,0.4889096367488647,10.837321793111949,0.0046136860152827894,0.04511351107610451,cottonwood,USW00024216,"RED BLUFF MUNICIPAL AIRPORT, CA US",,
2025-10-22,USW00024216,,",,1,2400",,0.0,,,,,"RED BLUFF MUNICIPAL AIRPORT, CA US",21.1,",,1",10.0,",,1",,,,,9.8,",,1",11.6,",,1",",,1",  160,",,1",3.4,  150,",,1",,,,,,,,,,,,,True,0.0,0.0,0.0,21.1,10.0,15.55,69.53582650239855,0.0,0.0,0.0,0.0,0.0,0.0,0.05,0.39610264624749375,10.837321793111949,0.0046136860152827894,0.03654986479217136,cottonwood,USW00024216,"RED BLUFF MUNICIPAL AIRPORT, CA US",,
2025-10-23,USW00024216,,",,1,2400",,0.0,,,,,"RED BLUFF MUNICIPAL AIRPORT, CA US",25.0,",,1",8.3,",,1",,,,,5.4,",,1",7.6,",,1",",,1",  140,",,1",1.9,  110,",,1",,,,,",,1",    1,,,,,,,True,0.0,0.0,0.0,25.0,8.3,16.65,57.810781019033996,0.0,0.0,0.0,0.0,0.0,0.0,0.05,0.3333544505681886,10.837321793111949,0.0046136860152827894,0.03075985533437459,cottonwood,USW00024216,"RED BLUFF MUNICIPAL AIRPORT, CA US",,
2025-10-24,USW00024216,,",,1,2400",,0.8,,,,,"RED BLUFF MUNICIPAL AIRPORT, CA US",20.6,",,1",8.9,",,1",,,,,6.7,",,1",8.5,",,1",",,1",  180,",,1",2.1,  180,",,1",",,1",    1,,,",,1",    1,,,,,,,True,0.8,0.0,0.0,20.6,8.9,14.75,67.98839439099515,0.0,0.8,0.0,0.0,0.0,0.8,0.05,0.39775443888107004,10.837321793111949,0.0046136860152827894,0.036702281843644914,cottonwood,USW00024216,"RED BLUFF MUNICIPAL AIRPORT, CA US",,
2025-10-25,USW00024216,,",,1,2400",,6.1,,,,,"RED BLUFF MUNICIPAL AIRPORT, CA US",17.8,",,1",13.3,",,1",,,,,13.4,",,1",19.7,",,1",",,1",  140,",,1",5.4,  140,",,1",,,,,",,1",    1,,,,,,,True,6.1,0.0,0.0,17.8,13.3,15.55,86.46772543822459,0.03233862719112295,6.1,0.0,0.0,0.0,6.132338627191123,0.05,1.4632445766189157,10.837321793111949,0.0046136860152827894,0.13501902080170156,cottonwood,USW00024216,"RED BLUFF MUNICIPAL AIRPORT, CA US",,
2025-10-26,USW00024216,,",,1,2400",,26.9,,,,,"RED BLUFF MUNICIPAL AIRPORT, CA US",14.4,",,1",10.6,",,1",,,,,7.6,",,1",10.3,",,1",",,1",  160,",,1",2.4,  160,",,1",,,,,",,1",    1,,,,,,,True,26.9,0.0,0.0,14.4,10.6,12.5,88.19945444687897,0.04099727223439487,26.9,0.0,0.0,0.0,26.940997272234394,0.05,6.164987971209909,10.837321793111949,0.0046136860152827894,0.5688663757431555,cottonwood,USW00024216,"RED BLUFF MUNICIPAL AIRPORT, CA US",,
2025-10-27,USW00024216,,",,1,2400",,0.0,,,,,"RED BLUFF MUNICIPAL AIRPORT, CA US",20.6,",,1",7.2,",,1",,,,,9.8,",,1",13.0,",,1",",,1",  350,",,1",4.4,  340,",,1",,,,,,,,,,,,,True,0.0,0.0,0.0,20.6,7.2,13.9,63.994810864366436,0.0,0.0,0.0,0.0,0.0,0.0,0.05,5.0565287067314895,10.837321793111949,0.0046136860152827894,0.46658471560246084,cottonwood,USW00024216,"RED BLUFF MUNICIPAL AIRPORT, CA US",,
2025-10-28,USW00024216,,",,1,2400",,0.0,,,,,"RED BLUFF MUNICIPAL AIRPORT, CA US",23.3,",,1",8.3,",,1",,,,,4.5,",,1",6.3,",,1",",,1",  130,",,1",2.7,  320,",,1",,,,,,,,,,,,,True,0.0,0.0,0.0,23.3,8.3,15.8,61.02861367268972,0.0,0.0,0.0,0.0,0.0,0.0,0.05,4.148999018368807,10.837321793111949,0.0046136860152827894,0.3828435749694037,cottonwood,USW00024216,"RED BLUFF MUNICIPAL AIRPORT, CA US",,
2025-10-29,USW00024216,,",,1,2400",,0.0,,,,,"RED BLUFF MUNICIPAL AIRPORT, CA US",28.9,",,1",11.1,",,1",,,,,7.2,",,1",8.9,",,1",",,1",  340,",,1",3.4,  340,",,1",,,,,,,,,,,,,True,0.0,0.0,0.0,28.9,11.1,20.0,56.5356774761032,0.0,0.0,0.0,0.0,0.0,0.0,0.05,3.4059765531750013,10.837321793111949,0.0046136860152827894,0.31428212783529164,cottonwood,USW00024216,"RED BLUFF MUNICIPAL AIRPORT, CA US",,
2025-10-30,USW00024216,,",,1,2400",,0.0,,,,,"RED BLUFF MUNICIPAL AIRPORT, CA US",24.4,",,1",8.9,",,1",,,,,3.6,",,1",4.9,",,1",",,1",  310,",,1",1.7,  340,",,1",,,,,,,,,,,,,True,0.0,0.0,0.0,24.4,8.9,16.65,60.205483981150124,0.0,0.0,0.0,0.0,0.0,0.0,0.05,2.797641210693019,10.837321793111949,0.0046136860152827894,0.2581487625910639,cottonwood,USW00024216,"RED BLUFF MUNICIPAL AIRPORT, CA US",,
2025-10-31,USW00024216,,",,1,2400",,0.0,,,,,"RED BLUFF MUNICIPAL AIRPORT, CA US",26.7,",,1",8.3,",,1",,,,,5.4,",,1",6.7,",,1",",,1",  360,",,1",2.4,  340,",,1",",,1",    1,,,,,,,,,,,True,0.0,0.0,0.0,26.7,8.3,17.5,54.78197244198775,0.0,0.0,0.0,0.0,0.0,0.0,0.05,2.2946110434258857,10.837321793111949,0.0046136860152827894,0.21173229763134915,cottonwood,USW00024216,"RED BLUFF MUNICIPAL AIRPORT, CA US",,
2025-11-01,USW00024216,,",,1,2400",,0.0,,,,,"RED BLUFF MUNICIPAL AIRPORT, CA US",24.4,",,1",7.2,",,1",,,,,3.6,",,1",4.5,",,1",",,1",  280,",,1",1.1,  360,",,1",,,,,,,,,,,,,True,0.0,0.0,0.0,24.4,7.2,15.799999999999999,56.6235901030048,0.0,0.0,0.0,0.0,0.0,0.0,0.05,1.88773208995123,10.837321793111949,0.0046136860152827894,0.17418806288017086,cottonwood,USW00024216,"RED BLUFF MUNICIPAL AIRPORT, CA US",,
2025-11-02,USW00024216,,",,1,2400",,0.0,,,,,"RED BLUFF MUNICIPAL AIRPORT, CA US",26.7,",,1",10.6,",,1",,,,,6.3,",,1",8.5,",,1",",,1",  360,",,1",2.1,  350,",,1",",,1",    1,,,,,,,,,,,True,0.0,0.0,0.0,26.7,10.6,18.65,59.48091031420599,0.0,0.0,0.0,0.0,0.0,0.0,0.05,1.5546077779613439,10.837321793111949,0.0046136860152827894,0.14344944328860207,cottonwood,USW00024216,"RED BLUFF MUNICIPAL AIRPORT, CA US",,
2025-11-03,USW00024216,,",,1,2400",,4.6,,,,,"RED BLUFF MUNICIPAL AIRPORT, CA US",22.8,",,1",9.4,",,1",,,,,8.0,",,1",11.2,",,1",",,1",  130,",,1",3.4,  170,",,1",",,1",    1,,,,,,,,,,,True,4.6,0.0,0.0,22.8,9.4,16.1,64.48602563959652,0.0,4.6,0.0,0.0,0.0,4.6,0.05,2.1060485284923534,10.837321793111949,0.0046136860152827894,0.19433293286824135,cottonwood,USW00024216,"RED BLUFF MUNICIPAL AIRPORT, CA US",,
2025-11-04,USW00024216,,",,1,2400",,12.2,,,,,"RED BLUFF MUNICIPAL AIRPORT, CA US",15.6,",,1",11.1,",,1",,,,,5.8,",,1",7.2,",,1",",,1",  160,",,1",1.9,   70,",,1",,,,,",,1",    1,,,,,,,True,12.2,0.0,0.0,15.6,11.1,13.35,86.25035215427621,0.031251760771381074,12.2,0.0,0.0,0.0,12.23125176077138,0.05,3.9842535503906733,10.837321793111949,0.0046136860152827894,0.36764189773556505,cottonwood,USW00024216,"RED BLUFF MUNICIPAL AIRPORT, CA US",,
2025-11-05,USW00024216,,",,1,2400",,6.1,,,,,"RED BLUFF MUNICIPAL AIRPORT, CA US",16.1,",,1",13.9,",,1",,,,,14.8,",,1",20.6,",,1",",,1",  160,",,1",9.9,  150,",,1",,,,,",,1",    1,,,,,,,True,6.1,0.0,0.0,16.1,13.9,15.0,93.13975305412771,0.06569876527063855,6.1,0.0,0.0,0.0,6.165698765270638,0.05,4.404380109206034,10.837321793111949,0.0046136860152827894,0.4064085383166713,cottonwood,USW00024216,"RED BLUFF MUNICIPAL AIRPORT, CA US",,
2025-11-06,USW00024216,,",,1,2400",,0.3,,,,,"RED BLUFF MUNICIPAL AIRPORT, CA US",17.2,",,1",13.3,",,1",,,,,7.6,",,1",10.3,",,1",",,1",  160,",,1",2.5,  160,",,1",,,,,,,,,,,,,True,0.3,0.0,0.0,17.2,13.3,15.25,88.14748646624369,0.04073743233121846,0.3,0.0,0.0,0.0,0.34073743233121845,0.05,3.6777704292457933,10.837321793111949,0.0046136860152827894,0.33936155993663797,cottonwood,USW00024216,"RED BLUFF MUNICIPAL AIRPORT, CA US",,
2025-11-07,USW00024216,,",,1,2400",,1.0,,,,,"RED BLUFF MUNICIPAL AIRPORT, CA US",20.6,",,1",11.7,",,1",,,,,4.5,",,1",5.8,",,1",",,1",  350,",,1",2.4,  330,",,1",",,1",    1,,,",,1",    1,",,1",    1,,,,,True,1.0,0.0,0.0,20.6,11.7,16.15,74.92345903663825,0.0,1.0,0.0,0.0,0.0,1.0,0.05,3.2041960814485204,10.837321793111949,0.0046136860152827894,0.295663093024059,cottonwood,USW00024216,"RED BLUFF MUNICIPAL AIRPORT, CA US",,
2025-11-08,USW00024216,,",,1,2400",,0.0,,,,,"RED BLUFF MUNICIPAL AIRPORT, CA US",23.9,",,1",8.9,",,1",,,,,5.8,",,1",7.6,",,1",",,1",  320,",,1",2.5,  320,",,1",,,,,",,1",    1,,,,,,,True,0.0,0.0,0.0,23.9,8.9,16.4,61.170083102047734,0.0,0.0,0.0,0.0,0.0,0.0,0.05,2.632437333119966,10.837321793111949,0.0046136860152827894,0.2429047861984782,cottonwood,USW00024216,"RED BLUFF MUNICIPAL AIRPORT, CA US",,
2025-11-09,USW00024216,,",,1,2400",,0.0,,,,,"RED BLUFF MUNICIPAL AIRPORT, CA US",26.1,",,1",9.4,",,1",,,,,4.5,",,1",6.3,",,1",",,1",  350,",,1",2.6,  330,",,1",,,,,,,,,,,,,True,0.0,0.0,0.0,26.1,9.4,17.75,58.082504895701874,0.0,0.0,0.0,0.0,0.0,0.0,0.05,2.164320862522005,10.837321793111949,0.0046136860152827894,0.19970993792005118,cottonwood,USW00024216,"RED BLUFF MUNICIPAL AIRPORT, CA US",,
2025-11-10,USW00024216,,",,1,2400",,0.0,,,,,"RED BLUFF MUNICIPAL AIRPORT, CA US",25.6,",,1",10.0,",,1",,,,,4.0,",,1",5.8,",,1",",,1",  340,",,1",2.0,  350,",,1",,,,,,,,,,,,,True,0.0,0.0,0.0,25.6,10.0,17.8,60.2770580191516,0.0,0.0,0.0,0.0,0.0,0.0,0.05,1.7810595120211297,10.837321793111949,0.0046136860152827894,0.1643449872599655,cottonwood,USW00024216,"RED BLUFF MUNICIPAL AIRPORT, CA US",,
2025-11-11,USW00024216,,",,1,2400",,0.0,,,,,"RED BLUFF MUNICIPAL AIRPORT, CA US",21.7,",,1",8.9,",,1",,,,,4.0,",,1",6.3,",,1",",,1",  320,",,1",1.6,  310,",,1",,,,,,,,,,,,,True,0.0,0.0,0.0,21.7,8.9,15.3,65.6252654176643,0.0,0.0,0.0,0.0,0.0,0.0,0.05,1.467271657899863,10.837321793111949,0.0046136860152827894,0.13539061457346782,cottonwood,USW00024216,"RED BLUFF MUNICIPAL AIRPORT, CA US",,
2025-11-12,USW00024216,,"T,,1,2400",,0.0,,,,,"RED BLUFF MUNICIPAL AIRPORT, CA US",17.8,",,1",8.3,",,1",,,,,7.2,",,1",9.4,",,1",",,1",  170,",,1",1.9,  180,",,1",,,,,,,,,,,,,True,0.0,0.0,0.0,17.8,8.3,13.05,72.8974999314221,0.0,0.0,0.0,0.0,0.0,0.0,0.05,1.210363891788435,10.837321793111949,0.0046136860152827894,0.11168477921895108,cottonwood,USW00024216,"RED BLUFF MUNICIPAL AIRPORT, CA US",,
2025-11-13,USW00024216,,",,1,2400",,34.0,,,,,"RED BLUFF MUNICIPAL AIRPORT, CA US",15.0,",,1",12.2,",,1",,,,,14.3,",,1",18.8,",,1",",,1",  160,",,1",7.8,  150,",,1",,,,,",,1",    1,,,,,,,True,34.0,0.0,0.0,15.0,12.2,13.6,91.25150185295402,0.05625750926477011,34.0,0.0,0.0,0.0,34.05625750926477,0.05,7.267360049812468,10.837321793111949,0.0046136860152827894,0.6705863485968924,cottonwood,USW00024216,"RED BLUFF MUNICIPAL AIRPORT, CA US",,
2025-11-14,USW00024216,,"T,,1,2400",,0.0,,,,,"RED BLUFF MUNICIPAL AIRPORT, CA US",18.3,",,1",10.6,",,1",,,,,5.4,",,1",6.3,",,1",",,1",  350,",,1",2.3,  350,",,1",,,,,,,,,,,,,True,0.0,0.0,0.0,18.3,10.6,14.45,77.68435128146749,0.0,0.0,0.0,0.0,0.0,0.0,0.05,5.956866933621055,10.837321793111949,0.0046136860152827894,0.5496622733309586,cottonwood,USW00024216,"RED BLUFF MUNICIPAL AIRPORT, CA US",,
2025-11-15,USW00024216,,",,1,2400",,0.0,,,,,"RED BLUFF MUNICIPAL AIRPORT, CA US",25.0,",,1",8.9,",,1",,,,,9.8,",,1",13.9,",,1",",,1",  160,",,1",4.7,  140,",,1",,,,,,,,,,,,,True,0.0,0.0,0.0,25.0,8.9,16.95,59.07040567173148,0.0,0.0,0.0,0.0,0.0,0.0,0.05,4.869210694729128,10.837321793111949,0.0046136860152827894,0.44930018575474345,cottonwood,USW00024216,"RED BLUFF MUNICIPAL AIRPORT, CA US",,
2025-11-16,USW00024216,,",,1,2400",,15.5,,,,,"RED BLUFF MUNICIPAL AIRPORT, CA US",15.0,",,1",11.7,",,1",,,,,13.0,",,1",18.8,",,1",",,1",  140,",,1",7.2,  160,",,1",,,,,",,1",    1,,,,,,,True,15.5,0.0,0.0,15.0,11.7,13.35,89.74334787837468,0.04871673939187339,15.5,0.0,0.0,0.0,15.548716739391873,0.05,6.782701821523508,10.837321793111949,0.0046136860152827894,0.6258651307959222,cottonwood,USW00024216,"RED BLUFF MUNICIPAL AIRPORT, CA US",,
2025-11-17,USW00024216,,",,1,2400",,30.0,,,,,"RED BLUFF MUNICIPAL AIRPORT, CA US",12.2,",,1",9.4,",,1",,,,,16.1,",,1",21.0,",,1",",,1",  160,",,1",4.0,  160,",,1",,,,,",,1",    1,,,,,,,True,30.0,0.0,0.0,12.2,9.4,10.8,91.06585587532902,0.055329279376645106,30.0,0.0,0.0,0.0,30.055329279376647,0.05,11.093318194663535,10.837321793111949,0.0046136860152827894,1.0,cottonwood,USW00024216,"RED BLUFF MUNICIPAL AIRPORT, CA US",,
2025-11-18,USW00024216,,",,1,2400",,0.0,,,,,"RED BLUFF MUNICIPAL AIRPORT, CA US",14.4,",,1",5.6,",,1",,,,,5.4,",,1",6.7,",,1",",,1",  110,",,1",2.1,  120,",,1",,,,,,,,,,,,,True,0.0,0.0,0.0,14.4,5.6,10.0,74.1136297468904,0.0,0.0,0.0,0.0,0.0,0.0,0.05,9.091504221996654,10.837321793111949,0.0046136860152827894,0.838906917738208,cottonwood,USW00024216,"RED BLUFF MUNICIPAL AIRPORT, CA US",,
2025-11-19,USW00024216,,",,1,2400",,0.3,,,,,"RED BLUFF MUNICIPAL AIRPORT, CA US",13.3,",,1",10.0,",,1",,,,,6.7,",,1",8.9,",,1",",,1",  160,",,1",2.8,  150,",,1",,,,,,,,,,,,,True,0.3,0.0,0.0,13.3,10.0,11.65,89.61293769837701,0.048064688491885055,0.3,0.0,0.0,0.0,0.34806468849188504,0.05,7.516611510522364,10.837321793111949,0.0046136860152827894,0.6935857081682135,cottonwood,USW00024216,"RED BLUFF MUNICIPAL AIRPORT, CA US",,
2025-11-20,USW00024216,,",,1,2400",,2.5,,,,,"RED BLUFF MUNICIPAL AIRPORT, CA US",15.0,",,1",7.2,",,1",,,,,5.4,",,1",7.2,",,1",",,1",  150,",,1",2.0,  150,",,1",,,,,",,1",    1,,,,,,,True,2.5,0.0,0.0,15.0,7.2,11.1,76.89810853218474,0.0,2.5,0.0,0.0,0.0,2.5,0.05,6.623216629745897,10.837321793111949,0.0046136860152827894,0.611148838816941,cottonwood,USW00024216,"RED BLUFF MUNICIPAL AIRPORT, CA US",,
2025-11-21,USW00024216,,",,1,2400",,0.0,,,,,"RED BLUFF MUNICIPAL AIRPORT, CA US",20.0,",,1",7.2,",,1",,,,,8.9,",,1",12.5,",,1",",,1",  350,",,1",4.2,  340,",,1",,,,,,,,,,,,,True,0.0,0.0,0.0,20.0,7.2,13.6,65.25418716134025,0.0,0.0,0.0,0.0,0.0,0.0,0.05,5.431694601416573,10.837321793111949,0.0046136860152827894,0.5012026684368533,cottonwood,USW00024216,"RED BLUFF MUNICIPAL AIRPORT, CA US",,
2025-11-22,USW00024216,,",,1,2400",,0.0,,,,,"RED BLUFF MUNICIPAL AIRPORT, CA US",21.1,",,1",3.3,",,1",,,,,6.7,",,1",9.4,",,1",",,1",  360,",,1",2.4,   10,",,1",,,,,",,1",    1,,,,,,,True,0.0,0.0,0.0,21.1,3.3,12.200000000000001,54.534546384906896,0.0,0.0,0.0,0.0,0.0,0.0,0.05,4.456158873853501,10.837321793111949,0.0046136860152827894,0.411186357563524,cottonwood,USW00024216,"RED BLUFF MUNICIPAL AIRPORT, CA US",,
2025-11-23,USW00024216,,",,1,2400",,0.0,,,,,"RED BLUFF MUNICIPAL AIRPORT, CA US",15.0,",,1",4.4,",,1",,,,,3.6,",,1",4.9,",,1",",,1",  340,",,1",1.6,  340,",,1",,,,,",,1",    1,,,,,,,True,0.0,0.0,0.0,15.0,4.4,9.7,69.55676896049242,0.0,0.0,0.0,0.0,0.0,0.0,0.05,3.6574577729713087,10.837321793111949,0.0046136860152827894,0.3374872355729012,cottonwood,USW00024216,"RED BLUFF MUNICIPAL AIRPORT, CA US",,
2025-11-24,USW00024216,,",,1,2400",,0.0,,,,,"RED BLUFF MUNICIPAL AIRPORT, CA US",18.3,",,1",4.4,",,1",,,,,4.0,",,1",5.8,",,1",",,1",  330,",,1",2.0,  330,",,1",,,,,",,1",    1,",,1",    1,,,,,True,0.0,0.0,0.0,18.3,4.4,11.350000000000001,62.3156807418622,0.0,0.0,0.0,0.0,0.0,0.0,0.05,2.990842371779943,10.837321793111949,0.0046136860152827894,0.27597615249192664,cottonwood,USW00024216,"RED BLUFF MUNICIPAL AIRPORT, CA US",,
2025-11-25,USW00024216,,",,1,2400",,0.0,,,,,"RED BLUFF MUNICIPAL AIRPORT, CA US",15.6,",,1",4.4,",,1",,,,,3.6,",,1",5.4,",,1",",,1",  130,",,1",1.3,  130,",,1",,,,,",,1",    1,",,1",    1,,,,,True,0.0,0.0,0.0,15.6,4.4,10.0,68.17304856966916,0.0,0.0,0.0,0.0,0.0,0.0,0.05,2.4240044950264146,10.837321793111949,0.0046136860152827894,0.22367191279371976,cottonwood,USW00024216,"RED BLUFF MUNICIPAL AIRPORT, CA US",,
2025-11-26,USW00024216,,",,1,2400",,0.0,,,,,"RED BLUFF MUNICIPAL AIRPORT, CA US",10.6,",,1",5.0,",,1",,,,,4.0,",,1",4.9,",,1",",,1",  340,",,1",1.6,  350,",,1",,,,,",,1",    1,",,1",    1,,,,,True,0.0,0.0,0.0,10.6,5.0,7.8,82.46690822581705,0.012334541129085254,0.0,0.0,0.0,0.0,0.012334541129085254,0.05,1.978925420202472,10.837321793111949,0.0046136860152827894,0.18260281072951526,cottonwood,USW00024216,"RED BLUFF MUNICIPAL AIRPORT, CA US",,
2025-11-27,USW00024216,,",,1,2400",,0.0,,,,,"RED BLUFF MUNICIPAL AIRPORT, CA US",6.7,",,1",5.0,",,1",,,,,3.1,",,1",4.0,",,1",",,1",  140,",,1",1.2,  110,",,1",,,,,",,1",    1,",,1",    1,,,,,True,0.0,0.0,0.0,6.7,5.0,5.85,94.27266644309753,0.07136333221548767,0.0,0.0,0.0,0.0,0.07136333221548767,0.05,1.641463169518454,10.837321793111949,0.0046136860152827894,0.1514639133961811,cottonwood,USW00024216,"RED BLUFF MUNICIPAL AIRPORT, CA US",,
2025-11-28,USW00024216,,",,1,2400",,0.0,,,,,"RED BLUFF MUNICIPAL AIRPORT, CA US",7.8,",,1",4.4,",,1",,,,,3.1,",,1",4.9,",,1",",,1",  330,",,1",0.9,  330,",,1",,,,,",,1",    1,",,1",    1,,,,,True,0.0,0.0,0.0,7.8,4.4,6.1,88.85848239275784,0.044292411963789184,0.0,0.0,0.0,0.0,0.044292411963789184,0.05,1.358371302622128,10.837321793111949,0.0046136860152827894,0.12534197364938354,cottonwood,USW00024216,"RED BLUFF MUNICIPAL AIRPORT, CA US",,
2025-11-29,USW00024216,,",,1,2400",,0.0,,,,,"RED BLUFF MUNICIPAL AIRPORT, CA US",7.2,",,1",4.4,",,1",,,,,3.1,",,1",4.5,",,1",",,1",  140,",,1",0.8,  140,",,1",,,,,",,1",    1,",,1",    1,,,,,True,0.0,0.0,0.0,7.2,4.4,5.800000000000001,90.71959329090201,0.053597966454510065,0.0,0.0,0.0,0.0,0.053597966454510065,0.05,1.1310673948835737,10.837321793111949,0.0046136860152827894,0.1043677964423336,cottonwood,USW00024216,"RED BLUFF MUNICIPAL AIRPORT, CA US",,
2025-11-30,USW00024216,,",,1,2400",,0.0,,,,,"RED BLUFF MUNICIPAL AIRPORT, CA US",8.3,",,1",2.2,",,1",,,,,3.6,",,1",4.5,",,1",",,1",  360,",,1",1.2,   40,",,1",,,,,",,1",    1,",,1",    1,,,,,True,0.0,0.0,0.0,8.3,2.2,5.25,80.689343653269,0.0034467182663450303,0.0,0.0,0.0,0.0,0.0034467182663450303,0.05,0.935737417994775,10.837321793111949,0.0046136860152827894,0.08634397278758638,cottonwood,USW00024216,"RED BLUFF MUNICIPAL AIRPORT, CA US",,
2025-12-01,USW00024216,,",,1,2400",,0.0,,,,,"RED BLUFF MUNICIPAL AIRPORT, CA US",11.7,",,1",1.1,",,1",,,,,3.6,",,1",5.4,",,1",",,1",  180,",,1",1.1,  190,",,1",,,,,",,1",    1,",,1",    1,,,,,True,0.0,0.0,0.0,11.7,1.1,6.3999999999999995,68.8801909451353,0.0,0.0,0.0,0.0,0.0,0.0,0.05,0.7751804632642092,10.837321793111949,0.0046136860152827894,0.07152878525365032,cottonwood,USW00024216,"RED BLUFF MUNICIPAL AIRPORT, CA US",,
2025-12-02,USW00024216,,",,1,2400",,0.0,,,,,"RED BLUFF MUNICIPAL AIRPORT, CA US",13.9,",,1",2.2,",,1",,,,,8.9,",,1",12.1,",,1",",,1",  350,",,1",2.3,  360,",,1",,,,,",,1",    1,,,,,,,True,0.0,0.0,0.0,13.9,2.2,8.05,66.56768674793005,0.0,0.0,0.0,0.0,0.0,0.0,0.05,0.643727546805746,10.837321793111949,0.0046136860152827894,0.059399135606999345,cottonwood,USW00024216,"RED BLUFF MUNICIPAL AIRPORT, CA US",,
2025-12-03,USW00024216,,",,1,2400",,0.0,,,,,"RED BLUFF MUNICIPAL AIRPORT, CA US",16.7,",,1",5.6,",,1",,,,,9.4,",,1",12.5,",,1",",,1",  340,",,1",3.9,  360,",,1",,,,,,,,,,,,,True,0.0,0.0,0.0,16.7,5.6,11.149999999999999,68.64937963810516,0.0,0.0,0.0,0.0,0.0,0.0,0.05,0.5361030015194109,10.837321793111949,0.0046136860152827894,0.04946821841722468,cottonwood,USW00024216,"RED BLUFF MUNICIPAL AIRPORT, CA US",,
2025-12-04,USW00024216,,",,1,2400",,0.0,,,,,"RED BLUFF MUNICIPAL AIRPORT, CA US",8.9,",,1",2.2,",,1",,,,,5.4,",,1",6.7,",,1",",,1",  320,",,1",1.8,  330,",,1",",,1",    1,,,",,1",    1,",,1",    1,,,,,True,0.0,0.0,0.0,8.9,2.2,5.550000000000001,79.02674192248121,0.0,0.0,0.0,0.0,0.0,0.0,0.05,0.354005181350179,10.837321793111949,0.0046136860152827894,0.03266537509065937,cottonwood,USW00024216,"RED BLUFF MUNICIPAL AIRPORT, CA US",,
2025-12-05,USW00024216,,",,1,2400",,0.0,,,,,"RED BLUFF MUNICIPAL AIRPORT, CA US",6.1,",,1",3.9,",,1",,,,,5.4,",,1",6.3,",,1",",,1",  140,",,1",2.3,  140,",,1",,,,,",,1",    1,",,1",    1,,,,,True,0.0,0.0,0.0,6.1,3.9,5.0,92.59561987307998,0.06297809936539991,0.0,0.0,0.0,0.0,0.06297809936539991,0.05,0.310488179270331,10.837321793111949,0.0046136860152827894,0.028649899412202837,cottonwood,USW00024216,"RED BLUFF MUNICIPAL AIRPORT, CA US",,
2025-12-06,USW00024216,,",,1,2400",,0.0,,,,,"RED BLUFF MUNICIPAL AIRPORT, CA US",12.8,",,1",4.4,",,1",,,,,4.5,",,1",5.8,",,1",",,1",   10,",,1",1.7,  360,",,1",,,,,",,1",    1,",,1",    1,,,,,True,0.0,0.0,0.0,12.8,4.4,8.600000000000001,74.90576853961927,0.0,0.0,0.0,0.0,0.0,0.0,0.05,0.2632696831819105,10.837321793111949,0.0046136860152827894,0.024292873110886223,cottonwood,USW00024216,"RED BLUFF MUNICIPAL AIRPORT, CA US",,
2025-12-07,USW00024216,,",,1,2400",,0.0,,,,,"RED BLUFF MUNICIPAL AIRPORT, CA US",6.7,",,1",5.6,",,1",,,,,3.1,",,1",4.0,",,1",",,1",  160,",,1",1.1,  130,",,1",,,,,",,1",    1,",,1",    1,,,,,True,0.0,0.0,0.0,6.7,5.6,6.15,96.26889794257997,0.08134448971289986,0.0,0.0,0.0,0.0,0.08134448971289986,0.05,0.19667164843239704,10.837321793111949,0.0046136860152827894,0.01814762467950327,cottonwood,USW00024216,"RED BLUFF MUNICIPAL AIRPORT, CA US",,
2025-12-08,USW00024216,,",,1,2400",,0.0,,,,,"RED BLUFF MUNICIPAL AIRPORT, CA US",6.7,",,1",4.4,",,1",,,,,4.0,",,1",5.4,",,1",",,1",  140,",,1",1.3,  140,",,1",,,,,",,1",    1,",,1",    1,,,,,True,0.0,0.0,0.0,6.7,4.4,5.550000000000001,92.30378880178777,0.06151894400893887,0.0,0.0,0.0,0.0,0.06151894400893887,0.05,0.09846459306248417,10.837321793111949,0.0046136860152827894,0.00908569432025788,cottonwood,USW00024216,"RED BLUFF MUNICIPAL AIRPORT, CA US",,
2025-12-09,USW00024216,,",,1,2400",,0.0,,,,,"RED BLUFF MUNICIPAL AIRPORT, CA US",8.3,",,1",5.0,",,1",,,,,3.1,",,1",4.0,",,1",",,1",  120,",,1",0.8,  350,",,1",,,,,",,1",    1,",,1",    1,,,,,True,0.0,0.0,0.0,8.3,5.0,6.65,89.214943988789,0.04607471994394502,0.0,0.0,0.0,0.0,0.04607471994394502,0.05,0.09815853123444285,10.837321793111949,0.0046136860152827894,0.009057452856740957,cottonwood,USW00024216,"RED BLUFF MUNICIPAL AIRPORT, CA US",,
2025-12-10,USW00024216,,",,1,2400",,0.0,,,,,"RED BLUFF MUNICIPAL AIRPORT, CA US",7.2,",,1",3.3,",,1",,,,,3.1,",,1",4.0,",,1",",,1",  140,",,1",0.6,  140,",,1",,,,,",,1",    1,",,1",    1,,,,,True,0.0,0.0,0.0,7.2,3.3,5.25,87.23474434150648,0.03617372170753243,0.0,0.0,0.0,0.0,0.03617372170753243,0.05,0.09512535360035837,10.837321793111949,0.0046136860152827894,0.008777570272096075,cottonwood,USW00024216,"RED BLUFF MUNICIPAL AIRPORT, CA US",,
2025-12-11,USW00024216,,",,1,2400",,0.0,,,,,"RED BLUFF MUNICIPAL AIRPORT, CA US",6.7,",,1",4.4,",,1",,,,,2.2,",,1",3.1,",,1",",,1",   50,",,1",0.7,  140,",,1",,,,,",,1",    1,",,1",    1,,,,,True,0.0,0.0,0.0,6.7,4.4,5.550000000000001,92.30378880178777,0.06151894400893887,0.0,0.0,0.0,0.0,0.06151894400893887,0.05,0.09136772874442457,10.837321793111949,0.0046136860152827894,0.00843084024712606,cottonwood,USW00024216,"RED BLUFF MUNICIPAL AIRPORT, CA US",,
2025-12-12,USW00024216,,",,1,2400",,0.0,,,,,"RED BLUFF MUNICIPAL AIRPORT, CA US",6.1,",,1",3.9,",,1",,,,,3.1,",,1",4.0,",,1",",,1",  140,",,1",1.1,  130,",,1",,,,,",,1",    1,",,1",    1,,,,,True,0.0,0.0,0.0,6.1,3.9,5.0,92.59561987307998,0.06297809936539991,0.0,0.0,0.0,0.0,0.06297809936539991,0.05,0.095458819911939,10.837321793111949,0.0046136860152827894,0.008808340449262224,cottonwood,USW00024216,"RED BLUFF MUNICIPAL AIRPORT, CA US",,
2025-12-13,USW00024216,,",,1,2400",,0.0,,,,,"RED BLUFF MUNICIPAL AIRPORT, CA US",6.7,",,1",3.3,",,1",,,,,3.1,",,1",4.5,",,1",",,1",  140,",,1",1.3,  310,",,1",,,,,",,1",    1,",,1",    1,,,,,True,0.0,0.0,0.0,6.7,3.3,5.0,88.7649041897731,0.04382452094886553,0.0,0.0,0.0,0.0,0.04382452094886553,0.05,0.09528351075016095,10.837321793111949,0.0046136860152827894,0.008792164020701298,cottonwood,USW00024216,"RED BLUFF MUNICIPAL AIRPORT, CA US",,
2025-12-14,USW00024216,,",,1,2400",,0.0,,,,,"RED BLUFF MUNICIPAL AIRPORT, CA US",10.6,",,1",2.8,",,1",,,,,3.6,",,1",4.9,",,1",",,1",  120,",,1",1.7,  300,",,1",,,,,",,1",    1,",,1",    1,,,,,True,0.0,0.0,0.0,10.6,2.8,6.699999999999999,76.17769851649459,0.0,0.0,0.0,0.0,0.0,0.0,0.05,0.08707500285849415,10.837321793111949,0.0046136860152827894,0.008034734459378867,cottonwood,USW00024216,"RED BLUFF MUNICIPAL AIRPORT, CA US",,
2025-12-15,USW00024216,,",,1,2400",,0.0,,,,,"RED BLUFF MUNICIPAL AIRPORT, CA US",9.4,",,1",3.9,",,1",,,,,4.0,",,1",4.5,",,1",",,1",  110,",,1",1.2,  120,",,1",,,,,",,1",    1,",,1",    1,,,,,True,0.0,0.0,0.0,9.4,3.9,6.65,82.60913040584028,0.013045652029201377,0.0,0.0,0.0,0.0,0.013045652029201377,0.05,0.08275522155879905,10.837321793111949,0.0046136860152827894,0.0076361321679492,cottonwood,USW00024216,"RED BLUFF MUNICIPAL AIRPORT, CA US",,
2025-12-16,USW00024216,,",,1,2400",,15.2,,,,,"RED BLUFF MUNICIPAL AIRPORT, CA US",8.9,",,1",5.6,",,1",,,,,9.4,",,1",10.7,",,1",",,1",  140,",,1",2.2,  130,",,1",,,,,",,1",    1,",,1",    1,,,,,True,15.2,0.0,0.0,8.9,5.6,7.25,89.26387434953506,0.046319371747675295,15.2,0.0,0.0,0.0,15.246319371747674,0.05,2.8825805706216205,10.837321793111949,0.0046136860152827894,0.26598643333205707,cottonwood,USW00024216,"RED BLUFF MUNICIPAL AIRPORT, CA US",,
2025-12-17,USW00024216,,",,1,2400",,4.6,,,,,"RED BLUFF MUNICIPAL AIRPORT, CA US",10.6,",,1",7.8,",,1",,,,,7.2,",,1",9.4,",,1",",,1",  160,",,1",2.5,  160,",,1",,,,,",,1",    1,",,1",    1,,,,,True,4.6,0.0,0.0,10.6,7.8,9.2,90.95715369432003,0.05478576847160014,4.6,0.0,0.0,0.0,4.6547857684716,0.05,3.225701731168529,10.837321793111949,0.0046136860152827894,0.2976474993313145,cottonwood,USW00024216,"RED BLUFF MUNICIPAL AIRPORT, CA US",,
2025-12-18,USW00024216,,",,1,2400",,0.8,,,,,"RED BLUFF MUNICIPAL AIRPORT, CA US",11.7,",,1",10.6,",,1",,,,,6.7,",,1",8.9,",,1",",,1",  160,",,1",3.0,  150,",,1",,,,,",,1",    1,,,,,,,True,0.8,0.0,0.0,11.7,10.6,11.149999999999999,96.41175147046775,0.08205875735233875,0.8,0.0,0.0,0.0,0.8820587573523389,0.05,2.8121720070921175,10.837321793111949,0.0046136860152827894,0.2594895732338127,cottonwood,USW00024216,"RED BLUFF MUNICIPAL AIRPORT, CA US",,
2025-12-19,USW00024216,,",,1,2400",,11.7,,,,,"RED BLUFF MUNICIPAL AIRPORT, CA US",12.8,",,1",11.1,",,1",,,,,13.0,",,1",17.0,",,1",",,1",  150,",,1",7.7,  160,",,1",,,,,",,1",    1,,,,,,,True,11.7,0.0,0.0,12.8,11.1,11.95,94.53630962447774,0.0726815481223887,11.7,0.0,0.0,0.0,11.772681548122389,0.05,4.47786617143166,10.837321793111949,0.0046136860152827894,0.41318937066884265,cottonwood,USW00024216,"RED BLUFF MUNICIPAL AIRPORT, CA US",,
2025-12-20,USW00024216,,",,1,2400",,15.0,,,,,"RED BLUFF MUNICIPAL AIRPORT, CA US",12.2,",,1",11.7,",,1",,,,,6.3,",,1",7.6,",,1",",,1",  190,",,1",2.5,  180,",,1",,,,,",,1",    1,",,1",    1,,,,,True,15.0,0.0,0.0,12.2,11.7,11.95,98.36487283659882,0.09182436418299411,15.0,0.0,0.0,0.0,15.091824364182994,0.05,6.452413617473801,10.837321793111949,0.0046136860152827894,0.5953882094351822,cottonwood,USW00024216,"RED BLUFF MUNICIPAL AIRPORT, CA US",,
2025-12-21,USW00024216,,",,1,2400",,8.6,,,,,"RED BLUFF MUNICIPAL AIRPORT, CA US",15.6,",,1",11.7,",,1",,,,,15.6,",,1",21.5,",,1",",,1",  150,",,1",10.8,  140,",,1",,,,,",,1",    1,,,,,,,True,8.6,0.0,0.0,15.6,11.7,13.649999999999999,88.00799737260041,0.04003998686300207,8.6,0.0,0.0,0.0,8.640039986863002,0.05,6.881860171191094,10.837321793111949,0.0046136860152827894,0.6350148406191194,cottonwood,USW00024216,"RED BLUFF MUNICIPAL AIRPORT, CA US",,
2025-12-22,USW00024216,,",,1,2400",,8.6,,,,,"RED BLUFF MUNICIPAL AIRPORT, CA US",14.4,",,1",12.8,",,1",,,,,11.2,",,1",15.2,",,1",",,1",  160,",,1",4.6,  150,",,1",,,,,",,1",    1,,,,,,,True,8.6,0.0,0.0,14.4,12.8,13.600000000000001,94.91465975923764,0.07457329879618818,8.6,0.0,0.0,0.0,8.674573298796188,0.05,7.239825909383458,10.837321793111949,0.0046136860152827894,0.6680456710240893,cottonwood,USW00024216,"RED BLUFF MUNICIPAL AIRPORT, CA US",,
2025-12-23,USW00024216,,",,1,2400",,15.0,,,,,"RED BLUFF MUNICIPAL AIRPORT, CA US",16.1,",,1",12.2,",,1",,,,,12.5,",,1",16.5,",,1",",,1",  150,",,1",4.6,  150,",,1",,,,,",,1",    1,",,1",    1,,,,,True,15.0,0.0,0.0,16.1,12.2,14.15,88.05184473492665,0.040259223674633235,15.0,0.0,0.0,0.0,15.040259223674633,0.05,8.704373429335861,10.837321793111949,0.0046136860152827894,0.8031849192545192,cottonwood,USW00024216,"RED BLUFF MUNICIPAL AIRPORT, CA US",,
2025-12-24,USW00024216,,",,1,2400",,19.3,,,,,"RED BLUFF MUNICIPAL AIRPORT, CA US",15.0,",,1",10.6,",,1",,,,,17.4,",,1",23.7,",,1",",,1",  160,",,1",9.1,  160,",,1",,,,,",,1",    1,,,,,,,True,19.3,0.0,0.0,15.0,10.6,12.8,86.48271103805314,0.032413555190265696,19.3,0.0,0.0,0.0,19.332413555190268,0.05,10.693323817239172,10.837321793111949,0.0046136860152827894,0.9867127710497348,cottonwood,USW00024216,"RED BLUFF MUNICIPAL AIRPORT, CA US",,
2025-12-25,USW00024216,,",,1,2400",,19.3,,,,,"RED BLUFF MUNICIPAL AIRPORT, CA US",12.8,",,1",9.4,",,1",,,,,17.0,",,1",23.7,",,1",",,1",  170,",,1",9.8,  170,",,1",,,,,",,1",    1,,,,,,,True,19.3,0.0,0.0,12.8,9.4,11.100000000000001,89.26974899515841,0.04634874497579205,19.3,0.0,0.0,0.0,19.346348744975792,0.05,12.324303143334577,10.837321793111949,0.0046136860152827894,1.0,cottonwood,USW00024216,"RED BLUFF MUNICIPAL AIRPORT, CA US",,
2025-12-26,USW00024216,,",,1,2400",,7.4,,,,,"RED BLUFF MUNICIPAL AIRPORT, CA US",11.7,",,1",7.2,",,1",,,,,16.1,",,1",22.8,",,1",",,1",  150,",,1",8.1,  150,",,1",,,,,",,1",    1,,,,,,,True,7.4,0.0,0.0,11.7,7.2,9.45,85.85231215919612,0.029261560795980586,7.4,0.0,0.0,0.0,7.429261560795981,0.05,11.466374240132469,10.837321793111949,0.0046136860152827894,1.0,cottonwood,USW00024216,"RED BLUFF MUNICIPAL AIRPORT, CA US",,
2025-12-27,USW00024216,,",,1,2400",,0.0,,,,,"RED BLUFF MUNICIPAL AIRPORT, CA US",12.8,",,1",3.9,",,1",,,,,7.2,",,1",9.4,",,1",",,1",  340,",,1",3.6,  330,",,1",,,,,",,1",    1,",,1",    1,,,,,True,0.0,0.0,0.0,12.8,3.9,8.35,73.56042757621285,0.0,0.0,0.0,0.0,0.0,0.0,0.05,9.39693667904373,10.837321793111949,0.0046136860152827894,0.867090306852039,cottonwood,USW00024216,"RED BLUFF MUNICIPAL AIRPORT, CA US",,
2025-12-28,USW00024216,,",,1,2400",,0.0,,,,,"RED BLUFF MUNICIPAL AIRPORT, CA US",15.6,",,1",2.8,",,1",,,,,8.0,",,1",10.7,",,1",",,1",  360,",,1",4.1,  340,",,1",,,,,,,,,,,,,True,0.0,0.0,0.0,15.6,2.8,9.2,64.26854708224167,0.0,0.0,0.0,0.0,0.0,0.0,0.05,7.702400026406645,10.837321793111949,0.0046136860152827894,0.7107291057189224,cottonwood,USW00024216,"RED BLUFF MUNICIPAL AIRPORT, CA US",,
2025-12-29,USW00024216,,",,1,2400",,0.0,,,,,"RED BLUFF MUNICIPAL AIRPORT, CA US",17.8,",,1",3.3,",,1",,,,,6.7,",,1",8.9,",,1",",,1",   10,",,1",3.2,  340,",,1",,,,,,,,,,,,,True,0.0,0.0,0.0,17.8,3.3,10.55,60.82684330956115,0.0,0.0,0.0,0.0,0.0,0.0,0.05,6.315085467627376,10.837321793111949,0.0046136860152827894,0.5827164301461599,cottonwood,USW00024216,"RED BLUFF MUNICIPAL AIRPORT, CA US",,
2025-12-30,USW00024216,,"T,,1,2400",,0.0,,,,,"RED BLUFF MUNICIPAL AIRPORT, CA US",9.4,",,1",3.3,",,1",,,,,4.5,",,1",5.4,",,1",",,1",  350,",,1",1.6,  330,",,1",,,,,",,1",    1,",,1",    1,,,,,True,0.0,0.0,0.0,9.4,3.3,6.35,80.8428209843721,0.004214104921860483,0.0,0.0,0.0,0.0,0.004214104921860483,0.05,5.180066511285716,10.837321793111949,0.0046136860152827894,0.4779840084270723,cottonwood,USW00024216,"RED BLUFF MUNICIPAL AIRPORT, CA US",,
2025-12-31,USW00024216,,",,1,2400",,4.3,,,,,"RED BLUFF MUNICIPAL AIRPORT, CA US",10.6,",,1",5.0,",,1",,,,,4.5,",,1",5.8,",,1",",,1",  130,",,1",2.6,  140,",,1",,,,,",,1",    1,,,,,,,True,4.3,0.0,0.0,10.6,5.0,7.8,82.46690822581705,0.012334541129085254,4.3,0.0,0.0,0.0,4.312334541129085,0.05,5.043637427498849,10.837321793111949,0.0046136860152827894,0.4653951893081661,cottonwood,USW00024216,"RED BLUFF MUNICIPAL AIRPORT, CA US",,
2026-01-01,USW00024216,,",,1,2400",,24.1,,,,,"RED BLUFF MUNICIPAL AIRPORT, CA US",10.6,",,1",8.3,",,1",,,,,5.8,",,1",8.9,",,1",",,1",  190,",,1",1.6,  180,",,1",,,,,",,1",    1,,,,,,,True,24.1,0.0,0.0,10.6,8.3,9.45,92.53117971042789,0.06265589855213947,24.1,0.0,0.0,0.0,24.162655898552142,0.05,8.584900925347336,10.837321793111949,0.0046136860152827894,0.7921607468372656,cottonwood,USW00024216,"RED BLUFF MUNICIPAL AIRPORT, CA US",,
2026-01-02,USW00024216,,",,1,2400",,16.8,,,,,"RED BLUFF MUNICIPAL AIRPORT, CA US",15.0,",,1",10.6,",,1",,,,,13.0,",,1",16.1,",,1",",,1",  150,",,1",6.6,  170,",,1",,,,,",,1",    1,,,,,,,True,16.8,0.0,0.0,15.0,10.6,12.8,86.48271103805314,0.032413555190265696,16.8,0.0,0.0,0.0,16.832413555190268,0.05,10.135262043721992,10.837321793111949,0.0046136860152827894,0.9352183350469323,cottonwood,USW00024216,"RED BLUFF MUNICIPAL AIRPORT, CA US",,
2026-01-03,USW00024216,,",,1,2400",,3.8,,,,,"RED BLUFF MUNICIPAL AIRPORT, CA US",16.1,",,1",11.1,",,1",,,,,16.5,",,1",21.5,",,1",",,1",  150,",,1",10.0,  140,",,1",,,,,",,1",    1,,,,,,,True,3.8,0.0,0.0,16.1,11.1,13.600000000000001,84.85798728590174,0.024289936429508715,3.8,0.0,0.0,0.0,3.8242899364295084,0.05,9.010772989007831,10.837321793111949,0.0046136860152827894,0.8314575465254667,cottonwood,USW00024216,"RED BLUFF MUNICIPAL AIRPORT, CA US",,
2026-01-04,USW00024216,,",,1,2400",,1.5,,,,,"RED BLUFF MUNICIPAL AIRPORT, CA US",12.8,",,1",9.4,",,1",,,,,12.5,",,1",17.0,",,1",",,1",  150,",,1",8.6,  160,",,1",,,,,,,,,,,,,True,1.5,0.0,0.0,12.8,9.4,11.100000000000001,89.26974899515841,0.04634874497579205,1.5,0.0,0.0,0.0,1.546348744975792,0.05,7.671033223302959,10.837321793111949,0.0046136860152827894,0.7078347741024504,cottonwood,USW00024216,"RED BLUFF MUNICIPAL AIRPORT, CA US",,
2026-01-05,USW00024216,,",,1,2400",,28.2,,,,,"RED BLUFF MUNICIPAL AIRPORT, CA US",10.6,",,1",9.4,",,1",,,,,11.6,",,1",15.6,",,1",",,1",  150,",,1",5.5,  140,",,1",,,,,",,1",    1,,,,,,,True,28.2,0.0,0.0,10.6,9.4,10.0,96.05630771108119,0.08028153855540594,28.2,0.0,0.0,0.0,28.280281538555407,0.05,11.493926408502308,10.837321793111949,0.0046136860152827894,1.0,cottonwood,USW00024216,"RED BLUFF MUNICIPAL AIRPORT, CA US",,
2026-01-06,USW00024216,,",,1,2400",,3.6,,,,,"RED BLUFF MUNICIPAL AIRPORT, CA US",13.3,",,1",6.1,",,1",,,,,4.0,",,1",5.4,",,1",",,1",  350,",,1",1.8,  330,",,1",,,,,",,1",    1,,,,,,,True,3.6,0.0,0.0,13.3,6.1,9.7,78.2781419257746,0.0,3.6,0.0,0.0,0.0,3.6,0.05,10.03992437134891,10.837321793111949,0.0046136860152827894,0.9264211733317863,cottonwood,USW00024216,"RED BLUFF MUNICIPAL AIRPORT, CA US",,
2026-01-07,USW00024216,,",,1,2400",,0.0,,,,,"RED BLUFF MUNICIPAL AIRPORT, CA US",13.3,",,1",6.1,",,1",,,,,8.0,",,1",14.3,",,1",",,1",  300,",,1",2.3,  280,",,1",,,,,",,1",    1,,,,,,,True,0.0,0.0,0.0,13.3,6.1,9.7,78.2781419257746,0.0,0.0,0.0,0.0,0.0,0.0,0.05,8.216212868517314,10.837321793111949,0.0046136860152827894,0.7581405282012964,cottonwood,USW00024216,"RED BLUFF MUNICIPAL AIRPORT, CA US",,
2026-01-08,USW00024216,,",,1,2400",,0.0,,,,,"RED BLUFF MUNICIPAL AIRPORT, CA US",12.2,",,1",2.8,",,1",,,,,9.4,",,1",12.1,",,1",",,1",  350,",,1",4.0,  350,",,1",,,,,,,,,,,,,True,0.0,0.0,0.0,12.2,2.8,7.5,72.11774592034755,0.0,0.0,0.0,0.0,0.0,0.0,0.05,6.733495465533855,10.837321793111949,0.0046136860152827894,0.6213246772660724,cottonwood,USW00024216,"RED BLUFF MUNICIPAL AIRPORT, CA US",,
2026-01-09,USW00024216,,",,1,2400",,0.0,,,,,"RED BLUFF MUNICIPAL AIRPORT, CA US",15.6,",,1",0.6,",,1",,,,,7.2,",,1",9.8,",,1",",,1",   10,",,1",3.5,   20,",,1",,,,,,,,,,,,,True,0.0,0.0,0.0,15.6,0.6,8.1,59.15236404804515,0.0,0.0,0.0,0.0,0.0,0.0,0.05,5.489495160055046,10.837321793111949,0.0046136860152827894,0.5065361410181705,cottonwood,USW00024216,"RED BLUFF MUNICIPAL AIRPORT, CA US",,
2026-01-10,USW00024216,,",,1,2400",,0.0,,,,,"RED BLUFF MUNICIPAL AIRPORT, CA US",15.0,",,1",0.6,",,1",,,,,4.0,",,1",5.8,",,1",",,1",  290,",,1",1.8,  350,",,1",,,,,,,,,,,,,True,0.0,0.0,0.0,15.0,0.6,7.8,60.37142310312293,0.0,0.0,0.0,0.0,0.0,0.0,0.05,4.461834283555306,10.837321793111949,0.0046136860152827894,0.4117100487309684,cottonwood,USW00024216,"RED BLUFF MUNICIPAL AIRPORT, CA US",,
2026-01-11,USW00024216,,",,1,2400",,0.0,,,,,"RED BLUFF MUNICIPAL AIRPORT, CA US",17.8,",,1",0.6,",,1",,,,,4.0,",,1",6.7,",,1",",,1",  360,",,1",1.9,  350,",,1",,,,,,,,,,,,,True,0.0,0.0,0.0,17.8,0.6,9.200000000000001,54.91212809935574,0.0,0.0,0.0,0.0,0.0,0.0,0.05,3.63826118695603,10.837321793111949,0.0046136860152827894,0.33571589516410394,cottonwood,USW00024216,"RED BLUFF MUNICIPAL AIRPORT, CA US",,
2026-01-12,USW00024216,,",,1,2400",,0.0,,,,,"RED BLUFF MUNICIPAL AIRPORT, CA US",17.2,",,1",-0.6,",,1",,,,,3.6,",,1",4.9,",,1",",,1",  320,",,1",1.2,  310,",,1",,,,,,,,,,,,,True,0.0,0.0,0.0,17.2,-0.6,8.299999999999999,53.49139654500916,0.0,0.0,0.0,0.0,0.0,0.0,0.05,2.963881266578931,10.837321793111949,0.0046136860152827894,0.2734883510114771,cottonwood,USW00024216,"RED BLUFF MUNICIPAL AIRPORT, CA US",,
2026-01-13,USW00024216,,",,1,2400",,0.0,,,,,"RED BLUFF MUNICIPAL AIRPORT, CA US",18.3,",,1",-0.6,",,1",,,,,3.6,",,1",4.5,",,1",",,1",  300,",,1",1.7,  290,",,1",,,,,,,,,,,,,True,0.0,0.0,0.0,18.3,-0.6,8.85,51.53739327606328,0.0,0.0,0.0,0.0,0.0,0.0,0.05,2.3941788187066737,10.837321793111949,0.0046136860152827894,0.22091978667906498,cottonwood,USW00024216,"RED BLUFF MUNICIPAL AIRPORT, CA US",,
2026-01-14,USW00024216,,",,1,2400",,0.0,,,,,"RED BLUFF MUNICIPAL AIRPORT, CA US",21.1,",,1",0.0,",,1",,,,,4.0,",,1",4.9,",,1",",,1",  320,",,1",1.1,  330,",,1",,,,,,,,,,,,,True,0.0,0.0,0.0,21.1,0.0,10.55,48.034744495112214,0.0,0.0,0.0,0.0,0.0,0.0,0.05,1.9159011939025796,10.837321793111949,0.0046136860152827894,0.17678733089943863,cottonwood,USW00024216,"RED BLUFF MUNICIPAL AIRPORT, CA US",,
2026-01-15,USW00024216,,",,1,2400",,0.0,,,,,"RED BLUFF MUNICIPAL AIRPORT, CA US",23.9,",,1",1.7,",,1",,,,,6.7,",,1",8.0,",,1",",,1",  330,",,1",2.8,  340,",,1",,,,,",,1",    1,",,1",    1,,,,,True,0.0,0.0,0.0,23.9,1.7,12.799999999999999,46.79586760334164,0.0,0.0,0.0,0.0,0.0,0.0,0.05,1.5242821381519291,10.837321793111949,0.0046136860152827894,0.14065118368273807,cottonwood,USW00024216,"RED BLUFF MUNICIPAL AIRPORT, CA US",,
2026-01-16,USW00024216,,",,1,2400",,0.0,,,,,"RED BLUFF MUNICIPAL AIRPORT, CA US",24.4,",,1",3.9,",,1",,,,,8.0,",,1",11.2,",,1",",,1",  350,",,1",3.6,  350,",,1",,,,,,,,,,,,,True,0.0,0.0,0.0,24.4,3.9,14.149999999999999,50.09095582605928,0.0,0.0,0.0,0.0,0.0,0.0,0.05,1.2365381938886757,10.837321793111949,0.0046136860152827894,0.11409997945014443,cottonwood,USW00024216,"RED BLUFF MUNICIPAL AIRPORT, CA US",,
2026-01-17,USW00024216,,",,1,2400",,0.0,,,,,"RED BLUFF MUNICIPAL AIRPORT, CA US",20.6,",,1",1.1,",,1",,,,,3.6,",,1",4.5,",,1",",,1",  280,",,1",1.4,  290,",,1",,,,,,,,,,,,,True,0.0,0.0,0.0,20.6,1.1,10.850000000000001,50.97709738992993,0.0,0.0,0.0,0.0,0.0,0.0,0.05,1.0214553090382639,10.837321793111949,0.0046136860152827894,0.09425348149092395,cottonwood,USW00024216,"RED BLUFF MUNICIPAL AIRPORT, CA US",,
2026-01-18,USW00024216,,",,1,2400",,0.0,,,,,"RED BLUFF MUNICIPAL AIRPORT, CA US",20.0,",,1",2.8,",,1",,,,,4.5,",,1",6.3,",,1",",,1",  340,",,1",2.2,  310,",,1",,,,,,,,,,,,,True,0.0,0.0,0.0,20.0,2.8,11.4,55.491793191004625,0.0,0.0,0.0,0.0,0.0,0.0,0.05,0.8453603367505014,10.837321793111949,0.0046136860152827894,0.07800454327081076,cottonwood,USW00024216,"RED BLUFF MUNICIPAL AIRPORT, CA US",,
2026-01-19,USW00024216,,"T,,1,2400",,0.0,,,,,"RED BLUFF MUNICIPAL AIRPORT, CA US",22.8,",,1",0.6,",,1",,,,,6.3,",,1",8.0,",,1",",,1",  360,",,1",1.7,  350,",,1",,,,,",,1",    1,",,1",    1,,,,,True,0.0,0.0,0.0,22.8,0.6,11.700000000000001,46.48234410817814,0.0,0.0,0.0,0.0,0.0,0.0,0.05,0.7011859674760953,10.837321793111949,0.0046136860152827894,0.06470103784513988,cottonwood,USW00024216,"RED BLUFF MUNICIPAL AIRPORT, CA US",,
2026-01-20,USW00024216,,"T,,1,2400",,0.0,,,,,"RED BLUFF MUNICIPAL AIRPORT, CA US",17.2,",,1",2.2,",,1",,,,,4.0,",,1",5.8,",,1",",,1",  350,",,1",2.0,  350,",,1",,,,,,,",,1",    1,,,,,True,0.0,0.0,0.0,17.2,2.2,9.7,59.55167064058828,0.0,0.0,0.0,0.0,0.0,0.0,0.05,0.583134348221524,10.837321793111949,0.0046136860152827894,0.05380797574841379,cottonwood,USW00024216,"RED BLUFF MUNICIPAL AIRPORT, CA US",,
2026-01-21,USW00024216,,",,1,2400",,0.0,,,,,"RED BLUFF MUNICIPAL AIRPORT, CA US",15.6,",,1",6.1,",,1",,,,,4.0,",,1",5.4,",,1",",,1",  340,",,1",1.0,  330,",,1",",,1",    1,,,",,1",    1,",,1",    1,,,,,True,0.0,0.0,0.0,15.6,6.1,10.85,72.49369092786263,0.0,0.0,0.0,0.0,0.0,0.0,0.05,0.4745930860940821,10.837321793111949,0.0046136860152827894,0.04379246968524335,cottonwood,USW00024216,"RED BLUFF MUNICIPAL AIRPORT, CA US",,
2026-01-22,USW00024216,,",,1,2400",,0.0,,,,,"RED BLUFF MUNICIPAL AIRPORT, CA US",21.1,",,1",6.7,",,1",,,,,7.2,",,1",9.4,",,1",",,1",  150,",,1",2.5,  120,",,1",,,,,",,1",    1,",,1",    1,,,,,True,0.0,0.0,0.0,21.1,6.7,13.9,61.83877431979773,0.0,0.0,0.0,0.0,0.0,0.0,0.05,0.33094769291660814,10.837321793111949,0.0046136860152827894,0.03053777485198916,cottonwood,USW00024216,"RED BLUFF MUNICIPAL AIRPORT, CA US",,
2026-01-23,USW00024216,,",,1,2400",,0.0,,,,,"RED BLUFF MUNICIPAL AIRPORT, CA US",14.4,",,1",2.8,",,1",,,,,5.4,",,1",5.4,",,1",",,1",  160,",,1",1.8,  190,",,1",,,,,",,1",    1,",,1",    1,,,,,True,0.0,0.0,0.0,14.4,2.8,8.6,66.92428539605629,0.0,0.0,0.0,0.0,0.0,0.0,0.05,0.23356946800069645,10.837321793111949,0.0046136860152827894,0.021552323762237084,cottonwood,USW00024216,"RED BLUFF MUNICIPAL AIRPORT, CA US",,
2026-01-24,USW00024216,,",,1,2400",,0.0,,,,,"RED BLUFF MUNICIPAL AIRPORT, CA US",17.8,",,1",4.4,",,1",,,,,9.8,",,1",12.5,",,1",",,1",  340,",,1",5.1,  340,",,1",,,,,",,1",    1,,,,,,,True,0.0,0.0,0.0,17.8,4.4,11.100000000000001,63.35649452979176,0.0,0.0,0.0,0.0,0.0,0.0,0.05,0.18974038562332302,10.837321793111949,0.0046136860152827894,0.01750805127369378,cottonwood,USW00024216,"RED BLUFF MUNICIPAL AIRPORT, CA US",,
2026-01-25,USW00024216,,",,1,2400",,0.0,,,,,"RED BLUFF MUNICIPAL AIRPORT, CA US",8.9,",,1",0.0,",,1",,,,,4.5,",,1",5.8,",,1",",,1",  140,",,1",1.8,  150,",,1",",,1",    1,,,",,1",    1,,,,,,,True,0.0,0.0,0.0,8.9,0.0,4.45,72.8398679719285,0.0,0.0,0.0,0.0,0.0,0.0,0.05,0.16014241778562222,10.837321793111949,0.0046136860152827894,0.014776936667821981,cottonwood,USW00024216,"RED BLUFF MUNICIPAL AIRPORT, CA US",,
2026-01-26,USW00024216,,",,1,2400",,0.0,,,,,"RED BLUFF MUNICIPAL AIRPORT, CA US",15.6,",,1",-0.6,",,1",,,,,5.4,",,1",6.3,",,1",",,1",  350,",,1",2.1,  330,",,1",,,,,",,1",    1,,,,,,,True,0.0,0.0,0.0,15.6,-0.6,7.5,56.48306081443667,0.0,0.0,0.0,0.0,0.0,0.0,0.05,0.06213418251173168,10.837321793111949,0.0046136860152827894,0.005733352178508099,cottonwood,USW00024216,"RED BLUFF MUNICIPAL AIRPORT, CA US",,
2026-01-27,USW00024216,,",,1,2400",,4.8,,,,,"RED BLUFF MUNICIPAL AIRPORT, CA US",13.3,",,1",1.1,",,1",,,,,5.8,",,1",7.2,",,1",",,1",  150,",,1",2.2,  150,",,1",,,,,",,1",    1,,,,,,,True,4.8,0.0,0.0,13.3,1.1,7.2,65.20058347696595,0.0,4.8,0.0,0.0,0.0,4.8,0.05,0.9333385564067748,10.837321793111949,0.0046136860152827894,0.08612262090436328,cottonwood,USW00024216,"RED BLUFF MUNICIPAL AIRPORT, CA US",,
2026-01-28,USW00024216,,"T,,1,2400",,0.0,,,,,"RED BLUFF MUNICIPAL AIRPORT, CA US",15.0,",,1",6.7,",,1",,,,,5.8,",,1",7.2,",,1",",,1",   20,",,1",2.8,   20,",,1",,,,,",,1",    1,,,,,,,True,0.0,0.0,0.0,15.0,6.7,10.85,75.5509160107618,0.0,0.0,0.0,0.0,0.0,0.0,0.05,0.7732164415097361,10.837321793111949,0.0046136860152827894,0.07134755765960385,cottonwood,USW00024216,"RED BLUFF MUNICIPAL AIRPORT, CA US",,
2026-01-29,USW00024216,,",,1,2400",,0.0,,,,,"RED BLUFF MUNICIPAL AIRPORT, CA US",17.2,",,1",3.9,",,1",,,,,4.5,",,1",5.8,",,1",",,1",  340,",,1",2.3,  330,",,1",,,,,,,,,,,,,True,0.0,0.0,0.0,17.2,3.9,10.549999999999999,63.45187112611605,0.0,0.0,0.0,0.0,0.0,0.0,0.05,0.6421195417956445,10.837321793111949,0.0046136860152827894,0.05925075900244715,cottonwood,USW00024216,"RED BLUFF MUNICIPAL AIRPORT, CA US",,
2026-01-30,USW00024216,,",,1,2400",,0.0,,,,,"RED BLUFF MUNICIPAL AIRPORT, CA US",17.2,",,1",2.8,",,1",,,,,4.5,",,1",5.8,",,1",",,1",  300,",,1",2.4,  340,",,1",,,,,,,,,,,,,True,0.0,0.0,0.0,17.2,2.8,10.0,60.90896132228557,0.0,0.0,0.0,0.0,0.0,0.0,0.05,0.5347864783665375,10.837321793111949,0.0046136860152827894,0.04934673792804052,cottonwood,USW00024216,"RED BLUFF MUNICIPAL AIRPORT, CA US",,
2026-01-31,USW00024216,,",,1,2400",,0.0,,,,,"RED BLUFF MUNICIPAL AIRPORT, CA US",17.2,",,1",3.3,",,1",,,,,4.0,",,1",5.4,",,1",",,1",  290,",,1",1.8,  330,",,1",,,,,,,,,,,,,True,0.0,0.0,0.0,17.2,3.3,10.25,62.05605000146437,0.0,0.0,0.0,0.0,0.0,0.0,0.05,0.446909598515058,10.837321793111949,0.0046136860152827894,0.04123801129529139,cottonwood,USW00024216,"RED BLUFF MUNICIPAL AIRPORT, CA US",,
2026-02-01,USW00024216,,",,1,2400",,0.0,,,,,"RED BLUFF MUNICIPAL AIRPORT, CA US",18.9,",,1",4.4,",,1",,,,,4.5,",,1",5.8,",,1",",,1",  340,",,1",2.1,  340,",,1",,,,,,,,,,,,,True,0.0,0.0,0.0,18.9,4.4,11.649999999999999,61.09187154182194,0.0,0.0,0.0,0.0,0.0,0.0,0.05,0.3749620944961129,10.837321793111949,0.0046136860152827894,0.034599147432757195,cottonwood,USW00024216,"RED BLUFF MUNICIPAL AIRPORT, CA US",,
2026-02-02,USW00024216,,",,1,2400",,0.0,,,,,"RED BLUFF MUNICIPAL AIRPORT, CA US",23.3,",,1",3.3,",,1",,,,,7.2,",,1",9.4,",,1",",,1",  350,",,1",3.0,  340,",,1",,,,,,,,,,,,,True,0.0,0.0,0.0,23.3,3.3,13.3,50.745222459926794,0.0,0.0,0.0,0.0,0.0,0.0,0.05,0.31605646034860085,10.837321793111949,0.0046136860152827894,0.029163705423002385,cottonwood,USW00024216,"RED BLUFF MUNICIPAL AIRPORT, CA US",,
2026-02-03,USW00024216,,",,1,2400",,0.0,,,,,"RED BLUFF MUNICIPAL AIRPORT, CA US",21.1,",,1",2.8,",,1",,,,,5.8,",,1",7.2,",,1",",,1",   10,",,1",3.3,  340,",,1",,,,,,,,,,,,,True,0.0,0.0,0.0,21.1,2.8,11.950000000000001,53.51287241477941,0.0,0.0,0.0,0.0,0.0,0.0,0.05,0.26782860614247217,10.837321793111949,0.0046136860152827894,0.02471354189304412,cottonwood,USW00024216,"RED BLUFF MUNICIPAL AIRPORT, CA US",,
2026-02-04,USW00024216,,",,1,2400",,0.0,,,,,"RED BLUFF MUNICIPAL AIRPORT, CA US",22.8,",,1",2.8,",,1",,,,,4.5,",,1",5.8,",,1",",,1",   10,",,1",2.4,  350,",,1",,,,,,,,,,,,,True,0.0,0.0,0.0,22.8,2.8,12.8,50.607985456671784,0.0,0.0,0.0,0.0,0.0,0.0,0.05,0.22834297874895332,10.837321793111949,0.0046136860152827894,0.02107005615484122,cottonwood,USW00024216,"RED BLUFF MUNICIPAL AIRPORT, CA US",,
2026-02-05,USW00024216,,",,1,2400",,0.0,,,,,"RED BLUFF MUNICIPAL AIRPORT, CA US",22.8,",,1",2.2,",,1",,,,,4.0,",,1",4.9,",,1",",,1",  340,",,1",1.8,  340,",,1",,,,,,,,,,,,,True,0.0,0.0,0.0,22.8,2.2,12.5,49.45858925524954,0.0,0.0,0.0,0.0,0.0,0.0,0.05,0.19601488129730105,10.837321793111949,0.0046136860152827894,0.018087022332573477,cottonwood,USW00024216,"RED BLUFF MUNICIPAL AIRPORT, CA US",,
2026-02-06,USW00024216,,",,1,2400",,0.0,,,,,"RED BLUFF MUNICIPAL AIRPORT, CA US",21.1,",,1",3.3,",,1",,,,,4.0,",,1",5.4,",,1",",,1",  290,",,1",1.9,  280,",,1",,,,,,,,,,,,,True,0.0,0.0,0.0,21.1,3.3,12.200000000000001,54.534546384906896,0.0,0.0,0.0,0.0,0.0,0.0,0.05,0.16954687372513144,10.837321793111949,0.0046136860152827894,0.015644720804811118,cottonwood,USW00024216,"RED BLUFF MUNICIPAL AIRPORT, CA US",,
2026-02-07,USW00024216,,",,1,2400",,0.0,,,,,"RED BLUFF MUNICIPAL AIRPORT, CA US",17.2,",,1",5.0,",,1",,,,,4.5,",,1",6.7,",,1",",,1",  350,",,1",1.9,  330,",,1",,,,,,,,,,,,,True,0.0,0.0,0.0,17.2,5.0,11.1,66.06595400923797,0.0,0.0,0.0,0.0,0.0,0.0,0.05,0.14787670195309527,10.837321793111949,0.0046136860152827894,0.013645133435742736,cottonwood,USW00024216,"RED BLUFF MUNICIPAL AIRPORT, CA US",,
2026-02-08,USW00024216,,",,1,2400",,0.3,,,,,"RED BLUFF MUNICIPAL AIRPORT, CA US",16.1,",,1",7.2,",,1",,,,,7.6,",,1",11.2,",,1",",,1",  290,",,1",2.2,  290,",,1",,,,,,,,,,,,,True,0.3,0.0,0.0,16.1,7.2,11.65,74.14945228777243,0.0,0.3,0.0,0.0,0.0,0.3,0.05,0.1853433256742703,10.837321793111949,0.0046136860152827894,0.01710231819378769,cottonwood,USW00024216,"RED BLUFF MUNICIPAL AIRPORT, CA US",,
2026-02-09,USW00024216,,",,1,2400",,0.0,,,,,"RED BLUFF MUNICIPAL AIRPORT, CA US",17.8,",,1",5.0,",,1",,,,,9.4,",,1",13.4,",,1",",,1",  350,",,1",4.7,  360,",,1",,,,,,,,,,,,,True,0.0,0.0,0.0,17.8,5.0,11.4,64.76596658143951,0.0,0.0,0.0,0.0,0.0,0.0,0.05,0.16080974295337386,10.837321793111949,0.0046136860152827894,0.014838513243704022,cottonwood,USW00024216,"RED BLUFF MUNICIPAL AIRPORT, CA US",,
2026-02-10,USW00024216,,",,1,2400",,2.0,,,,,"RED BLUFF MUNICIPAL AIRPORT, CA US",15.6,",,1",6.1,",,1",,,,,6.3,",,1",8.5,",,1",",,1",  150,",,1",2.6,  150,",,1",,,,,",,1",    1,,,,,,,True,2.0,0.0,0.0,15.6,6.1,10.85,72.49369092786263,0.0,2.0,0.0,0.0,0.0,2.0,0.05,0.5087810761327496,10.837321793111949,0.0046136860152827894,0.046947122715883895,cottonwood,USW00024216,"RED BLUFF MUNICIPAL AIRPORT, CA US",,
2026-02-11,USW00024216,,",,1,2400",,29.7,,,,,"RED BLUFF MUNICIPAL AIRPORT, CA US",13.3,",,1",9.4,",,1",,,,,8.9,",,1",11.2,",,1",",,1",   10,",,1",3.1,   10,",,1",,,,,",,1",    1,,,,,,,True,29.7,0.0,0.0,13.3,9.4,11.350000000000001,87.80323500493944,0.039016175024697196,29.7,0.0,0.0,0.0,29.739016175024698,0.05,5.898455596169268,10.837321793111949,0.0046136860152827894,0.5442724419162532,cottonwood,USW00024216,"RED BLUFF MUNICIPAL AIRPORT, CA US",,
2026-02-12,USW00024216,,",,1,2400",,0.0,,,,,"RED BLUFF MUNICIPAL AIRPORT, CA US",18.3,",,1",6.7,",,1",,,,,4.0,,,",,1",",,1",  320,,2.4,,",,1",,,,,",,1",    1,,,,,,,True,0.0,0.0,0.0,18.3,6.7,12.5,67.7528870222207,0.0,0.0,0.0,0.0,0.0,0.0,0.05,4.838310454594803,10.837321793111949,0.0046136860152827894,0.44644890563921114,cottonwood,USW00024216,"RED BLUFF MUNICIPAL AIRPORT, CA US",,
2026-02-13,USW00024216,,",,1,2400",,0.0,,,,,"RED BLUFF MUNICIPAL AIRPORT, CA US",17.8,",,1",5.6,",,1",,,,,5.4,",,1",6.3,",,1",",,1",  170,",,1",2.5,  170,",,1",,,,,,,,,,,,,True,0.0,0.0,0.0,17.8,5.6,11.7,66.1965138333783,0.0,0.0,0.0,0.0,0.0,0.0,0.05,3.9703370244615765,10.837321793111949,0.0046136860152827894,0.36635776811435716,cottonwood,USW00024216,"RED BLUFF MUNICIPAL AIRPORT, CA US",,
2026-02-14,USW00024216,,",,1,2400",,0.3,,,,,"RED BLUFF MUNICIPAL AIRPORT, CA US",12.8,",,1",6.7,",,1",,,,,5.4,",,1",6.3,",,1",",,1",  140,",,1",1.2,  140,",,1",,,,,",,1",    1,,,,,,,True,0.3,0.0,0.0,12.8,6.7,9.75,81.30629003292788,0.006531450164639381,0.3,0.0,0.0,0.0,0.3065314501646394,0.05,3.3161111194989434,10.837321793111949,0.0046136860152827894,0.3059899099431206,cottonwood,USW00024216,"RED BLUFF MUNICIPAL AIRPORT, CA US",,
2026-02-15,USW00024216,,",,1,2400",,22.6,,,,,"RED BLUFF MUNICIPAL AIRPORT, CA US",15.0,",,1",8.3,",,1",,,,,7.2,",,1",8.9,",,1",",,1",  180,",,1",2.2,  190,",,1",,,,,",,1",    1,,,,,,,True,22.6,0.0,0.0,15.0,8.3,11.65,79.91789763736416,0.0,22.6,0.0,0.0,0.0,22.6,0.05,6.883117986252305,10.837321793111949,0.0046136860152827894,0.6351309038942738,cottonwood,USW00024216,"RED BLUFF MUNICIPAL AIRPORT, CA US",,
2026-02-16,USW00024216,,",,1,2400",,11.2,,,,,"RED BLUFF MUNICIPAL AIRPORT, CA US",10.0,",,1",5.6,",,1",,,,,8.0,",,1",11.2,",,1",",,1",  160,",,1",2.2,  300,",,1",,,,,",,1",    1,,,,,,,True,11.2,0.0,0.0,10.0,5.6,7.8,85.97625230099969,0.02988126150499845,11.2,0.0,0.0,0.0,11.229881261504998,0.05,7.711106147704494,10.837321793111949,0.0046136860152827894,0.7115324519205073,cottonwood,USW00024216,"RED BLUFF MUNICIPAL AIRPORT, CA US",,
2026-02-17,USW00024216,,",,1,2400",,10.7,,,,,"RED BLUFF MUNICIPAL AIRPORT, CA US",11.1,",,1",2.2,",,1",,,,,14.8,",,1",19.2,",,1",",,1",  160,",,1",6.1,  150,",,1",,,,,",,1",    1,,,,,,,True,10.7,0.0,0.0,11.1,2.2,6.65,73.24965541625107,0.0,10.7,0.0,0.0,0.0,10.7,0.05,8.278245899862805,10.837321793111949,0.0046136860152827894,0.7638645467853823,cottonwood,USW00024216,"RED BLUFF MUNICIPAL AIRPORT, CA US",,
2026-02-18,USW00024216,,",,1,2400",,1.5,,,,,"RED BLUFF MUNICIPAL AIRPORT, CA US",9.4,",,1",-0.6,",,1",,,,,10.3,",,1",13.4,",,1",",,1",  170,",,1",5.1,  170,",,1",,,,,,,,,,,,,True,1.5,0.0,0.0,9.4,-0.6,4.4,69.9752658688349,0.0,1.5,0.0,0.0,0.0,1.5,0.05,7.062761260982608,10.837321793111949,0.0046136860152827894,0.65170725718153,cottonwood,USW00024216,"RED BLUFF MUNICIPAL AIRPORT, CA US",,
2026-02-19,USW00024216,,",,1,2400",,16.0,,,,,"RED BLUFF MUNICIPAL AIRPORT, CA US",12.2,",,1",1.1,",,1",,,,,11.6,",,1",14.8,",,1",",,1",  170,",,1",4.6,  180,",,1",,,,,",,1",    1,,,,,,,True,16.0,0.0,0.0,12.2,1.1,6.6499999999999995,67.7059811938055,0.0,16.0,0.0,0.0,0.0,16.0,0.05,8.736025163049637,10.837321793111949,0.0046136860152827894,0.8061055424784133,cottonwood,USW00024216,"RED BLUFF MUNICIPAL AIRPORT, CA US",,
2026-02-20,USW00024216,,",,1,2400",,0.0,,,,,"RED BLUFF MUNICIPAL AIRPORT, CA US",10.6,",,1",-2.2,",,1",,,,,4.5,",,1",5.8,",,1",",,1",  160,",,1",1.5,  150,",,1",,,,,,,,,,,,,True,0.0,0.0,0.0,10.6,-2.2,4.199999999999999,63.10283810870929,0.0,0.0,0.0,0.0,0.0,0.0,0.05,7.161515922997929,10.837321793111949,0.0046136860152827894,0.6608197172432113,cottonwood,USW00024216,"RED BLUFF MUNICIPAL AIRPORT, CA US",,
2026-02-21,USW00024216,,",,1,2400",,0.0,,,,,"RED BLUFF MUNICIPAL AIRPORT, CA US",11.7,",,1",2.8,",,1",,,,,5.8,",,1",8.0,",,1",",,1",  160,",,1",1.6,  170,",,1",,,,,,,,,,,,,True,0.0,0.0,0.0,11.7,2.8,7.25,73.35991893530635,0.0,0.0,0.0,0.0,0.0,0.0,0.05,5.872416787162154,10.837321793111949,0.0046136860152827894,0.5418697441368384,cottonwood,USW00024216,"RED BLUFF MUNICIPAL AIRPORT, CA US",,
2026-02-22,USW00024216,,",,1,2400",,2.3,,,,,"RED BLUFF MUNICIPAL AIRPORT, CA US",11.1,",,1",6.1,",,1",,,,,4.0,",,1",5.4,",,1",",,1",  360,",,1",2.2,  120,",,1",,,,,",,1",    1,,,,,,,True,2.3,0.0,0.0,11.1,6.1,8.6,84.29782562404449,0.021489128120222464,2.3,0.0,0.0,0.0,2.321489128120222,0.05,5.244212692376266,10.837321793111949,0.0046136860152827894,0.48390301519969764,cottonwood,USW00024216,"RED BLUFF MUNICIPAL AIRPORT, CA US",,
2026-02-23,USW00024216,,",,1,2400",,2.8,,,,,"RED BLUFF MUNICIPAL AIRPORT, CA US",13.3,",,1",8.9,",,1",,,,,8.0,",,1",10.7,",,1",",,1",  150,",,1",1.9,  150,",,1",,,,,",,1",    1,,,,,,,True,2.8,0.0,0.0,13.3,8.9,11.100000000000001,86.31354937771468,0.031567746888573396,2.8,0.0,0.0,0.0,2.8315677468885734,0.05,4.823751870506544,10.837321793111949,0.0046136860152827894,0.44510553092300476,cottonwood,USW00024216,"RED BLUFF MUNICIPAL AIRPORT, CA US",,
2026-02-24,USW00024216,,",,1,2400",,24.4,,,,,"RED BLUFF MUNICIPAL AIRPORT, CA US",13.9,",,1",11.7,",,1",,,,,12.5,",,1",18.3,",,1",",,1",  160,",,1",6.6,  150,",,1",,,,,",,1",    1,,,,,,,True,24.4,0.0,0.0,13.9,11.7,12.8,93.02524475563575,0.06512622377817877,24.4,0.0,0.0,0.0,24.465126223778178,0.05,8.460706897451779,10.837321793111949,0.0046136860152827894,0.7807009018435982,cottonwood,USW00024216,"RED BLUFF MUNICIPAL AIRPORT, CA US",,
2026-02-25,USW00024216,,",,1,2400",,4.6,,,,,"RED BLUFF MUNICIPAL AIRPORT, CA US",16.7,",,1",12.2,",,1",,,,,5.4,",,1",6.7,",,1",",,1",  200,",,1",1.1,  180,",,1",,,,,",,1",    1,,,,,,,True,4.6,0.0,0.0,16.7,12.2,14.45,86.35966994109147,0.03179834970545734,4.6,0.0,0.0,0.0,4.631798349705457,0.05,7.788488989526392,10.837321793111949,0.0046136860152827894,0.7186728546232379,cottonwood,USW00024216,"RED BLUFF MUNICIPAL AIRPORT, CA US",,
2026-02-26,USW00024216,,",,1,2400",,0.0,,,,,"RED BLUFF MUNICIPAL AIRPORT, CA US",21.1,",,1",11.1,",,1",,,,,4.0,",,1",5.8,",,1",",,1",  340,",,1",1.9,  360,",,1",,,,,,,,,,,,,True,0.0,0.0,0.0,21.1,11.1,16.1,72.23726555240334,0.0,0.0,0.0,0.0,0.0,0.0,0.05,6.385738918080612,10.837321793111949,0.0046136860152827894,0.5892358868719114,cottonwood,USW00024216,"RED BLUFF MUNICIPAL AIRPORT, CA US",,
2026-02-27,USW00024216,,",,1,2400",,0.0,,,,,"RED BLUFF MUNICIPAL AIRPORT, CA US",24.4,",,1",11.7,",,1",,,,,5.8,",,1",7.2,",,1",",,1",  360,",,1",2.7,  360,",,1",,,,,,,,,,,,,True,0.0,0.0,0.0,24.4,11.7,18.049999999999997,66.43330527030325,0.0,0.0,0.0,0.0,0.0,0.0,0.05,5.237264295705618,10.837321793111949,0.0046136860152827894,0.4832618607887375,cottonwood,USW00024216,"RED BLUFF MUNICIPAL AIRPORT, CA US",,
2026-02-28,USW00024216,,",,1,2400",,2.0,,,,,"RED BLUFF MUNICIPAL AIRPORT, CA US",21.1,",,1",13.9,",,1",,,,,6.7,",,1",7.6,",,1",",,1",   20,",,1",2.4,   20,",,1",",,1",    1,,,,,,,,,,,True,2.0,0.0,0.0,21.1,13.9,17.5,79.4249229304907,0.0,2.0,0.0,0.0,0.0,2.0,0.05,4.665030535073744,10.837321793111949,0.0046136860152827894,0.4304597228107384,cottonwood,USW00024216,"RED BLUFF MUNICIPAL AIRPORT, CA US",,
2026-03-01,USW00024216,,",,1,2400",,0.0,,,,,"RED BLUFF MUNICIPAL AIRPORT, CA US",20.0,",,1",12.2,",,1",,,,,7.6,",,1",8.9,",,1",",,1",  170,",,1",2.4,  160,",,1",,,,,",,1",    1,",,1",    1,,,,,True,0.0,0.0,0.0,20.0,12.2,16.1,77.67988827261068,0.0,0.0,0.0,0.0,0.0,0.0,0.05,3.82763953975999,10.837321793111949,0.0046136860152827894,0.3531905403226824,cottonwood,USW00024216,"RED BLUFF MUNICIPAL AIRPORT, CA US",,
2026-03-02,USW00024216,,",,1,2400",,0.0,,,,,"RED BLUFF MUNICIPAL AIRPORT, CA US",18.9,",,1",6.1,",,1",,,,,4.5,",,1",5.8,",,1",",,1",  210,",,1",1.6,  190,",,1",,,,,,,,,,,,,True,0.0,0.0,0.0,18.9,6.1,12.5,65.01121509313832,0.0,0.0,0.0,0.0,0.0,0.0,0.05,3.1428696652448576,10.837321793111949,0.0046136860152827894,0.29000427644793403,cottonwood,USW00024216,"RED BLUFF MUNICIPAL AIRPORT, CA US",,
2026-03-03,USW00024216,,",,1,2400",,0.0,,,,,"RED BLUFF MUNICIPAL AIRPORT, CA US",21.1,",,1",6.7,",,1",,,,,4.5,",,1",5.8,",,1",",,1",  300,",,1",2.4,  300,",,1",,,,,,,,,,,,,True,0.0,0.0,0.0,21.1,6.7,13.9,61.83877431979773,0.0,0.0,0.0,0.0,0.0,0.0,0.05,2.576708272205848,10.837321793111949,0.0046136860152827894,0.237762458418792,cottonwood,USW00024216,"RED BLUFF MUNICIPAL AIRPORT, CA US",,
2026-03-04,USW00024216,,"T,,1,2400",,0.0,,,,,"RED BLUFF MUNICIPAL AIRPORT, CA US",18.9,",,1",8.3,",,1",,,,,9.4,",,1",14.3,",,1",",,1",  320,",,1",3.9,  320,",,1",,,,,,,,,,,,,True,0.0,0.0,0.0,18.9,8.3,13.6,70.33062671495102,0.0,0.0,0.0,0.0,0.0,0.0,0.05,2.036625412550728,10.837321793111949,0.0046136860152827894,0.1879270036850967,cottonwood,USW00024216,"RED BLUFF MUNICIPAL AIRPORT, CA US",,
2026-03-05,USW00024216,,",,1,2400",,0.0,,,,,"RED BLUFF MUNICIPAL AIRPORT, CA US",19.4,",,1",6.1,",,1",,,,,8.9,",,1",12.5,",,1",",,1",  330,",,1",5.0,  340,",,1",,,,,,,,,,,,,True,0.0,0.0,0.0,19.4,6.1,12.75,63.95478694206955,0.0,0.0,0.0,0.0,0.0,0.0,0.05,1.6765113201015145,10.837321793111949,0.0046136860152827894,0.1546979366403129,cottonwood,USW00024216,"RED BLUFF MUNICIPAL AIRPORT, CA US",,
2026-03-06,USW00024216,,",,1,2400",,0.0,,,,,"RED BLUFF MUNICIPAL AIRPORT, CA US",21.7,",,1",8.9,",,1",,,,,12.5,",,1",17.0,",,1",",,1",  350,",,1",6.5,  360,",,1",,,,,,,,,,,,,True,0.0,0.0,0.0,21.7,8.9,15.3,65.6252654176643,0.0,0.0,0.0,0.0,0.0,0.0,0.05,1.3816748379965755,10.837321793111949,0.0046136860152827894,0.12749227755465828,cottonwood,USW00024216,"RED BLUFF MUNICIPAL AIRPORT, CA US",,
2026-03-07,USW00024216,,",,1,2400",,0.0,,,,,"RED BLUFF MUNICIPAL AIRPORT, CA US",26.1,",,1",10.0,",,1",,,,,10.7,",,1",14.3,",,1",",,1",  350,",,1",4.5,  360,",,1",,,,,,,,,,,,,True,0.0,0.0,0.0,26.1,10.0,18.05,59.33663249717148,0.0,0.0,0.0,0.0,0.0,0.0,0.05,1.1394372329551714,10.837321793111949,0.0046136860152827894,0.10514011253955584,cottonwood,USW00024216,"RED BLUFF MUNICIPAL AIRPORT, CA US",,
2026-03-08,USW00024216,,",,1,2400",,0.0,,,,,"RED BLUFF MUNICIPAL AIRPORT, CA US",22.2,",,1",9.4,",,1",,,,,6.7,",,1",8.5,",,1",",,1",  160,",,1",2.9,  160,",,1",,,,,,,,,,,,,True,0.0,0.0,0.0,22.2,9.4,15.8,65.73339412612941,0.0,0.0,0.0,0.0,0.0,0.0,0.05,0.879588376857626,10.837321793111949,0.0046136860152827894,0.08116289187026635,cottonwood,USW00024216,"RED BLUFF MUNICIPAL AIRPORT, CA US",,
2026-03-09,USW00024216,,",,1,2400",,0.0,,,,,"RED BLUFF MUNICIPAL AIRPORT, CA US",24.4,",,1",6.7,",,1",,,,,5.8,",,1",8.5,",,1",",,1",  300,",,1",2.6,  300,",,1",,,,,,,,,,,,,True,0.0,0.0,0.0,24.4,6.7,15.549999999999999,55.59835817343159,0.0,0.0,0.0,0.0,0.0,0.0,0.05,0.698219322876638,10.837321793111949,0.0046136860152827894,0.06442729451112326,cottonwood,USW00024216,"RED BLUFF MUNICIPAL AIRPORT, CA US",,
2026-03-10,USW00024216,,",,1,2400",,0.0,,,,,"RED BLUFF MUNICIPAL AIRPORT, CA US",21.1,",,1",8.3,",,1",,,,,7.2,",,1",9.4,",,1",",,1",  330,",,1",3.2,  350,",,1",,,,,,,,,,,,,True,0.0,0.0,0.0,21.1,8.3,14.700000000000001,65.49490586767752,0.0,0.0,0.0,0.0,0.0,0.0,0.05,0.5511891711206481,10.837321793111949,0.0046136860152827894,0.05086027541149293,cottonwood,USW00024216,"RED BLUFF MUNICIPAL AIRPORT, CA US",,
2026-03-11,USW00024216,,",,1,2400",,0.0,,,,,"RED BLUFF MUNICIPAL AIRPORT, CA US",22.8,",,1",6.7,",,1",,,,,5.8,",,1",7.6,",,1",",,1",   10,",,1",2.4,   10,",,1",,,,,,,,,,,,,True,0.0,0.0,0.0,22.8,6.7,14.75,58.53122044642078,0.0,0.0,0.0,0.0,0.0,0.0,0.05,0.4561995590120478,10.837321793111949,0.0046136860152827894,0.042095230511841206,cottonwood,USW00024216,"RED BLUFF MUNICIPAL AIRPORT, CA US",,
2026-03-12,USW00024216,,",,1,2400",,0.0,,,,,"RED BLUFF MUNICIPAL AIRPORT, CA US",25.6,",,1",6.1,",,1",,,,,4.5,",,1",5.8,",,1",",,1",  320,",,1",2.4,  320,",,1",,,,,,,,,,,,,True,0.0,0.0,0.0,25.6,6.1,15.850000000000001,52.33423884661308,0.0,0.0,0.0,0.0,0.0,0.0,0.05,0.33841416691291903,10.837321793111949,0.0046136860152827894,0.031226734185194203,cottonwood,USW00024216,"RED BLUFF MUNICIPAL AIRPORT, CA US",,
2026-03-13,USW00024216,,",,1,2400",,0.0,,,,,"RED BLUFF MUNICIPAL AIRPORT, CA US",23.9,",,1",5.6,",,1",,,,,4.0,",,1",5.8,",,1",",,1",  350,",,1",1.5,  320,",,1",,,,,,,,,,,,,True,0.0,0.0,0.0,23.9,5.6,14.75,54.25406924643425,0.0,0.0,0.0,0.0,0.0,0.0,0.05,0.286133548074973,10.837321793111949,0.0046136860152827894,0.026402606985134972,cottonwood,USW00024216,"RED BLUFF MUNICIPAL AIRPORT, CA US",,
2026-03-14,USW00024216,,",,1,2400",,0.0,,,,,"RED BLUFF MUNICIPAL AIRPORT, CA US",25.6,",,1",9.4,",,1",,,,,6.3,",,1",8.0,",,1",",,1",  320,",,1",2.4,  320,",,1",,,,,,,,,,,,,True,0.0,0.0,0.0,25.6,9.4,17.5,59.00519066103887,0.0,0.0,0.0,0.0,0.0,0.0,0.05,0.24332979764239848,10.837321793111949,0.0046136860152827894,0.022452945689686497,cottonwood,USW00024216,"RED BLUFF MUNICIPAL AIRPORT, CA US",,
2026-03-15,USW00024216,,",,1,2400",,0.0,,,,,"RED BLUFF MUNICIPAL AIRPORT, CA US",28.3,",,1",12.2,",,1",,,,,9.4,",,1",13.4,",,1",",,1",  350,",,1",4.2,  360,",,1",,,,,,,,,,,,,True,0.0,0.0,0.0,28.3,12.2,20.25,59.862444341113466,0.0,0.0,0.0,0.0,0.0,0.0,0.05,0.20187862531906758,10.837321793111949,0.0046136860152827894,0.018628091808381923,cottonwood,USW00024216,"RED BLUFF MUNICIPAL AIRPORT, CA US",,
2026-03-16,USW00024216,,",,1,2400",,0.0,,,,,"RED BLUFF MUNICIPAL AIRPORT, CA US",32.2,",,1",11.7,",,1",,,,,7.2,",,1",9.8,",,1",",,1",  340,",,1",3.1,  340,",,1",,,,,,,,,,,,,True,0.0,0.0,0.0,32.2,11.7,21.950000000000003,52.181856798729484,0.0,0.0,0.0,0.0,0.0,0.0,0.05,0.1665336531409845,10.837321793111949,0.0046136860152827894,0.0153666797314103,cottonwood,USW00024216,"RED BLUFF MUNICIPAL AIRPORT, CA US",,
2026-03-17,USW00024216,,",,1,2400",,0.0,,,,,"RED BLUFF MUNICIPAL AIRPORT, CA US",28.9,",,1",8.9,",,1",,,,,4.0,",,1",4.9,",,1",",,1",  280,",,1",2.3,  180,",,1",,,,,,,,,,,,,True,0.0,0.0,0.0,28.9,8.9,18.9,52.25186995785486,0.0,0.0,0.0,0.0,0.0,0.0,0.05,0.07789525852690435,10.837321793111949,0.0046136860152827894,0.007187685298448321,cottonwood,USW00024216,"RED BLUFF MUNICIPAL AIRPORT, CA US",,
2026-03-18,USW00024216,,",,1,2400",,0.0,,,,,"RED BLUFF MUNICIPAL AIRPORT, CA US",30.0,",,1",10.6,",,1",,,,,4.5,",,1",6.3,",,1",",,1",  330,",,1",2.0,  320,",,1",,,,,,,,,,,,,True,0.0,0.0,0.0,30.0,10.6,20.3,53.682836633972705,0.0,0.0,0.0,0.0,0.0,0.0,0.05,0.060056707309271165,10.837321793111949,0.0046136860152827894,0.005541655812734321,cottonwood,USW00024216,"RED BLUFF MUNICIPAL AIRPORT, CA US",,
2026-03-19,USW00024216,,",,1,2400",,0.0,,,,,"RED BLUFF MUNICIPAL AIRPORT, CA US",31.1,",,1",11.7,",,1",,,,,5.4,",,1",6.7,",,1",",,1",  360,",,1",2.8,  340,",,1",,,,,,,,,,,,,True,0.0,0.0,0.0,31.1,11.7,21.4,53.96609842694297,0.0,0.0,0.0,0.0,0.0,0.0,0.05,0.05823373554880443,10.837321793111949,0.0046136860152827894,0.005373443426383904,cottonwood,USW00024216,"RED BLUFF MUNICIPAL AIRPORT, CA US",,
2026-03-20,USW00024216,,",,1,2400",,0.0,,,,,"RED BLUFF MUNICIPAL AIRPORT, CA US",30.6,",,1",11.7,",,1",,,,,5.8,",,1",7.6,",,1",",,1",  330,",,1",2.6,  340,",,1",,,,,,,,,,,,,True,0.0,0.0,0.0,30.6,11.7,21.15,54.799697475737034,0.0,0.0,0.0,0.0,0.0,0.0,0.05,0.0567412125065176,10.837321793111949,0.0046136860152827894,0.005235722772630183,cottonwood,USW00024216,"RED BLUFF MUNICIPAL AIRPORT, CA US",,
2026-03-21,USW00024216,,",,1,2400",,0.0,,,,,"RED BLUFF MUNICIPAL AIRPORT, CA US",30.0,",,1",12.2,",,1",,,,,5.4,",,1",7.2,",,1",",,1",  310,",,1",2.6,  320,",,1",,,,,,,,,,,,,True,0.0,0.0,0.0,30.0,12.2,21.1,56.80898180912317,0.0,0.0,0.0,0.0,0.0,0.0,0.05,0.05,10.837321793111949,0.0046136860152827894,0.0046136860152827894,cottonwood,USW00024216,"RED BLUFF MUNICIPAL AIRPORT, CA US",,
2026-03-22,USW00024216,,",,1,2400",,0.0,,,,,"RED BLUFF MUNICIPAL AIRPORT, CA US",27.8,",,1",15.0,",,1",,,,,9.4,",,1",12.1,",,1",",,1",  350,",,1",3.6,  340,",,1",,,,,,,,,,,,,True,0.0,0.0,0.0,27.8,15.0,21.4,66.91376191861946,0.0,0.0,0.0,0.0,0.0,0.0,0.05,0.05,10.837321793111949,0.0046136860152827894,0.0046136860152827894,cottonwood,USW00024216,"RED BLUFF MUNICIPAL AIRPORT, CA US",,
2026-03-23,USW00024216,,",,1,2400",,0.0,,,,,"RED BLUFF MUNICIPAL AIRPORT, CA US",26.1,",,1",9.4,",,1",,,,,5.8,",,1",7.2,",,1",",,1",  180,",,1",1.7,  170,",,1",,,,,,,,,,,,,True,0.0,0.0,0.0,26.1,9.4,17.75,58.082504895701874,0.0,0.0,0.0,0.0,0.0,0.0,0.05,0.05,10.837321793111949,0.0046136860152827894,0.0046136860152827894,cottonwood,USW00024216,"RED BLUFF MUNICIPAL AIRPORT, CA US",,
2026-03-24,USW00024216,,",,1,2400",,0.0,,,,,"RED BLUFF MUNICIPAL AIRPORT, CA US",27.8,",,1",7.8,",,1",,,,,5.8,",,1",7.6,",,1",",,1",  180,",,1",1.6,  180,",,1",,,,,,,,,,,,,True,0.0,0.0,0.0,27.8,7.8,17.8,51.96029648539692,0.0,0.0,0.0,0.0,0.0,0.0,0.05,0.05,10.837321793111949,0.0046136860152827894,0.0046136860152827894,cottonwood,USW00024216,"RED BLUFF MUNICIPAL AIRPORT, CA US",,
2026-03-25,USW00024216,,",,1,2400",,0.0,,,,,"RED BLUFF MUNICIPAL AIRPORT, CA US",27.2,",,1",8.9,",,1",,,,,7.2,",,1",9.8,",,1",",,1",  330,",,1",2.0,  330,",,1",,,,,,,,,,,,,True,0.0,0.0,0.0,27.2,8.9,18.05,55.10911625230447,0.0,0.0,0.0,0.0,0.0,0.0,0.05,0.05,10.837321793111949,0.0046136860152827894,0.0046136860152827894,cottonwood,USW00024216,"RED BLUFF MUNICIPAL AIRPORT, CA US",,
2026-03-26,USW00024216,,",,1,2400",,0.0,,,,,"RED BLUFF MUNICIPAL AIRPORT, CA US",25.6,",,1",12.8,",,1",,,,,12.5,",,1",17.4,",,1",",,1",  330,",,1",6.3,  320,",,1",,,,,,,,,,,,,True,0.0,0.0,0.0,25.6,12.8,19.200000000000003,66.45668109424209,0.0,0.0,0.0,0.0,0.0,0.0,0.05,0.05,10.837321793111949,0.0046136860152827894,0.0046136860152827894,cottonwood,USW00024216,"RED BLUFF MUNICIPAL AIRPORT, CA US",,
2026-03-27,USW00024216,,",,1,2400",,0.0,,,,,"RED BLUFF MUNICIPAL AIRPORT, CA US",27.8,",,1",9.4,",,1",,,,,7.6,",,1",10.7,",,1",",,1",  350,",,1",3.1,  340,",,1",,,,,,,,,,,,,True,0.0,0.0,0.0,27.8,9.4,18.6,55.064359053093064,0.0,0.0,0.0,0.0,0.0,0.0,0.05,0.05,10.837321793111949,0.0046136860152827894,0.0046136860152827894,cottonwood,USW00024216,"RED BLUFF MUNICIPAL AIRPORT, CA US",,
2026-03-28,USW00024216,,",,1,2400",,0.0,,,,,"RED BLUFF MUNICIPAL AIRPORT, CA US",29.4,",,1",7.8,",,1",,,,,6.3,",,1",8.9,",,1",",,1",  320,",,1",2.9,  320,",,1",,,,,,,,,,,,,True,0.0,0.0,0.0,29.4,7.8,18.599999999999998,49.415622742298744,0.0,0.0,0.0,0.0,0.0,0.0,0.05,0.05,10.837321793111949,0.0046136860152827894,0.0046136860152827894,cottonwood,USW00024216,"RED BLUFF MUNICIPAL AIRPORT, CA US",,
2026-03-29,USW00024216,,",,1,2400",,0.0,,,,,"RED BLUFF MUNICIPAL AIRPORT, CA US",29.4,",,1",11.7,",,1",,,,,5.8,",,1",7.6,",,1",",,1",  350,",,1",2.6,  340,",,1",,,,,,,,,,,,,True,0.0,0.0,0.0,29.4,11.7,20.549999999999997,56.85999511920206,0.0,0.0,0.0,0.0,0.0,0.0,0.05,0.05,10.837321793111949,0.0046136860152827894,0.0046136860152827894,cottonwood,USW00024216,"RED BLUFF MUNICIPAL AIRPORT, CA US",,
2026-03-30,USW00024216,,",,1,2400",,0.0,,,,,"RED BLUFF MUNICIPAL AIRPORT, CA US",25.6,",,1",12.2,",,1",,,,,6.3,",,1",8.0,",,1",",,1",  160,",,1",2.6,  150,",,1",,,,,,,,,,,,,True,0.0,0.0,0.0,25.6,12.2,18.9,65.09837617969733,0.0,0.0,0.0,0.0,0.0,0.0,0.05,0.05,10.837321793111949,0.0046136860152827894,0.0046136860152827894,cottonwood,USW00024216,"RED BLUFF MUNICIPAL AIRPORT, CA US",,
2026-03-31,USW00024216,,",,1,2400",,3.0,,,,,"RED BLUFF MUNICIPAL AIRPORT, CA US",18.3,",,1",12.8,",,1",,,,,10.3,",,1",13.9,",,1",",,1",  160,",,1",3.5,  140,",,1",",,1",    1,,,",,1",    1,,,,,,,True,3.0,0.0,0.0,18.3,12.8,15.55,83.689459849649,0.01844729924824499,3.0,0.0,0.0,0.0,3.018447299248245,0.05,0.6054814333141402,10.837321793111949,0.0046136860152827894,0.05587002442789655,cottonwood,USW00024216,"RED BLUFF MUNICIPAL AIRPORT, CA US",,
2026-04-01,USW00024216,,"T,,1,2400",,0.0,,,,,"RED BLUFF MUNICIPAL AIRPORT, CA US",20.0,",,1",10.6,",,1",,,,,14.3,",,1",19.7,",,1",",,1",  160,",,1",8.6,  150,",,1",,,,,,,,,,,,,True,0.0,0.0,0.0,20.0,10.6,15.3,73.54649167578063,0.0,0.0,0.0,0.0,0.0,0.0,0.05,0.5047897322181227,10.837321793111949,0.0046136860152827894,0.04657882656386194,cottonwood,USW00024216,"RED BLUFF MUNICIPAL AIRPORT, CA US",,
2026-04-02,USW00024216,,",,1,2400",,0.0,,,,,"RED BLUFF MUNICIPAL AIRPORT, CA US",18.3,",,1",5.6,",,1",,,,,8.0,",,1",11.6,",,1",",,1",  320,",,1",4.0,  320,",,1",,,,,,,,,,,,,True,0.0,0.0,0.0,18.3,5.6,11.95,65.11411665446411,0.0,0.0,0.0,0.0,0.0,0.0,0.05,0.42235033995107735,10.837321793111949,0.0046136860152827894,0.03897183713964435,cottonwood,USW00024216,"RED BLUFF MUNICIPAL AIRPORT, CA US",,
2026-04-03,USW00024216,,",,1,2400",,0.0,,,,,"RED BLUFF MUNICIPAL AIRPORT, CA US",25.6,",,1",6.7,",,1",,,,,10.3,",,1",13.9,",,1",",,1",  350,",,1",4.3,  340,",,1",,,,,,,,,,,,,True,0.0,0.0,0.0,25.6,6.7,16.150000000000002,53.50670411722178,0.0,0.0,0.0,0.0,0.0,0.0,0.05,0.3548546742369881,10.837321793111949,0.0046136860152827894,0.032743760959698436,cottonwood,USW00024216,"RED BLUFF MUNICIPAL AIRPORT, CA US",,
2026-04-04,USW00024216,,",,1,2400",,0.0,,,,,"RED BLUFF MUNICIPAL AIRPORT, CA US",28.3,",,1",4.4,",,1",,,,,7.2,",,1",8.9,",,1",",,1",  350,",,1",2.5,   20,",,1",,,,,,,,,,,,,True,0.0,0.0,0.0,28.3,4.4,16.35,45.043635455536254,0.0,0.0,0.0,0.0,0.0,0.0,0.05,0.2995938970173921,10.837321793111949,0.0046136860152827894,0.02764464345866428,cottonwood,USW00024216,"RED BLUFF MUNICIPAL AIRPORT, CA US",,
2026-04-05,USW00024216,,",,1,2400",,0.0,,,,,"RED BLUFF MUNICIPAL AIRPORT, CA US",28.3,",,1",7.2,",,1",,,,,4.0,",,1",5.4,",,1",",,1",  300,",,1",2.3,  170,",,1",",,1",    1,,,,,,,,,,,True,0.0,0.0,0.0,28.3,7.2,17.75,50.033015837571945,0.0,0.0,0.0,0.0,0.0,0.0,0.05,0.2543501992687177,10.837321793111949,0.0046136860152827894,0.023469839147009473,cottonwood,USW00024216,"RED BLUFF MUNICIPAL AIRPORT, CA US",,
2026-04-06,USW00024216,,",,1,2400",,0.0,,,,,"RED BLUFF MUNICIPAL AIRPORT, CA US",28.9,",,1",8.9,",,1",,,,,5.8,",,1",7.6,",,1",",,1",  160,",,1",2.2,  170,",,1",,,,,,,,,,,,,True,0.0,0.0,0.0,28.9,8.9,18.9,52.25186995785486,0.0,0.0,0.0,0.0,0.0,0.0,0.05,0.21730779253891291,10.837321793111949,0.0046136860152827894,0.020051798468975122,cottonwood,USW00024216,"RED BLUFF MUNICIPAL AIRPORT, CA US",,
2026-04-07,USW00024216,,",,1,2400",,0.0,,,,,"RED BLUFF MUNICIPAL AIRPORT, CA US",25.6,",,1",9.4,",,1",,,,,4.5,",,1",5.8,",,1",",,1",  150,",,1",1.2,  150,",,1",,,,,,,,,,,,,True,0.0,0.0,0.0,25.6,9.4,17.5,59.00519066103887,0.0,0.0,0.0,0.0,0.0,0.0,0.05,0.18698003498119892,10.837321793111949,0.0046136860152827894,0.017253343450596884,cottonwood,USW00024216,"RED BLUFF MUNICIPAL AIRPORT, CA US",,
2026-04-08,USW00024216,,",,1,2400",,1.3,,,,,"RED BLUFF MUNICIPAL AIRPORT, CA US",26.7,",,1",10.0,",,1",,,,,5.4,",,1",7.6,",,1",",,1",  160,",,1",2.1,  170,",,1",,,,,,,,,,,,,True,1.3,0.0,0.0,26.7,10.0,18.35,58.229780961622346,0.0,1.3,0.0,0.0,0.0,1.3,0.05,0.4013872928903068,10.837321793111949,0.0046136860152827894,0.037037498798404504,cottonwood,USW00024216,"RED BLUFF MUNICIPAL AIRPORT, CA US",,
2026-04-09,USW00024216,,",,1,2400",,0.0,,,,,"RED BLUFF MUNICIPAL AIRPORT, CA US",26.1,",,1",11.7,",,1",,,,,11.2,",,1",15.2,",,1",",,1",  160,",,1",3.4,  160,",,1",,,,,,,,,,,,,True,0.0,0.0,0.0,26.1,11.7,18.9,62.98893293737408,0.0,0.0,0.0,0.0,0.0,0.0,0.05,0.33769158293011425,10.837321793111949,0.0046136860152827894,0.03116005867286753,cottonwood,USW00024216,"RED BLUFF MUNICIPAL AIRPORT, CA US",,
2026-04-10,USW00024216,,",,1,2400",,8.9,,,,,"RED BLUFF MUNICIPAL AIRPORT, CA US",17.8,",,1",10.6,",,1",,,,,8.0,",,1",10.7,",,1",",,1",  160,",,1",3.2,  200,",,1",,,,,",,1",    1,,,,,,,True,8.9,0.0,0.0,17.8,10.6,14.2,78.95053599451892,0.0,8.9,0.0,0.0,0.0,8.9,0.05,1.9233988530174642,10.837321793111949,0.0046136860152827894,0.17747916779955264,cottonwood,USW00024216,"RED BLUFF MUNICIPAL AIRPORT, CA US",,
2026-04-11,USW00024216,,",,1,2400",,13.7,,,,,"RED BLUFF MUNICIPAL AIRPORT, CA US",16.1,",,1",8.9,",,1",,,,,13.0,",,1",18.8,",,1",",,1",  180,",,1",7.2,  170,",,1",,,,,",,1",    1,,,,,,,True,13.7,0.0,0.0,16.1,8.9,12.5,78.70005048351871,0.0,13.7,0.0,0.0,0.0,13.7,0.05,4.1050047168240855,10.837321793111949,0.0046136860152827894,0.3787840570936234,cottonwood,USW00024216,"RED BLUFF MUNICIPAL AIRPORT, CA US",,
2026-04-12,USW00024216,,",,1,2400",,17.3,,,,,"RED BLUFF MUNICIPAL AIRPORT, CA US",14.4,",,1",6.7,",,1",,,,,11.6,",,1",17.0,",,1",",,1",  150,",,1",5.9,  140,",,1",,,,,",,1",    1,,,,,,,True,17.3,0.0,0.0,14.4,6.7,10.55,77.07402688501934,0.0,17.3,0.0,0.0,0.0,17.3,0.05,6.553656445922902,10.837321793111949,0.0046136860152827894,0.6047302618704481,cottonwood,USW00024216,"RED BLUFF MUNICIPAL AIRPORT, CA US",,
2026-04-13,USW00024216,,",,1,2400",,0.0,,,,,"RED BLUFF MUNICIPAL AIRPORT, CA US",18.3,",,1",6.7,",,1",,,,,5.4,",,1",6.3,",,1",",,1",   30,",,1",1.7,  340,",,1",,,,,,,,,,,,,True,0.0,0.0,0.0,18.3,6.7,12.5,67.7528870222207,0.0,0.0,0.0,0.0,0.0,0.0,0.05,5.37474353973093,10.837321793111949,0.0046136860152827894,0.49594758209976214,cottonwood,USW00024216,"RED BLUFF MUNICIPAL AIRPORT, CA US",,
2026-04-14,USW00024216,,",,1,2400",,0.0,,,,,"RED BLUFF MUNICIPAL AIRPORT, CA US",20.6,",,1",6.7,",,1",,,,,6.7,",,1",8.9,",,1",",,1",  160,",,1",2.5,  230,",,1",,,,,,,,,,,,,True,0.0,0.0,0.0,20.6,6.7,13.65,62.85104740108448,0.0,0.0,0.0,0.0,0.0,0.0,0.05,4.4095312882310225,10.837321793111949,0.0046136860152827894,0.4068838567692674,cottonwood,USW00024216,"RED BLUFF MUNICIPAL AIRPORT, CA US",,
2026-04-15,USW00024216,,"T,,1,2400",,0.0,,,,,"RED BLUFF MUNICIPAL AIRPORT, CA US",20.0,",,1",10.0,",,1",,,,,8.9,",,1",13.0,",,1",",,1",  300,",,1",4.2,  300,",,1",,,,,,,,,,,,,True,0.0,0.0,0.0,20.0,10.0,15.0,72.03484221010554,0.0,0.0,0.0,0.0,0.0,0.0,0.05,3.6192823346804097,10.837321793111949,0.0046136860152827894,0.333964645857501,cottonwood,USW00024216,"RED BLUFF MUNICIPAL AIRPORT, CA US",,
2026-04-16,USW00024216,,"T,,1,2400",,0.0,,,,,"RED BLUFF MUNICIPAL AIRPORT, CA US",19.4,",,1",5.0,",,1",,,,,10.7,",,1",16.1,",,1",",,1",  350,",,1",6.0,  340,",,1",",,1",    1,,,,,,,,,,,True,0.0,0.0,0.0,19.4,5.0,12.2,61.43705880458777,0.0,0.0,0.0,0.0,0.0,0.0,0.05,2.9722812138208288,10.837321793111949,0.0046136860152827894,0.2742634453938582,cottonwood,USW00024216,"RED BLUFF MUNICIPAL AIRPORT, CA US",,
2026-04-17,USW00024216,,",,1,2400",,0.0,,,,,"RED BLUFF MUNICIPAL AIRPORT, CA US",23.3,",,1",5.0,",,1",,,,,9.4,",,1",12.1,",,1",",,1",  350,",,1",3.7,  340,",,1",,,,,,,,,,,,,True,0.0,0.0,0.0,23.3,5.0,14.15,54.0964636283212,0.0,0.0,0.0,0.0,0.0,0.0,0.05,2.4425614988971667,10.837321793111949,0.0046136860152827894,0.22538423657860052,cottonwood,USW00024216,"RED BLUFF MUNICIPAL AIRPORT, CA US",,
2026-04-18,USW00024216,,",,1,2400",,0.0,,,,,"RED BLUFF MUNICIPAL AIRPORT, CA US",25.6,",,1",5.6,",,1",,,,,5.4,",,1",6.7,",,1",",,1",  150,",,1",2.2,  140,",,1",,,,,,,,,,,,,True,0.0,0.0,0.0,25.6,5.6,15.600000000000001,51.370753919958474,0.0,0.0,0.0,0.0,0.0,0.0,0.05,2.008863677777462,10.837321793111949,0.0046136860152827894,0.18536532513542855,cottonwood,USW00024216,"RED BLUFF MUNICIPAL AIRPORT, CA US",,
2026-04-19,USW00024216,,",,1,2400",,0.0,,,,,"RED BLUFF MUNICIPAL AIRPORT, CA US",25.6,",,1",9.4,",,1",,,,,9.4,",,1",13.4,",,1",",,1",  150,",,1",4.1,  160,",,1",,,,,,,,,,,,,True,0.0,0.0,0.0,25.6,9.4,17.5,59.00519066103887,0.0,0.0,0.0,0.0,0.0,0.0,0.05,1.6537819340838464,10.837321793111949,0.0046136860152827894,0.15260061163219932,cottonwood,USW00024216,"RED BLUFF MUNICIPAL AIRPORT, CA US",,
2026-04-20,USW00024216,,",,1,2400",,24.6,,,,,"RED BLUFF MUNICIPAL AIRPORT, CA US",15.6,",,1",9.4,",,1",,,,,6.7,",,1",8.5,",,1",",,1",  210,",,1",3.0,  180,",,1",,,,,",,1",    1,,,,,,,True,24.6,0.0,0.0,15.6,9.4,12.5,81.39549124350962,0.006977456217548124,24.6,0.0,0.0,0.0,24.60697745621755,0.05,5.891459745604759,10.837321793111949,0.0046136860152827894,0.5436269087579635,cottonwood,USW00024216,"RED BLUFF MUNICIPAL AIRPORT, CA US",,
2026-04-21,USW00024216,,",,1,2400",,17.5,,,,,"RED BLUFF MUNICIPAL AIRPORT, CA US",17.2,",,1",9.4,",,1",,,,,10.3,",,1",13.4,",,1",",,1",  140,",,1",3.9,  150,",,1",,,,,",,1",    1,,,,,,,True,17.5,0.0,0.0,17.2,9.4,13.3,77.24679599940099,0.0,17.5,0.0,0.0,0.0,17.5,0.05,8.044758125654456,10.837321793111949,0.0046136860152827894,0.7423197612132909,cottonwood,USW00024216,"RED BLUFF MUNICIPAL AIRPORT, CA US",,
2026-04-22,USW00024216,,,,,,,,,"RED BLUFF MUNICIPAL AIRPORT, CA US",16.7,",,1",8.3,",,1",,,,,6.3,",,1",8.0,",,1",",,1",  150,",,1",2.3,  140,",,1",,,,,,,,,,,,,True,0.0,0.0,0.0,16.7,8.3,12.5,75.56971697319302,0.0,0.0,0.0,0.0,0.0,0.0,0.05,6.595554340893387,10.837321793111949,0.0046136860152827894,0.6085963365123503,cottonwood,USW00024216,"RED BLUFF MUNICIPAL AIRPORT, CA US",,
2026-04-23,USW00024216,,",,1,2400",,0.0,,,,,"RED BLUFF MUNICIPAL AIRPORT, CA US",23.3,",,1",6.7,",,1",,,,,6.3,",,1",8.9,",,1",",,1",  340,",,1",2.6,  350,",,1",,,,,,,,,,,,,True,0.0,0.0,0.0,23.3,6.7,15.0,57.59648169315894,0.0,0.0,0.0,0.0,0.0,0.0,0.05,5.409046634832497,10.837321793111949,0.0046136860152827894,0.49911285630278246,cottonwood,USW00024216,"RED BLUFF MUNICIPAL AIRPORT, CA US",,
2026-04-24,USW00024216,,",,1,2400",,0.0,,,,,"RED BLUFF MUNICIPAL AIRPORT, CA US",23.3,",,1",7.8,",,1",,,,,6.7,",,1",8.0,",,1",",,1",  160,",,1",2.6,  160,",,1",,,,,,,,,,,,,True,0.0,0.0,0.0,23.3,7.8,15.55,59.94158109497932,0.0,0.0,0.0,0.0,0.0,0.0,0.05,4.437616287116434,10.837321793111949,0.0046136860152827894,0.40947536410120455,cottonwood,USW00024216,"RED BLUFF MUNICIPAL AIRPORT, CA US",,
2026-04-25,USW00024216,,"T,,1,2400",,0.0,,,,,"RED BLUFF MUNICIPAL AIRPORT, CA US",20.0,",,1",10.6,",,1",,,,,11.2,",,1",14.8,",,1",",,1",  160,",,1",4.8,  160,",,1",,,,,,,,,,,,,True,0.0,0.0,0.0,20.0,10.6,15.3,73.54649167578063,0.0,0.0,0.0,0.0,0.0,0.0,0.05,3.6422763869680566,10.837321793111949,0.0046136860152827894,0.336086392606985,cottonwood,USW00024216,"RED BLUFF MUNICIPAL AIRPORT, CA US",,
2026-04-26,USW00024216,,",,1,2400",,0.3,,,,,"RED BLUFF MUNICIPAL AIRPORT, CA US",17.2,",,1",10.6,",,1",,,,,7.2,",,1",10.3,",,1",",,1",  170,",,1",3.8,  180,",,1",,,,,",,1",    1,,,,,,,True,0.3,0.0,0.0,17.2,10.6,13.899999999999999,80.50057198125079,0.0025028599062539313,0.3,0.0,0.0,0.0,0.3025028599062539,0.05,3.046776409812132,10.837321793111949,0.0046136860152827894,0.28113739427287476,cottonwood,USW00024216,"RED BLUFF MUNICIPAL AIRPORT, CA US",,
2026-04-27,USW00024216,,",,1,2400",,0.0,,,,,"RED BLUFF MUNICIPAL AIRPORT, CA US",21.1,",,1",7.2,",,1",,,,,5.4,",,1",6.7,",,1",",,1",  160,",,1",1.6,  160,",,1",,,,,,,,,,,,,True,0.0,0.0,0.0,21.1,7.2,14.15,62.96610400443698,0.0,0.0,0.0,0.0,0.0,0.0,0.05,2.503553006811818,10.837321793111949,0.0046136860152827894,0.23101214992093724,cottonwood,USW00024216,"RED BLUFF MUNICIPAL AIRPORT, CA US",,
2026-04-28,USW00024216,,",,1,2400",,0.0,,,,,"RED BLUFF MUNICIPAL AIRPORT, CA US",25.0,",,1",7.8,",,1",,,,,5.4,",,1",6.3,",,1",",,1",  170,",,1",2.3,  150,",,1",,,,,,,,,,,,,True,0.0,0.0,0.0,25.0,7.8,16.4,56.77512414295213,0.0,0.0,0.0,0.0,0.0,0.0,0.05,2.058799300983786,10.837321793111949,0.0046136860152827894,0.1899730708644575,cottonwood,USW00024216,"RED BLUFF MUNICIPAL AIRPORT, CA US",,
2026-04-29,USW00024216,,",,1,2400",,0.0,,,,,"RED BLUFF MUNICIPAL AIRPORT, CA US",27.8,",,1",8.9,",,1",,,,,5.4,",,1",8.5,",,1",",,1",   60,",,1",1.9,   20,",,1",,,,,,,,,,,,,True,0.0,0.0,0.0,27.8,8.9,18.35,54.08112380683621,0.0,0.0,0.0,0.0,0.0,0.0,0.05,1.691078259782101,10.837321793111949,0.0046136860152827894,0.1560420823581087,cottonwood,USW00024216,"RED BLUFF MUNICIPAL AIRPORT, CA US",,
2026-04-30,USW00024216,,",,1,2400",,0.0,,,,,"RED BLUFF MUNICIPAL AIRPORT, CA US",30.6,",,1",10.6,",,1",,,,,6.3,",,1",8.9,",,1",",,1",  360,",,1",2.2,  350,",,1",,,,,,,,,,,,,True,0.0,0.0,0.0,30.6,10.6,20.6,52.69832166770176,0.0,0.0,0.0,0.0,0.0,0.0,0.05,1.3936012394913035,10.837321793111949,0.0046136860152827894,0.12859277099043576,cottonwood,USW00024216,"RED BLUFF MUNICIPAL AIRPORT, CA US",,
2026-05-01,USW00024216,,",,1,2400",,0.0,,,,,"RED BLUFF MUNICIPAL AIRPORT, CA US",28.3,",,1",12.2,",,1",,,,,4.0,",,1",5.4,",,1",",,1",  130,",,1",1.7,  130,",,1",,,,,,,,,,,,,True,0.0,0.0,0.0,28.3,12.2,20.25,59.862444341113466,0.0,0.0,0.0,0.0,0.0,0.0,0.05,1.1254870455802914,10.837321793111949,0.0046136860152827894,0.10385287685151467,cottonwood,USW00024216,"RED BLUFF MUNICIPAL AIRPORT, CA US",,
2026-05-02,USW00024216,,",,1,2400",,0.0,,,,,"RED BLUFF MUNICIPAL AIRPORT, CA US",27.2,",,1",15.0,",,1",,,,,6.7,",,1",8.9,",,1",",,1",  180,",,1",2.2,  170,",,1",,,,,,,,,,,,,True,0.0,0.0,0.0,27.2,15.0,21.1,68.15622481037065,0.0,0.0,0.0,0.0,0.0,0.0,0.05,0.8927275385075447,10.837321793111949,0.0046136860152827894,0.08237529119740174,cottonwood,USW00024216,"RED BLUFF MUNICIPAL AIRPORT, CA US",,
2026-05-03,USW00024216,,",,1,2400",,1.0,,,,,"RED BLUFF MUNICIPAL AIRPORT, CA US",21.1,",,1",12.8,",,1",,,,,10.3,",,1",13.4,",,1",",,1",   70,",,1",3.6,   80,",,1",,,,,,,,,,,,,True,1.0,0.0,0.0,21.1,12.8,16.950000000000003,76.54759422048713,0.0,1.0,0.0,0.0,0.0,1.0,0.05,0.8762544095280773,10.837321793111949,0.0046136860152827894,0.08085525430139137,cottonwood,USW00024216,"RED BLUFF MUNICIPAL AIRPORT, CA US",,
2026-05-04,USW00024216,,",,1,2400",,3.0,,,,,"RED BLUFF MUNICIPAL AIRPORT, CA US",17.2,",,1",11.7,",,1",,,,,9.8,",,1",12.5,",,1",",,1",  150,",,1",4.2,  150,",,1",,,,,",,1",    1,,,,,,,True,3.0,0.0,0.0,17.2,11.7,14.45,83.5612772183047,0.01780638609152348,3.0,0.0,0.0,0.0,3.0178063860915234,0.05,1.2818433817396826,10.837321793111949,0.0046136860152827894,0.11828045768230343,cottonwood,USW00024216,"RED BLUFF MUNICIPAL AIRPORT, CA US",,
2026-05-05,USW00024216,,"T,,1,2400",,0.0,,,,,"RED BLUFF MUNICIPAL AIRPORT, CA US",19.4,",,1",11.7,",,1",,,,,5.4,",,1",6.3,",,1",",,1",  180,",,1",2.1,  150,",,1",,,,,",,1",    1,,,,,,,True,0.0,0.0,0.0,19.4,11.7,15.549999999999999,77.8523248598055,0.0,0.0,0.0,0.0,0.0,0.0,0.05,1.0585480596058585,10.837321793111949,0.0046136860152827894,0.09767616758216564,cottonwood,USW00024216,"RED BLUFF MUNICIPAL AIRPORT, CA US",,
2026-05-06,USW00024216,,",,1,2400",,0.0,,,,,"RED BLUFF MUNICIPAL AIRPORT, CA US",25.0,",,1",15.0,",,1",,,,,4.0,",,1",6.3,",,1",",,1",  160,",,1",1.3,  120,",,1",,,,,,,,,,,,,True,0.0,0.0,0.0,25.0,15.0,20.0,72.93876680928582,0.0,0.0,0.0,0.0,0.0,0.0,0.05,0.8757293123564417,10.837321793111949,0.0046136860152827894,0.08080680163184258,cottonwood,USW00024216,"RED BLUFF MUNICIPAL AIRPORT, CA US",,
2026-05-07,USW00024216,,",,1,2400",,0.0,,,,,"RED BLUFF MUNICIPAL AIRPORT, CA US",27.2,",,1",12.8,",,1",,,,,5.4,",,1",6.7,",,1",",,1",  150,",,1",1.7,  150,",,1",,,,,,,,,,,,,True,0.0,0.0,0.0,27.2,12.8,20.0,63.235822148634035,0.0,0.0,0.0,0.0,0.0,0.0,0.05,0.7260499817441537,10.837321793111949,0.0046136860152827894,0.06699533294338653,cottonwood,USW00024216,"RED BLUFF MUNICIPAL AIRPORT, CA US",,
2026-05-08,USW00024216,,",,1,2400",,0.0,,,,,"RED BLUFF MUNICIPAL AIRPORT, CA US",30.6,",,1",16.7,",,1",,,,,4.0,",,1",6.3,",,1",",,1",  330,",,1",1.3,  320,",,1",,,,,,,,,,,,,True,0.0,0.0,0.0,30.6,16.7,23.65,65.06522754878803,0.0,0.0,0.0,0.0,0.0,0.0,0.05,0.6035029106717469,10.837321793111949,0.0046136860152827894,0.05568745878297394,cottonwood,USW00024216,"RED BLUFF MUNICIPAL AIRPORT, CA US",,
2026-05-09,USW00024216,,",,1,2400",,0.0,,,,,"RED BLUFF MUNICIPAL AIRPORT, CA US",35.0,",,1",13.9,",,1",,,,,6.3,",,1",9.4,",,1",",,1",   10,",,1",2.6,  340,",,1",,,,,,,,,,,,,True,0.0,0.0,0.0,35.0,13.9,24.45,51.812600604659,0.0,0.0,0.0,0.0,0.0,0.0,0.05,0.5031698548851342,10.837321793111949,0.0046136860152827894,0.04642935445590828,cottonwood,USW00024216,"RED BLUFF MUNICIPAL AIRPORT, CA US",,
2026-05-10,USW00024216,,",,1,2400",,0.0,,,,,"RED BLUFF MUNICIPAL AIRPORT, CA US",31.7,",,1",15.0,",,1",,,,,5.4,",,1",6.3,",,1",",,1",  150,",,1",2.1,  160,",,1",,,,,,,,,,,,,True,0.0,0.0,0.0,31.7,15.0,23.35,59.431759514746744,0.0,0.0,0.0,0.0,0.0,0.0,0.05,0.4210240965623457,10.837321793111949,0.0046136860152827894,0.0388494597281353,cottonwood,USW00024216,"RED BLUFF MUNICIPAL AIRPORT, CA US",,
2026-05-11,USW00024216,,",,1,2400",,0.0,,,,,"RED BLUFF MUNICIPAL AIRPORT, CA US",34.4,",,1",17.2,",,1",,,,,4.5,",,1",7.2,",,1",",,1",  150,",,1",2.1,  170,",,1",,,,,,,,,,,,,True,0.0,0.0,0.0,34.4,17.2,25.799999999999997,59.064075403256524,0.0,0.0,0.0,0.0,0.0,0.0,0.05,0.28586295556477065,10.837321793111949,0.0046136860152827894,0.026377638407531757,cottonwood,USW00024216,"RED BLUFF MUNICIPAL AIRPORT, CA US",,
2026-05-12,USW00024216,,"T,,1,2400",,0.0,,,,,"RED BLUFF MUNICIPAL AIRPORT, CA US",33.3,",,1",16.1,",,1",,,,,9.8,",,1",12.5,",,1",",,1",  160,",,1",3.6,  140,",,1",,,,,,,,,,,,,True,0.0,0.0,0.0,33.3,16.1,24.7,58.80431885288306,0.0,0.0,0.0,0.0,0.0,0.0,0.05,0.19481492280169443,10.837321793111949,0.0046136860152827894,0.017976297697971474,cottonwood,USW00024216,"RED BLUFF MUNICIPAL AIRPORT, CA US",,
2026-05-13,USW00024216,,",,1,2400",,0.0,,,,,"RED BLUFF MUNICIPAL AIRPORT, CA US",29.4,",,1",13.3,",,1",,,,,6.3,",,1",8.9,",,1",",,1",  280,",,1",1.8,  280,",,1",",,1",    1,,,,,,,,,,,True,0.0,0.0,0.0,29.4,13.3,21.35,60.122065250113636,0.0,0.0,0.0,0.0,0.0,0.0,0.05,0.1685644308023611,10.837321793111949,0.0046136860152827894,0.015554067141339138,cottonwood,USW00024216,"RED BLUFF MUNICIPAL AIRPORT, CA US",,
2026-05-14,USW00024216,,",,1,2400",,0.0,,,,,"RED BLUFF MUNICIPAL AIRPORT, CA US",33.3,",,1",12.8,",,1",,,,,8.0,",,1",12.1,",,1",",,1",  360,",,1",3.3,  310,",,1",",,1",    1,,,,,,,,,,,True,0.0,0.0,0.0,33.3,12.8,23.049999999999997,52.46827756691779,0.0,0.0,0.0,0.0,0.0,0.0,0.05,0.1470723457190794,10.837321793111949,0.0046136860152827894,0.013570912493579045,cottonwood,USW00024216,"RED BLUFF MUNICIPAL AIRPORT, CA US",,
2026-05-15,USW00024216,,",,1,2400",,0.0,,,,,"RED BLUFF MUNICIPAL AIRPORT, CA US",31.1,",,1",16.7,",,1",,,,,9.8,",,1",16.1,",,1",",,1",  290,",,1",5.7,  280,",,1",,,,,,,,,,,,,True,0.0,0.0,0.0,31.1,16.7,23.9,64.0937940738258,0.0,0.0,0.0,0.0,0.0,0.0,0.05,0.12947611471362808,10.837321793111949,0.0046136860152827894,0.01194724279534832,cottonwood,USW00024216,"RED BLUFF MUNICIPAL AIRPORT, CA US",,
2026-05-16,USW00024216,,",,1,2400",,0.0,,,,,"RED BLUFF MUNICIPAL AIRPORT, CA US",26.1,",,1",15.0,",,1",,,,,11.6,",,1",17.9,",,1",",,1",  340,",,1",7.2,  340,",,1",,,,,,,,,,,,,True,0.0,0.0,0.0,26.1,15.0,20.55,70.50196858775728,0.0,0.0,0.0,0.0,0.0,0.0,0.05,0.1150695392512008,10.837321793111949,0.0046136860152827894,0.010617894480565982,cottonwood,USW00024216,"RED BLUFF MUNICIPAL AIRPORT, CA US",,
2026-05-17,USW00024216,,",,1,2400",,0.0,,,,,"RED BLUFF MUNICIPAL AIRPORT, CA US",24.4,",,1",13.9,",,1",,,,,15.6,",,1",21.9,",,1",",,1",   10,",,1",8.2,  360,",,1",,,,,,,,,,,,,True,0.0,0.0,0.0,24.4,13.9,19.15,71.61793863470923,0.0,0.0,0.0,0.0,0.0,0.0,0.05,0.10243964023501317,10.837321793111949,0.0046136860152827894,0.009452486711257608,cottonwood,USW00024216,"RED BLUFF MUNICIPAL AIRPORT, CA US",,
2026-05-18,USW00024216,,",,1,2400",,0.0,,,,,"RED BLUFF MUNICIPAL AIRPORT, CA US",29.4,",,1",13.3,",,1",,,,,8.0,",,1",12.1,",,1",",,1",  350,",,1",4.6,  350,",,1",,,,,,,,,,,,,True,0.0,0.0,0.0,29.4,13.3,21.35,60.122065250113636,0.0,0.0,0.0,0.0,0.0,0.0,0.05,0.09293394614075078,10.837321793111949,0.0046136860152827894,0.008575360953092515,cottonwood,USW00024216,"RED BLUFF MUNICIPAL AIRPORT, CA US",,
2026-05-19,USW00024216,,",,1,2400",,0.0,,,,,"RED BLUFF MUNICIPAL AIRPORT, CA US",31.1,",,1",10.0,",,1",,,,,7.2,",,1",10.3,",,1",",,1",  360,",,1",2.9,  350,",,1",,,,,,,,,,,,,True,0.0,0.0,0.0,31.1,10.0,20.55,50.78598182720913,0.0,0.0,0.0,0.0,0.0,0.0,0.05,0.08515134205642638,10.837321793111949,0.0046136860152827894,0.007857231120565912,cottonwood,USW00024216,"RED BLUFF MUNICIPAL AIRPORT, CA US",,
2026-05-20,USW00024216,,",,1,2400",,0.0,,,,,"RED BLUFF MUNICIPAL AIRPORT, CA US",33.3,",,1",12.8,",,1",,,,,6.3,",,1",8.5,",,1",",,1",   10,",,1",2.6,  340,",,1",,,,,,,,,,,,,True,0.0,0.0,0.0,33.3,12.8,23.049999999999997,52.46827756691779,0.0,0.0,0.0,0.0,0.0,0.0,0.05,0.07877948475355971,10.837321793111949,0.0046136860152827894,0.007269276141973643,cottonwood,USW00024216,"RED BLUFF MUNICIPAL AIRPORT, CA US",,
2026-05-21,USW00024216,,",,1,2400",,0.0,,,,,"RED BLUFF MUNICIPAL AIRPORT, CA US",34.4,",,1",15.0,",,1",,,,,6.3,",,1",9.4,",,1",",,1",  170,",,1",2.7,  130,",,1",,,,,,,,,,,,,True,0.0,0.0,0.0,34.4,15.0,24.7,54.803252913313436,0.0,0.0,0.0,0.0,0.0,0.0,0.05,0.07356264922547824,10.837321793111949,0.0046136860152827894,0.006787899319574846,cottonwood,USW00024216,"RED BLUFF MUNICIPAL AIRPORT, CA US",,
2026-05-22,USW00024216,,",,1,2400",,0.0,,,,,"RED BLUFF MUNICIPAL AIRPORT, CA US",33.9,",,1",16.1,",,1",,,,,8.0,",,1",10.7,",,1",",,1",  170,",,1",3.3,  160,",,1",,,,,,,,,,,,,True,0.0,0.0,0.0,33.9,16.1,25.0,57.760700022117,0.0,0.0,0.0,0.0,0.0,0.0,0.05,0.06929146554488813,10.837321793111949,0.0046136860152827894,0.006393781311257992,cottonwood,USW00024216,"RED BLUFF MUNICIPAL AIRPORT, CA US",,
2026-05-23,USW00024216,,",,1,2400",,0.0,,,,,"RED BLUFF MUNICIPAL AIRPORT, CA US",30.0,",,1",14.4,",,1",,,,,6.7,",,1",9.8,",,1",",,1",  170,",,1",3.0,  180,",,1",,,,,,,,,,,,,True,0.0,0.0,0.0,30.0,14.4,22.2,61.30476309095701,0.0,0.0,0.0,0.0,0.0,0.0,0.05,0.0657945161135442,10.837321793111949,0.0046136860152827894,0.00607110477750714,cottonwood,USW00024216,"RED BLUFF MUNICIPAL AIRPORT, CA US",,
2026-05-24,USW00024216,,",,1,2400",,0.0,,,,,"RED BLUFF MUNICIPAL AIRPORT, CA US",31.7,",,1",15.0,",,1",,,,,6.7,",,1",8.9,",,1",",,1",  160,",,1",2.9,  160,",,1",,,,,,,,,,,,,True,0.0,0.0,0.0,31.7,15.0,23.35,59.431759514746744,0.0,0.0,0.0,0.0,0.0,0.0,0.05,0.06017183707608443,10.837321793111949,0.0046136860152827894,0.005552279264636103,cottonwood,USW00024216,"RED BLUFF MUNICIPAL AIRPORT, CA US",,
2026-05-25,USW00024216,,",,1,2400",,0.0,,,,,"RED BLUFF MUNICIPAL AIRPORT, CA US",26.7,",,1",14.4,",,1",,,,,13.9,",,1",20.6,",,1",",,1",  140,",,1",6.0,  140,",,1",,,,,,,,,,,,,True,0.0,0.0,0.0,26.7,14.4,20.55,67.82636329047845,0.0,0.0,0.0,0.0,0.0,0.0,0.05,0.05,10.837321793111949,0.0046136860152827894,0.0046136860152827894,cottonwood,USW00024216,"RED BLUFF MUNICIPAL AIRPORT, CA US",,
2026-05-26,USW00024216,,"T,,1,2400",,0.0,,,,,"RED BLUFF MUNICIPAL AIRPORT, CA US",23.3,",,1",11.1,",,1",,,,,9.8,",,1",13.9,",,1",",,1",   10,",,1",3.3,   20,",,1",,,,,,,,,,,,,True,0.0,0.0,0.0,23.3,11.1,17.2,67.36233304127437,0.0,0.0,0.0,0.0,0.0,0.0,0.05,0.05,10.837321793111949,0.0046136860152827894,0.0046136860152827894,cottonwood,USW00024216,"RED BLUFF MUNICIPAL AIRPORT, CA US",,
2026-05-27,USW00024216,,",,1,2400",,5.8,,,,,"RED BLUFF MUNICIPAL AIRPORT, CA US",20.6,",,1",7.8,",,1",,,,,6.7,",,1",8.9,",,1",",,1",  100,",,1",2.0,   90,",,1",,,,,",,1",    1,,,,,,,True,5.8,0.0,0.0,20.6,7.8,14.200000000000001,65.38576614901149,0.0,5.8,0.0,0.0,0.0,5.8,0.05,1.1173674223248529,10.837321793111949,0.0046136860152827894,0.10310364900625504,cottonwood,USW00024216,"RED BLUFF MUNICIPAL AIRPORT, CA US",,
2026-05-28,USW00024216,,",,1,2400",,4.3,,,,,"RED BLUFF MUNICIPAL AIRPORT, CA US",24.4,",,1",13.3,",,1",,,,,9.8,",,1",12.1,",,1",",,1",  160,",,1",3.4,  150,",,1",,,,,",,1",    1,,,,,,,True,4.3,0.0,0.0,24.4,13.3,18.85,70.17826707444178,0.0,4.3,0.0,0.0,0.0,4.3,0.05,1.7152106569386667,10.837321793111949,0.0046136860152827894,0.15826886842363866,cottonwood,USW00024216,"RED BLUFF MUNICIPAL AIRPORT, CA US",,
2026-05-29,USW00024216,,",,1,2400",,2.0,,,,,"RED BLUFF MUNICIPAL AIRPORT, CA US",20.6,",,1",13.3,",,1",,,,,7.2,",,1",10.3,",,1",",,1",  130,",,1",3.2,  140,",,1",,,,,",,1",    1,,,,,,,True,2.0,0.0,0.0,20.6,13.3,16.950000000000003,79.08876902664666,0.0,2.0,0.0,0.0,0.0,2.0,0.05,1.7814169070250319,10.837321793111949,0.0046136860152827894,0.16437796542659422,cottonwood,USW00024216,"RED BLUFF MUNICIPAL AIRPORT, CA US",,
2026-05-30,USW00024216,,",,1,2400",,0.0,,,,,"RED BLUFF MUNICIPAL AIRPORT, CA US",27.2,",,1",15.6,",,1",,,,,5.4,",,1",7.6,",,1",",,1",  140,",,1",1.8,  170,",,1",,,,,,,,,,,,,True,0.0,0.0,0.0,27.2,15.6,21.4,69.54088286535064,0.0,0.0,0.0,0.0,0.0,0.0,0.05,1.4675642681805543,10.837321793111949,0.0046136860152827894,0.1354176148126669,cottonwood,USW00024216,"RED BLUFF MUNICIPAL AIRPORT, CA US",,
2026-05-31,USW00024216,,",,1,2400",,0.0,,,,,"RED BLUFF MUNICIPAL AIRPORT, CA US",31.7,",,1",12.8,",,1",,,,,8.9,",,1",11.6,",,1",",,1",  350,",,1",3.3,  340,",,1",,,,,,,,,,,,,True,0.0,0.0,0.0,31.7,12.8,22.25,55.07820463391566,0.0,0.0,0.0,0.0,0.0,0.0,0.05,1.2106034608239036,10.837321793111949,0.0046136860152827894,0.1117068851451238,cottonwood,USW00024216,"RED BLUFF MUNICIPAL AIRPORT, CA US",,
2026-06-01,USW00024216,,",,1,2400",,0.0,,,,,"RED BLUFF MUNICIPAL AIRPORT, CA US",34.4,",,1",13.9,",,1",,,,,6.7,",,1",9.8,",,1",",,1",  350,",,1",3.0,  360,",,1",,,,,,,,,,,,,True,0.0,0.0,0.0,34.4,13.9,24.15,52.75263994953973,0.0,0.0,0.0,0.0,0.0,0.0,0.05,1.0002217455052664,10.837321793111949,0.0046136860152827894,0.09229418158838777,cottonwood,USW00024216,"RED BLUFF MUNICIPAL AIRPORT, CA US",,
2026-06-02,USW00024216,,",,1,2400",,0.0,,,,,"RED BLUFF MUNICIPAL AIRPORT, CA US",35.0,",,1",15.0,",,1",,,,,6.7,",,1",8.9,",,1",",,1",  160,",,1",2.7,  130,",,1",,,,,,,,,,,,,True,0.0,0.0,0.0,35.0,15.0,25.0,53.83064226424434,0.0,0.0,0.0,0.0,0.0,0.0,0.05,0.8279757652886014,10.837321793111949,0.0046136860152827894,0.07640040418610171,cottonwood,USW00024216,"RED BLUFF MUNICIPAL AIRPORT, CA US",,
2026-06-03,USW00024216,,"T,,1,2400",,0.0,,,,,"RED BLUFF MUNICIPAL AIRPORT, CA US",35.0,",,1",20.6,",,1",,,,,8.0,",,1",13.0,",,1",",,1",  310,",,1",2.6,  320,",,1",,,,,,,,,,,,,True,0.0,0.0,0.0,35.0,20.6,27.8,64.9253595288962,0.0,0.0,0.0,0.0,0.0,0.0,0.05,0.6869526841911558,10.837321793111949,0.0046136860152827894,0.06338767984427421,cottonwood,USW00024216,"RED BLUFF MUNICIPAL AIRPORT, CA US",,
2026-06-04,USW00024216,,",,1,2400",,0.0,,,,,"RED BLUFF MUNICIPAL AIRPORT, CA US",36.1,",,1",18.3,",,1",,,,,8.9,",,1",11.6,",,1",",,1",  340,",,1",3.6,  340,",,1",,,,,,,,,,,,,True,0.0,0.0,0.0,36.1,18.3,27.200000000000003,58.28586632375751,0.0,0.0,0.0,0.0,0.0,0.0,0.05,0.571492750802867,10.837321793111949,0.0046136860152827894,0.05273376224429359,cottonwood,USW00024216,"RED BLUFF MUNICIPAL AIRPORT, CA US",,
2026-06-05,USW00024216,,",,1,2400",,0.0,,,,,"RED BLUFF MUNICIPAL AIRPORT, CA US",35.0,",,1",18.3,",,1",,,,,7.6,",,1",11.6,",,1",",,1",  300,",,1",3.5,  300,",,1",,,,,,,,,,,,,True,0.0,0.0,0.0,35.0,18.3,26.65,60.20081356774819,0.0,0.0,0.0,0.0,0.0,0.0,0.05,0.4769621525895395,10.837321793111949,0.0046136860152827894,0.044011072264430684,cottonwood,USW00024216,"RED BLUFF MUNICIPAL AIRPORT, CA US",,
2026-06-06,USW00024216,,",,1,2400",,0.0,,,,,"RED BLUFF MUNICIPAL AIRPORT, CA US",31.1,",,1",18.9,",,1",,,,,8.0,",,1",12.1,",,1",",,1",  160,",,1",4.2,  310,",,1",,,,,,,,,,,,,True,0.0,0.0,0.0,31.1,18.9,25.0,68.92406520064893,0.0,0.0,0.0,0.0,0.0,0.0,0.05,0.3995670447254299,10.837321793111949,0.0046136860152827894,0.036869537728351776,cottonwood,USW00024216,"RED BLUFF MUNICIPAL AIRPORT, CA US",,
2026-06-07,USW00024216,,",,1,2400",,0.0,,,,,"RED BLUFF MUNICIPAL AIRPORT, CA US",30.6,",,1",16.1,",,1",,,,,10.3,",,1",15.2,",,1",",,1",  350,",,1",3.9,  350,",,1",,,,,,,,,,,,,True,0.0,0.0,0.0,30.6,16.1,23.35,63.770742624002644,0.0,0.0,0.0,0.0,0.0,0.0,0.05,0.3362012897792958,10.837321793111949,0.0046136860152827894,0.03102254377949547,cottonwood,USW00024216,"RED BLUFF MUNICIPAL AIRPORT, CA US",,
2026-06-08,USW00024216,,",,1,2400",,0.3,,,,,"RED BLUFF MUNICIPAL AIRPORT, CA US",23.3,",,1",15.6,",,1",,,,,6.3,",,1",8.0,",,1",",,1",  170,",,1",2.3,  190,",,1",,,,,,,,,,,,,True,0.3,0.0,0.0,23.3,15.6,19.45,78.43360634030662,0.0,0.3,0.0,0.0,0.0,0.3,0.05,0.339530457288316,10.837321793111949,0.0046136860152827894,0.03132973845107348,cottonwood,USW00024216,"RED BLUFF MUNICIPAL AIRPORT, CA US",,
2026-06-09,USW00024216,,",,1,2400",,0.0,,,,,"RED BLUFF MUNICIPAL AIRPORT, CA US",30.0,",,1",11.7,",,1",,,,,4.5,",,1",7.2,",,1",",,1",   10,",,1",1.5,   30,",,1",,,,,,,,,,,,,True,0.0,0.0,0.0,30.0,11.7,20.85,55.81917051932364,0.0,0.0,0.0,0.0,0.0,0.0,0.05,0.2870474893346754,10.837321793111949,0.0046136860152827894,0.02648693974530855,cottonwood,USW00024216,"RED BLUFF MUNICIPAL AIRPORT, CA US",,
2026-06-10,USW00024216,,",,1,2400",,0.0,,,,,"RED BLUFF MUNICIPAL AIRPORT, CA US",35.6,",,1",16.7,",,1",,,,,10.7,",,1",16.5,",,1",",,1",  340,",,1",6.3,  340,",,1",,,,,,,,,,,,,True,0.0,0.0,0.0,35.6,16.7,26.15,56.048666292767784,0.0,0.0,0.0,0.0,0.0,0.0,0.05,0.2440780694582237,10.837321793111949,0.0046136860152827894,0.022521991513932558,cottonwood,USW00024216,"RED BLUFF MUNICIPAL AIRPORT, CA US",,
2026-06-11,USW00024216,,",,1,2400",,0.0,,,,,"RED BLUFF MUNICIPAL AIRPORT, CA US",39.4,",,1",23.9,",,1",,,,,12.5,",,1",18.3,",,1",",,1",  340,",,1",6.5,  340,",,1",,,,,,,,,,,,,True,0.0,0.0,0.0,39.4,23.9,31.65,63.588131216565266,0.0,0.0,0.0,0.0,0.0,0.0,0.05,0.20889768396345232,10.837321793111949,0.0046136860152827894,0.019275766462542875,cottonwood,USW00024216,"RED BLUFF MUNICIPAL AIRPORT, CA US",,
2026-06-12,USW00024216,,",,1,2400",,0.0,,,,,"RED BLUFF MUNICIPAL AIRPORT, CA US",40.0,",,1",22.2,",,1",,,,,9.4,",,1",13.0,",,1",",,1",  350,",,1",2.9,  360,",,1",,,,,,,,,,,,,True,0.0,0.0,0.0,40.0,22.2,31.1,59.19655935660437,0.0,0.0,0.0,0.0,0.0,0.0,0.05,0.18009442045374446,10.837321793111949,0.0046136860152827894,0.01661798218155799,cottonwood,USW00024216,"RED BLUFF MUNICIPAL AIRPORT, CA US",,
2026-06-13,USW00024216,,",,1,2400",,0.0,,,,,"RED BLUFF MUNICIPAL AIRPORT, CA US",40.6,",,1",18.9,",,1",,,,,8.0,",,1",11.2,",,1",",,1",  340,",,1",3.3,  340,",,1",,,,,,,,,,,,,True,0.0,0.0,0.0,40.6,18.9,29.75,52.18168225121222,0.0,0.0,0.0,0.0,0.0,0.0,0.05,0.15651230282933787,10.837321793111949,0.0046136860152827894,0.01444197245566842,cottonwood,USW00024216,"RED BLUFF MUNICIPAL AIRPORT, CA US",,
2026-06-14,USW00024216,,",,1,2400",,0.0,,,,,"RED BLUFF MUNICIPAL AIRPORT, CA US",40.0,",,1",20.0,",,1",,,,,7.2,",,1",8.9,",,1",",,1",  160,",,1",2.5,  150,",,1",,,,,,,,,,,,,True,0.0,0.0,0.0,40.0,20.0,30.0,55.07749010874435,0.0,0.0,0.0,0.0,0.0,0.0,0.05,0.13720489790753382,10.837321793111949,0.0046136860152827894,0.012660406374085833,cottonwood,USW00024216,"RED BLUFF MUNICIPAL AIRPORT, CA US",,
2026-06-15,USW00024216,,",,1,2400",,0.0,,,,,"RED BLUFF MUNICIPAL AIRPORT, CA US",42.8,",,1",21.1,",,1",,,,,7.6,",,1",9.8,",,1",",,1",  150,",,1",3.2,  140,",,1",,,,,,,,,,,,,True,0.0,0.0,0.0,42.8,21.1,31.95,52.73657962569271,0.0,0.0,0.0,0.0,0.0,0.0,0.05,0.1213973317359237,10.837321793111949,0.0046136860152827894,0.011201783434453534,cottonwood,USW00024216,"RED BLUFF MUNICIPAL AIRPORT, CA US",,
2026-06-16,USW00024216,,",,1,2400",,0.0,,,,,"RED BLUFF MUNICIPAL AIRPORT, CA US",36.7,",,1",21.1,",,1",,,,,8.0,",,1",9.8,",,1",",,1",  160,",,1",3.5,  170,",,1",,,,,,,,,,,,,True,0.0,0.0,0.0,36.7,21.1,28.900000000000002,62.804008959713826,0.0,0.0,0.0,0.0,0.0,0.0,0.05,0.1084551911799113,10.837321793111949,0.0046136860152827894,0.010007563976631561,cottonwood,USW00024216,"RED BLUFF MUNICIPAL AIRPORT, CA US",,
2026-06-17,USW00024216,,",,1,2400",,0.0,,,,,"RED BLUFF MUNICIPAL AIRPORT, CA US",37.8,",,1",20.0,",,1",,,,,7.2,",,1",9.4,",,1",",,1",  170,",,1",2.7,  170,",,1",,,,,,,,,,,,,True,0.0,0.0,0.0,37.8,20.0,28.9,58.68599567693597,0.0,0.0,0.0,0.0,0.0,0.0,0.05,0.08185327251889858,10.837321793111949,0.0046136860152827894,0.007552905974511468,cottonwood,USW00024216,"RED BLUFF MUNICIPAL AIRPORT, CA US",,
2026-06-18,USW00024216,,",,1,2400",,0.0,,,,,"RED BLUFF MUNICIPAL AIRPORT, CA US",35.0,",,1",20.0,",,1",,,,,9.4,",,1",13.9,",,1",",,1",  170,",,1",3.8,  170,",,1",,,,,,,,,,,,,True,0.0,0.0,0.0,35.0,20.0,27.5,63.67008147144812,0.0,0.0,0.0,0.0,0.0,0.0,0.05,0.06421289211433831,10.837321793111949,0.0046136860152827894,0.005925162446975703,cottonwood,USW00024216,"RED BLUFF MUNICIPAL AIRPORT, CA US",,
2026-06-19,USW00024216,,"T,,1,2400",,0.0,,,,,"RED BLUFF MUNICIPAL AIRPORT, CA US",28.3,",,1",17.8,",,1",,,,,6.7,",,1",8.5,",,1",",,1",  170,",,1",2.7,  130,",,1",,,,,,,,,,,,,True,0.0,0.0,0.0,28.3,17.8,23.05,72.32402977520597,0.0,0.0,0.0,0.0,0.0,0.0,0.05,0.05611729387206846,10.837321793111949,0.0046136860152827894,0.005178151479061536,cottonwood,USW00024216,"RED BLUFF MUNICIPAL AIRPORT, CA US",,
2026-06-20,USW00024216,,",,1,2400",,0.0,,,,,"RED BLUFF MUNICIPAL AIRPORT, CA US",31.7,",,1",16.1,",,1",,,,,6.7,",,1",8.5,",,1",",,1",  160,",,1",2.5,  180,",,1",,,,,,,,,,,,,True,0.0,0.0,0.0,31.7,16.1,23.9,61.692553954215626,0.0,0.0,0.0,0.0,0.0,0.0,0.05,0.05500841661867793,10.837321793111949,0.0046136860152827894,0.005075831249528875,cottonwood,USW00024216,"RED BLUFF MUNICIPAL AIRPORT, CA US",,
2026-06-21,USW00024216,,",,1,2400",,0.0,,,,,"RED BLUFF MUNICIPAL AIRPORT, CA US",33.9,",,1",16.1,",,1",,,,,6.7,",,1",9.4,",,1",",,1",  140,",,1",2.2,  160,",,1",,,,,,,,,,,,,True,0.0,0.0,0.0,33.9,16.1,25.0,57.760700022117,0.0,0.0,0.0,0.0,0.0,0.0,0.05,0.05410054470993846,10.837321793111949,0.0046136860152827894,0.004992058530948487,cottonwood,USW00024216,"RED BLUFF MUNICIPAL AIRPORT, CA US",,
2026-06-22,USW00024216,,",,1,2400",,0.0,,,,,"RED BLUFF MUNICIPAL AIRPORT, CA US",35.6,",,1",17.8,",,1",,,,,7.2,",,1",11.2,",,1",",,1",  170,",,1",3.1,  180,",,1",,,,,,,,,,,,,True,0.0,0.0,0.0,35.6,17.8,26.700000000000003,58.167242282258265,0.0,0.0,0.0,0.0,0.0,0.0,0.05,0.053357242058397855,10.837321793111949,0.0046136860152827894,0.004923471229977777,cottonwood,USW00024216,"RED BLUFF MUNICIPAL AIRPORT, CA US",,
2026-06-23,USW00024216,,",,1,2400",,0.0,,,,,"RED BLUFF MUNICIPAL AIRPORT, CA US",35.6,",,1",19.4,",,1",,,,,7.6,",,1",10.3,",,1",",,1",  150,",,1",3.3,  160,",,1",,,,,,,,,,,,,True,0.0,0.0,0.0,35.6,19.4,27.5,61.343157693930856,0.0,0.0,0.0,0.0,0.0,0.0,0.05,0.05274867731873715,10.837321793111949,0.0046136860152827894,0.0048673166974024405,cottonwood,USW00024216,"RED BLUFF MUNICIPAL AIRPORT, CA US",,
2026-06-24,USW00024216,,",,1,2400",,0.0,,,,,"RED BLUFF MUNICIPAL AIRPORT, CA US",36.1,",,1",18.3,",,1",,,,,8.0,",,1",12.1,",,1",",,1",  180,",,1",2.8,  190,",,1",,,,,,,,,,,,,True,0.0,0.0,0.0,36.1,18.3,27.200000000000003,58.28586632375751,0.0,0.0,0.0,0.0,0.0,0.0,0.05,0.052250426651138035,10.837321793111949,0.0046136860152827894,0.004821341254658294,cottonwood,USW00024216,"RED BLUFF MUNICIPAL AIRPORT, CA US",,
2026-06-25,USW00024216,,",,1,2400",,0.0,,,,,"RED BLUFF MUNICIPAL AIRPORT, CA US",33.9,",,1",18.3,",,1",,,,,8.0,",,1",11.2,",,1",",,1",  170,",,1",3.1,  170,",,1",,,,,,,,,,,,,True,0.0,0.0,0.0,33.9,18.3,26.1,62.186890864618405,0.0,0.0,0.0,0.0,0.0,0.0,0.05,0.051842493506833,10.837321793111949,0.0046136860152827894,0.004783699745797285,cottonwood,USW00024216,"RED BLUFF MUNICIPAL AIRPORT, CA US",,
2026-06-26,USW00024216,,",,1,2400",,0.0,,,,,"RED BLUFF MUNICIPAL AIRPORT, CA US",29.4,",,1",17.8,",,1",,,,,9.8,",,1",13.4,",,1",",,1",  150,",,1",5.6,  180,",,1",,,,,,,,,,,,,True,0.0,0.0,0.0,29.4,17.8,23.6,69.96187848759678,0.0,0.0,0.0,0.0,0.0,0.0,0.05,0.051508506096390676,10.837321793111949,0.0046136860152827894,0.0047528814849005195,cottonwood,USW00024216,"RED BLUFF MUNICIPAL AIRPORT, CA US",,
2026-06-27,USW00024216,,",,1,2400",,0.0,,,,,"RED BLUFF MUNICIPAL AIRPORT, CA US",26.7,",,1",15.6,",,1",,,,,7.2,",,1",9.8,",,1",",,1",  170,",,1",4.1,  180,",,1",,,,,,,,,,,,,True,0.0,0.0,0.0,26.7,15.6,21.15,70.61506120135417,0.0,0.0,0.0,0.0,0.0,0.0,0.05,0.05123506033232067,10.837321793111949,0.0046136860152827894,0.004727649626947957,cottonwood,USW00024216,"RED BLUFF MUNICIPAL AIRPORT, CA US",,
2026-06-28,USW00024216,,",,1,2400",,0.0,,,,,"RED BLUFF MUNICIPAL AIRPORT, CA US",30.0,",,1",16.7,",,1",,,,,10.7,",,1",14.8,",,1",",,1",  340,",,1",5.5,  340,",,1",,,,,,,,,,,,,True,0.0,0.0,0.0,30.0,16.7,23.35,66.2528714358481,0.0,0.0,0.0,0.0,0.0,0.0,0.05,0.05101118187597764,10.837321793111949,0.0046136860152827894,0.004706991528884898,cottonwood,USW00024216,"RED BLUFF MUNICIPAL AIRPORT, CA US",,
2026-06-29,USW00024216,,",,1,2400",,0.0,,,,,"RED BLUFF MUNICIPAL AIRPORT, CA US",31.1,",,1",20.0,",,1",,,,,10.3,",,1",13.4,",,1",",,1",  350,",,1",4.9,  350,",,1",,,,,,,,,,,,,True,0.0,0.0,0.0,31.1,20.0,25.55,71.42641338158175,0.0,0.0,0.0,0.0,0.0,0.0,0.05,0.05,10.837321793111949,0.0046136860152827894,0.0046136860152827894,cottonwood,USW00024216,"RED BLUFF MUNICIPAL AIRPORT, CA US",,
2026-06-30,USW00024216,,",,1,2400",,0.0,,,,,"RED BLUFF MUNICIPAL AIRPORT, CA US",35.0,",,1",16.1,",,1",,,,,7.6,",,1",9.8,",,1",",,1",  160,",,1",3.1,  170,",,1",,,,,,,,,,,,,True,0.0,0.0,0.0,35.0,16.1,25.55,55.901073211118785,0.0,0.0,0.0,0.0,0.0,0.0,0.05,0.05,10.837321793111949,0.0046136860152827894,0.0046136860152827894,cottonwood,USW00024216,"RED BLUFF MUNICIPAL AIRPORT, CA US",,
2025-07-01,,,,,,,,,,,,,,,,,,,,,,,,,,,,,,,,,,,,,,,,,False,0.0,0.0,0.0,30.0,6.1,18.05,45.52361260583458,0.0,0.0,0.0,0.0,0.0,0.0,0.05,0.05,35.47088780243157,0.0014096066689532492,0.0014096066689532492,mill_creek,USC00045679,"MINERAL, CA US",,
2025-07-02,,,,,,,,,,,,,,,,,,,,,,,,,,,,,,,,,,,,,,,,,False,0.0,0.0,0.0,30.0,6.1,18.05,45.52361260583458,0.0,0.0,0.0,0.0,0.0,0.0,0.05,0.05,35.47088780243157,0.0014096066689532492,0.0014096066689532492,mill_creek,USC00045679,"MINERAL, CA US",,
2025-07-03,,,,,,,,,,,,,,,,,,,,,,,,,,,,,,,,,,,,,,,,,False,0.0,0.0,0.0,30.0,6.1,18.05,45.52361260583458,0.0,0.0,0.0,0.0,0.0,0.0,0.05,0.05,35.47088780243157,0.0014096066689532492,0.0014096066689532492,mill_creek,USC00045679,"MINERAL, CA US",,
2025-07-04,,,,,,,,,,,,,,,,,,,,,,,,,,,,,,,,,,,,,,,,,False,0.0,0.0,0.0,30.0,6.1,18.05,45.52361260583458,0.0,0.0,0.0,0.0,0.0,0.0,0.05,0.05,35.47088780243157,0.0014096066689532492,0.0014096066689532492,mill_creek,USC00045679,"MINERAL, CA US",,
2025-07-05,,,,,,,,,,,,,,,,,,,,,,,,,,,,,,,,,,,,,,,,,False,0.0,0.0,0.0,30.0,6.1,18.05,45.52361260583458,0.0,0.0,0.0,0.0,0.0,0.0,0.05,0.05,35.47088780243157,0.0014096066689532492,0.0014096066689532492,mill_creek,USC00045679,"MINERAL, CA US",,
2025-07-06,,,,,,,,,,,,,,,,,,,,,,,,,,,,,,,,,,,,,,,,,False,0.0,0.0,0.0,30.0,6.1,18.05,45.52361260583458,0.0,0.0,0.0,0.0,0.0,0.0,0.05,0.05,35.47088780243157,0.0014096066689532492,0.0014096066689532492,mill_creek,USC00045679,"MINERAL, CA US",,
2025-07-07,,,,,,,,,,,,,,,,,,,,,,,,,,,,,,,,,,,,,,,,,False,0.0,0.0,0.0,30.0,6.1,18.05,45.52361260583458,0.0,0.0,0.0,0.0,0.0,0.0,0.05,0.05,35.47088780243157,0.0014096066689532492,0.0014096066689532492,mill_creek,USC00045679,"MINERAL, CA US",,
2025-07-08,,,,,,,,,,,,,,,,,,,,,,,,,,,,,,,,,,,,,,,,,False,0.0,0.0,0.0,30.0,6.1,18.05,45.52361260583458,0.0,0.0,0.0,0.0,0.0,0.0,0.05,0.05,35.47088780243157,0.0014096066689532492,0.0014096066689532492,mill_creek,USC00045679,"MINERAL, CA US",,
2025-07-09,,,,,,,,,,,,,,,,,,,,,,,,,,,,,,,,,,,,,,,,,False,0.0,0.0,0.0,30.0,6.1,18.05,45.52361260583458,0.0,0.0,0.0,0.0,0.0,0.0,0.05,0.05,35.47088780243157,0.0014096066689532492,0.0014096066689532492,mill_creek,USC00045679,"MINERAL, CA US",,
2025-07-10,,,,,,,,,,,,,,,,,,,,,,,,,,,,,,,,,,,,,,,,,False,0.0,0.0,0.0,30.0,6.1,18.05,45.52361260583458,0.0,0.0,0.0,0.0,0.0,0.0,0.05,0.05,35.47088780243157,0.0014096066689532492,0.0014096066689532492,mill_creek,USC00045679,"MINERAL, CA US",,
2025-07-11,,,,,,,,,,,,,,,,,,,,,,,,,,,,,,,,,,,,,,,,,False,0.0,0.0,0.0,30.0,6.1,18.05,45.52361260583458,0.0,0.0,0.0,0.0,0.0,0.0,0.05,0.05,35.47088780243157,0.0014096066689532492,0.0014096066689532492,mill_creek,USC00045679,"MINERAL, CA US",,
2025-07-12,,,,,,,,,,,,,,,,,,,,,,,,,,,,,,,,,,,,,,,,,False,0.0,0.0,0.0,30.0,6.1,18.05,45.52361260583458,0.0,0.0,0.0,0.0,0.0,0.0,0.05,0.05,35.47088780243157,0.0014096066689532492,0.0014096066689532492,mill_creek,USC00045679,"MINERAL, CA US",,
2025-07-13,,,,,,,,,,,,,,,,,,,,,,,,,,,,,,,,,,,,,,,,,False,0.0,0.0,0.0,30.0,6.1,18.05,45.52361260583458,0.0,0.0,0.0,0.0,0.0,0.0,0.05,0.05,35.47088780243157,0.0014096066689532492,0.0014096066689532492,mill_creek,USC00045679,"MINERAL, CA US",,
2025-07-14,,,,,,,,,,,,,,,,,,,,,,,,,,,,,,,,,,,,,,,,,False,0.0,0.0,0.0,30.0,6.1,18.05,45.52361260583458,0.0,0.0,0.0,0.0,0.0,0.0,0.05,0.05,35.47088780243157,0.0014096066689532492,0.0014096066689532492,mill_creek,USC00045679,"MINERAL, CA US",,
2025-07-15,,,,,,,,,,,,,,,,,,,,,,,,,,,,,,,,,,,,,,,,,False,0.0,0.0,0.0,30.0,6.1,18.05,45.52361260583458,0.0,0.0,0.0,0.0,0.0,0.0,0.05,0.05,35.47088780243157,0.0014096066689532492,0.0014096066689532492,mill_creek,USC00045679,"MINERAL, CA US",,
2025-07-16,,,,,,,,,,,,,,,,,,,,,,,,,,,,,,,,,,,,,,,,,False,0.0,0.0,0.0,30.0,6.1,18.05,45.52361260583458,0.0,0.0,0.0,0.0,0.0,0.0,0.05,0.05,35.47088780243157,0.0014096066689532492,0.0014096066689532492,mill_creek,USC00045679,"MINERAL, CA US",,
2025-07-17,,,,,,,,,,,,,,,,,,,,,,,,,,,,,,,,,,,,,,,,,False,0.0,0.0,0.0,30.0,6.1,18.05,45.52361260583458,0.0,0.0,0.0,0.0,0.0,0.0,0.05,0.05,35.47088780243157,0.0014096066689532492,0.0014096066689532492,mill_creek,USC00045679,"MINERAL, CA US",,
2025-07-18,,,,,,,,,,,,,,,,,,,,,,,,,,,,,,,,,,,,,,,,,False,0.0,0.0,0.0,30.0,6.1,18.05,45.52361260583458,0.0,0.0,0.0,0.0,0.0,0.0,0.05,0.05,35.47088780243157,0.0014096066689532492,0.0014096066689532492,mill_creek,USC00045679,"MINERAL, CA US",,
2025-07-19,,,,,,,,,,,,,,,,,,,,,,,,,,,,,,,,,,,,,,,,,False,0.0,0.0,0.0,30.0,6.1,18.05,45.52361260583458,0.0,0.0,0.0,0.0,0.0,0.0,0.05,0.05,35.47088780243157,0.0014096066689532492,0.0014096066689532492,mill_creek,USC00045679,"MINERAL, CA US",,
2025-07-20,,,,,,,,,,,,,,,,,,,,,,,,,,,,,,,,,,,,,,,,,False,0.0,0.0,0.0,30.0,6.1,18.05,45.52361260583458,0.0,0.0,0.0,0.0,0.0,0.0,0.05,0.05,35.47088780243157,0.0014096066689532492,0.0014096066689532492,mill_creek,USC00045679,"MINERAL, CA US",,
2025-07-21,,,,,,,,,,,,,,,,,,,,,,,,,,,,,,,,,,,,,,,,,False,0.0,0.0,0.0,30.0,6.1,18.05,45.52361260583458,0.0,0.0,0.0,0.0,0.0,0.0,0.05,0.05,35.47088780243157,0.0014096066689532492,0.0014096066689532492,mill_creek,USC00045679,"MINERAL, CA US",,
2025-07-22,,,,,,,,,,,,,,,,,,,,,,,,,,,,,,,,,,,,,,,,,False,0.0,0.0,0.0,30.0,6.1,18.05,45.52361260583458,0.0,0.0,0.0,0.0,0.0,0.0,0.05,0.05,35.47088780243157,0.0014096066689532492,0.0014096066689532492,mill_creek,USC00045679,"MINERAL, CA US",,
2025-07-23,,,,,,,,,,,,,,,,,,,,,,,,,,,,,,,,,,,,,,,,,False,0.0,0.0,0.0,30.0,6.1,18.05,45.52361260583458,0.0,0.0,0.0,0.0,0.0,0.0,0.05,0.05,35.47088780243157,0.0014096066689532492,0.0014096066689532492,mill_creek,USC00045679,"MINERAL, CA US",,
2025-07-24,,,,,,,,,,,,,,,,,,,,,,,,,,,,,,,,,,,,,,,,,False,0.0,0.0,0.0,30.0,6.1,18.05,45.52361260583458,0.0,0.0,0.0,0.0,0.0,0.0,0.05,0.05,35.47088780243157,0.0014096066689532492,0.0014096066689532492,mill_creek,USC00045679,"MINERAL, CA US",,
2025-07-25,,,,,,,,,,,,,,,,,,,,,,,,,,,,,,,,,,,,,,,,,False,0.0,0.0,0.0,30.0,6.1,18.05,45.52361260583458,0.0,0.0,0.0,0.0,0.0,0.0,0.05,0.05,35.47088780243157,0.0014096066689532492,0.0014096066689532492,mill_creek,USC00045679,"MINERAL, CA US",,
2025-07-26,,,,,,,,,,,,,,,,,,,,,,,,,,,,,,,,,,,,,,,,,False,0.0,0.0,0.0,30.0,6.1,18.05,45.52361260583458,0.0,0.0,0.0,0.0,0.0,0.0,0.05,0.05,35.47088780243157,0.0014096066689532492,0.0014096066689532492,mill_creek,USC00045679,"MINERAL, CA US",,
2025-07-27,,,,,,,,,,,,,,,,,,,,,,,,,,,,,,,,,,,,,,,,,False,0.0,0.0,0.0,30.0,6.1,18.05,45.52361260583458,0.0,0.0,0.0,0.0,0.0,0.0,0.05,0.05,35.47088780243157,0.0014096066689532492,0.0014096066689532492,mill_creek,USC00045679,"MINERAL, CA US",,
2025-07-28,,,,,,,,,,,,,,,,,,,,,,,,,,,,,,,,,,,,,,,,,False,0.0,0.0,0.0,30.0,6.1,18.05,45.52361260583458,0.0,0.0,0.0,0.0,0.0,0.0,0.05,0.05,35.47088780243157,0.0014096066689532492,0.0014096066689532492,mill_creek,USC00045679,"MINERAL, CA US",,
2025-07-29,,,,,,,,,,,,,,,,,,,,,,,,,,,,,,,,,,,,,,,,,False,0.0,0.0,0.0,30.0,6.1,18.05,45.52361260583458,0.0,0.0,0.0,0.0,0.0,0.0,0.05,0.05,35.47088780243157,0.0014096066689532492,0.0014096066689532492,mill_creek,USC00045679,"MINERAL, CA US",,
2025-07-30,,,,,,,,,,,,,,,,,,,,,,,,,,,,,,,,,,,,,,,,,False,0.0,0.0,0.0,30.0,6.1,18.05,45.52361260583458,0.0,0.0,0.0,0.0,0.0,0.0,0.05,0.05,35.47088780243157,0.0014096066689532492,0.0014096066689532492,mill_creek,USC00045679,"MINERAL, CA US",,
2025-07-31,,,,,,,,,,,,,,,,,,,,,,,,,,,,,,,,,,,,,,,,,False,0.0,0.0,0.0,30.0,6.1,18.05,45.52361260583458,0.0,0.0,0.0,0.0,0.0,0.0,0.05,0.05,35.47088780243157,0.0014096066689532492,0.0014096066689532492,mill_creek,USC00045679,"MINERAL, CA US",,
2025-08-01,,,,,,,,,,,,,,,,,,,,,,,,,,,,,,,,,,,,,,,,,False,0.0,0.0,0.0,30.0,6.1,18.05,45.52361260583458,0.0,0.0,0.0,0.0,0.0,0.0,0.05,0.05,35.47088780243157,0.0014096066689532492,0.0014096066689532492,mill_creek,USC00045679,"MINERAL, CA US",,
2025-08-02,,,,,,,,,,,,,,,,,,,,,,,,,,,,,,,,,,,,,,,,,False,0.0,0.0,0.0,30.0,6.1,18.05,45.52361260583458,0.0,0.0,0.0,0.0,0.0,0.0,0.05,0.05,35.47088780243157,0.0014096066689532492,0.0014096066689532492,mill_creek,USC00045679,"MINERAL, CA US",,
2025-08-03,,,,,,,,,,,,,,,,,,,,,,,,,,,,,,,,,,,,,,,,,False,0.0,0.0,0.0,30.0,6.1,18.05,45.52361260583458,0.0,0.0,0.0,0.0,0.0,0.0,0.05,0.05,35.47088780243157,0.0014096066689532492,0.0014096066689532492,mill_creek,USC00045679,"MINERAL, CA US",,
2025-08-04,,,,,,,,,,,,,,,,,,,,,,,,,,,,,,,,,,,,,,,,,False,0.0,0.0,0.0,30.0,6.1,18.05,45.52361260583458,0.0,0.0,0.0,0.0,0.0,0.0,0.05,0.05,35.47088780243157,0.0014096066689532492,0.0014096066689532492,mill_creek,USC00045679,"MINERAL, CA US",,
2025-08-05,,,,,,,,,,,,,,,,,,,,,,,,,,,,,,,,,,,,,,,,,False,0.0,0.0,0.0,30.0,6.1,18.05,45.52361260583458,0.0,0.0,0.0,0.0,0.0,0.0,0.05,0.05,35.47088780243157,0.0014096066689532492,0.0014096066689532492,mill_creek,USC00045679,"MINERAL, CA US",,
2025-08-06,,,,,,,,,,,,,,,,,,,,,,,,,,,,,,,,,,,,,,,,,False,0.0,0.0,0.0,30.0,6.1,18.05,45.52361260583458,0.0,0.0,0.0,0.0,0.0,0.0,0.05,0.05,35.47088780243157,0.0014096066689532492,0.0014096066689532492,mill_creek,USC00045679,"MINERAL, CA US",,
2025-08-07,,,,,,,,,,,,,,,,,,,,,,,,,,,,,,,,,,,,,,,,,False,0.0,0.0,0.0,30.0,6.1,18.05,45.52361260583458,0.0,0.0,0.0,0.0,0.0,0.0,0.05,0.05,35.47088780243157,0.0014096066689532492,0.0014096066689532492,mill_creek,USC00045679,"MINERAL, CA US",,
2025-08-08,,,,,,,,,,,,,,,,,,,,,,,,,,,,,,,,,,,,,,,,,False,0.0,0.0,0.0,30.0,6.1,18.05,45.52361260583458,0.0,0.0,0.0,0.0,0.0,0.0,0.05,0.05,35.47088780243157,0.0014096066689532492,0.0014096066689532492,mill_creek,USC00045679,"MINERAL, CA US",,
2025-08-09,,,,,,,,,,,,,,,,,,,,,,,,,,,,,,,,,,,,,,,,,False,0.0,0.0,0.0,30.0,6.1,18.05,45.52361260583458,0.0,0.0,0.0,0.0,0.0,0.0,0.05,0.05,35.47088780243157,0.0014096066689532492,0.0014096066689532492,mill_creek,USC00045679,"MINERAL, CA US",,
2025-08-10,,,,,,,,,,,,,,,,,,,,,,,,,,,,,,,,,,,,,,,,,False,0.0,0.0,0.0,30.0,6.1,18.05,45.52361260583458,0.0,0.0,0.0,0.0,0.0,0.0,0.05,0.05,35.47088780243157,0.0014096066689532492,0.0014096066689532492,mill_creek,USC00045679,"MINERAL, CA US",,
2025-08-11,,,,,,,,,,,,,,,,,,,,,,,,,,,,,,,,,,,,,,,,,False,0.0,0.0,0.0,30.0,6.1,18.05,45.52361260583458,0.0,0.0,0.0,0.0,0.0,0.0,0.05,0.05,35.47088780243157,0.0014096066689532492,0.0014096066689532492,mill_creek,USC00045679,"MINERAL, CA US",,
2025-08-12,,,,,,,,,,,,,,,,,,,,,,,,,,,,,,,,,,,,,,,,,False,0.0,0.0,0.0,30.0,6.1,18.05,45.52361260583458,0.0,0.0,0.0,0.0,0.0,0.0,0.05,0.05,35.47088780243157,0.0014096066689532492,0.0014096066689532492,mill_creek,USC00045679,"MINERAL, CA US",,
2025-08-13,,,,,,,,,,,,,,,,,,,,,,,,,,,,,,,,,,,,,,,,,False,0.0,0.0,0.0,30.0,6.1,18.05,45.52361260583458,0.0,0.0,0.0,0.0,0.0,0.0,0.05,0.05,35.47088780243157,0.0014096066689532492,0.0014096066689532492,mill_creek,USC00045679,"MINERAL, CA US",,
2025-08-14,,,,,,,,,,,,,,,,,,,,,,,,,,,,,,,,,,,,,,,,,False,0.0,0.0,0.0,30.0,6.1,18.05,45.52361260583458,0.0,0.0,0.0,0.0,0.0,0.0,0.05,0.05,35.47088780243157,0.0014096066689532492,0.0014096066689532492,mill_creek,USC00045679,"MINERAL, CA US",,
2025-08-15,,,,,,,,,,,,,,,,,,,,,,,,,,,,,,,,,,,,,,,,,False,0.0,0.0,0.0,30.0,6.1,18.05,45.52361260583458,0.0,0.0,0.0,0.0,0.0,0.0,0.05,0.05,35.47088780243157,0.0014096066689532492,0.0014096066689532492,mill_creek,USC00045679,"MINERAL, CA US",,
2025-08-16,,,,,,,,,,,,,,,,,,,,,,,,,,,,,,,,,,,,,,,,,False,0.0,0.0,0.0,30.0,6.1,18.05,45.52361260583458,0.0,0.0,0.0,0.0,0.0,0.0,0.05,0.05,35.47088780243157,0.0014096066689532492,0.0014096066689532492,mill_creek,USC00045679,"MINERAL, CA US",,
2025-08-17,,,,,,,,,,,,,,,,,,,,,,,,,,,,,,,,,,,,,,,,,False,0.0,0.0,0.0,30.0,6.1,18.05,45.52361260583458,0.0,0.0,0.0,0.0,0.0,0.0,0.05,0.05,35.47088780243157,0.0014096066689532492,0.0014096066689532492,mill_creek,USC00045679,"MINERAL, CA US",,
2025-08-18,,,,,,,,,,,,,,,,,,,,,,,,,,,,,,,,,,,,,,,,,False,0.0,0.0,0.0,30.0,6.1,18.05,45.52361260583458,0.0,0.0,0.0,0.0,0.0,0.0,0.05,0.05,35.47088780243157,0.0014096066689532492,0.0014096066689532492,mill_creek,USC00045679,"MINERAL, CA US",,
2025-08-19,,,,,,,,,,,,,,,,,,,,,,,,,,,,,,,,,,,,,,,,,False,0.0,0.0,0.0,30.0,6.1,18.05,45.52361260583458,0.0,0.0,0.0,0.0,0.0,0.0,0.05,0.05,35.47088780243157,0.0014096066689532492,0.0014096066689532492,mill_creek,USC00045679,"MINERAL, CA US",,
2025-08-20,,,,,,,,,,,,,,,,,,,,,,,,,,,,,,,,,,,,,,,,,False,0.0,0.0,0.0,30.0,6.1,18.05,45.52361260583458,0.0,0.0,0.0,0.0,0.0,0.0,0.05,0.05,35.47088780243157,0.0014096066689532492,0.0014096066689532492,mill_creek,USC00045679,"MINERAL, CA US",,
2025-08-21,,,,,,,,,,,,,,,,,,,,,,,,,,,,,,,,,,,,,,,,,False,0.0,0.0,0.0,30.0,6.1,18.05,45.52361260583458,0.0,0.0,0.0,0.0,0.0,0.0,0.05,0.05,35.47088780243157,0.0014096066689532492,0.0014096066689532492,mill_creek,USC00045679,"MINERAL, CA US",,
2025-08-22,,,,,,,,,,,,,,,,,,,,,,,,,,,,,,,,,,,,,,,,,False,0.0,0.0,0.0,30.0,6.1,18.05,45.52361260583458,0.0,0.0,0.0,0.0,0.0,0.0,0.05,0.05,35.47088780243157,0.0014096066689532492,0.0014096066689532492,mill_creek,USC00045679,"MINERAL, CA US",,
2025-08-23,,,,,,,,,,,,,,,,,,,,,,,,,,,,,,,,,,,,,,,,,False,0.0,0.0,0.0,30.0,6.1,18.05,45.52361260583458,0.0,0.0,0.0,0.0,0.0,0.0,0.05,0.05,35.47088780243157,0.0014096066689532492,0.0014096066689532492,mill_creek,USC00045679,"MINERAL, CA US",,
2025-08-24,,,,,,,,,,,,,,,,,,,,,,,,,,,,,,,,,,,,,,,,,False,0.0,0.0,0.0,30.0,6.1,18.05,45.52361260583458,0.0,0.0,0.0,0.0,0.0,0.0,0.05,0.05,35.47088780243157,0.0014096066689532492,0.0014096066689532492,mill_creek,USC00045679,"MINERAL, CA US",,
2025-08-25,,,,,,,,,,,,,,,,,,,,,,,,,,,,,,,,,,,,,,,,,False,0.0,0.0,0.0,30.0,6.1,18.05,45.52361260583458,0.0,0.0,0.0,0.0,0.0,0.0,0.05,0.05,35.47088780243157,0.0014096066689532492,0.0014096066689532492,mill_creek,USC00045679,"MINERAL, CA US",,
2025-08-26,,,,,,,,,,,,,,,,,,,,,,,,,,,,,,,,,,,,,,,,,False,0.0,0.0,0.0,30.0,6.1,18.05,45.52361260583458,0.0,0.0,0.0,0.0,0.0,0.0,0.05,0.05,35.47088780243157,0.0014096066689532492,0.0014096066689532492,mill_creek,USC00045679,"MINERAL, CA US",,
2025-08-27,,,,,,,,,,,,,,,,,,,,,,,,,,,,,,,,,,,,,,,,,False,0.0,0.0,0.0,30.0,6.1,18.05,45.52361260583458,0.0,0.0,0.0,0.0,0.0,0.0,0.05,0.05,35.47088780243157,0.0014096066689532492,0.0014096066689532492,mill_creek,USC00045679,"MINERAL, CA US",,
2025-08-28,,,,,,,,,,,,,,,,,,,,,,,,,,,,,,,,,,,,,,,,,False,0.0,0.0,0.0,30.0,6.1,18.05,45.52361260583458,0.0,0.0,0.0,0.0,0.0,0.0,0.05,0.05,35.47088780243157,0.0014096066689532492,0.0014096066689532492,mill_creek,USC00045679,"MINERAL, CA US",,
2025-08-29,,,,,,,,,,,,,,,,,,,,,,,,,,,,,,,,,,,,,,,,,False,0.0,0.0,0.0,30.0,6.1,18.05,45.52361260583458,0.0,0.0,0.0,0.0,0.0,0.0,0.05,0.05,35.47088780243157,0.0014096066689532492,0.0014096066689532492,mill_creek,USC00045679,"MINERAL, CA US",,
2025-08-30,,,,,,,,,,,,,,,,,,,,,,,,,,,,,,,,,,,,,,,,,False,0.0,0.0,0.0,30.0,6.1,18.05,45.52361260583458,0.0,0.0,0.0,0.0,0.0,0.0,0.05,0.05,35.47088780243157,0.0014096066689532492,0.0014096066689532492,mill_creek,USC00045679,"MINERAL, CA US",,
2025-08-31,,,,,,,,,,,,,,,,,,,,,,,,,,,,,,,,,,,,,,,,,False,0.0,0.0,0.0,30.0,6.1,18.05,45.52361260583458,0.0,0.0,0.0,0.0,0.0,0.0,0.05,0.05,35.47088780243157,0.0014096066689532492,0.0014096066689532492,mill_creek,USC00045679,"MINERAL, CA US",,
2025-09-01,,,,,,,,,,,,,,,,,,,,,,,,,,,,,,,,,,,,,,,,,False,0.0,0.0,0.0,30.0,6.1,18.05,45.52361260583458,0.0,0.0,0.0,0.0,0.0,0.0,0.05,0.05,35.47088780243157,0.0014096066689532492,0.0014096066689532492,mill_creek,USC00045679,"MINERAL, CA US",,
2025-09-02,USC00045679,0.0,",,7,0800",",,7,0800",0.0,11.1,",,7,0800",",,7,0800",0.0,"MINERAL, CA US",30.0,",,7",6.1,",,7",,,,,,,,,,,,,,,,,,,,,,,,,,,True,0.0,0.0,0.0,30.0,6.1,18.05,45.52361260583458,0.0,0.0,0.0,0.0,0.0,0.0,0.05,0.05,35.47088780243157,0.0014096066689532492,0.0014096066689532492,mill_creek,USC00045679,"MINERAL, CA US",,
2025-09-03,USC00045679,0.0,",,7,0800",",,7,0800",9.1,11.7,",,7,0800",",,7,0800",0.0,"MINERAL, CA US",28.9,",,7",7.8,",,7",,,,,,,,,,,,,,,,,,,,,,,,,,,True,9.1,0.0,0.0,28.9,7.8,18.349999999999998,50.19549365007653,0.0,9.1,0.0,0.0,0.0,9.1,0.05,1.7246626798545104,35.47088780243157,0.0014096066689532492,0.048621920304354006,mill_creek,USC00045679,"MINERAL, CA US",,
2025-09-04,USC00045679,0.0,",,7,0800",",,7,0800",0.0,9.4,",,7,0800",",,7,0800",0.0,"MINERAL, CA US",27.2,",,7",8.9,",,7",,,,,,,,,,,,,,,,,,,,,,,,,,,True,0.0,0.0,0.0,27.2,8.9,18.05,55.10911625230447,0.0,0.0,0.0,0.0,0.0,0.0,0.05,1.4210978370288747,35.47088780243157,0.0014096066689532492,0.04006377976621879,mill_creek,USC00045679,"MINERAL, CA US",,
2025-09-05,USC00045679,0.0,",,7,0800",",,7,0800",0.0,9.4,",,7,0800",",,7,0800",0.0,"MINERAL, CA US",27.8,",,7",7.8,",,7",,,,,,,,,,,,,,,,,,,,,,,,,,,True,0.0,0.0,0.0,27.8,7.8,17.8,51.96029648539692,0.0,0.0,0.0,0.0,0.0,0.0,0.05,1.1725599646542426,35.47088780243157,0.0014096066689532492,0.03305696691848413,mill_creek,USC00045679,"MINERAL, CA US",,
2025-09-06,USC00045679,0.0,",,7,0800",",,7,0800",0.0,16.7,",,7,0800",",,7,0800",0.0,"MINERAL, CA US",27.8,",,7",6.1,",,7",,,,,,,,,,,,,,,,,,,,,,,,,,,True,0.0,0.0,0.0,27.8,6.1,16.95,48.79588799715055,0.0,0.0,0.0,0.0,0.0,0.0,0.05,0.9690743652365608,35.47088780243157,0.0014096066689532492,0.027320273758981856,mill_creek,USC00045679,"MINERAL, CA US",,
2025-09-07,USC00045679,0.0,",,7,0800",",,7,0800",0.0,20.0,",,7,0800",",,7,0800",0.0,"MINERAL, CA US",25.6,",,7",2.8,",,7",,,,,,,,,,,,,,,,,,,,,,,,,,,True,0.0,0.0,0.0,25.6,2.8,14.200000000000001,46.2003044244183,0.0,0.0,0.0,0.0,0.0,0.0,0.05,0.8024744471847975,35.47088780243157,0.0014096066689532492,0.02262346664832525,mill_creek,USC00045679,"MINERAL, CA US",,
2025-09-08,USC00045679,0.0,",,7,0800",",,7,0800",0.0,5.0,",,7,0800",",,7,0800",0.0,"MINERAL, CA US",22.2,",,7",3.9,",,7",,,,,,,,,,,,,,,,,,,,,,,,,,,True,0.0,0.0,0.0,22.2,3.9,13.049999999999999,53.805791884882325,0.0,0.0,0.0,0.0,0.0,0.0,0.05,0.6660739708155474,35.47088780243157,0.0014096066689532492,0.01877804622555535,mill_creek,USC00045679,"MINERAL, CA US",,
2025-09-09,USC00045679,0.0,",,7,0800",",,7,0800",1.0,10.0,",,7,0800",",,7,0800",0.0,"MINERAL, CA US",22.2,",,7",3.9,",,7",,,,,,,,,,,,,,,,,,,,,,,,,,,True,1.0,0.0,0.0,22.2,3.9,13.049999999999999,53.805791884882325,0.0,1.0,0.0,0.0,0.0,1.0,0.05,0.7384275719956339,35.47088780243157,0.0014096066689532492,0.02081784860048002,mill_creek,USC00045679,"MINERAL, CA US",,
2025-09-10,USC00045679,0.0,",,7,0800",",,7,0800",0.0,8.9,",,7,0800",",,7,0800",0.0,"MINERAL, CA US",20.0,",,7",6.7,",,7",,,,,,,,,,,,,,,,,,,,,,,,,,,True,0.0,0.0,0.0,20.0,6.7,13.35,64.0903506479718,0.0,0.0,0.0,0.0,0.0,0.0,0.05,0.6136368244596319,35.47088780243157,0.0014096066689532492,0.017299731201471828,mill_creek,USC00045679,"MINERAL, CA US",,
2025-09-11,USC00045679,0.0,",,7,0800",",,7,0800",45.5,8.9,",,7,0800",",,7,0800",0.0,"MINERAL, CA US",13.3,",,7",7.8,",,7",,,,,,,,,,,,,,,,,,,,,,,,,,,True,45.5,0.0,0.0,13.3,7.8,10.55,83.09488237824804,0.015474411891240223,45.5,0.0,0.0,0.0,45.51547441189124,0.05,8.887627939495964,35.47088780243157,0.0014096066689532492,0.2505611922937747,mill_creek,USC00045679,"MINERAL, CA US",,
2025-09-12,USC00045679,0.0,",,7,0800",",,7,0800",0.3,7.2,",,7,0800",",,7,0800",0.0,"MINERAL, CA US",15.6,",,7",6.1,",,7",,,,,,,,,,,,,,,,,,,,,,,,,,,True,0.3,0.0,0.0,15.6,6.1,10.85,72.49369092786263,0.0,0.3,0.0,0.0,0.0,0.3,0.05,7.340846438101966,35.47088780243157,0.0014096066689532492,0.20695412189820472,mill_creek,USC00045679,"MINERAL, CA US",,
2025-09-13,USC00045679,0.0,",,7,0800",",,7,0800",0.3,10.0,",,7,0800",",,7,0800",0.0,"MINERAL, CA US",19.4,",,7",4.4,",,7",,,,,,,,,,,,,,,,,,,,,,,,,,,True,0.3,0.0,0.0,19.4,4.4,11.899999999999999,60.09255291969044,0.0,0.3,0.0,0.0,0.0,0.3,0.05,6.074448854618568,35.47088780243157,0.0014096066689532492,0.1712516723137152,mill_creek,USC00045679,"MINERAL, CA US",,
2025-09-14,USC00045679,0.0,",,7,0800",",,7,0800",0.0,17.2,",,7,0800",",,7,0800",0.0,"MINERAL, CA US",22.8,",,7",6.1,",,7",,,,,,,,,,,,,,,,,,,,,,,,,,,True,0.0,0.0,0.0,22.8,6.1,14.45,57.26060441305949,0.0,0.0,0.0,0.0,0.0,0.0,0.05,4.982401547621645,35.47088780243157,0.0014096066689532492,0.1404645289786092,mill_creek,USC00045679,"MINERAL, CA US",,
2025-09-15,,,,,,,,,,,,,,,,,,,,,,,,,,,,,,,,,,,,,,,,,False,0.0,0.0,0.0,23.6,6.1,14.850000000000001,55.80200207128122,0.0,0.0,0.0,0.0,0.0,0.0,0.05,4.0883088335672735,35.47088780243157,0.0014096066689532492,0.11525814793073816,mill_creek,USC00045679,"MINERAL, CA US",,
2025-09-16,USC00045679,0.0,",,7,0800",",,7,0800",0.0,6.7,",,7,0800",",,7,0800",0.0,"MINERAL, CA US",24.4,",,7",6.1,",,7",,,,,,,,,,,,,,,,,,,,,,,,,,,True,0.0,0.0,0.0,24.4,6.1,15.25,54.38490103933714,0.0,0.0,0.0,0.0,0.0,0.0,0.05,3.356287632468,35.47088780243157,0.0014096066689532492,0.09462090859304409,mill_creek,USC00045679,"MINERAL, CA US",,
2025-09-17,USC00045679,0.0,",,7,0800",",,7,0800",0.0,8.3,",,7,0800",",,7,0800",0.0,"MINERAL, CA US",26.7,",,7",3.9,",,7",,,,,,,,,,,,,,,,,,,,,,,,,,,True,0.0,0.0,0.0,26.7,3.9,15.299999999999999,46.511489847433005,0.0,0.0,0.0,0.0,0.0,0.0,0.05,2.756959363222944,35.47088780243157,0.0014096066689532492,0.0777245660886433,mill_creek,USC00045679,"MINERAL, CA US",,
2025-09-18,USC00045679,0.0,",,7,0800",",,7,0800",0.0,8.3,",,7,0800",",,7,0800",0.0,"MINERAL, CA US",26.7,",,7",3.9,",,7",,,,,,,,,,,,,,,,,,,,,,,,,,,True,0.0,0.0,0.0,26.7,3.9,15.299999999999999,46.511489847433005,0.0,0.0,0.0,0.0,0.0,0.0,0.05,2.2662708780030147,35.47088780243157,0.0014096066689532492,0.06389101086575169,mill_creek,USC00045679,"MINERAL, CA US",,
2025-09-19,USC00045679,0.0,",,7,0800",",,7,0800",0.0,13.3,",,7,0800",",,7,0800",0.0,"MINERAL, CA US",28.3,",,7",7.2,",,7",,,,,,,,,,,,,,,,,,,,,,,,,,,True,0.0,0.0,0.0,28.3,7.2,17.75,50.033015837571945,0.0,0.0,0.0,0.0,0.0,0.0,0.05,1.864529124972208,35.47088780243157,0.0014096066689532492,0.05256505378036781,mill_creek,USC00045679,"MINERAL, CA US",,
2025-09-20,USC00045679,0.0,",,7,0800",",,7,0800",0.8,10.0,",,7,0800",",,7,0800",0.0,"MINERAL, CA US",17.8,",,7",8.9,",,7",,,,,,,,,,,,,,,,,,,,,,,,,,,True,0.8,0.0,0.0,17.8,8.9,13.350000000000001,74.445740295134,0.0,0.8,0.0,0.0,0.0,0.8,0.05,1.68283388970489,35.47088780243157,0.0014096066689532492,0.04744267747337099,mill_creek,USC00045679,"MINERAL, CA US",,
2025-09-21,USC00045679,0.0,",,7,0800",",,7,0800",0.0,10.6,",,7,0800",",,7,0800",0.0,"MINERAL, CA US",20.6,",,7",5.6,",,7",,,,,,,,,,,,,,,,,,,,,,,,,,,True,0.0,0.0,0.0,20.6,5.6,13.100000000000001,60.38364607300051,0.0,0.0,0.0,0.0,0.0,0.0,0.05,1.3868513201693353,35.47088780243157,0.0014096066689532492,0.03909829739514625,mill_creek,USC00045679,"MINERAL, CA US",,
2025-09-22,USC00045679,0.0,",,7,0800",",,7,0800",0.0,6.1,",,7,0800",",,7,0800",0.0,"MINERAL, CA US",21.7,",,7",5.0,",,7",,,,,,,,,,,,,,,,,,,,,,,,,,,True,0.0,0.0,0.0,21.7,5.0,13.35,56.98211798704991,0.0,0.0,0.0,0.0,0.0,0.0,0.05,1.1445212881155338,35.47088780243157,0.0014096066689532492,0.03226649680973239,mill_creek,USC00045679,"MINERAL, CA US",,
2025-09-23,USC00045679,0.0,",,7,0800",",,7,0800",0.0,6.1,",,7,0800",",,7,0800",0.0,"MINERAL, CA US",25.0,",,7",5.6,",,7",,,,,,,,,,,,,,,,,,,,,,,,,,,True,0.0,0.0,0.0,25.0,5.6,15.3,52.368315595303336,0.0,0.0,0.0,0.0,0.0,0.0,0.05,0.9461182384787139,35.47088780243157,0.0014096066689532492,0.026673091571557915,mill_creek,USC00045679,"MINERAL, CA US",,
2025-09-24,,,,,,,,,,,,,,,,,,,,,,,,,,,,,,,,,,,,,,,,,False,0.0,0.0,0.0,26.65,5.3,15.975,49.12062109145459,0.0,0.0,0.0,0.0,0.0,0.0,0.05,0.7585670273724465,35.47088780243157,0.0014096066689532492,0.02138562281264485,mill_creek,USC00045679,"MINERAL, CA US",,
2025-09-25,USC00045679,0.0,",,7,0800",",,7,0800",0.0,6.1,",,7,0800",",,7,0800",0.0,"MINERAL, CA US",28.3,",,7",5.0,",,7",,,,,,,,,,,,,,,,,,,,,,,,,,,True,0.0,0.0,0.0,28.3,5.0,16.65,46.082367884057106,0.0,0.0,0.0,0.0,0.0,0.0,0.05,0.6301256159268702,35.47088780243157,0.0014096066689532492,0.0177645854097758,mill_creek,USC00045679,"MINERAL, CA US",,
2025-09-26,USC00045679,0.0,",,7,0800",",,7,0800",0.0,11.1,",,7,0800",",,7,0800",0.0,"MINERAL, CA US",23.9,",,7",4.4,",,7",,,,,,,,,,,,,,,,,,,,,,,,,,,True,0.0,0.0,0.0,23.9,4.4,14.149999999999999,51.87789010765766,0.0,0.0,0.0,0.0,0.0,0.0,0.05,0.5249666824076346,35.47088780243157,0.0014096066689532492,0.01479993073000128,mill_creek,USC00045679,"MINERAL, CA US",,
2025-09-27,USC00045679,0.0,",,7,0800",",,7,0800",0.0,7.2,",,7,0800",",,7,0800",0.0,"MINERAL, CA US",25.6,",,7",4.4,",,7",,,,,,,,,,,,,,,,,,,,,,,,,,,True,0.0,0.0,0.0,25.6,4.4,15.0,49.10834796697979,0.0,0.0,0.0,0.0,0.0,0.0,0.05,0.43886982957455317,35.47088780243157,0.0014096066689532492,0.012372676771413321,mill_creek,USC00045679,"MINERAL, CA US",,
2025-09-28,USC00045679,0.0,",,7,0800",",,7,0800",0.0,16.7,",,7,0800",",,7,0800",0.0,"MINERAL, CA US",25.0,",,7",6.7,",,7",,,,,,,,,,,,,,,,,,,,,,,,,,,True,0.0,0.0,0.0,25.0,6.7,15.85,54.541293635084436,0.0,0.0,0.0,0.0,0.0,0.0,0.05,0.3683796884168804,35.47088780243157,0.0014096066689532492,0.010385409309987092,mill_creek,USC00045679,"MINERAL, CA US",,
2025-09-29,,,,,,,,,,,,,,,,,,,,,,,,,,,,,,,,,,,,,,,,,False,0.0,0.0,0.0,23.35,7.25,15.3,58.666863809027696,0.0,0.0,0.0,0.0,0.0,0.0,0.05,0.3106672420622857,35.47088780243157,0.0014096066689532492,0.008758372324726225,mill_creek,USC00045679,"MINERAL, CA US",,
2025-09-30,USC00045679,0.0,",,7,0800",",,7,0800",11.9,8.3,",,7,0800",",,7,0800",0.0,"MINERAL, CA US",21.7,",,7",7.8,",,7",,,,,,,,,,,,,,,,,,,,,,,,,,,True,11.9,0.0,0.0,21.7,7.8,14.75,63.10355219542805,0.0,11.9,0.0,0.0,0.0,11.9,0.05,2.4506001728254847,35.47088780243157,0.0014096066689532492,0.06908764693105576,mill_creek,USC00045679,"MINERAL, CA US",,
2025-10-01,,,,,,,,,,,,,,,,,,,,,,,,,,,,,,,,,,,,,,,,,False,0.0,0.0,0.0,21.59375,7.5562499999999995,14.575,62.76856678375217,0.0,0.0,0.0,0.0,0.0,0.0,0.05,2.0154451873365424,35.47088780243157,0.0014096066689532492,0.05681969953958641,mill_creek,USC00045679,"MINERAL, CA US",,
2025-10-02,,,,,,,,,,,,,,,,,,,,,,,,,,,,,,,,,,,,,,,,,False,0.0,0.0,0.0,21.4875,7.3125,14.4,62.43429834367643,0.0,0.0,0.0,0.0,0.0,0.0,0.05,1.533565050559808,35.47088780243157,0.0014096066689532492,0.04323447045085464,mill_creek,USC00045679,"MINERAL, CA US",,
2025-10-03,,,,,,,,,,,,,,,,,,,,,,,,,,,,,,,,,,,,,,,,,False,0.0,0.0,0.0,21.381249999999998,7.06875,14.224999999999998,62.100750462928836,0.0,0.0,0.0,0.0,0.0,0.0,0.05,1.2638124453861879,35.47088780243157,0.0014096066689532492,0.03562956902644969,mill_creek,USC00045679,"MINERAL, CA US",,
2025-10-04,,,,,,,,,,,,,,,,,,,,,,,,,,,,,,,,,,,,,,,,,False,0.0,0.0,0.0,21.275,6.825,14.049999999999999,61.76792671898055,0.0,0.0,0.0,0.0,0.0,0.0,0.05,1.0429576918076424,35.47088780243157,0.0014096066689532492,0.029403202356162804,mill_creek,USC00045679,"MINERAL, CA US",,
2025-10-05,,,,,,,,,,,,,,,,,,,,,,,,,,,,,,,,,,,,,,,,,False,0.0,0.0,0.0,21.16875,6.58125,13.875,61.43583067886701,0.0,0.0,0.0,0.0,0.0,0.0,0.05,0.8629649987882457,35.47088780243157,0.0014096066689532492,0.024328824347302876,mill_creek,USC00045679,"MINERAL, CA US",,
2025-10-06,,,,,,,,,,,,,,,,,,,,,,,,,,,,,,,,,,,,,,,,,False,0.0,0.0,0.0,21.0625,6.3375,13.7,61.10446589900831,0.0,0.0,0.0,0.0,0.0,0.0,0.05,0.7155994456839412,35.47088780243157,0.0014096066689532492,0.02017427501870664,mill_creek,USC00045679,"MINERAL, CA US",,
2025-10-07,,,,,,,,,,,,,,,,,,,,,,,,,,,,,,,,,,,,,,,,,False,0.0,0.0,0.0,20.95625,6.09375,13.525,60.77383592502882,0.0,0.0,0.0,0.0,0.0,0.0,0.05,0.5949467354131003,35.47088780243157,0.0014096066689532492,0.016772817718205407,mill_creek,USC00045679,"MINERAL, CA US",,
2025-10-08,,,,,,,,,,,,,,,,,,,,,,,,,,,,,,,,,,,,,,,,,False,0.0,0.0,0.0,20.85,5.85,13.350000000000001,60.44394429157682,0.0,0.0,0.0,0.0,0.0,0.0,0.05,0.4961646510721552,35.47088780243157,0.0014096066689532492,0.013987940021003436,mill_creek,USC00045679,"MINERAL, CA US",,
2025-10-09,,,,,,,,,,,,,,,,,,,,,,,,,,,,,,,,,,,,,,,,,False,0.0,0.0,0.0,20.74375,5.606249999999999,13.174999999999999,60.11479452214316,0.0,0.0,0.0,0.0,0.0,0.0,0.05,0.4152887207690807,35.47088780243157,0.0014096066689532492,0.011707875006743198,mill_creek,USC00045679,"MINERAL, CA US",,
2025-10-10,,,,,,,,,,,,,,,,,,,,,,,,,,,,,,,,,,,,,,,,,False,0.0,0.0,0.0,20.6375,5.3625,13.0,59.78639012887952,0.0,0.0,0.0,0.0,0.0,0.0,0.05,0.3490731094461621,35.47088780243157,0.0014096066689532492,0.009841115660551151,mill_creek,USC00045679,"MINERAL, CA US",,
2025-10-11,,,,,,,,,,,,,,,,,,,,,,,,,,,,,,,,,,,,,,,,,False,0.0,0.0,0.0,20.53125,5.11875,12.825,59.45873461241638,0.0,0.0,0.0,0.0,0.0,0.0,0.05,0.292652656925382,35.47088780243157,0.0014096066689532492,0.008250502737778114,mill_creek,USC00045679,"MINERAL, CA US",,
2025-10-12,,,,,,,,,,,,,,,,,,,,,,,,,,,,,,,,,,,,,,,,,False,0.0,0.0,0.0,20.425,4.875,12.65,59.13183146168018,0.0,0.0,0.0,0.0,0.0,0.0,0.05,0.2486671925408912,35.47088780243157,0.0014096066689532492,0.007010458659110438,mill_creek,USC00045679,"MINERAL, CA US",,
2025-10-13,,,,,,,,,,,,,,,,,,,,,,,,,,,,,,,,,,,,,,,,,False,0.0,0.0,0.0,20.31875,4.63125,12.475000000000001,58.8056841537103,0.0,0.0,0.0,0.0,0.0,0.0,0.05,0.21265494016089226,35.47088780243157,0.0014096066689532492,0.0059951964367329575,mill_creek,USC00045679,"MINERAL, CA US",,
2025-10-14,,,,,,,,,,,,,,,,,,,,,,,,,,,,,,,,,,,,,,,,,False,0.0,0.0,0.0,20.2125,4.387499999999999,12.299999999999999,58.48029615347541,0.0,0.0,0.0,0.0,0.0,0.0,0.05,0.18317060164978144,35.47088780243157,0.0014096066689532492,0.005163970032834218,mill_creek,USC00045679,"MINERAL, CA US",,
2025-10-15,,,,,,,,,,,,,,,,,,,,,,,,,,,,,,,,,,,,,,,,,False,0.0,0.0,0.0,20.10625,4.14375,12.125,58.15567091368941,0.0,0.0,0.0,0.0,0.0,0.0,0.05,0.15903086697657348,35.47088780243157,0.0014096066689532492,0.004483419413191901,mill_creek,USC00045679,"MINERAL, CA US",,
2025-10-16,,,,,,,,,,,,,,,,,,,,,,,,,,,,,,,,,,,,,,,,,False,0.0,0.0,0.0,20.0,3.9,11.95,57.83181187462695,0.0,0.0,0.0,0.0,0.0,0.0,0.05,0.13926692382847525,35.47088780243157,0.0014096066689532492,0.003926231691864458,mill_creek,USC00045679,"MINERAL, CA US",,
2025-10-17,,,,,,,,,,,,,,,,,,,,,,,,,,,,,,,,,,,,,,,,,False,0.0,0.0,0.0,19.89375,3.65625,11.775,57.508722463938405,0.0,0.0,0.0,0.0,0.0,0.0,0.05,0.1230855757710424,35.47088780243157,0.0014096066689532492,0.0034700449691762365,mill_creek,USC00045679,"MINERAL, CA US",,
2025-10-18,,,,,,,,,,,,,,,,,,,,,,,,,,,,,,,,,,,,,,,,,False,0.0,0.0,0.0,19.7875,3.4124999999999996,11.600000000000001,57.18640609646466,0.0,0.0,0.0,0.0,0.0,0.0,0.05,0.10983740849016344,35.47088780243157,0.0014096066689532492,0.003096550870165532,mill_creek,USC00045679,"MINERAL, CA US",,
2025-10-19,,,,,,,,,,,,,,,,,,,,,,,,,,,,,,,,,,,,,,,,,False,0.0,0.0,0.0,19.68125,3.16875,11.424999999999999,56.86486617405125,0.0,0.0,0.0,0.0,0.0,0.0,0.05,0.09899072651538635,35.47088780243157,0.0014096066689532492,0.0027907597652123165,mill_creek,USC00045679,"MINERAL, CA US",,
2025-10-20,,,,,,,,,,,,,,,,,,,,,,,,,,,,,,,,,,,,,,,,,False,0.0,0.0,0.0,19.575,2.925,11.25,56.54410608536217,0.0,0.0,0.0,0.0,0.0,0.0,0.05,0.09011021441377971,35.47088780243157,0.0014096066689532492,0.0025403991835694214,mill_creek,USC00045679,"MINERAL, CA US",,
2025-10-21,,,,,,,,,,,,,,,,,,,,,,,,,,,,,,,,,,,,,,,,,False,0.0,0.0,0.0,19.46875,2.6812500000000004,11.075,56.22412920569343,0.0,0.0,0.0,0.0,0.0,0.0,0.05,0.05,35.47088780243157,0.0014096066689532492,0.0014096066689532492,mill_creek,USC00045679,"MINERAL, CA US",,
2025-10-22,,,,,,,,,,,,,,,,,,,,,,,,,,,,,,,,,,,,,,,,,False,0.0,0.0,0.0,19.3625,2.4375,10.9,55.904938896785985,0.0,0.0,0.0,0.0,0.0,0.0,0.05,0.05,35.47088780243157,0.0014096066689532492,0.0014096066689532492,mill_creek,USC00045679,"MINERAL, CA US",,
2025-10-23,,,,,,,,,,,,,,,,,,,,,,,,,,,,,,,,,,,,,,,,,False,0.0,0.0,0.0,19.25625,2.1937499999999996,10.725000000000001,55.58653850663856,0.0,0.0,0.0,0.0,0.0,0.0,0.05,0.05,35.47088780243157,0.0014096066689532492,0.0014096066689532492,mill_creek,USC00045679,"MINERAL, CA US",,
2025-10-24,,,,,,,,,,,,,,,,,,,,,,,,,,,,,,,,,,,,,,,,,False,0.0,0.0,0.0,19.15,1.9500000000000002,10.549999999999999,55.26893136931994,0.0,0.0,0.0,0.0,0.0,0.0,0.05,0.05,35.47088780243157,0.0014096066689532492,0.0014096066689532492,mill_creek,USC00045679,"MINERAL, CA US",,
2025-10-25,,,,,,,,,,,,,,,,,,,,,,,,,,,,,,,,,,,,,,,,,False,0.0,0.0,0.0,19.04375,1.7062499999999998,10.375,54.95212080478097,0.0,0.0,0.0,0.0,0.0,0.0,0.05,0.05,35.47088780243157,0.0014096066689532492,0.0014096066689532492,mill_creek,USC00045679,"MINERAL, CA US",,
2025-10-26,,,,,,,,,,,,,,,,,,,,,,,,,,,,,,,,,,,,,,,,,False,0.0,0.0,0.0,18.9375,1.4625000000000004,10.2,54.63611011866626,0.0,0.0,0.0,0.0,0.0,0.0,0.05,0.05,35.47088780243157,0.0014096066689532492,0.0014096066689532492,mill_creek,USC00045679,"MINERAL, CA US",,
2025-10-27,,,,,,,,,,,,,,,,,,,,,,,,,,,,,,,,,,,,,,,,,False,0.0,0.0,0.0,18.83125,1.21875,10.025,54.32090260212558,0.0,0.0,0.0,0.0,0.0,0.0,0.05,0.05,35.47088780243157,0.0014096066689532492,0.0014096066689532492,mill_creek,USC00045679,"MINERAL, CA US",,
2025-10-28,,,,,,,,,,,,,,,,,,,,,,,,,,,,,,,,,,,,,,,,,False,0.0,0.0,0.0,18.725,0.9749999999999996,9.850000000000001,54.00650153162482,0.0,0.0,0.0,0.0,0.0,0.0,0.05,0.05,35.47088780243157,0.0014096066689532492,0.0014096066689532492,mill_creek,USC00045679,"MINERAL, CA US",,
2025-10-29,,,,,,,,,,,,,,,,,,,,,,,,,,,,,,,,,,,,,,,,,False,0.0,0.0,0.0,18.61875,0.7312500000000002,9.674999999999999,53.69291016875692,0.0,0.0,0.0,0.0,0.0,0.0,0.05,0.05,35.47088780243157,0.0014096066689532492,0.0014096066689532492,mill_creek,USC00045679,"MINERAL, CA US",,
2025-10-30,,,,,,,,,,,,,,,,,,,,,,,,,,,,,,,,,,,,,,,,,False,0.0,0.0,0.0,18.5125,0.4874999999999998,9.5,53.38013176005215,0.0,0.0,0.0,0.0,0.0,0.0,0.05,0.05,35.47088780243157,0.0014096066689532492,0.0014096066689532492,mill_creek,USC00045679,"MINERAL, CA US",,
2025-10-31,,,,,,,,,,,,,,,,,,,,,,,,,,,,,,,,,,,,,,,,,False,0.0,0.0,0.0,18.40625,0.24375000000000036,9.325,53.06816953678854,0.0,0.0,0.0,0.0,0.0,0.0,0.05,0.05,35.47088780243157,0.0014096066689532492,0.0014096066689532492,mill_creek,USC00045679,"MINERAL, CA US",,
2025-11-01,USC00045679,0.0,",,7,0800",",,7,0800",0.0,5.6,",,7,0800",",,7,0800",0.0,"MINERAL, CA US",18.3,",,7",0.0,",,7",,,,,,,,,,,,,,,,,,,,,,,,,,,True,0.0,0.0,0.0,18.3,0.0,9.15,52.757026714801704,0.0,0.0,0.0,0.0,0.0,0.0,0.05,0.05,35.47088780243157,0.0014096066689532492,0.0014096066689532492,mill_creek,USC00045679,"MINERAL, CA US",,
2025-11-02,USC00045679,0.0,",,7,0800",",,7,0800",0.0,13.3,",,7,0800",",,7,0800",0.0,"MINERAL, CA US",17.2,",,7",0.0,",,7",,,,,,,,,,,,,,,,,,,,,,,,,,,True,0.0,0.0,0.0,17.2,0.0,8.6,54.752421320992454,0.0,0.0,0.0,0.0,0.0,0.0,0.05,0.05,35.47088780243157,0.0014096066689532492,0.0014096066689532492,mill_creek,USC00045679,"MINERAL, CA US",,
2025-11-03,,,,,,,,,,,,,,,,,,,,,,,,,,,,,,,,,,,,,,,,,False,0.0,0.0,0.0,15.166666666666666,1.0999999999999999,8.133333333333333,61.182437239231824,0.0,0.0,0.0,0.0,0.0,0.0,0.05,0.05,35.47088780243157,0.0014096066689532492,0.0014096066689532492,mill_creek,USC00045679,"MINERAL, CA US",,
2025-11-04,USC00045679,0.0,",,7,0800",",,7,0800",11.2,8.3,",,7,0800",",,7,0800",0.0,"MINERAL, CA US",,,,,,,,,,,,,,,,,,,,,,,,,,,,,,,True,11.2,0.0,0.0,13.133333333333333,2.1999999999999997,7.666666666666666,68.32693933046592,0.0,11.2,0.0,0.0,0.0,11.2,0.05,2.111123298282474,35.47088780243157,0.0014096066689532492,0.059517069604831094,mill_creek,USC00045679,"MINERAL, CA US",,
2025-11-05,USC00045679,0.0,",,7,0800",",,7,0800",35.8,6.7,",,7,0800",",,7,0800",0.0,"MINERAL, CA US",11.1,",,7",3.3,",,7",,,,,,,,,,,,,,,,,,,,,,,,,,,True,35.8,0.0,0.0,11.1,3.3,7.199999999999999,76.2611485480364,0.0,35.8,0.0,0.0,0.0,35.8,0.05,8.32573843005658,35.47088780243157,0.0014096066689532492,0.2347203282993622,mill_creek,USC00045679,"MINERAL, CA US",,
2025-11-06,USC00045679,0.0,",,7,0800",",,7,0800",4.6,5.6,",,7,0800",",,7,0800",0.0,"MINERAL, CA US",7.2,",,7",2.8,",,7",,,,,,,,,,,,,,,,,,,,,,,,,,,True,4.6,0.0,0.0,7.2,2.8,5.0,85.68048331561123,0.028402416578056134,4.6,0.0,0.0,0.0,4.628402416578056,0.05,7.6773612048519695,35.47088780243157,0.0014096066689532492,0.21644119108644577,mill_creek,USC00045679,"MINERAL, CA US",,
2025-11-07,USC00045679,0.0,",,7,0800",",,7,0800",2.3,9.4,",,7,0800",",,7,0800",0.0,"MINERAL, CA US",10.6,",,7",5.0,",,7",,,,,,,,,,,,,,,,,,,,,,,,,,,True,2.3,0.0,0.0,10.6,5.0,7.8,82.46690822581705,0.012334541129085254,2.3,0.0,0.0,0.0,2.312334541129085,0.05,6.72029148647342,35.47088780243157,0.0014096066689532492,0.18945935393285354,mill_creek,USC00045679,"MINERAL, CA US",,
2025-11-08,USC00045679,0.0,",,7,0800",",,7,0800",0.0,15.6,",,7,0800",",,7,0800",0.0,"MINERAL, CA US",17.2,",,7",0.6,",,7",,,,,,,,,,,,,,,,,,,,,,,,,,,True,0.0,0.0,0.0,17.2,0.6,8.9,56.03384640900954,0.0,0.0,0.0,0.0,0.0,0.0,0.05,5.511172771970036,35.47088780243157,0.0014096066689532492,0.15537171786245052,mill_creek,USC00045679,"MINERAL, CA US",,
2025-11-09,USC00045679,0.0,",,7,0800",",,7,0800",0.0,10.0,",,7,0800",",,7,0800",0.0,"MINERAL, CA US",18.3,",,7",2.2,",,7",,,,,,,,,,,,,,,,,,,,,,,,,,,True,0.0,0.0,0.0,18.3,2.2,10.25,57.39985807409693,0.0,0.0,0.0,0.0,0.0,0.0,0.05,4.521230096283996,35.47088780243157,0.0014096066689532492,0.12746312191188122,mill_creek,USC00045679,"MINERAL, CA US",,
2025-11-10,USC00045679,0.0,",,7,0800",",,7,0800",0.0,12.2,",,7,0800",",,7,0800",0.0,"MINERAL, CA US",18.9,",,7",-0.6,",,7",,,,,,,,,,,,,,,,,,,,,,,,,,,True,0.0,0.0,0.0,18.9,-0.6,9.149999999999999,50.50528233913173,0.0,0.0,0.0,0.0,0.0,0.0,0.05,3.7107335839155344,35.47088780243157,0.0014096066689532492,0.10461349613192257,mill_creek,USC00045679,"MINERAL, CA US",,
2025-11-11,USC00045679,0.0,",,7,0800",",,7,0800",0.0,7.8,",,7,0800",",,7,0800",0.0,"MINERAL, CA US",17.8,",,7",0.6,",,7",,,,,,,,,,,,,,,,,,,,,,,,,,,True,0.0,0.0,0.0,17.8,0.6,9.200000000000001,54.91212809935574,0.0,0.0,0.0,0.0,0.0,0.0,0.05,3.047155163977025,35.47088780243157,0.0014096066689532492,0.08590580480954692,mill_creek,USC00045679,"MINERAL, CA US",,
2025-11-12,USC00045679,0.0,",,7,0800",",,7,0800",0.0,9.4,",,7,0800",",,7,0800",0.0,"MINERAL, CA US",16.7,",,7",1.7,",,7",,,,,,,,,,,,,,,,,,,,,,,,,,,True,0.0,0.0,0.0,16.7,1.7,9.2,59.427428165355316,0.0,0.0,0.0,0.0,0.0,0.0,0.05,2.5038631044944712,35.47088780243157,0.0014096066689532492,0.07058924260482785,mill_creek,USC00045679,"MINERAL, CA US",,
2025-11-13,USC00045679,0.0,",,7,0800",",,7,0800",27.4,8.9,",,7,0800",",,7,0800",0.0,"MINERAL, CA US",15.0,",,7",7.8,",,7",,,,,,,,,,,,,,,,,,,,,,,,,,,True,27.4,0.0,0.0,15.0,7.8,11.4,78.53570356256415,0.0,27.4,0.0,0.0,0.0,27.4,0.05,7.1014441136483715,35.47088780243157,0.0014096066689532492,0.2002048596359508,mill_creek,USC00045679,"MINERAL, CA US",,
2025-11-14,USC00045679,0.0,",,7,0800",",,7,0800",43.7,1.7,",,7,0800",",,7,0800",0.0,"MINERAL, CA US",9.4,",,7",0.6,",,7",,,,,,,,,,,,,,,,,,,,,,,,,,,True,43.7,0.0,0.0,9.4,0.6,5.0,73.20684672427562,0.0,43.7,0.0,0.0,0.0,43.7,0.05,13.865295590074647,35.47088780243157,0.0014096066689532492,0.39089226261554594,mill_creek,USC00045679,"MINERAL, CA US",,
2025-11-15,,,,,,,,,,,,,,,,,,,,,,,,,,,,,,,,,,,,,,,,,False,0.0,0.0,0.0,9.52,0.25999999999999995,4.89,71.97952019192167,0.0,0.0,0.0,0.0,0.0,0.0,0.05,11.361007362456737,35.47088780243157,0.0014096066689532492,0.3202910348829196,mill_creek,USC00045679,"MINERAL, CA US",,
2025-11-16,,,,,,,,,,,,,,,,,,,,,,,,,,,,,,,,,,,,,,,,,False,0.0,0.0,0.0,9.64,-0.08000000000000007,4.78,70.76838484035201,0.0,0.0,0.0,0.0,0.0,0.0,0.05,9.310669575934803,35.47088780243157,0.0014096066689532492,0.2624876385331564,mill_creek,USC00045679,"MINERAL, CA US",,
2025-11-17,,,,,,,,,,,,,,,,,,,,,,,,,,,,,,,,,,,,,,,,,False,0.0,0.0,0.0,9.76,-0.42000000000000004,4.67,69.5732975765801,0.0,0.0,0.0,0.0,0.0,0.0,0.05,7.631994975911455,35.47088780243157,0.0014096066689532492,0.21516222030924959,mill_creek,USC00045679,"MINERAL, CA US",,
2025-11-18,USC00045679,0.0,",,7,0800",",,7,0800",23.9,10.0,",,7,0800",",,7,0800",0.0,"MINERAL, CA US",,,,,,,,,,,,,,,,,,,,,,,,,,,,,,,True,23.9,0.0,0.0,9.88,-0.7600000000000001,4.5600000000000005,68.39411564070843,0.0,23.9,0.0,0.0,0.0,23.9,0.05,10.655902351903528,35.47088780243157,0.0014096066689532492,0.3004126203791565,mill_creek,USC00045679,"MINERAL, CA US",,
2025-11-19,USC00045679,0.0,",,7,0800",",,7,0800",0.0,1.7,",,7,0800",",,7,0800",0.0,"MINERAL, CA US",10.0,",,7",-1.1,",,7",,,,,,,,,,,,,,,,,,,,,,,,,,,True,0.0,0.0,0.0,10.0,-1.1,4.45,67.23069661570759,0.0,0.0,0.0,0.0,0.0,0.0,0.05,8.733378419645515,35.47088780243157,0.0014096066689532492,0.2462125692564941,mill_creek,USC00045679,"MINERAL, CA US",,
2025-11-20,USC00045679,0.0,",,7,0800",",,7,0800",3.6,2.8,",,7,0800",",,7,0800",0.0,"MINERAL, CA US",4.4,",,7",0.6,",,7",,,,,,,,,,,,,,,,,,,,,,,,,,,True,3.6,0.0,0.0,4.4,0.6,2.5,87.28014263081663,0.036400713154083136,3.6,0.0,0.0,0.0,3.6364007131540834,0.05,7.828551652042903,35.47088780243157,0.0014096066689532492,0.22070357233929305,mill_creek,USC00045679,"MINERAL, CA US",,
2025-11-21,USC00045679,0.0,",,7,0800","T,,7,0800",2.5,5.6,",,7,0800",",,7,0800",0.0,"MINERAL, CA US",,,-1.1,",,7",,,,,,,,,,,,,,,,,,,,,,,,,,,True,2.5,0.0,0.0,7.0,-1.1,2.95,74.71429075013918,0.0,2.5,0.0,0.0,0.0,2.5,0.05,6.878611616728261,35.47088780243157,0.0014096066689532492,0.19392273616158895,mill_creek,USC00045679,"MINERAL, CA US",,
2025-11-22,USC00045679,0.0,",,7,0800",",,7,0800",0.0,11.1,",,7,0800",",,7,0800",0.0,"MINERAL, CA US",,,-0.6,",,7",,,,,,,,,,,,,,,,,,,,,,,,,,,True,0.0,0.0,0.0,9.6,-0.6,4.5,69.48760442285689,0.0,0.0,0.0,0.0,0.0,0.0,0.05,5.640794331440984,35.47088780243157,0.0014096066689532492,0.1590260261558579,mill_creek,USC00045679,"MINERAL, CA US",,
2025-11-23,USC00045679,0.0,",,7,0800",",,7,0800",0.0,7.2,",,7,0800",",,7,0800",0.0,"MINERAL, CA US",12.2,",,7",-2.8,",,7",,,,,,,,,,,,,,,,,,,,,,,,,,,True,0.0,0.0,0.0,12.2,-2.8,4.699999999999999,58.286929598962494,0.0,0.0,0.0,0.0,0.0,0.0,0.05,4.627355253284789,35.47088780243157,0.0014096066689532492,0.1304550164929218,mill_creek,USC00045679,"MINERAL, CA US",,
2025-11-24,USC00045679,0.0,",,7,0800",",,7,0800",0.0,-2.2,",,7,0800",",,7,0800",0.0,"MINERAL, CA US",10.0,",,7",-3.9,",,7",,,,,,,,,,,,,,,,,,,,,,,,,,,True,0.0,0.0,0.0,10.0,-3.9,3.05,60.297613889505925,0.0,0.0,0.0,0.0,0.0,0.0,0.05,3.797621513627312,35.47088780243157,0.0014096066689532492,0.10706305223538783,mill_creek,USC00045679,"MINERAL, CA US",,
2025-11-25,USC00045679,0.0,",,7,0800",",,7,0800",0.0,8.9,",,7,0800",",,7,0800",0.0,"MINERAL, CA US",10.6,",,7",-5.6,",,7",,,,,,,,,,,,,,,,,,,,,,,,,,,True,0.0,0.0,0.0,10.6,-5.6,2.5,55.14879028768987,0.0,0.0,0.0,0.0,0.0,0.0,0.05,3.087385251347464,35.47088780243157,0.0014096066689532492,0.08703997679854578,mill_creek,USC00045679,"MINERAL, CA US",,
2025-11-26,USC00045679,0.0,",,7,0800",",,7,0800",0.0,5.6,",,7,0800",",,7,0800",0.0,"MINERAL, CA US",13.3,",,7",-3.9,",,7",,,,,,,,,,,,,,,,,,,,,,,,,,,True,0.0,0.0,0.0,13.3,-3.9,4.7,53.69721976388676,0.0,0.0,0.0,0.0,0.0,0.0,0.05,2.438006354164719,35.47088780243157,0.0014096066689532492,0.0687326003156197,mill_creek,USC00045679,"MINERAL, CA US",,
2025-11-27,USC00045679,0.0,",,7,0800",",,7,0800",0.0,4.4,",,7,0800",",,7,0800",0.0,"MINERAL, CA US",14.4,",,7",-3.3,",,7",,,,,,,,,,,,,,,,,,,,,,,,,,,True,0.0,0.0,0.0,14.4,-3.3,5.550000000000001,52.935241305167864,0.0,0.0,0.0,0.0,0.0,0.0,0.05,1.9923616134700879,35.47088780243157,0.0014096066689532492,0.05616892434627783,mill_creek,USC00045679,"MINERAL, CA US",,
2025-11-28,USC00045679,0.0,",,7,0800",",,7,0800",0.0,1.1,",,7,0800",",,7,0800",0.0,"MINERAL, CA US",13.9,",,7",-3.9,",,7",,,,,,,,,,,,,,,,,,,,,,,,,,,True,0.0,0.0,0.0,13.9,-3.9,5.0,52.58592604893238,0.0,0.0,0.0,0.0,0.0,0.0,0.05,1.633890024221184,35.47088780243157,0.0014096066689532492,0.046062845489567336,mill_creek,USC00045679,"MINERAL, CA US",,
2025-11-29,USC00045679,0.0,",,7,0800",",,7,0800",0.0,9.4,",,7,0800",",,7,0800",0.0,"MINERAL, CA US",10.6,",,7",-2.2,",,7",,,,,,,,,,,,,,,,,,,,,,,,,,,True,0.0,0.0,0.0,10.6,-2.2,4.199999999999999,63.10283810870929,0.0,0.0,0.0,0.0,0.0,0.0,0.05,1.3467794723233124,35.47088780243157,0.0014096066689532492,0.03796858651592558,mill_creek,USC00045679,"MINERAL, CA US",,
2025-11-30,USC00045679,0.0,",,7,0800",",,7,0800",0.0,5.6,",,7,0800",",,7,0800",0.0,"MINERAL, CA US",11.7,",,7",-2.8,",,7",,,,,,,,,,,,,,,,,,,,,,,,,,,True,0.0,0.0,0.0,11.7,-2.8,4.449999999999999,59.31391079374558,0.0,0.0,0.0,0.0,0.0,0.0,0.05,1.1117132339513336,35.47088780243157,0.0014096066689532492,0.03134156777082767,mill_creek,USC00045679,"MINERAL, CA US",,
2025-12-01,USC00045679,0.0,",,7,0800",",,7,0800",0.0,0.0,",,7,0800",",,7,0800",0.0,"MINERAL, CA US",9.4,",,7",-1.7,",,7",,,,,,,,,,,,,,,,,,,,,,,,,,,True,0.0,0.0,0.0,9.4,-1.7,3.85,67.09943005178465,0.0,0.0,0.0,0.0,0.0,0.0,0.05,0.9192572755858349,35.47088780243157,0.0014096066689532492,0.025915823722991754,mill_creek,USC00045679,"MINERAL, CA US",,
2025-12-02,USC00045679,0.0,",,7,0800",",,7,0800",0.0,-2.2,",,7,0800",",,7,0800",0.0,"MINERAL, CA US",11.1,",,7",-3.3,",,7",,,,,,,,,,,,,,,,,,,,,,,,,,,True,0.0,0.0,0.0,11.1,-3.3,3.9,59.39479055382269,0.0,0.0,0.0,0.0,0.0,0.0,0.05,0.7616876638589056,35.47088780243157,0.0014096066689532492,0.02147360021269868,mill_creek,USC00045679,"MINERAL, CA US",,
2025-12-03,USC00045679,0.0,",,7,0800",",,7,0800",0.0,0.0,",,7,0800",",,7,0800",0.0,"MINERAL, CA US",11.1,",,7",-3.3,",,7",,,,,,,,,,,,,,,,,,,,,,,,,,,True,0.0,0.0,0.0,11.1,-3.3,3.9,59.39479055382269,0.0,0.0,0.0,0.0,0.0,0.0,0.05,0.6326805769875113,35.47088780243157,0.0014096066689532492,0.01783661521277571,mill_creek,USC00045679,"MINERAL, CA US",,
2025-12-04,USC00045679,0.0,",,7,0800",",,7,0800",0.0,-1.7,",,7,0800",",,7,0800",0.0,"MINERAL, CA US",7.2,",,7",-3.9,",,7",,,,,,,,,,,,,,,,,,,,,,,,,,,True,0.0,0.0,0.0,7.2,-3.9,1.6500000000000001,66.6119902915224,0.0,0.0,0.0,0.0,0.0,0.0,0.05,0.4514449471088559,35.47088780243157,0.0014096066689532492,0.012727196162197802,mill_creek,USC00045679,"MINERAL, CA US",,
2025-12-05,USC00045679,0.0,",,7,0800",",,7,0800",0.0,-1.1,",,7,0800",",,7,0800",0.0,"MINERAL, CA US",10.6,",,7",-2.2,",,7",,,,,,,,,,,,,,,,,,,,,,,,,,,True,0.0,0.0,0.0,10.6,-2.2,4.199999999999999,63.10283810870929,0.0,0.0,0.0,0.0,0.0,0.0,0.05,0.2580799737379652,35.47088780243157,0.0014096066689532492,0.007275825042086303,mill_creek,USC00045679,"MINERAL, CA US",,
2025-12-06,USC00045679,0.0,",,7,0800",",,7,0800",0.0,7.8,",,7,0800",",,7,0800",0.0,"MINERAL, CA US",13.3,",,7",-1.7,",,7",,,,,,,,,,,,,,,,,,,,,,,,,,,True,0.0,0.0,0.0,13.3,-1.7,5.800000000000001,58.56946405436244,0.0,0.0,0.0,0.0,0.0,0.0,0.05,0.22036147359893093,35.47088780243157,0.0014096066689532492,0.006212460055308368,mill_creek,USC00045679,"MINERAL, CA US",,
2025-12-07,USC00045679,0.0,",,7,0800",",,7,0800",0.0,8.3,",,7,0800",",,7,0800",0.0,"MINERAL, CA US",13.3,",,7",-5.6,",,7",,,,,,,,,,,,,,,,,,,,,,,,,,,True,0.0,0.0,0.0,13.3,-5.6,3.8500000000000005,50.13112955896946,0.0,0.0,0.0,0.0,0.0,0.0,0.05,0.18948017757512747,35.47088780243157,0.0014096066689532492,0.005341850438886912,mill_creek,USC00045679,"MINERAL, CA US",,
2025-12-08,USC00045679,0.0,",,7,0800",",,7,0800",0.0,,,",,7,0800",0.0,"MINERAL, CA US",11.1,",,7",2.8,",,7",,,,,,,,,,,,,,,,,,,,,,,,,,,True,0.0,0.0,0.0,11.1,2.8,6.949999999999999,74.88217701349568,0.0,0.0,0.0,0.0,0.0,0.0,0.05,0.16419671082553475,35.47088780243157,0.0014096066689532492,0.004629055571997239,mill_creek,USC00045679,"MINERAL, CA US",,
2025-12-09,USC00045679,0.0,",,7,0800",",,7,0800",0.0,-1.7,",,7,0800",",,7,0800",0.0,"MINERAL, CA US",12.8,",,7",-2.8,",,7",,,,,,,,,,,,,,,,,,,,,,,,,,,True,0.0,0.0,0.0,12.8,-2.8,5.0,57.080649295957336,0.0,0.0,0.0,0.0,0.0,0.0,0.05,0.07754146504738624,35.47088780243157,0.0014096066689532492,0.0021860593250240183,mill_creek,USC00045679,"MINERAL, CA US",,
2025-12-10,USC00045679,0.0,",,7,0800",",,7,0800",0.0,1.1,",,7,0800",",,7,0800",0.0,"MINERAL, CA US",13.3,",,7",-2.8,",,7",,,,,,,,,,,,,,,,,,,,,,,,,,,True,0.0,0.0,0.0,13.3,-2.8,5.25,56.096673495353414,0.0,0.0,0.0,0.0,0.0,0.0,0.05,0.07254904441911744,35.47088780243157,0.0014096066689532492,0.002045312336787469,mill_creek,USC00045679,"MINERAL, CA US",,
2025-12-11,USC00045679,0.0,",,7,0800",",,7,0800",0.0,-1.7,",,7,0800",",,7,0800",0.0,"MINERAL, CA US",16.7,",,7",-2.8,",,7",,,,,,,,,,,,,,,,,,,,,,,,,,,True,0.0,0.0,0.0,16.7,-2.8,6.949999999999999,49.88677840296859,0.0,0.0,0.0,0.0,0.0,0.0,0.05,0.058426515633147,35.47088780243157,0.0014096066689532492,0.0016471681216037055,mill_creek,USC00045679,"MINERAL, CA US",,
2025-12-12,USC00045679,0.0,",,7,0800",",,7,0800",0.0,0.6,",,7,0800",",,7,0800",0.0,"MINERAL, CA US",15.0,",,7",-2.8,",,7",,,,,,,,,,,,,,,,,,,,,,,,,,,True,0.0,0.0,0.0,15.0,-2.8,6.1,52.89009741734592,0.0,0.0,0.0,0.0,0.0,0.0,0.05,0.05,35.47088780243157,0.0014096066689532492,0.0014096066689532492,mill_creek,USC00045679,"MINERAL, CA US",,
2025-12-13,USC00045679,0.0,",,7,0800",",,7,0800",0.0,1.1,",,7,0800",",,7,0800",0.0,"MINERAL, CA US",17.8,",,7",-2.8,",,7",,,,,,,,,,,,,,,,,,,,,,,,,,,True,0.0,0.0,0.0,17.8,-2.8,7.5,48.04510436444134,0.0,0.0,0.0,0.0,0.0,0.0,0.05,0.05,35.47088780243157,0.0014096066689532492,0.0014096066689532492,mill_creek,USC00045679,"MINERAL, CA US",,
2025-12-14,USC00045679,0.0,",,7,0800",",,7,0800",0.0,5.6,",,7,0800",",,7,0800",0.0,"MINERAL, CA US",16.7,",,7",-2.8,",,7",,,,,,,,,,,,,,,,,,,,,,,,,,,True,0.0,0.0,0.0,16.7,-2.8,6.949999999999999,49.88677840296859,0.0,0.0,0.0,0.0,0.0,0.0,0.05,0.05,35.47088780243157,0.0014096066689532492,0.0014096066689532492,mill_creek,USC00045679,"MINERAL, CA US",,
2025-12-15,USC00045679,0.0,",,7,0800",",,7,0800",0.0,1.7,",,7,0800",",,7,0800",0.0,"MINERAL, CA US",15.0,",,7",-2.2,",,7",,,,,,,,,,,,,,,,,,,,,,,,,,,True,0.0,0.0,0.0,15.0,-2.2,6.4,54.16084473320467,0.0,0.0,0.0,0.0,0.0,0.0,0.05,0.05,35.47088780243157,0.0014096066689532492,0.0014096066689532492,mill_creek,USC00045679,"MINERAL, CA US",,
2025-12-16,USC00045679,0.0,",,7,0800",",,7,0800",3.0,6.7,",,7,0800",",,7,0800",0.0,"MINERAL, CA US",14.4,",,7",0.6,",,7",,,,,,,,,,,,,,,,,,,,,,,,,,,True,3.0,0.0,0.0,14.4,0.6,7.5,61.6186156682101,0.0,3.0,0.0,0.0,0.0,3.0,0.05,0.6020865977542342,35.47088780243157,0.0014096066689532492,0.01697410566963482,mill_creek,USC00045679,"MINERAL, CA US",,
2025-12-17,USC00045679,0.0,",,7,0800",",,7,0800",38.4,8.9,",,7,0800",",,7,0800",0.0,"MINERAL, CA US",10.6,",,7",5.6,",,7",,,,,,,,,,,,,,,,,,,,,,,,,,,True,38.4,0.0,0.0,10.6,5.6,8.1,84.24016387535242,0.021200819376762114,38.4,0.0,0.0,0.0,38.42120081937676,0.05,7.572620289944221,35.47088780243157,0.0014096066689532492,0.21348832124312123,mill_creek,USC00045679,"MINERAL, CA US",,
2025-12-18,USC00045679,0.0,",,7,0800",",,7,0800",0.5,2.2,",,7,0800",",,7,0800",0.0,"MINERAL, CA US",8.9,",,7",0.6,",,7",,,,,,,,,,,,,,,,,,,,,,,,,,,True,0.5,0.0,0.0,8.9,0.6,4.75,74.49356095420954,0.0,0.5,0.0,0.0,0.0,0.5,0.05,6.301015008064778,35.47088780243157,0.0014096066689532492,0.17763905553085244,mill_creek,USC00045679,"MINERAL, CA US",,
2025-12-19,USC00045679,0.0,",,7,0800",",,7,0800",6.4,5.6,",,7,0800",",,7,0800",0.0,"MINERAL, CA US",10.0,",,7",2.2,",,7",,,,,,,,,,,,,,,,,,,,,,,,,,,True,6.4,0.0,0.0,10.0,2.2,6.1,76.07701099632224,0.0,6.4,0.0,0.0,0.0,6.4,0.05,6.345682966930343,35.47088780243157,0.0014096066689532492,0.17889834058496104,mill_creek,USC00045679,"MINERAL, CA US",,
2025-12-20,USC00045679,0.0,",,7,0800",",,7,0800",27.7,5.0,",,7,0800",",,7,0800",0.0,"MINERAL, CA US",7.2,",,7",3.9,",,7",,,,,,,,,,,,,,,,,,,,,,,,,,,True,27.7,0.0,0.0,7.2,3.9,5.55,89.12438416160207,0.045621920808010336,27.7,0.0,0.0,0.0,27.74562192080801,0.05,10.310464592933167,35.47088780243157,0.0014096066689532492,0.2906739930040988,mill_creek,USC00045679,"MINERAL, CA US",,
2025-12-21,USC00045679,0.0,",,7,0800",",,7,0800",71.1,8.3,",,7,0800",",,7,0800",0.0,"MINERAL, CA US",9.4,",,7",3.3,",,7",,,,,,,,,,,,,,,,,,,,,,,,,,,True,71.1,0.0,0.0,9.4,3.3,6.35,80.8428209843721,0.004214104921860483,71.1,0.0,0.0,0.0,71.10421410492185,0.05,21.53578578682712,35.47088780243157,0.0014096066689532492,0.6071397453252021,mill_creek,USC00045679,"MINERAL, CA US",,
2025-12-22,USC00045679,0.0,",,7,0800",",,7,0800",107.4,6.7,",,7,0800",",,7,0800",0.0,"MINERAL, CA US",8.3,",,7",5.6,",,7",,,,,,,,,,,,,,,,,,,,,,,,,,,True,107.4,0.0,0.0,8.3,5.6,6.95,91.11614812234123,0.05558074061170615,107.4,0.0,0.0,0.0,107.45558074061171,0.05,37.41600223798441,35.47088780243157,0.0014096066689532492,1.0,mill_creek,USC00045679,"MINERAL, CA US",,
2025-12-23,USC00045679,0.0,",,7,0800",",,7,0800",20.3,5.0,",,7,0800",",,7,0800",0.0,"MINERAL, CA US",7.2,",,7",,,,,,,,,,,,,,,,,,,,,,,,,,,,,True,20.3,0.0,0.0,7.2,3.65,5.425,88.33377657904819,0.041668882895240955,20.3,0.0,0.0,0.0,20.34166888289524,0.05,34.3861494072188,35.47088780243157,0.0014096066689532492,0.9694189104807688,mill_creek,USC00045679,"MINERAL, CA US",,
2025-12-24,USC00045679,0.0,",,7,0800",",,7,0800",69.9,4.4,",,7,0800",",,7,0800",0.0,"MINERAL, CA US",5.0,",,7",1.7,",,7",,,,,,,,,,,,,,,,,,,,,,,,,,,True,69.9,0.0,0.0,5.0,1.7,3.35,88.93988494247871,0.04469942471239357,69.9,0.0,0.0,0.0,69.9446994247124,0.05,41.03390517408102,35.47088780243157,0.0014096066689532492,1.0,mill_creek,USC00045679,"MINERAL, CA US",,
2025-12-25,USC00045679,0.0,",,7,0800",",,7,0800",65.5,1.7,",,7,0800",",,7,0800",0.0,"MINERAL, CA US",,,0.0,",,7",,,,,,,,,,,,,,,,,,,,,,,,,,,True,65.5,0.0,0.0,3.7,0.0,1.85,87.5336832945558,0.037668416472779,65.5,0.0,0.0,0.0,65.53766841647278,0.05,45.66560634085048,35.47088780243157,0.0014096066689532492,1.0,mill_creek,USC00045679,"MINERAL, CA US",,
2025-12-26,,,,,,,,,,,,,,,,,,,,,,,,,,,,,,,,,,,,,,,,,False,0.0,0.0,35.6,2.4,-2.8,-0.19999999999999996,82.62120247031395,0.013106012351569732,0.0,0.0,0.0,0.0,0.013106012351569732,0.05,37.399311616143045,35.47088780243157,0.0014096066689532492,1.0,mill_creek,USC00045679,"MINERAL, CA US",,
2025-12-27,USC00045679,20.0,",,7,0800",",,7,0800",40.6,0.6,",,7,0800",,,"MINERAL, CA US",1.1,",,7",-5.6,",,7",,,,,,,,,,,,,,,,,,,,,,,,,,,True,40.6,20.0,71.2,1.1,-5.6,-2.25,77.80288297188461,0.0,0.0,40.6,0.0,40.6,0.0,0.05,30.629030026429017,35.47088780243157,0.0014096066689532492,0.8634976997764731,mill_creek,USC00045679,"MINERAL, CA US",,
2025-12-28,USC00045679,0.0,",,7,0800",",,7,0800",0.0,-4.4,",,7,0800",,,"MINERAL, CA US",,,-6.1,",,7",,,,,,,,,,,,,,,,,,,,,,,,,,,True,0.0,0.0,106.80000000000001,-0.55,-6.1,-3.3249999999999997,81.11647353060533,0.005582367653026665,0.0,0.0,0.0,40.6,0.005582367653026665,0.05,25.087019598720772,35.47088780243157,0.0014096066689532492,0.7072566026103533,mill_creek,USC00045679,"MINERAL, CA US",,
2025-12-29,USC00045679,0.0,",,7,0800",",,7,0800",0.0,-3.3,",,7,0800",,,"MINERAL, CA US",-2.2,",,7",-6.1,",,7",,,,,,,,,,,,,,,,,,,,,,,,,,,True,0.0,0.0,142.4,-2.2,-6.1,-4.15,86.2799969746094,0.031399984873047015,0.0,0.0,0.0,40.6,0.031399984873047015,0.05,20.55435641449488,35.47088780243157,0.0014096066689532492,0.5794711575582795,mill_creek,USC00045679,"MINERAL, CA US",,
2025-12-30,USC00045679,178.0,,",,7,0800",,1.1,",,7,0800",",,7,0800",178.0,"MINERAL, CA US",5.6,",,7",-3.9,",,7",,,,,,,,,,,,,,,,,,,,,,,,,,,True,0.0,178.0,178.0,5.6,-3.9,0.8499999999999999,70.54901372682488,0.0,0.0,0.0,0.0,40.6,0.0,0.05,16.83754716861874,35.47088780243157,0.0014096066689532492,0.4746863755539975,mill_creek,USC00045679,"MINERAL, CA US",,
2025-12-31,USC00045679,0.0,",,7,0800",",,7,0800",0.0,4.4,",,7,0800",",,7,0800",152.0,"MINERAL, CA US",8.3,",,7",-1.7,",,7",,,,,,,,,,,,,,,,,,,,,,,,,,,True,0.0,0.0,152.0,8.3,-1.7,3.3000000000000003,69.74969231267139,0.0,0.0,0.0,6.5,34.1,6.5,0.05,14.990668764162871,35.47088780243157,0.0014096066689532492,0.4226189332406629,mill_creek,USC00045679,"MINERAL, CA US",,
2026-01-01,USC00045679,0.0,",,7,0800",",,7,0800",21.6,4.4,",,7,0800",",,7,0800",127.0,"MINERAL, CA US",6.1,",,7",1.1,",,7",,,,,,,,,,,,,,,,,,,,,,,,,,,True,21.6,0.0,127.0,6.1,1.1,3.5999999999999996,83.70712069786978,0.018535603489348917,21.6,0.0,6.499999999999999,27.6,28.11853560348935,0.05,17.457007207158995,35.47088780243157,0.0014096066689532492,0.4921502755835251,mill_creek,USC00045679,"MINERAL, CA US",,
2026-01-02,USC00045679,0.0,",,7,0800",",,7,0800",22.6,3.9,",,7,0800",",,7,0800",102.0,"MINERAL, CA US",6.1,",,7",1.7,",,7",,,,,,,,,,,,,,,,,,,,,,,,,,,True,22.6,0.0,102.0,6.1,1.7,3.9,85.5618011125016,0.027809005562507996,22.6,0.0,7.25,20.35,29.877809005562508,0.05,19.80003142696175,35.47088780243157,0.0014096066689532492,0.5582051268985839,mill_creek,USC00045679,"MINERAL, CA US",,
2026-01-03,USC00045679,0.0,",,7,0800","T,,7,0800",53.8,3.9,",,7,0800",",,7,0800",51.0,"MINERAL, CA US",5.6,",,7",0.0,",,7",,,,,,,,,,,,,,,,,,,,,,,,,,,True,53.8,0.0,51.0,5.6,0.0,2.8,81.81248555284373,0.009062427764218626,53.8,0.0,12.75,7.600000000000001,66.55906242776422,0.05,28.46874687866221,35.47088780243157,0.0014096066689532492,0.802594709138085,mill_creek,USC00045679,"MINERAL, CA US",,
2026-01-04,USC00045679,25.0,",,7,0800",",,7,0800",50.0,1.7,",,7,0800",",,7,0800",51.0,"MINERAL, CA US",4.4,",,7",0.0,",,7",,,,,,,,,,,,,,,,,,,,,,,,,,,True,50.0,25.0,51.0,4.4,0.0,2.2,85.37555029946809,0.02687775149734044,0.0,50.0,3.0000000000000004,54.6,3.026877751497341,0.05,23.874334913380377,35.47088780243157,0.0014096066689532492,0.6730684342144874,mill_creek,USC00045679,"MINERAL, CA US",,
2026-01-05,USC00045679,81.0,",,7,0800",",,7,0800",11.7,1.1,",,7,0800",",,7,0800",76.0,"MINERAL, CA US",3.9,",,7",0.0,",,7",,,,,,,,,,,,,,,,,,,,,,,,,,,True,11.7,81.0,76.0,3.9,0.0,1.95,86.91093405467315,0.03455467027336575,0.0,11.7,2.375,63.925,2.4095546702733657,0.05,19.999143278551987,35.47088780243157,0.0014096066689532492,0.5638185147759686,mill_creek,USC00045679,"MINERAL, CA US",,
2026-01-06,USC00045679,102.0,",,7,0800",",,7,0800",20.3,1.1,",,7,0800",",,7,0800",102.0,"MINERAL, CA US",1.7,",,7",0.0,",,7",,,,,,,,,,,,,,,,,,,,,,,,,,,True,20.3,102.0,102.0,1.7,0.0,0.85,94.04222920484948,0.07021114602424738,0.0,20.3,0.0,84.225,0.07021114602424738,0.05,16.3876191202989,35.47088780243157,0.0014096066689532492,0.4620019440047822,mill_creek,USC00045679,"MINERAL, CA US",,
2026-01-07,USC00045679,0.0,",,7,0800",",,7,0800",2.8,1.1,",,7,0800",",,7,0800",102.0,"MINERAL, CA US",3.9,",,7",0.0,",,7",,,,,,,,,,,,,,,,,,,,,,,,,,,True,2.8,0.0,102.0,3.9,0.0,1.95,86.91093405467315,0.03455467027336575,2.8,0.0,2.375,81.85,5.2095546702733655,0.05,14.278791768139607,35.47088780243157,0.0014096066689532492,0.4025496020192869,mill_creek,USC00045679,"MINERAL, CA US",,
2026-01-08,USC00045679,51.0,",,7,0800",",,7,0800",13.5,-6.1,",,7,0800",",,7,0800",152.0,"MINERAL, CA US",3.3,",,7",-6.7,",,7",,,,,,,,,,,,,,,,,,,,,,,,,,,True,13.5,51.0,152.0,3.3,-6.7,-1.7000000000000002,68.69454791502105,0.0,0.0,13.5,0.0,95.35,0.0,0.05,11.698169590220699,35.47088780243157,0.0014096066689532492,0.3297963573784239,mill_creek,USC00045679,"MINERAL, CA US",,
2026-01-09,USC00045679,0.0,",,7,0800",",,7,0800",0.0,-2.8,",,7,0800",",,7,0800",102.0,"MINERAL, CA US",0.0,",,7",-7.2,",,7",,,,,,,,,,,,,,,,,,,,,,,,,,,True,0.0,0.0,102.0,0.0,-7.2,-3.6,76.10293574486677,0.0,0.0,0.0,12.5,82.85,12.5,0.05,11.869413922982632,35.47088780243157,0.0014096066689532492,0.3346241004480573,mill_creek,USC00045679,"MINERAL, CA US",,
2026-01-10,USC00045679,0.0,",,7,0800",",,7,0800",0.0,1.1,",,7,0800",",,7,0800",76.0,"MINERAL, CA US",7.2,",,7",-4.4,",,7",,,,,,,,,,,,,,,,,,,,,,,,,,,True,0.0,0.0,76.0,7.2,-4.4,1.4,65.31741494698942,0.0,0.0,0.0,6.5,76.35,6.5,0.05,10.846537945261302,35.47088780243157,0.0014096066689532492,0.30578704445389604,mill_creek,USC00045679,"MINERAL, CA US",,
2026-01-11,USC00045679,0.0,",,7,0800",",,7,0800",0.0,3.3,",,7,0800",",,7,0800",76.0,"MINERAL, CA US",7.2,",,7",1.1,",,7",,,,,,,,,,,,,,,,,,,,,,,,,,,True,0.0,0.0,76.0,7.2,1.1,4.15,80.53409723394498,0.002670486169724882,0.0,0.0,7.875000000000001,68.475,7.877670486169726,0.05,10.142955868261065,35.47088780243157,0.0014096066689532492,0.2859515646959858,mill_creek,USC00045679,"MINERAL, CA US",,
2026-01-12,USC00045679,0.0,",,7,0800",",,7,0800",0.0,1.1,",,7,0800",",,7,0800",76.0,"MINERAL, CA US",10.0,",,7",-1.1,",,7",,,,,,,,,,,,,,,,,,,,,,,,,,,True,0.0,0.0,76.0,10.0,-1.1,4.45,67.23069661570759,0.0,0.0,0.0,8.625,59.849999999999994,8.625,0.05,9.6041258655032,35.47088780243157,0.0014096066689532492,0.27076079738959413,mill_creek,USC00045679,"MINERAL, CA US",,
2026-01-13,USC00045679,0.0,",,7,0800",",,7,0800",0.0,5.0,",,7,0800",",,7,0800",76.0,"MINERAL, CA US",12.2,",,7",-0.6,",,7",,,,,,,,,,,,,,,,,,,,,,,,,,,True,0.0,0.0,76.0,12.2,-0.6,5.8,63.48127660043438,0.0,0.0,0.0,12.0,47.849999999999994,12.0,0.05,10.024467800021398,35.47088780243157,0.0014096066689532492,0.2826111332723454,mill_creek,USC00045679,"MINERAL, CA US",,
2026-01-14,USC00045679,0.0,",,7,0800",",,7,0800",0.0,2.8,",,7,0800",",,7,0800",76.0,"MINERAL, CA US",13.9,",,7",-2.2,",,7",,,,,,,,,,,,,,,,,,,,,,,,,,,True,0.0,0.0,76.0,13.9,-2.2,5.85,56.25567072313177,0.0,0.0,0.0,12.125,35.724999999999994,12.125,0.05,10.254732811514158,35.47088780243157,0.0014096066689532492,0.2891027951888812,mill_creek,USC00045679,"MINERAL, CA US",,
2026-01-15,USC00045679,0.0,",,7,0800",",,7,0800",0.0,5.0,",,7,0800",",,7,0800",51.0,"MINERAL, CA US",15.0,",,7",1.7,",,7",,,,,,,,,,,,,,,,,,,,,,,,,,,True,0.0,0.0,51.0,15.0,1.7,8.35,62.93962674026501,0.0,0.0,0.0,18.375,17.349999999999994,18.375,0.05,11.605599996255688,35.47088780243157,0.0014096066689532492,0.3271866230385164,mill_creek,USC00045679,"MINERAL, CA US",,
2026-01-16,USC00045679,0.0,",,7,0800",",,7,0800",0.0,2.8,",,7,0800",",,7,0800",51.0,"MINERAL, CA US",15.0,",,7",-0.6,",,7",,,,,,,,,,,,,,,,,,,,,,,,,,,True,0.0,0.0,51.0,15.0,-0.6,7.2,57.65275159380576,0.0,0.0,0.0,15.5,1.8499999999999943,15.5,0.05,12.363336341331907,35.47088780243157,0.0014096066689532492,0.3485488271450704,mill_creek,USC00045679,"MINERAL, CA US",,
2026-01-17,USC00045679,0.0,",,7,0800",",,7,0800",0.0,7.2,",,7,0800",",,7,0800",51.0,"MINERAL, CA US",10.0,",,7",-0.6,",,7",,,,,,,,,,,,,,,,,,,,,,,,,,,True,0.0,0.0,51.0,10.0,-0.6,4.7,68.5236140659025,0.0,0.0,0.0,1.8499999999999943,0.0,1.8499999999999943,0.05,10.471760537589596,35.47088780243157,0.0014096066689532492,0.2952212697893551,mill_creek,USC00045679,"MINERAL, CA US",,
2026-01-18,USC00045679,0.0,",,7,0800",",,7,0800",0.0,1.7,",,7,0800",",,7,0800",51.0,"MINERAL, CA US",15.6,",,7",-3.9,",,7",,,,,,,,,,,,,,,,,,,,,,,,,,,True,0.0,0.0,51.0,15.6,-3.9,5.85,49.57415466012396,0.0,0.0,0.0,0.0,0.0,0.0,0.05,8.582600448131306,35.47088780243157,0.0014096066689532492,0.24196181657294066,mill_creek,USC00045679,"MINERAL, CA US",,
2026-01-19,USC00045679,0.0,",,7,0800",",,7,0800",0.0,3.9,",,7,0800",",,7,0800",25.0,"MINERAL, CA US",15.6,",,7",-2.8,",,7",,,,,,,,,,,,,,,,,,,,,,,,,,,True,0.0,0.0,25.0,15.6,-2.8,6.4,51.8076410261789,0.0,0.0,0.0,0.0,0.0,0.0,0.05,7.035815738617337,35.47088780243157,0.0014096066689532492,0.19835465573362457,mill_creek,USC00045679,"MINERAL, CA US",,
2026-01-20,USC00045679,0.0,",,7,0800",",,7,0800",0.0,-1.7,",,7,0800",",,7,0800",25.0,"MINERAL, CA US",15.0,",,7",-3.3,",,7",,,,,,,,,,,,,,,,,,,,,,,,,,,True,0.0,0.0,25.0,15.0,-3.3,5.85,51.84711431063311,0.0,0.0,0.0,0.0,0.0,0.0,0.05,5.76950218054219,35.47088780243157,0.0014096066689532492,0.1626545750046517,mill_creek,USC00045679,"MINERAL, CA US",,
2026-01-21,USC00045679,0.0,",,7,0800",",,7,0800",0.0,0.0,",,7,0800",",,7,0800",25.0,"MINERAL, CA US",11.1,",,7",-2.8,",,7",,,,,,,,,,,,,,,,,,,,,,,,,,,True,0.0,0.0,25.0,11.1,-2.8,4.15,60.57302604150634,0.0,0.0,0.0,0.0,0.0,0.0,0.05,4.714794804032077,35.47088780243157,0.0014096066689532492,0.13292012397019487,mill_creek,USC00045679,"MINERAL, CA US",,
2026-01-22,USC00045679,0.0,",,7,0800",",,7,0800",0.0,1.7,",,7,0800",",,7,0800",25.0,"MINERAL, CA US",11.1,",,7",-0.6,",,7",,,,,,,,,,,,,,,,,,,,,,,,,,,True,0.0,0.0,25.0,11.1,-0.6,5.25,65.94869263871746,0.0,0.0,0.0,0.0,0.0,0.0,0.05,3.791614517866663,35.47088780243157,0.0014096066689532492,0.10689370220969613,mill_creek,USC00045679,"MINERAL, CA US",,
2026-01-23,USC00045679,0.0,",,7,0800",",,7,0800",0.0,-3.3,",,7,0800",",,7,0800",25.0,"MINERAL, CA US",14.4,",,7",-4.4,",,7",,,,,,,,,,,,,,,,,,,,,,,,,,,True,0.0,0.0,25.0,14.4,-4.4,5.0,50.648938425592796,0.0,0.0,0.0,0.0,0.0,0.0,0.05,3.030923502648082,35.47088780243157,0.0014096066689532492,0.08544819964839755,mill_creek,USC00045679,"MINERAL, CA US",,
2026-01-24,USC00045679,0.0,",,7,0800",",,7,0800",0.0,2.8,",,7,0800",",,7,0800",25.0,"MINERAL, CA US",11.1,",,7",-4.4,",,7",,,,,,,,,,,,,,,,,,,,,,,,,,,True,0.0,0.0,25.0,11.1,-4.4,3.3499999999999996,56.85865066212257,0.0,0.0,0.0,0.0,0.0,0.0,0.05,2.3068960911553225,35.47088780243157,0.0014096066689532492,0.0650363222934945,mill_creek,USC00045679,"MINERAL, CA US",,
2026-01-25,USC00045679,0.0,",,7,0800",",,7,0800",0.0,1.1,",,7,0800",",,7,0800",25.0,"MINERAL, CA US",13.3,",,7",-6.7,",,7",,,,,,,,,,,,,,,,,,,,,,,,,,,True,0.0,0.0,25.0,13.3,-6.7,3.3000000000000003,47.91423580630779,0.0,0.0,0.0,0.0,0.0,0.0,0.05,1.8894372069885679,35.47088780243157,0.0014096066689532492,0.053267265750789716,mill_creek,USC00045679,"MINERAL, CA US",,
2026-01-26,USC00045679,0.0,",,7,0800",",,7,0800",0.0,0.6,",,7,0800",",,7,0800",25.0,"MINERAL, CA US",9.4,",,7",-5.6,",,7",,,,,,,,,,,,,,,,,,,,,,,,,,,True,0.0,0.0,25.0,9.4,-5.6,1.9000000000000004,57.55661479351537,0.0,0.0,0.0,0.0,0.0,0.0,0.05,1.5493543568772783,35.47088780243157,0.0014096066689532492,0.04367960468051968,mill_creek,USC00045679,"MINERAL, CA US",,
2026-01-27,USC00045679,0.0,",,7,0800",",,7,0800",0.0,-1.1,",,7,0800","T,,7,0800",0.0,"MINERAL, CA US",8.9,",,7",-5.6,",,7",,,,,,,,,,,,,,,,,,,,,,,,,,,True,0.0,0.0,0.0,8.9,-5.6,1.6500000000000004,58.59426725056059,0.0,0.0,0.0,0.0,0.0,0.0,0.05,1.2773737657245836,35.47088780243157,0.0014096066689532492,0.036011891578225964,mill_creek,USC00045679,"MINERAL, CA US",,
2026-01-28,USC00045679,0.0,",,7,0800",",,7,0800",3.3,1.1,",,7,0800","T,,7,0800",0.0,"MINERAL, CA US",9.4,",,7",-2.8,",,7",,,,,,,,,,,,,,,,,,,,,,,,,,,True,3.3,0.0,0.0,9.4,-2.8,3.3000000000000003,64.30542545725385,0.0,3.3,0.0,0.0,0.0,3.3,0.05,1.6478075190204053,35.47088780243157,0.0014096066689532492,0.046455209359249426,mill_creek,USC00045679,"MINERAL, CA US",,
2026-01-29,USC00045679,0.0,",,7,0800",",,7,0800",0.0,-1.1,",,7,0800","T,,7,0800",0.0,"MINERAL, CA US",6.7,",,7",-3.3,",,7",,,,,,,,,,,,,,,,,,,,,,,,,,,True,0.0,0.0,0.0,6.7,-3.3,1.7000000000000002,69.41741499308434,0.0,0.0,0.0,0.0,0.0,0.0,0.05,1.3581741533212384,35.47088780243157,0.0014096066689532492,0.038289826882431,mill_creek,USC00045679,"MINERAL, CA US",,
2026-01-30,USC00045679,0.0,",,7,0800",",,7,0800",0.0,3.3,",,7,0800","T,,7,0800",0.0,"MINERAL, CA US",12.2,",,7",-2.8,",,7",,,,,,,,,,,,,,,,,,,,,,,,,,,True,0.0,0.0,0.0,12.2,-2.8,4.699999999999999,58.286929598962494,0.0,0.0,0.0,0.0,0.0,0.0,0.05,1.0865471722550997,35.47088780243157,0.0014096066689532492,0.030632082802861664,mill_creek,USC00045679,"MINERAL, CA US",,
2026-01-31,USC00045679,0.0,",,7,0800",",,7,0800",0.0,6.7,",,7,0800","T,,7,0800",0.0,"MINERAL, CA US",14.4,",,7",-3.3,",,7",,,,,,,,,,,,,,,,,,,,,,,,,,,True,0.0,0.0,0.0,14.4,-3.3,5.550000000000001,52.935241305167864,0.0,0.0,0.0,0.0,0.0,0.0,0.05,0.8807155234668809,35.47088780243157,0.0014096066689532492,0.02482924950659134,mill_creek,USC00045679,"MINERAL, CA US",,
2026-02-01,USC00045679,0.0,",,7,0800",",,7,0800",0.0,1.7,",,7,0800","T,,7,0800",0.0,"MINERAL, CA US",15.6,",,7",-2.2,",,7",,,,,,,,,,,,,,,,,,,,,,,,,,,True,0.0,0.0,0.0,15.6,-2.2,6.699999999999999,53.055016752071275,0.0,0.0,0.0,0.0,0.0,0.0,0.05,0.7083929770032745,35.47088780243157,0.0014096066689532492,0.01997110929246923,mill_creek,USC00045679,"MINERAL, CA US",,
2026-02-02,USC00045679,0.0,",,7,0800",",,7,0800",0.0,-2.2,",,7,0800","T,,7,0800",0.0,"MINERAL, CA US",11.7,",,7",-3.9,",,7",,,,,,,,,,,,,,,,,,,,,,,,,,,True,0.0,0.0,0.0,11.7,-3.9,3.8999999999999995,56.79094337400782,0.0,0.0,0.0,0.0,0.0,0.0,0.05,0.5652448640421285,35.47088780243157,0.0014096066689532492,0.01593545859890714,mill_creek,USC00045679,"MINERAL, CA US",,
2026-02-03,USC00045679,0.0,",,7,0800",",,7,0800",0.0,-0.6,",,7,0800","T,,7,0800",0.0,"MINERAL, CA US",13.9,",,7",-2.8,",,7",,,,,,,,,,,,,,,,,,,,,,,,,,,True,0.0,0.0,0.0,13.9,-2.8,5.550000000000001,54.94080306411545,0.0,0.0,0.0,0.0,0.0,0.0,0.05,0.438731387604055,35.47088780243157,0.0014096066689532492,0.012368773796915776,mill_creek,USC00045679,"MINERAL, CA US",,
2026-02-04,USC00045679,0.0,",,7,0800",",,7,0800",0.0,1.1,",,7,0800","T,,7,0800",0.0,"MINERAL, CA US",15.6,",,7",-2.2,",,7",,,,,,,,,,,,,,,,,,,,,,,,,,,True,0.0,0.0,0.0,15.6,-2.2,6.699999999999999,53.055016752071275,0.0,0.0,0.0,0.0,0.0,0.0,0.05,0.33480596139089014,35.47088780243157,0.0014096066689532492,0.009438894319638055,mill_creek,USC00045679,"MINERAL, CA US",,
2026-02-05,USC00045679,0.0,",,7,0800",",,7,0800",0.0,2.2,",,7,0800","T,,7,0800",0.0,"MINERAL, CA US",16.7,",,7",-2.2,",,7",,,,,,,,,,,,,,,,,,,,,,,,,,,True,0.0,0.0,0.0,16.7,-2.2,7.25,51.09253500485472,0.0,0.0,0.0,0.0,0.0,0.0,0.05,0.23247140019806084,35.47088780243157,0.0014096066689532492,0.006553864721201725,mill_creek,USC00045679,"MINERAL, CA US",,
2026-02-06,USC00045679,0.0,",,7,0800",",,7,0800",0.0,1.1,",,7,0800","T,,7,0800",0.0,"MINERAL, CA US",15.6,",,7",-2.8,",,7",,,,,,,,,,,,,,,,,,,,,,,,,,,True,0.0,0.0,0.0,15.6,-2.8,6.4,51.8076410261789,0.0,0.0,0.0,0.0,0.0,0.0,0.05,0.15662085246042323,35.47088780243157,0.0014096066689532492,0.00441547596250711,mill_creek,USC00045679,"MINERAL, CA US",,
2026-02-07,USC00045679,0.0,",,7,0800",",,7,0800",0.0,1.7,",,7,0800","T,,7,0800",0.0,"MINERAL, CA US",14.4,",,7",-2.8,",,7",,,,,,,,,,,,,,,,,,,,,,,,,,,True,0.0,0.0,0.0,14.4,-2.8,5.800000000000001,53.99786264196731,0.0,0.0,0.0,0.0,0.0,0.0,0.05,0.13218847568602787,35.47088780243157,0.0014096066689532492,0.0037266751377157863,mill_creek,USC00045679,"MINERAL, CA US",,
2026-02-08,USC00045679,0.0,",,7,0800",",,7,0800",0.0,10.0,",,7,0800","T,,7,0800",0.0,"MINERAL, CA US",11.7,",,7",0.6,",,7",,,,,,,,,,,,,,,,,,,,,,,,,,,True,0.0,0.0,0.0,11.7,0.6,6.1499999999999995,67.59878703500173,0.0,0.0,0.0,0.0,0.0,0.0,0.05,0.11729023259275298,35.47088780243157,0.0014096066689532492,0.0033066618813164467,mill_creek,USC00045679,"MINERAL, CA US",,
2026-02-09,USC00045679,0.0,",,7,0800",",,7,0800",0.0,-2.8,",,7,0800","T,,7,0800",0.0,"MINERAL, CA US",10.0,",,7",-3.3,",,7",,,,,,,,,,,,,,,,,,,,,,,,,,,True,0.0,0.0,0.0,10.0,-3.3,3.35,61.739769024892176,0.0,0.0,0.0,0.0,0.0,0.0,0.05,0.10509258280545722,35.47088780243157,0.0014096066689532492,0.002962784111601881,mill_creek,USC00045679,"MINERAL, CA US",,
2026-02-10,USC00045679,0.0,",,7,0800",",,7,0800",0.0,0.6,",,7,0800","T,,7,0800",0.0,"MINERAL, CA US",7.8,",,7",-2.8,",,7",,,,,,,,,,,,,,,,,,,,,,,,,,,True,0.0,0.0,0.0,7.8,-2.8,2.5,68.05384243327516,0.0,0.0,0.0,0.0,0.0,0.0,0.05,0.09510599180932305,35.47088780243157,0.0014096066689532492,0.0026812408062366973,mill_creek,USC00045679,"MINERAL, CA US",,
2026-02-11,USC00045679,0.0,",,7,0800",",,7,0800",9.9,2.8,",,7,0800","T,,7,0800",0.0,"MINERAL, CA US",9.4,",,7",0.0,",,7",,,,,,,,,,,,,,,,,,,,,,,,,,,True,9.9,0.0,0.0,9.4,0.0,4.7,71.57869376107978,0.0,9.9,0.0,0.0,0.0,9.9,0.05,1.9088154352313493,35.47088780243157,0.0014096066689532492,0.053813579346060174,mill_creek,USC00045679,"MINERAL, CA US",,
2026-02-12,USC00045679,0.0,",,7,0800",",,7,0800",1.0,-0.6,",,7,0800","T,,7,0800",0.0,"MINERAL, CA US",5.6,",,7",-1.1,",,7",,,,,,,,,,,,,,,,,,,,,,,,,,,True,1.0,0.0,0.0,5.6,-1.1,2.25,78.52097624820968,0.0,1.0,0.0,0.0,0.0,1.0,0.05,1.7558982270380175,35.47088780243157,0.0014096066689532492,0.04950251701671952,mill_creek,USC00045679,"MINERAL, CA US",,
2026-02-13,USC00045679,0.0,",,7,0800",",,7,0800",0.8,0.0,",,7,0800","T,,7,0800",0.0,"MINERAL, CA US",8.3,",,7",-2.8,",,7",,,,,,,,,,,,,,,,,,,,,,,,,,,True,0.8,0.0,0.0,8.3,-2.8,2.7500000000000004,66.8569210137088,0.0,0.8,0.0,0.0,0.0,0.8,0.05,1.5938944328316926,35.47088780243157,0.0014096066689532492,0.04493528444254021,mill_creek,USC00045679,"MINERAL, CA US",,
2026-02-14,USC00045679,0.0,",,7,0800",",,7,0800",0.0,6.1,",,7,0800","T,,7,0800",0.0,"MINERAL, CA US",8.9,",,7",-2.2,",,7",,,,,,,,,,,,,,,,,,,,,,,,,,,True,0.0,0.0,0.0,8.9,-2.2,3.35,66.98949715846071,0.0,0.0,0.0,0.0,0.0,0.0,0.05,1.3140338516651953,35.47088780243157,0.0014096066689532492,0.037045417610751676,mill_creek,USC00045679,"MINERAL, CA US",,
2026-02-15,USC00045679,0.0,",,7,0800",",,7,0800",5.1,3.3,",,7,0800","T,,7,0800",0.0,"MINERAL, CA US",7.8,",,7",1.7,",,7",,,,,,,,,,,,,,,,,,,,,,,,,,,True,5.1,0.0,0.0,7.8,1.7,4.75,80.61899794482275,0.0030949897241137597,5.1,0.0,0.0,0.0,5.103094989724114,0.05,2.0240201709210623,35.47088780243157,0.0014096066689532492,0.057061446620524495,mill_creek,USC00045679,"MINERAL, CA US",,
2026-02-16,USC00045679,127.0,",,7,0800",",,7,0800",137.9,1.1,",,7,0800",",,7,0800",127.0,"MINERAL, CA US",6.1,",,7",0.0,",,7",,,,,,,,,,,,,,,,,,,,,,,,,,,True,137.9,127.0,127.0,6.1,0.0,3.05,80.37705598351017,0.001885279917550875,0.0,137.9,5.125,132.775,5.126885279917551,0.05,2.6096859048846426,35.47088780243157,0.0014096066689532492,0.07357261310797374,mill_creek,USC00045679,"MINERAL, CA US",,
2026-02-17,USC00045679,241.0,",,7,0800",",,7,0800",16.3,-2.2,",,7,0800",",,7,0800",356.0,"MINERAL, CA US",1.1,",,7",-3.9,",,7",,,,,,,,,,,,,,,,,,,,,,,,,,,True,16.3,241.0,356.0,1.1,-3.9,-1.4,83.08371153761348,0.015418557688067408,0.0,16.3,0.0,149.07500000000002,0.015418557688067408,0.05,2.1485310282347267,35.47088780243157,0.0014096066689532492,0.06057167331705305,mill_creek,USC00045679,"MINERAL, CA US",,
2026-02-18,USC00045679,102.0,",,7,0800",",,7,0800",19.3,-3.9,",,7,0800",",,7,0800",457.0,"MINERAL, CA US",-1.7,",,7",-9.4,",,7",,,,,,,,,,,,,,,,,,,,,,,,,,,True,19.3,102.0,457.0,-1.7,-9.4,-5.55,74.28820570105555,0.0,0.0,19.3,0.0,168.37500000000003,0.0,0.05,1.7590251464171318,35.47088780243157,0.0014096066689532492,0.04959067154492109,mill_creek,USC00045679,"MINERAL, CA US",,
2026-02-19,USC00045679,102.0,",,7,0800",",,7,0800",16.3,-1.1,",,7,0800",",,7,0800",508.0,"MINERAL, CA US",,,-4.4,",,7",,,,,,,,,,,,,,,,,,,,,,,,,,,True,16.3,102.0,508.0,-1.15,-4.4,-2.7750000000000004,88.56776833494361,0.04283884167471805,0.0,16.3,0.0,184.67500000000004,0.04283884167471805,0.05,1.4571150286059489,35.47088780243157,0.0014096066689532492,0.041079181235098995,mill_creek,USC00045679,"MINERAL, CA US",,
2026-02-20,USC00045679,140.0,",,7,0800",",,7,0800",0.8,,,",,7,0800",635.0,"MINERAL, CA US",-0.6,",,7",,,,,,,,,,,,,,,,,,,,,,,,,,,,,True,0.8,140.0,635.0,-0.6,-5.800000000000001,-3.2,82.22292781430176,0.011114639071508777,0.0,0.8,0.0,185.47500000000005,0.011114639071508777,0.05,1.2040937614613132,35.47088780243157,0.0014096066689532492,0.033945971924017396,mill_creek,USC00045679,"MINERAL, CA US",,
2026-02-21,USC00045679,0.0,"T,,7,0800",",,7,0800",0.0,-0.6,",,7,0800",",,7,0800",584.0,"MINERAL, CA US",1.7,",,7",-7.2,",,7",,,,,,,,,,,,,,,,,,,,,,,,,,,True,0.0,0.0,584.0,1.7,-7.2,-2.75,71.43606948597561,0.0,0.0,0.0,12.75,172.72500000000005,12.75,0.05,3.341260094899317,35.47088780243157,0.0014096066689532492,0.09419725024954886,mill_creek,USC00045679,"MINERAL, CA US",,
2026-02-22,USC00045679,0.0,",,7,0800","T,,7,0800",0.8,5.0,",,7,0800",",,7,0800",508.0,"MINERAL, CA US",,,-1.1,",,7",,,,,,,,,,,,,,,,,,,,,,,,,,,True,0.8,0.0,508.0,4.2,-1.1,1.55,82.54508811060612,0.012725440553030582,0.8,0.0,19.0,153.72500000000005,19.81272544055303,0.05,6.390769249643656,35.47088780243157,0.0014096066689532492,0.180169419080781,mill_creek,USC00045679,"MINERAL, CA US",,
2026-02-23,USC00045679,0.0,",,7,0800",",,7,0800",3.0,2.2,",,7,0800",",,7,0800",356.0,"MINERAL, CA US",6.7,",,7",1.1,",,7",,,,,,,,,,,,,,,,,,,,,,,,,,,True,3.0,0.0,356.0,6.7,1.1,3.9000000000000004,81.95944063468657,0.009797203173432863,3.0,0.0,38.0,115.72500000000005,41.009797203173434,0.05,12.78836925368484,35.47088780243157,0.0014096066689532492,0.3605314117006167,mill_creek,USC00045679,"MINERAL, CA US",,
2026-02-24,USC00045679,0.0,",,7,0800",",,7,0800",38.1,3.3,",,7,0800",",,7,0800",203.0,"MINERAL, CA US",5.6,",,7",1.7,",,7",,,,,,,,,,,,,,,,,,,,,,,,,,,True,38.1,0.0,203.0,5.6,1.7,3.65,87.07922434566612,0.0353961217283306,38.1,0.0,38.25,77.47500000000005,76.38539612172832,0.05,24.53641247303962,35.47088780243157,0.0014096066689532492,0.6917338130836866,mill_creek,USC00045679,"MINERAL, CA US",,
2026-02-25,USC00045679,0.0,",,7,0800",",,7,0800",50.3,4.4,",,7,0800",",,7,0800",102.0,"MINERAL, CA US",6.1,",,7",1.7,",,7",,,,,,,,,,,,,,,,,,,,,,,,,,,True,50.3,0.0,102.0,6.1,1.7,3.9,85.5618011125016,0.027809005562507996,50.3,0.0,25.25,52.22500000000005,75.5778090055625,0.05,34.006277404096586,35.47088780243157,0.0014096066689532492,0.9587095083017747,mill_creek,USC00045679,"MINERAL, CA US",,
2026-02-26,USC00045679,0.0,"T,,7,0800",",,7,0800",0.0,4.4,",,7,0800",",,7,0800",76.0,"MINERAL, CA US",8.9,",,7",-2.2,",,7",,,,,,,,,,,,,,,,,,,,,,,,,,,True,0.0,0.0,76.0,8.9,-2.2,3.35,66.98949715846071,0.0,0.0,0.0,6.5,45.72500000000005,6.5,0.05,29.04723619924837,35.47088780243157,0.0014096066689532492,0.8189035572224147,mill_creek,USC00045679,"MINERAL, CA US",,
2026-02-27,USC00045679,0.0,",,7,0800",",,7,0800",0.0,6.7,",,7,0800",",,7,0800",51.0,"MINERAL, CA US",12.2,",,7",-0.6,",,7",,,,,,,,,,,,,,,,,,,,,,,,,,,True,0.0,0.0,51.0,12.2,-0.6,5.8,63.48127660043438,0.0,0.0,0.0,12.0,33.72500000000005,12.0,0.05,25.999275421607674,35.47088780243157,0.0014096066689532492,0.7329750404450095,mill_creek,USC00045679,"MINERAL, CA US",,
2026-02-28,USC00045679,0.0,",,7,0800",",,7,0800",0.0,7.2,",,7,0800",",,7,0800",0.0,"MINERAL, CA US",15.0,",,7",2.2,",,7",,,,,,,,,,,,,,,,,,,,,,,,,,,True,0.0,0.0,0.0,15.0,2.2,8.6,64.13126606966487,0.0,0.0,0.0,19.0,14.725000000000051,19.0,0.05,24.792018260204298,35.47088780243157,0.0014096066689532492,0.6989398855278941,mill_creek,USC00045679,"MINERAL, CA US",,
2026-03-01,USC00045679,0.0,"T,,7,0800",",,7,0800",0.0,10.0,",,7,0800",",,7,0800",0.0,"MINERAL, CA US",14.4,",,7",3.3,",,7",,,,,,,,,,,,,,,,,,,,,,,,,,,True,0.0,0.0,0.0,14.4,3.3,8.85,68.1719552970427,0.0,0.0,0.0,14.725000000000051,0.0,14.725000000000051,0.05,23.016876293489954,35.47088780243157,0.0014096066689532492,0.6488948464355077,mill_creek,USC00045679,"MINERAL, CA US",,
2026-03-02,USC00045679,0.0,",,7,0800",",,7,0800",0.0,1.7,",,7,0800",",,7,0800",0.0,"MINERAL, CA US",12.2,",,7",-2.2,",,7",,,,,,,,,,,,,,,,,,,,,,,,,,,True,0.0,0.0,0.0,12.2,-2.2,5.0,59.6733632829696,0.0,0.0,0.0,0.0,0.0,0.0,0.05,18.85368792361788,35.47088780243157,0.0014096066689532492,0.531525684629902,mill_creek,USC00045679,"MINERAL, CA US",,
2026-03-03,USC00045679,0.0,",,7,0800",",,7,0800",0.0,-0.6,",,7,0800",",,7,0800",0.0,"MINERAL, CA US",10.0,",,7",-2.8,",,7",,,,,,,,,,,,,,,,,,,,,,,,,,,True,0.0,0.0,0.0,10.0,-2.8,3.6,62.959588249465334,0.0,0.0,0.0,0.0,0.0,0.0,0.05,15.44515757434702,35.47088780243157,0.0014096066689532492,0.43543194239666694,mill_creek,USC00045679,"MINERAL, CA US",,
2026-03-04,USC00045679,0.0,",,7,0800",",,7,0800",0.0,5.6,",,7,0800",",,7,0800",0.0,"MINERAL, CA US",13.9,",,7",-1.7,",,7",,,,,,,,,,,,,,,,,,,,,,,,,,,True,0.0,0.0,0.0,13.9,-1.7,6.1000000000000005,57.36791250528854,0.0,0.0,0.0,0.0,0.0,0.0,0.05,12.627168726538336,35.47088780243157,0.0014096066689532492,0.3559868249385269,mill_creek,USC00045679,"MINERAL, CA US",,
2026-03-05,USC00045679,0.0,",,7,0800",",,7,0800",6.1,-2.2,",,7,0800",",,7,0800",0.0,"MINERAL, CA US",6.1,",,7",-3.9,",,7",,,,,,,,,,,,,,,,,,,,,,,,,,,True,6.1,0.0,0.0,6.1,-3.9,1.0999999999999999,69.29152143331363,0.0,6.1,0.0,0.0,0.0,6.1,0.05,11.46713128617179,35.47088780243157,0.0014096066689532492,0.3232828946950041,mill_creek,USC00045679,"MINERAL, CA US",,
2026-03-06,USC00045679,0.0,",,7,0800",",,7,0800",0.0,7.2,",,7,0800",",,7,0800",0.0,"MINERAL, CA US",8.3,",,7",-2.8,",,7",,,,,,,,,,,,,,,,,,,,,,,,,,,True,0.0,0.0,0.0,8.3,-2.8,2.7500000000000004,66.8569210137088,0.0,0.0,0.0,0.0,0.0,0.0,0.05,9.39534880072077,35.47088780243157,0.0014096066689532492,0.2648749265327582,mill_creek,USC00045679,"MINERAL, CA US",,
2026-03-07,USC00045679,0.0,",,7,0800",",,7,0800",0.0,12.2,",,7,0800",",,7,0800",0.0,"MINERAL, CA US",,,0.6,",,7",,,,,,,,,,,,,,,,,,,,,,,,,,,True,0.0,0.0,0.0,12.5,0.6,6.55,65.76191253458865,0.0,0.0,0.0,0.0,0.0,0.0,0.05,7.701324461390531,35.47088780243157,0.0014096066689532492,0.21711676641097763,mill_creek,USC00045679,"MINERAL, CA US",,
2026-03-08,USC00045679,0.0,",,7,0800",",,7,0800",0.0,15.6,",,7,0800",",,7,0800",0.0,"MINERAL, CA US",16.7,",,7",-1.1,",,7",,,,,,,,,,,,,,,,,,,,,,,,,,,True,0.0,0.0,0.0,16.7,-1.1,7.8,53.35555833010128,0.0,0.0,0.0,0.0,0.0,0.0,0.05,6.300292040445911,35.47088780243157,0.0014096066689532492,0.1776186735313126,mill_creek,USC00045679,"MINERAL, CA US",,
2026-03-09,USC00045679,0.0,",,7,0800",",,7,0800",0.0,-1.1,",,7,0800",",,7,0800",0.0,"MINERAL, CA US",18.3,",,7",-2.2,",,7",,,,,,,,,,,,,,,,,,,,,,,,,,,True,0.0,0.0,0.0,18.3,-2.2,8.05,48.381129431148366,0.0,0.0,0.0,0.0,0.0,0.0,0.05,5.153158059222517,35.47088780243157,0.0014096066689532492,0.14527851932900485,mill_creek,USC00045679,"MINERAL, CA US",,
2026-03-10,USC00045679,0.0,",,7,0800",",,7,0800",0.0,1.1,",,7,0800",",,7,0800",0.0,"MINERAL, CA US",15.0,",,7",-2.2,",,7",,,,,,,,,,,,,,,,,,,,,,,,,,,True,0.0,0.0,0.0,15.0,-2.2,6.4,54.16084473320467,0.0,0.0,0.0,0.0,0.0,0.0,0.05,4.228069891558536,35.47088780243157,0.0014096066689532492,0.11919831031882706,mill_creek,USC00045679,"MINERAL, CA US",,
2026-03-11,USC00045679,0.0,",,7,0800",",,7,0800",0.0,-2.8,",,7,0800",",,7,0800",0.0,"MINERAL, CA US",11.1,",,7",-3.9,",,7",,,,,,,,,,,,,,,,,,,,,,,,,,,True,0.0,0.0,0.0,11.1,-3.9,3.5999999999999996,58.00193747957415,0.0,0.0,0.0,0.0,0.0,0.0,0.05,3.4707143087281622,35.47088780243157,0.0014096066689532492,0.09784684071229367,mill_creek,USC00045679,"MINERAL, CA US",,
2026-03-12,USC00045679,0.0,",,7,0800",",,7,0800",0.0,-2.2,",,7,0800",",,7,0800",0.0,"MINERAL, CA US",14.4,",,7",-3.9,",,7",,,,,,,,,,,,,,,,,,,,,,,,,,,True,0.0,0.0,0.0,14.4,-3.9,5.25,51.679431828514296,0.0,0.0,0.0,0.0,0.0,0.0,0.05,2.850525783168381,35.47088780243157,0.0014096066689532492,0.08036240307954666,mill_creek,USC00045679,"MINERAL, CA US",,
2026-03-13,USC00045679,0.0,",,7,0800",",,7,0800",0.0,3.3,",,7,0800",",,7,0800",0.0,"MINERAL, CA US",17.2,",,7",-3.3,",,7",,,,,,,,,,,,,,,,,,,,,,,,,,,True,0.0,0.0,0.0,17.2,-3.3,6.949999999999999,48.06570900714401,0.0,0.0,0.0,0.0,0.0,0.0,0.05,2.3428459112986375,35.47088780243157,0.0014096066689532492,0.06604982441792824,mill_creek,USC00045679,"MINERAL, CA US",,
2026-03-14,USC00045679,0.0,",,7,0800",",,7,0800",0.0,4.4,",,7,0800",",,7,0800",0.0,"MINERAL, CA US",17.2,",,7",-0.6,",,7",,,,,,,,,,,,,,,,,,,,,,,,,,,True,0.0,0.0,0.0,17.2,-0.6,8.299999999999999,53.49139654500916,0.0,0.0,0.0,0.0,0.0,0.0,0.05,1.8920383174495412,35.47088780243157,0.0014096066689532492,0.053340596603839156,mill_creek,USC00045679,"MINERAL, CA US",,
2026-03-15,USC00045679,0.0,",,7,0800",",,7,0800",0.0,5.6,",,7,0800",",,7,0800",0.0,"MINERAL, CA US",15.0,",,7",-2.2,",,7",,,,,,,,,,,,,,,,,,,,,,,,,,,True,0.0,0.0,0.0,15.0,-2.2,6.4,54.16084473320467,0.0,0.0,0.0,0.0,0.0,0.0,0.05,1.5034578453544916,35.47088780243157,0.0014096066689532492,0.04238568410603548,mill_creek,USC00045679,"MINERAL, CA US",,
2026-03-16,USC00045679,0.0,",,7,0800",",,7,0800",0.0,2.2,",,7,0800",",,7,0800",0.0,"MINERAL, CA US",20.0,",,7",1.7,",,7",,,,,,,,,,,,,,,,,,,,,,,,,,,True,0.0,0.0,0.0,20.0,1.7,10.85,53.21769199976543,0.0,0.0,0.0,0.0,0.0,0.0,0.05,1.1268192209077408,35.47088780243157,0.0014096066689532492,0.03176743776992512,mill_creek,USC00045679,"MINERAL, CA US",,
2026-03-17,USC00045679,0.0,",,7,0800",",,7,0800",0.0,3.9,",,7,0800",",,7,0800",0.0,"MINERAL, CA US",23.3,",,7",1.1,",,7",,,,,,,,,,,,,,,,,,,,,,,,,,,True,0.0,0.0,0.0,23.3,1.1,12.200000000000001,46.62510743210079,0.0,0.0,0.0,0.0,0.0,0.0,0.05,0.7208304215035563,35.47088780243157,0.0014096066689532492,0.02032174738671589,mill_creek,USC00045679,"MINERAL, CA US",,
2026-03-18,USC00045679,0.0,",,7,0800",",,7,0800",0.0,11.1,",,7,0800",",,7,0800",0.0,"MINERAL, CA US",23.9,",,7",0.0,",,7",,,,,,,,,,,,,,,,,,,,,,,,,,,True,0.0,0.0,0.0,23.9,0.0,11.95,43.780211013253094,0.0,0.0,0.0,0.0,0.0,0.0,0.05,0.39066353877288695,35.47088780243157,0.0014096066689532492,0.011013638591422754,mill_creek,USC00045679,"MINERAL, CA US",,
2026-03-19,USC00045679,0.0,",,7,0800",",,7,0800",0.0,1.7,",,7,0800",",,7,0800",0.0,"MINERAL, CA US",24.4,",,7",0.6,",,7",,,,,,,,,,,,,,,,,,,,,,,,,,,True,0.0,0.0,0.0,24.4,0.6,12.5,44.098665411747845,0.0,0.0,0.0,0.0,0.0,0.0,0.05,0.3109741921713465,35.47088780243157,0.0014096066689532492,0.008767025903141585,mill_creek,USC00045679,"MINERAL, CA US",,
2026-03-20,USC00045679,0.0,",,7,0800",",,7,0800",0.0,8.9,",,7,0800",",,7,0800",0.0,"MINERAL, CA US",23.9,",,7",1.1,",,7",,,,,,,,,,,,,,,,,,,,,,,,,,,True,0.0,0.0,0.0,23.9,1.1,12.5,45.71546848867702,0.0,0.0,0.0,0.0,0.0,0.0,0.05,0.2305521689376453,35.47088780243157,0.0014096066689532492,0.006499757497522819,mill_creek,USC00045679,"MINERAL, CA US",,
2026-03-21,USC00045679,0.0,",,7,0800",",,7,0800",0.0,18.9,",,7,0800",",,7,0800",0.0,"MINERAL, CA US",26.1,",,7",2.8,",,7",,,,,,,,,,,,,,,,,,,,,,,,,,,True,0.0,0.0,0.0,26.1,2.8,14.450000000000001,45.45935797657426,0.0,0.0,0.0,0.0,0.0,0.0,0.05,0.14539085231904264,35.47088780243157,0.0014096066689532492,0.004098878300674389,mill_creek,USC00045679,"MINERAL, CA US",,
2026-03-22,USC00045679,0.0,",,7,0800",",,7,0800",0.0,17.2,",,7,0800",",,7,0800",0.0,"MINERAL, CA US",20.0,",,7",3.3,",,7",,,,,,,,,,,,,,,,,,,,,,,,,,,True,0.0,0.0,0.0,20.0,3.3,11.65,56.54722395673351,0.0,0.0,0.0,0.0,0.0,0.0,0.05,0.0874640346389377,35.47088780243157,0.0014096066689532492,0.0024657977304120915,mill_creek,USC00045679,"MINERAL, CA US",,
2026-03-23,USC00045679,0.0,",,7,0800",",,7,0800",0.0,3.3,",,7,0800",",,7,0800",0.0,"MINERAL, CA US",20.0,",,7",2.8,",,7",,,,,,,,,,,,,,,,,,,,,,,,,,,True,0.0,0.0,0.0,20.0,2.8,11.4,55.491793191004625,0.0,0.0,0.0,0.0,0.0,0.0,0.05,0.08067295729327706,35.47088780243157,0.0014096066689532492,0.00227434277209568,mill_creek,USC00045679,"MINERAL, CA US",,
2026-03-24,USC00045679,0.0,",,7,0800",",,7,0800",0.0,,,",,7,0800",0.0,"MINERAL, CA US",,,,,,,,,,,,,,,,,,,,,,,,,,,,,,,True,0.0,0.0,0.0,19.45,1.5499999999999998,10.5,53.89015398144803,0.0,0.0,0.0,0.0,0.0,0.0,0.05,0.07511289342385351,35.47088780243157,0.0014096066689532492,0.002117592709892771,mill_creek,USC00045679,"MINERAL, CA US",,
2026-03-25,USC00045679,0.0,",,7,0800",",,7,0800",0.0,,,",,7,0800",0.0,"MINERAL, CA US",,,,,,,,,,,,,,,,,,,,,,,,,,,,,,,True,0.0,0.0,0.0,18.9,0.2999999999999998,9.6,52.309153087297716,0.0,0.0,0.0,0.0,0.0,0.0,0.05,0.07056069814487867,35.47088780243157,0.0014096066689532492,0.0019892566134203627,mill_creek,USC00045679,"MINERAL, CA US",,
2026-03-26,USC00045679,0.0,",,7,0800",",,7,0800",0.0,17.8,",,7,0800",",,7,0800",0.0,"MINERAL, CA US",,,,,,,,,,,,,,,,,,,,,,,,,,,,,,,True,0.0,0.0,0.0,18.35,-0.9500000000000002,8.700000000000001,50.749220997872456,0.0,0.0,0.0,0.0,0.0,0.0,0.05,0.05,35.47088780243157,0.0014096066689532492,0.0014096066689532492,mill_creek,USC00045679,"MINERAL, CA US",,
2026-03-27,USC00045679,0.0,",,7,0800",",,7,0800",0.0,-1.7,",,7,0800",",,7,0800",0.0,"MINERAL, CA US",17.8,",,7",-2.2,",,7",,,,,,,,,,,,,,,,,,,,,,,,,,,True,0.0,0.0,0.0,17.8,-2.2,7.800000000000001,49.21077773382495,0.0,0.0,0.0,0.0,0.0,0.0,0.05,0.05,35.47088780243157,0.0014096066689532492,0.0014096066689532492,mill_creek,USC00045679,"MINERAL, CA US",,
2026-03-28,USC00045679,0.0,",,7,0800",",,7,0800",0.0,16.1,",,7,0800",",,7,0800",0.0,"MINERAL, CA US",,,,,,,,,,,,,,,,,,,,,,,,,,,,,,,True,0.0,0.0,0.0,18.9,-1.1,8.899999999999999,49.52205873015426,0.0,0.0,0.0,0.0,0.0,0.0,0.05,0.05,35.47088780243157,0.0014096066689532492,0.0014096066689532492,mill_creek,USC00045679,"MINERAL, CA US",,
2026-03-29,USC00045679,0.0,",,7,0800",",,7,0800",0.0,10.0,",,7,0800",",,7,0800",0.0,"MINERAL, CA US",20.0,",,7",0.0,",,7",,,,,,,,,,,,,,,,,,,,,,,,,,,True,0.0,0.0,0.0,20.0,0.0,10.0,49.83113518218205,0.0,0.0,0.0,0.0,0.0,0.0,0.05,0.05,35.47088780243157,0.0014096066689532492,0.0014096066689532492,mill_creek,USC00045679,"MINERAL, CA US",,
2026-03-30,USC00045679,0.0,",,7,0800",",,7,0800",0.0,2.2,",,7,0800",",,7,0800",0.0,"MINERAL, CA US",18.3,",,7",1.7,",,7",,,,,,,,,,,,,,,,,,,,,,,,,,,True,0.0,0.0,0.0,18.3,1.7,10.0,56.32090793922267,0.0,0.0,0.0,0.0,0.0,0.0,0.05,0.05,35.47088780243157,0.0014096066689532492,0.0014096066689532492,mill_creek,USC00045679,"MINERAL, CA US",,
2026-03-31,USC00045679,0.0,",,7,0800",",,7,0800",0.8,7.2,",,7,0800",",,7,0800",0.0,"MINERAL, CA US",16.7,",,7",1.7,",,7",,,,,,,,,,,,,,,,,,,,,,,,,,,True,0.8,0.0,0.0,16.7,1.7,9.2,59.427428165355316,0.0,0.8,0.0,0.0,0.0,0.8,0.05,0.19722309273446248,35.47088780243157,0.0014096066689532492,0.005560139735801668,mill_creek,USC00045679,"MINERAL, CA US",,
2026-04-01,USC00045679,0.0,",,7,0800",",,7,0800",32.5,4.4,",,7,0800",",,7,0800",0.0,"MINERAL, CA US",7.8,",,7",3.3,",,7",,,,,,,,,,,,,,,,,,,,,,,,,,,True,32.5,0.0,0.0,7.8,3.3,5.55,85.43727480760796,0.02718637403803982,32.5,0.0,0.0,0.0,32.52718637403804,0.05,6.156477293505138,35.47088780243157,0.0014096066689532492,0.17356422900368185,mill_creek,USC00045679,"MINERAL, CA US",,
2026-04-02,USC00045679,0.0,",,7,0800",",,7,0800",29.0,-1.1,",,7,0800","T,,7,0800",0.0,"MINERAL, CA US",4.4,",,7",-2.2,",,7",,,,,,,,,,,,,,,,,,,,,,,,,,,True,29.0,0.0,0.0,4.4,-2.2,1.1,78.63050898965288,0.0,29.0,0.0,0.0,0.0,29.0,0.05,10.386397864789323,35.47088780243157,0.0014096066689532492,0.29281471393217634,mill_creek,USC00045679,"MINERAL, CA US",,
2026-04-03,USC00045679,0.0,",,7,0800",",,7,0800",0.0,7.2,",,7,0800",",,7,0800",0.0,"MINERAL, CA US",11.7,",,7",-1.7,",,7",,,,,,,,,,,,,,,,,,,,,,,,,,,True,0.0,0.0,0.0,11.7,-1.7,5.0,61.91324755400429,0.0,0.0,0.0,0.0,0.0,0.0,0.05,8.512726807952607,35.47088780243157,0.0014096066689532492,0.23999192958934198,mill_creek,USC00045679,"MINERAL, CA US",,
2026-04-04,USC00045679,0.0,",,7,0800",",,7,0800",0.0,11.1,",,7,0800",",,7,0800",0.0,"MINERAL, CA US",16.1,",,7",-1.7,",,7",,,,,,,,,,,,,,,,,,,,,,,,,,,True,0.0,0.0,0.0,16.1,-1.7,7.200000000000001,53.19191646636464,0.0,0.0,0.0,0.0,0.0,0.0,0.05,6.978694692568262,35.47088780243157,0.0014096066689532492,0.19674429158465734,mill_creek,USC00045679,"MINERAL, CA US",,
2026-04-05,USC00045679,0.0,",,7,0800",",,7,0800",0.0,11.7,",,7,0800",",,7,0800",0.0,"MINERAL, CA US",18.3,",,7",-1.1,",,7",,,,,,,,,,,,,,,,,,,,,,,,,,,True,0.0,0.0,0.0,18.3,-1.1,8.6,50.53610789390321,0.0,0.0,0.0,0.0,0.0,0.0,0.05,5.7227354234938295,35.47088780243157,0.0014096066689532492,0.16133612035223796,mill_creek,USC00045679,"MINERAL, CA US",,
2026-04-06,USC00045679,0.0,",,7,0800",",,7,0800",0.0,1.1,",,7,0800",",,7,0800",0.0,"MINERAL, CA US",20.0,",,7",-0.6,",,7",,,,,,,,,,,,,,,,,,,,,,,,,,,True,0.0,0.0,0.0,20.0,-0.6,9.7,48.67253400987579,0.0,0.0,0.0,0.0,0.0,0.0,0.05,4.694442945289247,35.47088780243157,0.0014096066689532492,0.13234636165400512,mill_creek,USC00045679,"MINERAL, CA US",,
2026-04-07,USC00045679,0.0,",,7,0800",",,7,0800",0.0,1.7,",,7,0800",",,7,0800",0.0,"MINERAL, CA US",18.9,",,7",-0.6,",,7",,,,,,,,,,,,,,,,,,,,,,,,,,,True,0.0,0.0,0.0,18.9,-0.6,9.149999999999999,50.50528233913173,0.0,0.0,0.0,0.0,0.0,0.0,0.05,3.852548270224386,35.47088780243157,0.0014096066689532492,0.10861155468345197,mill_creek,USC00045679,"MINERAL, CA US",,
2026-04-08,USC00045679,0.0,",,7,0800",",,7,0800",0.0,1.1,",,7,0800",",,7,0800",0.0,"MINERAL, CA US",17.8,",,7",0.6,",,7",,,,,,,,,,,,,,,,,,,,,,,,,,,True,0.0,0.0,0.0,17.8,0.6,9.200000000000001,54.91212809935574,0.0,0.0,0.0,0.0,0.0,0.0,0.05,3.1632632088961885,35.47088780243157,0.0014096066689532492,0.08917913829829044,mill_creek,USC00045679,"MINERAL, CA US",,
2026-04-09,USC00045679,0.0,",,7,0800",",,7,0800",0.3,6.7,",,7,0800",",,7,0800",0.0,"MINERAL, CA US",18.9,",,7",0.6,",,7",,,,,,,,,,,,,,,,,,,,,,,,,,,True,0.3,0.0,0.0,18.9,0.6,9.75,52.92023761078536,0.0,0.3,0.0,0.0,0.0,0.3,0.05,2.6541329913249743,35.47088780243157,0.0014096066689532492,0.07482567129721039,mill_creek,USC00045679,"MINERAL, CA US",,
2026-04-10,USC00045679,0.0,",,7,0800",",,7,0800",3.6,7.2,",,7,0800",",,7,0800",0.0,"MINERAL, CA US",15.6,",,7",4.4,",,7",,,,,,,,,,,,,,,,,,,,,,,,,,,True,3.6,0.0,0.0,15.6,4.4,10.0,68.17304856966916,0.0,3.6,0.0,0.0,0.0,3.6,0.05,2.8445876824077945,35.47088780243157,0.0014096066689532492,0.08019499535088588,mill_creek,USC00045679,"MINERAL, CA US",,
2026-04-11,USC00045679,0.0,",,7,0800",",,7,0800",30.2,5.0,",,7,0800",",,7,0800",0.0,"MINERAL, CA US",,,0.6,",,7",,,,,,,,,,,,,,,,,,,,,,,,,,,True,30.2,0.0,0.0,10.6,0.6,5.6,70.21871910834726,0.0,30.2,0.0,0.0,0.0,30.2,0.05,7.8956866284861436,35.47088780243157,0.0014096066689532492,0.22259625054958126,mill_creek,USC00045679,"MINERAL, CA US",,
2026-04-12,USC00045679,109.0,",,7,0800",",,7,0800",31.8,1.1,",,7,0800",",,7,0800",76.0,"MINERAL, CA US",5.6,",,7",-1.1,",,7",,,,,,,,,,,,,,,,,,,,,,,,,,,True,31.8,109.0,76.0,5.6,-1.1,2.25,78.52097624820968,0.0,0.0,31.8,3.125,28.675,3.125,0.05,7.048595127748307,35.47088780243157,0.0014096066689532492,0.19871493397650786,mill_creek,USC00045679,"MINERAL, CA US",,
2026-04-13,USC00045679,0.0,",,7,0800",",,7,0800",13.5,6.1,",,7,0800",",,7,0800",102.0,"MINERAL, CA US",6.7,",,7",-3.9,",,7",,,,,,,,,,,,,,,,,,,,,,,,,,,True,13.5,0.0,102.0,6.7,-3.9,1.4000000000000001,67.81537498867361,0.0,13.5,0.0,1.0000000000000004,27.675,14.5,0.05,8.448383615241399,35.47088780243157,0.0014096066689532492,0.23817795771839273,mill_creek,USC00045679,"MINERAL, CA US",,
2026-04-14,USC00045679,0.0,",,7,0800",",,7,0800",0.0,-2.2,",,7,0800",",,7,0800",25.0,"MINERAL, CA US",,,-3.9,",,7",,,,,,,,,,,,,,,,,,,,,,,,,,,True,0.0,0.0,25.0,8.05,-3.9,2.075,64.62045690447394,0.0,0.0,0.0,19.25,8.425,19.25,0.05,10.468570610867378,35.47088780243157,0.0014096066689532492,0.29513133894973287,mill_creek,USC00045679,"MINERAL, CA US",,
2026-04-15,USC00045679,0.0,",,7,0800",",,7,0800",0.0,3.9,",,7,0800","T,,7,0800",0.0,"MINERAL, CA US",9.4,",,7",-2.8,",,7",,,,,,,,,,,,,,,,,,,,,,,,,,,True,0.0,0.0,0.0,9.4,-2.8,3.3000000000000003,64.30542545725385,0.0,0.0,0.0,6.25,2.1750000000000007,6.25,0.05,9.730184574219566,35.47088780243157,0.0014096066689532492,0.2743146613193186,mill_creek,USC00045679,"MINERAL, CA US",,
2026-04-16,USC00045679,0.0,",,7,0800",",,7,0800",0.0,5.0,",,7,0800",",,7,0800",0.0,"MINERAL, CA US",10.0,",,7",-3.9,",,7",,,,,,,,,,,,,,,,,,,,,,,,,,,True,0.0,0.0,0.0,10.0,-3.9,3.05,60.297613889505925,0.0,0.0,0.0,2.1750000000000007,0.0,2.1750000000000007,0.05,8.375727589756469,35.47088780243157,0.0014096066689532492,0.23612962935712883,mill_creek,USC00045679,"MINERAL, CA US",,
2026-04-17,USC00045679,0.0,",,7,0800",",,7,0800",0.0,12.2,",,7,0800",",,7,0800",0.0,"MINERAL, CA US",13.9,",,7",-2.2,",,7",,,,,,,,,,,,,,,,,,,,,,,,,,,True,0.0,0.0,0.0,13.9,-2.2,5.85,56.25567072313177,0.0,0.0,0.0,0.0,0.0,0.0,0.05,6.866529219483444,35.47088780243157,0.0014096066689532492,0.1935821076069242,mill_creek,USC00045679,"MINERAL, CA US",,
2026-04-18,USC00045679,0.0,",,7,0800",",,7,0800",0.0,6.7,",,7,0800",",,7,0800",0.0,"MINERAL, CA US",17.2,",,7",1.7,",,7",,,,,,,,,,,,,,,,,,,,,,,,,,,True,0.0,0.0,0.0,17.2,1.7,9.45,58.4365288230098,0.0,0.0,0.0,0.0,0.0,0.0,0.05,5.630902101245748,35.47088780243157,0.0014096066689532492,0.1587471430827774,mill_creek,USC00045679,"MINERAL, CA US",,
2026-04-19,USC00045679,0.0,",,7,0800",",,7,0800",0.0,6.1,",,7,0800",",,7,0800",0.0,"MINERAL, CA US",17.2,",,7",4.4,",,7",,,,,,,,,,,,,,,,,,,,,,,,,,,True,0.0,0.0,0.0,17.2,4.4,10.8,64.63122686643833,0.0,0.0,0.0,0.0,0.0,0.0,0.05,4.6192561802074215,35.47088780243157,0.0014096066689532492,0.13022668634447787,mill_creek,USC00045679,"MINERAL, CA US",,
2026-04-20,USC00045679,25.0,",,7,0800",",,7,0800",27.9,13.3,",,7,0800",",,7,0800",25.0,"MINERAL, CA US",13.9,",,7",0.0,",,7",,,,,,,,,,,,,,,,,,,,,,,,,,,True,27.9,25.0,25.0,13.9,0.0,6.95,61.262970250821006,0.0,0.0,27.9,14.875,13.024999999999999,14.875,0.05,6.528419933958857,35.47088780243157,0.0014096066689532492,0.1840500855327147,mill_creek,USC00045679,"MINERAL, CA US",,
2026-04-21,USC00045679,76.0,",,7,0800",",,7,0800",23.4,1.1,",,7,0800",",,7,0800",102.0,"MINERAL, CA US",,,0.0,",,7",,,,,,,,,,,,,,,,,,,,,,,,,,,True,23.4,76.0,102.0,9.75,0.0,4.875,70.71036912017226,0.0,0.0,23.4,9.6875,26.737499999999997,9.6875,0.05,7.134653574670078,35.47088780243157,0.0014096066689532492,0.2011411051905216,mill_creek,USC00045679,"MINERAL, CA US",,
2026-04-22,USC00045679,0.0,",,7,0800",",,7,0800",1.3,2.2,",,7,0800",",,7,0800",25.0,"MINERAL, CA US",5.6,",,7",-2.8,",,7",,,,,,,,,,,,,,,,,,,,,,,,,,,True,1.3,0.0,25.0,5.6,-2.8,1.4,73.61181835992228,0.0,1.3,0.0,19.25,7.487499999999997,20.55,0.05,9.542454309696577,35.47088780243157,0.0014096066689532492,0.2690221446625994,mill_creek,USC00045679,"MINERAL, CA US",,
2026-04-23,,,,,,,,,,,,,,,,,,,,,,,,,,,,,,,,,,,,,,,,,False,0.0,0.0,12.5,8.0,-2.8,2.6,67.57223086631969,0.0,0.0,0.0,4.0,3.487499999999997,4.0,0.05,8.477850778322788,35.47088780243157,0.0014096066689532492,0.2390086999102859,mill_creek,USC00045679,"MINERAL, CA US",,
2026-04-24,USC00045679,0.0,",,7,0800",",,7,0800",0.0,,,",,7,0800",0.0,"MINERAL, CA US",,,-2.8,",,7",,,,,,,,,,,,,,,,,,,,,,,,,,,True,0.0,0.0,0.0,10.4,-2.8,3.8000000000000003,62.07982142532988,0.0,0.0,0.0,3.487499999999997,0.0,3.487499999999997,0.05,7.591941284454368,35.47088780243157,0.0014096066689532492,0.21403302129736745,mill_creek,USC00045679,"MINERAL, CA US",,
2026-04-25,USC00045679,0.0,",,7,0800",",,7,0800",0.0,6.7,",,7,0800",",,7,0800",0.0,"MINERAL, CA US",12.8,",,7",1.7,",,7",,,,,,,,,,,,,,,,,,,,,,,,,,,True,0.0,0.0,0.0,12.8,1.7,7.25,67.83397961627215,0.0,0.0,0.0,0.0,0.0,0.0,0.05,6.224819267491246,35.47088780243157,0.0014096066689532492,0.1754909350496868,mill_creek,USC00045679,"MINERAL, CA US",,
2026-04-26,USC00045679,0.0,",,7,0800",",,7,0800",0.0,4.4,",,7,0800",",,7,0800",0.0,"MINERAL, CA US",11.7,",,7",0.0,",,7",,,,,,,,,,,,,,,,,,,,,,,,,,,True,0.0,0.0,0.0,11.7,0.0,5.85,66.0826249568302,0.0,0.0,0.0,0.0,0.0,0.0,0.05,5.105514428993541,35.47088780243157,0.0014096066689532492,0.1439353437509267,mill_creek,USC00045679,"MINERAL, CA US",,
2026-04-27,USC00045679,0.0,",,7,0800",",,7,0800",0.3,1.7,",,7,0800",",,7,0800",0.0,"MINERAL, CA US",12.2,",,7",1.1,",,7",,,,,,,,,,,,,,,,,,,,,,,,,,,True,0.3,0.0,0.0,12.2,1.1,6.6499999999999995,67.7059811938055,0.0,0.3,0.0,0.0,0.0,0.3,0.05,4.244313795421908,35.47088780243157,0.0014096066689532492,0.11965626062313996,mill_creek,USC00045679,"MINERAL, CA US",,
2026-04-28,USC00045679,0.0,",,7,0800",",,7,0800",1.5,0.6,",,7,0800",",,7,0800",0.0,"MINERAL, CA US",9.4,",,7",-1.7,",,7",,,,,,,,,,,,,,,,,,,,,,,,,,,True,1.5,0.0,0.0,9.4,-1.7,3.85,67.09943005178465,0.0,1.5,0.0,0.0,0.0,1.5,0.05,3.7600569912482644,35.47088780243157,0.0014096066689532492,0.10600402821015685,mill_creek,USC00045679,"MINERAL, CA US",,
2026-04-29,USC00045679,0.0,",,7,0800",",,7,0800",0.3,13.9,",,7,0800",",,7,0800",0.0,"MINERAL, CA US",15.0,",,7",-2.2,",,7",,,,,,,,,,,,,,,,,,,,,,,,,,,True,0.3,0.0,0.0,15.0,-2.2,6.4,54.16084473320467,0.0,0.3,0.0,0.0,0.0,0.3,0.05,3.1427464141823465,35.47088780243157,0.0014096066689532492,0.08860072608520692,mill_creek,USC00045679,"MINERAL, CA US",,
2026-04-30,USC00045679,0.0,",,7,0800",",,7,0800",0.0,1.1,",,7,0800",",,7,0800",0.0,"MINERAL, CA US",17.8,",,7",0.0,",,7",,,,,,,,,,,,,,,,,,,,,,,,,,,True,0.0,0.0,0.0,17.8,0.0,8.9,53.65376831094375,0.0,0.0,0.0,0.0,0.0,0.0,0.05,2.581298715063922,35.47088780243157,0.0014096066689532492,0.07277231766629115,mill_creek,USC00045679,"MINERAL, CA US",,
2026-05-01,USC00045679,0.0,,",,7,0800",,,,",,7,0800",0.0,"MINERAL, CA US",,,,,,,,,,,,,,,,,,,,,,,,,,,,,,,True,0.0,0.0,0.0,17.8875,0.0875,8.987499999999999,53.67738985455656,0.0,0.0,0.0,0.0,0.0,0.0,0.05,2.112517474863797,35.47088780243157,0.0014096066689532492,0.05955637441696573,mill_creek,USC00045679,"MINERAL, CA US",,
2026-05-02,USC00045679,0.0,,",,7,0800",,,,",,7,0800",0.0,"MINERAL, CA US",,,,,,,,,,,,,,,,,,,,,,,,,,,,,,,True,0.0,0.0,0.0,17.975,0.175,9.075000000000001,53.70099673840906,0.0,0.0,0.0,0.0,0.0,0.0,0.05,1.6553059917507245,35.47088780243157,0.0014096066689532492,0.046666607302601866,mill_creek,USC00045679,"MINERAL, CA US",,
2026-05-03,USC00045679,0.0,,",,7,0800",,,,",,7,0800",0.0,"MINERAL, CA US",,,,,,,,,,,,,,,,,,,,,,,,,,,,,,,True,0.0,0.0,0.0,18.0625,0.26249999999999996,9.1625,53.72458896944675,0.0,0.0,0.0,0.0,0.0,0.0,0.05,1.3556895741839798,35.47088780243157,0.0014096066689532492,0.03821978129600257,mill_creek,USC00045679,"MINERAL, CA US",,
2026-05-04,USC00045679,0.0,,",,7,0800",,,,",,7,0800",0.0,"MINERAL, CA US",,,,,,,,,,,,,,,,,,,,,,,,,,,,,,,True,0.0,0.0,0.0,18.150000000000002,0.35,9.250000000000002,53.74816655462276,0.0,0.0,0.0,0.0,0.0,0.0,0.05,1.0789937329148505,35.47088780243157,0.0014096066689532492,0.030419135233510683,mill_creek,USC00045679,"MINERAL, CA US",,
2026-05-05,USC00045679,0.0,,",,7,0800",,,,",,7,0800",0.0,"MINERAL, CA US",,,,,,,,,,,,,,,,,,,,,,,,,,,,,,,True,0.0,0.0,0.0,18.2375,0.4375,9.3375,53.771729500897855,0.0,0.0,0.0,0.0,0.0,0.0,0.05,0.8393461481877453,35.47088780243157,0.0014096066689532492,0.02366295856091336,mill_creek,USC00045679,"MINERAL, CA US",,
2026-05-06,USC00045679,0.0,,",,7,0800",,,,",,7,0800",0.0,"MINERAL, CA US",,,,,,,,,,,,,,,,,,,,,,,,,,,,,,,True,0.0,0.0,0.0,18.325,0.5249999999999999,9.424999999999999,53.79527781524031,0.0,0.0,0.0,0.0,0.0,0.0,0.05,0.6790143476195825,35.47088780243157,0.0014096066689532492,0.019142863054390065,mill_creek,USC00045679,"MINERAL, CA US",,
2026-05-07,USC00045679,0.0,,",,7,0800",,,,",,7,0800",0.0,"MINERAL, CA US",,,,,,,,,,,,,,,,,,,,,,,,,,,,,,,True,0.0,0.0,0.0,18.4125,0.6124999999999999,9.512500000000001,53.81881150462594,0.0,0.0,0.0,0.0,0.0,0.0,0.05,0.5589912192070059,35.47088780243157,0.0014096066689532492,0.015759155009610063,mill_creek,USC00045679,"MINERAL, CA US",,
2026-05-08,USC00045679,0.0,,",,7,0800",,,,",,7,0800",0.0,"MINERAL, CA US",,,,,,,,,,,,,,,,,,,,,,,,,,,,,,,True,0.0,0.0,0.0,18.5,0.7,9.6,53.842330576038,0.0,0.0,0.0,0.0,0.0,0.0,0.05,0.46672676421143205,35.47088780243157,0.0014096066689532492,0.013158023188228105,mill_creek,USC00045679,"MINERAL, CA US",,
2026-05-09,USC00045679,0.0,,",,7,0800",,,,",,7,0800",0.0,"MINERAL, CA US",,,,,,,,,,,,,,,,,,,,,,,,,,,,,,,True,0.0,0.0,0.0,18.587500000000002,0.7875,9.687500000000002,53.86583503646718,0.0,0.0,0.0,0.0,0.0,0.0,0.05,0.3911870174905763,35.47088780243157,0.0014096066689532492,0.011028396573252955,mill_creek,USC00045679,"MINERAL, CA US",,
2026-05-10,USC00045679,0.0,,",,7,0800",,,,",,7,0800",0.0,"MINERAL, CA US",,,,,,,,,,,,,,,,,,,,,,,,,,,,,,,True,0.0,0.0,0.0,18.675,0.875,9.775,53.88932489291153,0.0,0.0,0.0,0.0,0.0,0.0,0.05,0.3293403037704901,35.47088780243157,0.0014096066689532492,0.009284805770999435,mill_creek,USC00045679,"MINERAL, CA US",,
2026-05-11,USC00045679,0.0,,",,7,0800",,,,",,7,0800",0.0,"MINERAL, CA US",,,,,,,,,,,,,,,,,,,,,,,,,,,,,,,True,0.0,0.0,0.0,18.7625,0.9624999999999999,9.862499999999999,53.91280015237647,0.0,0.0,0.0,0.0,0.0,0.0,0.05,0.23765516470465414,35.47088780243157,0.0014096066689532492,0.006700006101577266,mill_creek,USC00045679,"MINERAL, CA US",,
2026-05-12,USC00045679,0.0,,",,7,0800",,,,",,7,0800",0.0,"MINERAL, CA US",,,,,,,,,,,,,,,,,,,,,,,,,,,,,,,True,0.0,0.0,0.0,18.85,1.0499999999999998,9.950000000000001,53.93626082187466,0.0,0.0,0.0,0.0,0.0,0.0,0.05,0.1769052452932836,35.47088780243157,0.0014096066689532492,0.00498733627076446,mill_creek,USC00045679,"MINERAL, CA US",,
2026-05-13,USC00045679,0.0,,",,7,0800",,,,",,7,0800",0.0,"MINERAL, CA US",,,,,,,,,,,,,,,,,,,,,,,,,,,,,,,True,0.0,0.0,0.0,18.9375,1.1375,10.0375,53.95970690842605,0.0,0.0,0.0,0.0,0.0,0.0,0.05,0.09719105667948452,35.47088780243157,0.0014096066689532492,0.002740023233160292,mill_creek,USC00045679,"MINERAL, CA US",,
2026-05-14,USC00045679,0.0,,",,7,0800",,,,",,7,0800",0.0,"MINERAL, CA US",,,,,,,,,,,,,,,,,,,,,,,,,,,,,,,True,0.0,0.0,0.0,19.025000000000002,1.2249999999999999,10.125000000000002,53.98313841905773,0.0,0.0,0.0,0.0,0.0,0.0,0.05,0.07759829338950036,35.47088780243157,0.0014096066689532492,0.0021876614372246107,mill_creek,USC00045679,"MINERAL, CA US",,
2026-05-15,USC00045679,0.0,,",,7,0800",,,,",,7,0800",0.0,"MINERAL, CA US",,,,,,,,,,,,,,,,,,,,,,,,,,,,,,,True,0.0,0.0,0.0,19.1125,1.3125,10.2125,54.00655536080404,0.0,0.0,0.0,0.0,0.0,0.0,0.05,0.06297140028169372,35.47088780243157,0.0014096066689532492,0.0017752981158079995,mill_creek,USC00045679,"MINERAL, CA US",,
2026-05-16,USC00045679,0.0,,",,7,0800",,,,",,7,0800",0.0,"MINERAL, CA US",,,,,,,,,,,,,,,,,,,,,,,,,,,,,,,True,0.0,0.0,0.0,19.200000000000003,1.4,10.3,54.029957740706344,0.0,0.0,0.0,0.0,0.0,0.0,0.05,0.06062008432110704,35.47088780243157,0.0014096066689532492,0.0017090095026308157,mill_creek,USC00045679,"MINERAL, CA US",,
2026-05-17,USC00045679,0.0,,",,7,0800",,,,",,7,0800",0.0,"MINERAL, CA US",,,,,,,,,,,,,,,,,,,,,,,,,,,,,,,True,0.0,0.0,0.0,19.2875,1.4874999999999998,10.387500000000001,54.05334556581312,0.0,0.0,0.0,0.0,0.0,0.0,0.05,0.05869498963397164,35.47088780243157,0.0014096066689532492,0.001654736976443765,mill_creek,USC00045679,"MINERAL, CA US",,
2026-05-18,USC00045679,0.0,,",,7,0800",,,,",,7,0800",0.0,"MINERAL, CA US",,,,,,,,,,,,,,,,,,,,,,,,,,,,,,,True,0.0,0.0,0.0,19.375,1.575,10.475,54.07671884317989,0.0,0.0,0.0,0.0,0.0,0.0,0.05,0.056290969712208865,35.47088780243157,0.0014096066689532492,0.0015869625261634994,mill_creek,USC00045679,"MINERAL, CA US",,
2026-05-19,USC00045679,0.0,,",,7,0800",,,,",,7,0800",0.0,"MINERAL, CA US",,,,,,,,,,,,,,,,,,,,,,,,,,,,,,,True,0.0,0.0,0.0,19.462500000000002,1.6624999999999999,10.562500000000002,54.1000775798691,0.0,0.0,0.0,0.0,0.0,0.0,0.05,0.05101118187597764,35.47088780243157,0.0014096066689532492,0.001438114043271304,mill_creek,USC00045679,"MINERAL, CA US",,
2026-05-20,USC00045679,0.0,,",,7,0800",,,,",,7,0800",0.0,"MINERAL, CA US",,,,,,,,,,,,,,,,,,,,,,,,,,,,,,,True,0.0,0.0,0.0,19.55,1.75,10.65,54.12342178295023,0.0,0.0,0.0,0.0,0.0,0.0,0.05,0.05,35.47088780243157,0.0014096066689532492,0.0014096066689532492,mill_creek,USC00045679,"MINERAL, CA US",,
2026-05-21,USC00045679,0.0,,",,7,0800",,,,",,7,0800",0.0,"MINERAL, CA US",,,,,,,,,,,,,,,,,,,,,,,,,,,,,,,True,0.0,0.0,0.0,19.637500000000003,1.8375,10.7375,54.1467514594996,0.0,0.0,0.0,0.0,0.0,0.0,0.05,0.05,35.47088780243157,0.0014096066689532492,0.0014096066689532492,mill_creek,USC00045679,"MINERAL, CA US",,
2026-05-22,USC00045679,0.0,,",,7,0800",,,,",,7,0800",0.0,"MINERAL, CA US",,,,,,,,,,,,,,,,,,,,,,,,,,,,,,,True,0.0,0.0,0.0,19.725,1.9249999999999998,10.825000000000001,54.17006661660038,0.0,0.0,0.0,0.0,0.0,0.0,0.05,0.05,35.47088780243157,0.0014096066689532492,0.0014096066689532492,mill_creek,USC00045679,"MINERAL, CA US",,
2026-05-23,USC00045679,0.0,,",,7,0800",,,,",,7,0800",0.0,"MINERAL, CA US",,,,,,,,,,,,,,,,,,,,,,,,,,,,,,,True,0.0,0.0,0.0,19.8125,2.0124999999999997,10.9125,54.193367261342615,0.0,0.0,0.0,0.0,0.0,0.0,0.05,0.05,35.47088780243157,0.0014096066689532492,0.0014096066689532492,mill_creek,USC00045679,"MINERAL, CA US",,
2026-05-24,USC00045679,0.0,,",,7,0800",,,,",,7,0800",0.0,"MINERAL, CA US",,,,,,,,,,,,,,,,,,,,,,,,,,,,,,,True,0.0,0.0,0.0,19.900000000000002,2.0999999999999996,11.0,54.21665340082305,0.0,0.0,0.0,0.0,0.0,0.0,0.05,0.05,35.47088780243157,0.0014096066689532492,0.0014096066689532492,mill_creek,USC00045679,"MINERAL, CA US",,
2026-05-25,USC00045679,0.0,,",,7,0800",,,,",,7,0800",0.0,"MINERAL, CA US",,,,,,,,,,,,,,,,,,,,,,,,,,,,,,,True,0.0,0.0,0.0,19.9875,2.1875,11.0875,54.239925042145224,0.0,0.0,0.0,0.0,0.0,0.0,0.05,0.05,35.47088780243157,0.0014096066689532492,0.0014096066689532492,mill_creek,USC00045679,"MINERAL, CA US",,
2026-05-26,USC00045679,0.0,,",,7,0800",,,,",,7,0800",0.0,"MINERAL, CA US",,,,,,,,,,,,,,,,,,,,,,,,,,,,,,,True,0.0,0.0,0.0,20.075000000000003,2.275,11.175,54.26318219241933,0.0,0.0,0.0,0.0,0.0,0.0,0.05,0.05,35.47088780243157,0.0014096066689532492,0.0014096066689532492,mill_creek,USC00045679,"MINERAL, CA US",,
2026-05-27,USC00045679,0.0,,",,7,0800",,,,",,7,0800",0.0,"MINERAL, CA US",,,,,,,,,,,,,,,,,,,,,,,,,,,,,,,True,0.0,0.0,0.0,20.1625,2.3625,11.262500000000001,54.28642485876224,0.0,0.0,0.0,0.0,0.0,0.0,0.05,0.05,35.47088780243157,0.0014096066689532492,0.0014096066689532492,mill_creek,USC00045679,"MINERAL, CA US",,
2026-05-28,USC00045679,0.0,,",,7,0800",,,,",,7,0800",0.0,"MINERAL, CA US",,,,,,,,,,,,,,,,,,,,,,,,,,,,,,,True,0.0,0.0,0.0,20.25,2.4499999999999997,11.35,54.309653048297406,0.0,0.0,0.0,0.0,0.0,0.0,0.05,0.05,35.47088780243157,0.0014096066689532492,0.0014096066689532492,mill_creek,USC00045679,"MINERAL, CA US",,
2026-05-29,USC00045679,0.0,,",,7,0800",,,,",,7,0800",0.0,"MINERAL, CA US",,,,,,,,,,,,,,,,,,,,,,,,,,,,,,,True,0.0,0.0,0.0,20.337500000000002,2.5374999999999996,11.4375,54.33286676815486,0.0,0.0,0.0,0.0,0.0,0.0,0.05,0.05,35.47088780243157,0.0014096066689532492,0.0014096066689532492,mill_creek,USC00045679,"MINERAL, CA US",,
2026-05-30,USC00045679,0.0,,",,7,0800",,,,",,7,0800",0.0,"MINERAL, CA US",,,,,,,,,,,,,,,,,,,,,,,,,,,,,,,True,0.0,0.0,0.0,20.425,2.625,11.525,54.35606602547114,0.0,0.0,0.0,0.0,0.0,0.0,0.05,0.05,35.47088780243157,0.0014096066689532492,0.0014096066689532492,mill_creek,USC00045679,"MINERAL, CA US",,
2026-05-31,USC00045679,0.0,,",,7,0800",,,,",,7,0800",0.0,"MINERAL, CA US",,,,,,,,,,,,,,,,,,,,,,,,,,,,,,,True,0.0,0.0,0.0,20.512500000000003,2.7125,11.6125,54.379250827389285,0.0,0.0,0.0,0.0,0.0,0.0,0.05,0.05,35.47088780243157,0.0014096066689532492,0.0014096066689532492,mill_creek,USC00045679,"MINERAL, CA US",,
2026-06-01,USC00045679,0.0,",,7,0800",",,7,0800",0.0,3.9,",,7,0800",",,7,0800",0.0,"MINERAL, CA US",20.6,",,7",2.8,",,7",,,,,,,,,,,,,,,,,,,,,,,,,,,True,0.0,0.0,0.0,20.6,2.8,11.700000000000001,54.402421181058806,0.0,0.0,0.0,0.0,0.0,0.0,0.05,0.05,35.47088780243157,0.0014096066689532492,0.0014096066689532492,mill_creek,USC00045679,"MINERAL, CA US",,
2026-06-02,USC00045679,0.0,",,7,0800",",,7,0800",0.0,5.6,",,7,0800",",,7,0800",0.0,"MINERAL, CA US",23.3,",,7",2.8,",,7",,,,,,,,,,,,,,,,,,,,,,,,,,,True,0.0,0.0,0.0,23.3,2.8,13.05,49.78751975735939,0.0,0.0,0.0,0.0,0.0,0.0,0.05,0.05,35.47088780243157,0.0014096066689532492,0.0014096066689532492,mill_creek,USC00045679,"MINERAL, CA US",,
2026-06-03,USC00045679,0.0,",,7,0800",",,7,0800",0.0,9.4,",,7,0800",",,7,0800",0.0,"MINERAL, CA US",24.4,",,7",5.0,",,7",,,,,,,,,,,,,,,,,,,,,,,,,,,True,0.0,0.0,0.0,24.4,5.0,14.7,52.20756913372764,0.0,0.0,0.0,0.0,0.0,0.0,0.05,0.05,35.47088780243157,0.0014096066689532492,0.0014096066689532492,mill_creek,USC00045679,"MINERAL, CA US",,
2026-06-04,USC00045679,0.0,",,7,0800",",,7,0800",0.0,10.6,",,7,0800",",,7,0800",0.0,"MINERAL, CA US",22.8,",,7",8.9,",,7",,,,,,,,,,,,,,,,,,,,,,,,,,,True,0.0,0.0,0.0,22.8,8.9,15.850000000000001,63.353795700392766,0.0,0.0,0.0,0.0,0.0,0.0,0.05,0.05,35.47088780243157,0.0014096066689532492,0.0014096066689532492,mill_creek,USC00045679,"MINERAL, CA US",,
2026-06-05,,,,,,,,,,,,,,,,,,,,,,,,,,,,,,,,,,,,,,,,,False,0.0,0.0,0.0,22.5,6.95,14.725,59.6398954970772,0.0,0.0,0.0,0.0,0.0,0.0,0.05,0.05,35.47088780243157,0.0014096066689532492,0.0014096066689532492,mill_creek,USC00045679,"MINERAL, CA US",,
2026-06-06,USC00045679,0.0,",,7,0800",",,7,0800",0.0,15.0,",,7,0800",",,7,0800",0.0,"MINERAL, CA US",22.2,",,7",5.0,",,7",,,,,,,,,,,,,,,,,,,,,,,,,,,True,0.0,0.0,0.0,22.2,5.0,13.6,56.06223885346886,0.0,0.0,0.0,0.0,0.0,0.0,0.05,0.05,35.47088780243157,0.0014096066689532492,0.0014096066689532492,mill_creek,USC00045679,"MINERAL, CA US",,
2026-06-07,USC00045679,0.0,",,7,0800",",,7,0800",0.0,2.8,",,7,0800",",,7,0800",0.0,"MINERAL, CA US",20.6,",,7",2.2,",,7",,,,,,,,,,,,,,,,,,,,,,,,,,,True,0.0,0.0,0.0,20.6,2.2,11.4,53.175897699235584,0.0,0.0,0.0,0.0,0.0,0.0,0.05,0.05,35.47088780243157,0.0014096066689532492,0.0014096066689532492,mill_creek,USC00045679,"MINERAL, CA US",,
2026-06-08,USC00045679,0.0,",,7,0800",",,7,0800",0.0,7.2,",,7,0800",",,7,0800",0.0,"MINERAL, CA US",21.1,",,7",1.7,",,7",,,,,,,,,,,,,,,,,,,,,,,,,,,True,0.0,0.0,0.0,21.1,1.7,11.4,51.3117956347327,0.0,0.0,0.0,0.0,0.0,0.0,0.05,0.05,35.47088780243157,0.0014096066689532492,0.0014096066689532492,mill_creek,USC00045679,"MINERAL, CA US",,
2026-06-09,USC00045679,0.0,",,7,0800",",,7,0800",2.5,9.4,",,7,0800",",,7,0800",0.0,"MINERAL, CA US",16.1,",,7",6.7,",,7",,,,,,,,,,,,,,,,,,,,,,,,,,,True,2.5,0.0,0.0,16.1,6.7,11.4,72.84519521023479,0.0,2.5,0.0,0.0,0.0,2.5,0.05,0.5100721647951952,35.47088780243157,0.0014096066689532492,0.014380022502854558,mill_creek,USC00045679,"MINERAL, CA US",,
2026-06-10,USC00045679,0.0,",,7,0800",",,7,0800",0.0,6.7,",,7,0800",",,7,0800",0.0,"MINERAL, CA US",18.9,",,7",2.8,",,7",,,,,,,,,,,,,,,,,,,,,,,,,,,True,0.0,0.0,0.0,18.9,2.8,10.85,57.55294902512816,0.0,0.0,0.0,0.0,0.0,0.0,0.05,0.4266752299529875,35.47088780243157,0.0014096066689532492,0.012028884992377847,mill_creek,USC00045679,"MINERAL, CA US",,
2026-06-11,USC00045679,0.0,",,7,0800",",,7,0800",0.0,11.1,",,7,0800",",,7,0800",0.0,"MINERAL, CA US",26.1,",,7",5.6,",,7",,,,,,,,,,,,,,,,,,,,,,,,,,,True,0.0,0.0,0.0,26.1,5.6,15.850000000000001,50.555705127944655,0.0,0.0,0.0,0.0,0.0,0.0,0.05,0.35839559468523147,35.47088780243157,0.0014096066689532492,0.010103936407835358,mill_creek,USC00045679,"MINERAL, CA US",,
2026-06-12,USC00045679,0.0,",,7,0800",",,7,0800",0.0,27.8,",,7,0800",",,7,0800",0.0,"MINERAL, CA US",28.9,",,7",6.7,",,7",,,,,,,,,,,,,,,,,,,,,,,,,,,True,0.0,0.0,0.0,28.9,6.7,17.8,48.19537826697016,0.0,0.0,0.0,0.0,0.0,0.0,0.05,0.3024929574825716,35.47088780243157,0.0014096066689532492,0.008527921803576491,mill_creek,USC00045679,"MINERAL, CA US",,
2026-06-13,USC00045679,0.0,",,7,0800",",,7,0800",0.0,26.1,",,7,0800",",,7,0800",0.0,"MINERAL, CA US",29.4,",,7",7.8,",,7",,,,,,,,,,,,,,,,,,,,,,,,,,,True,0.0,0.0,0.0,29.4,7.8,18.599999999999998,49.415622742298744,0.0,0.0,0.0,0.0,0.0,0.0,0.05,0.25672374922659275,35.47088780243157,0.0014096066689532492,0.007237590179769733,mill_creek,USC00045679,"MINERAL, CA US",,
2026-06-14,USC00045679,0.0,",,7,0800",",,7,0800",0.0,20.6,",,7,0800",",,7,0800",0.0,"MINERAL, CA US",27.2,",,7",5.6,",,7",,,,,,,,,,,,,,,,,,,,,,,,,,,True,0.0,0.0,0.0,27.2,5.6,16.4,48.813123977350315,0.0,0.0,0.0,0.0,0.0,0.0,0.05,0.21925109088339217,35.47088780243157,0.0014096066689532492,0.006181155997690091,mill_creek,USC00045679,"MINERAL, CA US",,
2026-06-15,USC00045679,0.0,",,7,0800",",,7,0800",0.0,11.1,",,7,0800",",,7,0800",0.0,"MINERAL, CA US",30.6,",,7",8.3,",,7",,,,,,,,,,,,,,,,,,,,,,,,,,,True,0.0,0.0,0.0,30.6,8.3,19.450000000000003,48.483434383830655,0.0,0.0,0.0,0.0,0.0,0.0,0.05,0.18857107309822962,35.47088780243157,0.0014096066689532492,0.005316220844218702,mill_creek,USC00045679,"MINERAL, CA US",,
2026-06-16,USC00045679,0.0,",,7,0800",",,7,0800",0.0,11.1,",,7,0800",",,7,0800",0.0,"MINERAL, CA US",32.2,",,7",9.4,",,7",,,,,,,,,,,,,,,,,,,,,,,,,,,True,0.0,0.0,0.0,32.2,9.4,20.8,48.03770768295168,0.0,0.0,0.0,0.0,0.0,0.0,0.05,0.16345239903253758,35.47088780243157,0.0014096066689532492,0.004608071834653451,mill_creek,USC00045679,"MINERAL, CA US",,
2026-06-17,USC00045679,0.0,",,7,0800",",,7,0800",0.0,21.1,",,7,0800",",,7,0800",0.0,"MINERAL, CA US",31.7,",,7",10.0,",,7",,,,,,,,,,,,,,,,,,,,,,,,,,,True,0.0,0.0,0.0,31.7,10.0,20.85,49.85634229586689,0.0,0.0,0.0,0.0,0.0,0.0,0.05,0.14288696809841317,35.47088780243157,0.0014096066689532492,0.004028288462760667,mill_creek,USC00045679,"MINERAL, CA US",,
2026-06-18,USC00045679,0.0,",,7,0800",",,7,0800",0.0,18.9,",,7,0800",",,7,0800",0.0,"MINERAL, CA US",29.4,",,7",12.2,",,7",,,,,,,,,,,,,,,,,,,,,,,,,,,True,0.0,0.0,0.0,29.4,12.2,20.799999999999997,57.86623890483207,0.0,0.0,0.0,0.0,0.0,0.0,0.05,0.12604941734234432,35.47088780243157,0.0014096066689532492,0.0035536019860687978,mill_creek,USC00045679,"MINERAL, CA US",,
2026-06-19,USC00045679,0.0,",,7,0800",",,7,0800",0.0,15.6,",,7,0800",",,7,0800",0.0,"MINERAL, CA US",30.0,",,7",11.7,",,7",,,,,,,,,,,,,,,,,,,,,,,,,,,True,0.0,0.0,0.0,30.0,11.7,20.85,55.81917051932364,0.0,0.0,0.0,0.0,0.0,0.0,0.05,0.1122639967318393,35.47088780243157,0.0014096066689532492,0.003164961569530929,mill_creek,USC00045679,"MINERAL, CA US",,
2026-06-20,USC00045679,0.0,",,7,0800",",,7,0800",7.6,20.0,",,7,0800",",,7,0800",0.0,"MINERAL, CA US",21.1,",,7",3.9,",,7",,,,,,,,,,,,,,,,,,,,,,,,,,,True,7.6,0.0,0.0,21.1,3.9,12.5,55.778160678819326,0.0,7.6,0.0,0.0,0.0,7.6,0.05,1.4995968299112972,35.47088780243157,0.0014096066689532492,0.04227683384368231,mill_creek,USC00045679,"MINERAL, CA US",,
2026-06-21,USC00045679,0.0,",,7,0800",",,7,0800",0.0,18.3,",,7,0800",",,7,0800",0.0,"MINERAL, CA US",22.2,",,7",5.0,",,7",,,,,,,,,,,,,,,,,,,,,,,,,,,True,0.0,0.0,0.0,22.2,5.0,13.6,56.06223885346886,0.0,0.0,0.0,0.0,0.0,0.0,0.05,1.2368295042127315,35.47088780243157,0.0014096066689532492,0.03486886234992814,mill_creek,USC00045679,"MINERAL, CA US",,
2026-06-22,USC00045679,0.0,",,7,0800",",,7,0800",0.0,7.2,",,7,0800",",,7,0800",0.0,"MINERAL, CA US",25.0,",,7",6.1,",,7",,,,,,,,,,,,,,,,,,,,,,,,,,,True,0.0,0.0,0.0,25.0,6.1,15.55,53.34852846717607,0.0,0.0,0.0,0.0,0.0,0.0,0.05,1.0216938137592575,35.47088780243157,0.0014096066689532492,0.028803728270066564,mill_creek,USC00045679,"MINERAL, CA US",,
2026-06-23,,,,,,,,,,,,,,,,,,,,,,,,,,,,,,,,,,,,,,,,,False,0.0,0.0,0.0,26.1,6.4,16.25,52.08121322685272,0.0,0.0,0.0,0.0,0.0,0.0,0.05,0.8455556079003332,35.47088780243157,0.0014096066689532492,0.02383801647734257,mill_creek,USC00045679,"MINERAL, CA US",,
2026-06-24,USC00045679,0.0,",,7,0800",",,7,0800",0.0,15.6,",,7,0800",",,7,0800",0.0,"MINERAL, CA US",27.2,",,7",6.7,",,7",,,,,,,,,,,,,,,,,,,,,,,,,,,True,0.0,0.0,0.0,27.2,6.7,16.95,50.85372242133063,0.0,0.0,0.0,0.0,0.0,0.0,0.05,0.7013458419716514,35.47088780243157,0.0014096066689532492,0.019772435521717428,mill_creek,USC00045679,"MINERAL, CA US",,
2026-06-25,USC00045679,0.0,",,7,0800",",,7,0800",0.0,8.3,",,7,0800",",,7,0800",0.0,"MINERAL, CA US",25.6,",,7",7.2,",,7",,,,,,,,,,,,,,,,,,,,,,,,,,,True,0.0,0.0,0.0,25.6,7.2,16.400000000000002,54.497396100808665,0.0,0.0,0.0,0.0,0.0,0.0,0.05,0.5832768717116623,35.47088780243157,0.0014096066689532492,0.01644381936421896,mill_creek,USC00045679,"MINERAL, CA US",,
2026-06-26,USC00045679,0.0,",,7,0800",",,7,0800",1.3,13.3,",,7,0800",",,7,0800",0.0,"MINERAL, CA US",25.6,",,7",7.8,",,7",,,,,,,,,,,,,,,,,,,,,,,,,,,True,1.3,0.0,0.0,25.6,7.8,16.7,55.70267668413531,0.0,1.3,0.0,0.0,0.0,1.3,0.05,0.7258477004690612,35.47088780243157,0.0014096066689532492,0.020463195184511382,mill_creek,USC00045679,"MINERAL, CA US",,
2026-06-27,USC00045679,0.0,",,7,0800",",,7,0800",9.7,10.0,",,7,0800",",,7,0800",0.0,"MINERAL, CA US",19.4,",,7",7.2,",,7",,,,,,,,,,,,,,,,,,,,,,,,,,,True,9.7,0.0,0.0,19.4,7.2,13.299999999999999,66.5413823763259,0.0,9.7,0.0,0.0,0.0,9.7,0.05,2.3884172961764136,35.47088780243157,0.0014096066689532492,0.0673345789786712,mill_creek,USC00045679,"MINERAL, CA US",,
2026-06-28,USC00045679,0.0,",,7,0800",",,7,0800",8.4,5.6,",,7,0800",",,7,0800",0.0,"MINERAL, CA US",16.1,",,7",2.2,",,7",,,,,,,,,,,,,,,,,,,,,,,,,,,True,8.4,0.0,0.0,16.1,2.2,9.15,61.79406929706242,0.0,8.4,0.0,0.0,0.0,8.4,0.05,3.5103766276209494,35.47088780243157,0.0014096066689532492,0.09896500609664213,mill_creek,USC00045679,"MINERAL, CA US",,
2026-06-29,USC00045679,0.0,",,7,0800",",,7,0800",0.0,4.4,",,7,0800",",,7,0800",0.0,"MINERAL, CA US",18.3,",,7",2.8,",,7",,,,,,,,,,,,,,,,,,,,,,,,,,,True,0.0,0.0,0.0,18.3,2.8,10.55,58.71321983499202,0.0,0.0,0.0,0.0,0.0,0.0,0.05,2.883116762265547,35.47088780243157,0.0014096066689532492,0.08128121230920829,mill_creek,USC00045679,"MINERAL, CA US",,
2026-06-30,USC00045679,0.0,",,7,0800",",,7,0800",0.0,6.1,",,7,0800",",,7,0800",0.0,"MINERAL, CA US",20.6,",,7",3.3,",,7",,,,,,,,,,,,,,,,,,,,,,,,,,,True,0.0,0.0,0.0,20.6,3.3,11.950000000000001,55.439288026891546,0.0,0.0,0.0,0.0,0.0,0.0,0.05,2.3626607728373754,35.47088780243157,0.0014096066689532492,0.06660844763731603,mill_creek,USC00045679,"MINERAL, CA US",,
2025-07-01,USC00047195,0.0,",,7,0730",",,7",0.0,14.4,",,7,0730",",,7",0.0,"QUINCY, CA US",32.8,",,7",12.2,",,7",,,,,,,,,,,,,,,,,,,,,,,,,,,True,0.0,0.0,0.0,32.8,12.2,22.5,52.15361626448999,0.0,0.0,0.0,0.0,0.0,0.0,0.05,0.05,32.309007691663076,0.0015475560400111533,0.0015475560400111533,feather,USC00047195,"QUINCY, CA US",,
2025-07-02,USC00047195,0.0,",,7,0730",",,7",0.0,15.0,",,7,0730",",,7",0.0,"QUINCY, CA US",31.7,",,7",12.2,",,7",,,,,,,,,,,,,,,,,,,,,,,,,,,True,0.0,0.0,0.0,31.7,12.2,21.95,53.92938069003591,0.0,0.0,0.0,0.0,0.0,0.0,0.05,0.05,32.309007691663076,0.0015475560400111533,0.0015475560400111533,feather,USC00047195,"QUINCY, CA US",,
2025-07-03,USC00047195,0.0,",,7,0730",",,7",0.0,15.0,",,7,0730",",,7",0.0,"QUINCY, CA US",34.4,",,7",12.8,",,7",,,,,,,,,,,,,,,,,,,,,,,,,,,True,0.0,0.0,0.0,34.4,12.8,23.6,50.754628454740974,0.0,0.0,0.0,0.0,0.0,0.0,0.05,0.05,32.309007691663076,0.0015475560400111533,0.0015475560400111533,feather,USC00047195,"QUINCY, CA US",,
2025-07-04,USC00047195,0.0,",,7,0730",",,7",0.0,10.6,",,7,0730",",,7",0.0,"QUINCY, CA US",31.1,",,7",8.3,",,7",,,,,,,,,,,,,,,,,,,,,,,,,,,True,0.0,0.0,0.0,31.1,8.3,19.700000000000003,47.73641156517191,0.0,0.0,0.0,0.0,0.0,0.0,0.05,0.05,32.309007691663076,0.0015475560400111533,0.0015475560400111533,feather,USC00047195,"QUINCY, CA US",,
2025-07-05,USC00047195,0.0,",,7,0730",",,7",0.0,8.3,",,7,0730",",,7",0.0,"QUINCY, CA US",25.6,",,7",6.1,",,7",,,,,,,,,,,,,,,,,,,,,,,,,,,True,0.0,0.0,0.0,25.6,6.1,15.850000000000001,52.33423884661308,0.0,0.0,0.0,0.0,0.0,0.0,0.05,0.05,32.309007691663076,0.0015475560400111533,0.0015475560400111533,feather,USC00047195,"QUINCY, CA US",,
2025-07-06,USC00047195,0.0,",,7,0730",",,7",0.0,10.0,",,7,0730",",,7",0.0,"QUINCY, CA US",29.4,",,7",7.2,",,7",,,,,,,,,,,,,,,,,,,,,,,,,,,True,0.0,0.0,0.0,29.4,7.2,18.3,48.33303222365314,0.0,0.0,0.0,0.0,0.0,0.0,0.05,0.05,32.309007691663076,0.0015475560400111533,0.0015475560400111533,feather,USC00047195,"QUINCY, CA US",,
2025-07-07,USC00047195,0.0,",,7,0730",",,7",0.0,13.3,",,7,0730",",,7",0.0,"QUINCY, CA US",33.9,",,7",10.0,",,7",,,,,,,,,,,,,,,,,,,,,,,,,,,True,0.0,0.0,0.0,33.9,10.0,21.95,46.60758105122214,0.0,0.0,0.0,0.0,0.0,0.0,0.05,0.05,32.309007691663076,0.0015475560400111533,0.0015475560400111533,feather,USC00047195,"QUINCY, CA US",,
2025-07-08,USC00047195,0.0,",,7,0730",",,7",0.0,12.8,",,7,0730",",,7",0.0,"QUINCY, CA US",33.9,",,7",10.0,",,7",,,,,,,,,,,,,,,,,,,,,,,,,,,True,0.0,0.0,0.0,33.9,10.0,21.95,46.60758105122214,0.0,0.0,0.0,0.0,0.0,0.0,0.05,0.05,32.309007691663076,0.0015475560400111533,0.0015475560400111533,feather,USC00047195,"QUINCY, CA US",,
2025-07-09,USC00047195,0.0,",,7,0730",",,7",0.0,11.1,",,7,0730",",,7",0.0,"QUINCY, CA US",31.1,",,7",8.3,",,7",,,,,,,,,,,,,,,,,,,,,,,,,,,True,0.0,0.0,0.0,31.1,8.3,19.700000000000003,47.73641156517191,0.0,0.0,0.0,0.0,0.0,0.0,0.05,0.05,32.309007691663076,0.0015475560400111533,0.0015475560400111533,feather,USC00047195,"QUINCY, CA US",,
2025-07-10,USC00047195,0.0,",,7,0730",",,7",0.0,12.2,",,7,0730",",,7",0.0,"QUINCY, CA US",30.0,",,7",9.4,",,7",,,,,,,,,,,,,,,,,,,,,,,,,,,True,0.0,0.0,0.0,30.0,9.4,19.7,51.416477726492516,0.0,0.0,0.0,0.0,0.0,0.0,0.05,0.05,32.309007691663076,0.0015475560400111533,0.0015475560400111533,feather,USC00047195,"QUINCY, CA US",,
2025-07-11,USC00047195,0.0,",,7,0730",",,7",0.0,13.3,",,7,0730",",,7",0.0,"QUINCY, CA US",34.4,",,7",11.7,",,7",,,,,,,,,,,,,,,,,,,,,,,,,,,True,0.0,0.0,0.0,34.4,11.7,23.049999999999997,48.8087436256916,0.0,0.0,0.0,0.0,0.0,0.0,0.05,0.05,32.309007691663076,0.0015475560400111533,0.0015475560400111533,feather,USC00047195,"QUINCY, CA US",,
2025-07-12,USC00047195,0.0,",,7,0730",",,7",0.0,16.7,",,7,0730",",,7",0.0,"QUINCY, CA US",37.2,",,7",13.3,",,7",,,,,,,,,,,,,,,,,,,,,,,,,,,True,0.0,0.0,0.0,37.2,13.3,25.25,47.506192417896834,0.0,0.0,0.0,0.0,0.0,0.0,0.05,0.05,32.309007691663076,0.0015475560400111533,0.0015475560400111533,feather,USC00047195,"QUINCY, CA US",,
2025-07-13,USC00047195,0.0,",,7,0730",",,7",0.0,16.7,",,7,0730",",,7",0.0,"QUINCY, CA US",38.3,",,7",14.4,",,7",,,,,,,,,,,,,,,,,,,,,,,,,,,True,0.0,0.0,0.0,38.3,14.4,26.349999999999998,47.801959972747696,0.0,0.0,0.0,0.0,0.0,0.0,0.05,0.05,32.309007691663076,0.0015475560400111533,0.0015475560400111533,feather,USC00047195,"QUINCY, CA US",,
2025-07-14,USC00047195,0.0,",,7,0730",",,7",0.0,17.2,",,7,0730",",,7",0.0,"QUINCY, CA US",37.8,",,7",15.0,",,7",,,,,,,,,,,,,,,,,,,,,,,,,,,True,0.0,0.0,0.0,37.8,15.0,26.4,49.54124525729777,0.0,0.0,0.0,0.0,0.0,0.0,0.05,0.05,32.309007691663076,0.0015475560400111533,0.0015475560400111533,feather,USC00047195,"QUINCY, CA US",,
2025-07-15,USC00047195,0.0,",,7,0730",",,7",0.0,13.3,",,7,0730",",,7",0.0,"QUINCY, CA US",36.7,",,7",10.6,",,7",,,,,,,,,,,,,,,,,,,,,,,,,,,True,0.0,0.0,0.0,36.7,10.6,23.650000000000002,43.76197197704195,0.0,0.0,0.0,0.0,0.0,0.0,0.05,0.05,32.309007691663076,0.0015475560400111533,0.0015475560400111533,feather,USC00047195,"QUINCY, CA US",,
2025-07-16,USC00047195,0.0,",,7,0730",",,7",0.0,12.8,",,7,0730",",,7",0.0,"QUINCY, CA US",34.4,",,7",10.6,",,7",,,,,,,,,,,,,,,,,,,,,,,,,,,True,0.0,0.0,0.0,34.4,10.6,22.5,46.91448970628489,0.0,0.0,0.0,0.0,0.0,0.0,0.05,0.05,32.309007691663076,0.0015475560400111533,0.0015475560400111533,feather,USC00047195,"QUINCY, CA US",,
2025-07-17,USC00047195,0.0,",,7,0730",",,7",0.0,12.8,",,7,0730",",,7",0.0,"QUINCY, CA US",32.2,",,7",10.0,",,7",,,,,,,,,,,,,,,,,,,,,,,,,,,True,0.0,0.0,0.0,32.2,10.0,21.1,49.09622899851529,0.0,0.0,0.0,0.0,0.0,0.0,0.05,0.05,32.309007691663076,0.0015475560400111533,0.0015475560400111533,feather,USC00047195,"QUINCY, CA US",,
2025-07-18,USC00047195,0.0,",,7,0730",",,7",0.0,11.7,",,7,0730",",,7",0.0,"QUINCY, CA US",32.2,",,7",9.4,",,7",,,,,,,,,,,,,,,,,,,,,,,,,,,True,0.0,0.0,0.0,32.2,9.4,20.8,48.03770768295168,0.0,0.0,0.0,0.0,0.0,0.0,0.05,0.05,32.309007691663076,0.0015475560400111533,0.0015475560400111533,feather,USC00047195,"QUINCY, CA US",,
2025-07-19,USC00047195,0.0,",,7,0730",",,7",0.0,11.7,",,7,0730",",,7",0.0,"QUINCY, CA US",34.4,",,7",8.9,",,7",,,,,,,,,,,,,,,,,,,,,,,,,,,True,0.0,0.0,0.0,34.4,8.9,21.65,44.08735483817978,0.0,0.0,0.0,0.0,0.0,0.0,0.05,0.05,32.309007691663076,0.0015475560400111533,0.0015475560400111533,feather,USC00047195,"QUINCY, CA US",,
2025-07-20,USC00047195,0.0,",,7,0730",",,7",0.0,11.7,",,7,0730",",,7",0.0,"QUINCY, CA US",34.4,",,7",9.4,",,7",,,,,,,,,,,,,,,,,,,,,,,,,,,True,0.0,0.0,0.0,34.4,9.4,21.9,44.906308508121086,0.0,0.0,0.0,0.0,0.0,0.0,0.05,0.05,32.309007691663076,0.0015475560400111533,0.0015475560400111533,feather,USC00047195,"QUINCY, CA US",,
2025-07-21,USC00047195,0.0,",,7,0730",",,7",0.0,12.8,",,7,0730",",,7",0.0,"QUINCY, CA US",32.2,",,7",10.0,",,7",,,,,,,,,,,,,,,,,,,,,,,,,,,True,0.0,0.0,0.0,32.2,10.0,21.1,49.09622899851529,0.0,0.0,0.0,0.0,0.0,0.0,0.05,0.05,32.309007691663076,0.0015475560400111533,0.0015475560400111533,feather,USC00047195,"QUINCY, CA US",,
2025-07-22,USC00047195,0.0,"T,,7,0730",",,7",0.0,10.6,",,7,0730",",,7",0.0,"QUINCY, CA US",27.8,",,7",8.3,",,7",,,,,,,,,,,,,,,,,,,,,,,,,,,True,0.0,0.0,0.0,27.8,8.3,18.05,52.91712384227228,0.0,0.0,0.0,0.0,0.0,0.0,0.05,0.05,32.309007691663076,0.0015475560400111533,0.0015475560400111533,feather,USC00047195,"QUINCY, CA US",,
2025-07-23,USC00047195,0.0,",,7,0730",",,7",0.0,11.1,",,7,0730",",,7",0.0,"QUINCY, CA US",28.3,",,7",8.3,",,7",,,,,,,,,,,,,,,,,,,,,,,,,,,True,0.0,0.0,0.0,28.3,8.3,18.3,52.09309310556172,0.0,0.0,0.0,0.0,0.0,0.0,0.05,0.05,32.309007691663076,0.0015475560400111533,0.0015475560400111533,feather,USC00047195,"QUINCY, CA US",,
2025-07-24,USC00047195,0.0,",,7,0730",",,7",0.0,12.2,",,7,0730",",,7",0.0,"QUINCY, CA US",30.6,",,7",10.0,",,7",,,,,,,,,,,,,,,,,,,,,,,,,,,True,0.0,0.0,0.0,30.6,10.0,20.3,51.575567703898805,0.0,0.0,0.0,0.0,0.0,0.0,0.05,0.05,32.309007691663076,0.0015475560400111533,0.0015475560400111533,feather,USC00047195,"QUINCY, CA US",,
2025-07-25,USC00047195,0.0,",,7,0730",",,7",0.0,12.8,",,7,0730",",,7",0.0,"QUINCY, CA US",30.0,",,7",10.6,",,7",,,,,,,,,,,,,,,,,,,,,,,,,,,True,0.0,0.0,0.0,30.0,10.6,20.3,53.682836633972705,0.0,0.0,0.0,0.0,0.0,0.0,0.05,0.05,32.309007691663076,0.0015475560400111533,0.0015475560400111533,feather,USC00047195,"QUINCY, CA US",,
2025-07-26,USC00047195,0.0,",,7,0730",",,7",2.0,11.7,",,7,0730",",,7",0.0,"QUINCY, CA US",30.6,",,7",10.0,",,7",,,,,,,,,,,,,,,,,,,,,,,    1,",,7",,,True,2.0,0.0,0.0,30.6,10.0,20.3,51.575567703898805,0.0,2.0,0.0,0.0,0.0,2.0,0.05,0.41805773183615613,32.309007691663076,0.0015475560400111533,0.012939355359528127,feather,USC00047195,"QUINCY, CA US",,
2025-07-27,USC00047195,0.0,",,7,0730",",,7",1.0,11.7,",,7,0730",",,7",0.0,"QUINCY, CA US",27.8,",,7",9.4,",,7",,,,,,,,,,,,,,,,,,,,,,,    1,",,7",,,True,1.0,0.0,0.0,27.8,9.4,18.6,55.064359053093064,0.0,1.0,0.0,0.0,0.0,1.0,0.05,0.5353690498804682,32.309007691663076,0.0015475560400111533,0.01657027213555102,feather,USC00047195,"QUINCY, CA US",,
2025-07-28,USC00047195,0.0,",,7,0730",",,7",0.0,12.8,",,7,0730",",,7",0.0,"QUINCY, CA US",30.6,",,7",10.6,",,7",,,,,,,,,,,,,,,,,,,,,,,,,,,True,0.0,0.0,0.0,30.6,10.6,20.6,52.69832166770176,0.0,0.0,0.0,0.0,0.0,0.0,0.05,0.4473865677293802,32.309007691663076,0.0015475560400111533,0.013847115702189224,feather,USC00047195,"QUINCY, CA US",,
2025-07-29,USC00047195,0.0,",,7,0730",",,7",0.0,11.1,",,7,0730",",,7",0.0,"QUINCY, CA US",31.7,",,7",9.4,",,7",,,,,,,,,,,,,,,,,,,,,,,,,,,True,0.0,0.0,0.0,31.7,9.4,20.55,48.78313897803777,0.0,0.0,0.0,0.0,0.0,0.0,0.05,0.3753526038601499,32.309007691663076,0.0015475560400111533,0.011617583784753773,feather,USC00047195,"QUINCY, CA US",,
2025-07-30,USC00047195,0.0,",,7,0730",",,7",0.0,12.8,",,7,0730",",,7",0.0,"QUINCY, CA US",32.2,",,7",11.1,",,7",,,,,,,,,,,,,,,,,,,,,,,,,,,True,0.0,0.0,0.0,32.2,11.1,21.650000000000002,51.07813912882916,0.0,0.0,0.0,0.0,0.0,0.0,0.05,0.3163761823743028,32.309007691663076,0.0015475560400111533,0.00979219743898045,feather,USC00047195,"QUINCY, CA US",,
2025-07-31,USC00047195,0.0,",,7,0730",",,7",0.0,12.8,",,7,0730",",,7",0.0,"QUINCY, CA US",30.0,",,7",10.6,",,7",,,,,,,,,,,,,,,,,,,,,,,,,,,True,0.0,0.0,0.0,30.0,10.6,20.3,53.682836633972705,0.0,0.0,0.0,0.0,0.0,0.0,0.05,0.2680903723973508,32.309007691663076,0.0015475560400111533,0.00829769750144719,feather,USC00047195,"QUINCY, CA US",,
2025-08-01,USC00047195,0.0,",,7,0730",",,7",0.0,11.7,",,7,0730",",,7",0.0,"QUINCY, CA US",31.7,",,7",9.4,",,7",,,,,,,,,,,,,,,,,,,,,,,,,,,True,0.0,0.0,0.0,31.7,9.4,20.55,48.78313897803777,0.0,0.0,0.0,0.0,0.0,0.0,0.05,0.22855729483194054,32.309007691663076,0.0015475560400111533,0.00707410444211559,feather,USC00047195,"QUINCY, CA US",,
2025-08-02,USC00047195,0.0,",,7,0730",",,7",0.0,10.0,",,7,0730",",,7",0.0,"QUINCY, CA US",32.8,",,7",8.3,",,7",,,,,,,,,,,,,,,,,,,,,,,,,,,True,0.0,0.0,0.0,32.8,8.3,20.549999999999997,45.29155054308017,0.0,0.0,0.0,0.0,0.0,0.0,0.05,0.1961903484653219,32.309007691663076,0.0015475560400111533,0.006072311175188036,feather,USC00047195,"QUINCY, CA US",,
2025-08-03,USC00047195,0.0,",,7,0730",",,7",0.0,9.4,",,7,0730",",,7",0.0,"QUINCY, CA US",31.7,",,7",7.2,",,7",,,,,,,,,,,,,,,,,,,,,,,,,,,True,0.0,0.0,0.0,31.7,7.2,19.45,44.98391738111002,0.0,0.0,0.0,0.0,0.0,0.0,0.05,0.16969053409174556,32.309007691663076,0.0015475560400111533,0.005252112219327987,feather,USC00047195,"QUINCY, CA US",,
2025-08-04,USC00047195,0.0,",,7,0730",",,7",0.0,9.4,",,7,0730",",,7",0.0,"QUINCY, CA US",30.0,",,7",7.2,",,7",,,,,,,,,,,,,,,,,,,,,,,,,,,True,0.0,0.0,0.0,30.0,7.2,18.6,47.43314623803401,0.0,0.0,0.0,0.0,0.0,0.0,0.05,0.14799432111324073,32.309007691663076,0.0015475560400111533,0.004580590110522917,feather,USC00047195,"QUINCY, CA US",,
2025-08-05,USC00047195,0.0,",,7,0730",",,7",0.0,9.4,",,7,0730",",,7",0.0,"QUINCY, CA US",29.4,",,7",6.7,",,7",,,,,,,,,,,,,,,,,,,,,,,,,,,True,0.0,0.0,0.0,29.4,6.7,18.05,47.44344767756839,0.0,0.0,0.0,0.0,0.0,0.0,0.05,0.13023096432240916,32.309007691663076,0.0015475560400111533,0.004030794308672426,feather,USC00047195,"QUINCY, CA US",,
2025-08-06,USC00047195,0.0,",,7,0730",",,7",0.0,8.9,",,7,0730",",,7",0.0,"QUINCY, CA US",29.4,",,7",6.7,",,7",,,,,,,,,,,,,,,,,,,,,,,,,,,True,0.0,0.0,0.0,29.4,6.7,18.05,47.44344767756839,0.0,0.0,0.0,0.0,0.0,0.0,0.05,0.11568755783985875,32.309007691663076,0.0015475560400111533,0.003580659577784261,feather,USC00047195,"QUINCY, CA US",,
2025-08-07,USC00047195,0.0,",,7,0730",",,7",0.0,10.6,",,7,0730",",,7",0.0,"QUINCY, CA US",31.7,",,7",8.3,",,7",,,,,,,,,,,,,,,,,,,,,,,,,,,True,0.0,0.0,0.0,31.7,8.3,20.0,46.856987253918525,0.0,0.0,0.0,0.0,0.0,0.0,0.05,0.10378042369808105,32.309007691663076,0.0015475560400111533,0.003212120430577639,feather,USC00047195,"QUINCY, CA US",,
2025-08-08,USC00047195,0.0,",,7,0730",",,7",0.0,11.1,",,7,0730",",,7",0.0,"QUINCY, CA US",31.7,",,7",9.4,",,7",,,,,,,,,,,,,,,,,,,,,,,,,,,True,0.0,0.0,0.0,31.7,9.4,20.55,48.78313897803777,0.0,0.0,0.0,0.0,0.0,0.0,0.05,0.09403168679518284,32.309007691663076,0.0015475560400111533,0.002910386097046444,feather,USC00047195,"QUINCY, CA US",,
2025-08-09,USC00047195,0.0,",,7,0730",",,7",0.0,12.8,",,7,0730",",,7",0.0,"QUINCY, CA US",33.9,",,7",11.1,",,7",,,,,,,,,,,,,,,,,,,,,,,,,,,True,0.0,0.0,0.0,33.9,11.1,22.5,48.499485663452916,0.0,0.0,0.0,0.0,0.0,0.0,0.05,0.08605009608911388,32.309007691663076,0.0015475560400111533,0.0026633469189249657,feather,USC00047195,"QUINCY, CA US",,
2025-08-10,USC00047195,0.0,",,7,0730",",,7",0.0,12.8,",,7,0730",",,7",0.0,"QUINCY, CA US",36.1,",,7",11.1,",,7",,,,,,,,,,,,,,,,,,,,,,,,,,,True,0.0,0.0,0.0,36.1,11.1,23.6,45.37692730541449,0.0,0.0,0.0,0.0,0.0,0.0,0.05,0.07951532231957381,32.309007691663076,0.0015475560400111533,0.002461088346581802,feather,USC00047195,"QUINCY, CA US",,
2025-08-11,USC00047195,0.0,",,7,0730",",,7",0.0,13.9,",,7,0730",",,7",0.0,"QUINCY, CA US",37.8,",,7",12.8,",,7",,,,,,,,,,,,,,,,,,,,,,,,,,,True,0.0,0.0,0.0,37.8,12.8,25.299999999999997,45.843200228476555,0.0,0.0,0.0,0.0,0.0,0.0,0.05,0.07416510207004404,32.309007691663076,0.0015475560400111533,0.0022954930333308064,feather,USC00047195,"QUINCY, CA US",,
2025-08-12,USC00047195,0.0,",,7,0730",",,7",0.0,14.4,",,7,0730",",,7",0.0,"QUINCY, CA US",38.3,",,7",12.8,",,7",,,,,,,,,,,,,,,,,,,,,,,,,,,True,0.0,0.0,0.0,38.3,12.8,25.549999999999997,45.167079733125185,0.0,0.0,0.0,0.0,0.0,0.0,0.05,0.06978471221601346,32.309007691663076,0.0015475560400111533,0.0021599150578066346,feather,USC00047195,"QUINCY, CA US",,
2025-08-13,USC00047195,0.0,",,7,0730",",,7",0.0,14.4,",,7,0730",",,7",0.0,"QUINCY, CA US",37.8,",,7",12.2,",,7",,,,,,,,,,,,,,,,,,,,,,,,,,,True,0.0,0.0,0.0,37.8,12.2,25.0,44.86844724265829,0.0,0.0,0.0,0.0,0.0,0.0,0.05,0.06619835233204784,32.309007691663076,0.0015475560400111533,0.0020489131998049407,feather,USC00047195,"QUINCY, CA US",,
2025-08-14,USC00047195,0.0,",,7,0730",",,7",0.0,11.1,",,7,0730",",,7",0.0,"QUINCY, CA US",35.0,",,7",8.9,",,7",,,,,,,,,,,,,,,,,,,,,,,,,,,True,0.0,0.0,0.0,35.0,8.9,21.95,43.28696277991411,0.0,0.0,0.0,0.0,0.0,0.0,0.05,0.06326208920344001,32.309007691663076,0.0015475560400111533,0.001958032565010159,feather,USC00047195,"QUINCY, CA US",,
2025-08-15,USC00047195,0.0,",,7,0730",",,7",0.0,11.7,",,7,0730",",,7",0.0,"QUINCY, CA US",33.3,",,7",10.0,",,7",,,,,,,,,,,,,,,,,,,,,,,,,,,True,0.0,0.0,0.0,33.3,10.0,21.65,47.46937257764638,0.0,0.0,0.0,0.0,0.0,0.0,0.05,0.06085808028091981,32.309007691663076,0.0015475560400111533,0.0018836257944444222,feather,USC00047195,"QUINCY, CA US",,
2025-08-16,USC00047195,0.0,",,7,0730",",,7",0.0,12.2,",,7,0730",",,7",0.0,"QUINCY, CA US",33.3,",,7",10.0,",,7",,,,,,,,,,,,,,,,,,,,,,,,,,,True,0.0,0.0,0.0,33.3,10.0,21.65,47.46937257764638,0.0,0.0,0.0,0.0,0.0,0.0,0.05,0.053370606253258804,32.309007691663076,0.0015475560400111533,0.0016518800813257537,feather,USC00047195,"QUINCY, CA US",,
2025-08-17,USC00047195,0.0,",,7,0730",",,7",0.0,14.4,",,7,0730",",,7",0.0,"QUINCY, CA US",29.4,",,7",12.2,",,7",,,,,,,,,,,,,,,,,,,,,,,,,,,True,0.0,0.0,0.0,29.4,12.2,20.799999999999997,57.86623890483207,0.0,0.0,0.0,0.0,0.0,0.0,0.05,0.05,32.309007691663076,0.0015475560400111533,0.0015475560400111533,feather,USC00047195,"QUINCY, CA US",,
2025-08-18,USC00047195,0.0,",,7,0730",",,7",0.0,10.0,",,7,0730",",,7",0.0,"QUINCY, CA US",28.9,",,7",8.3,",,7",,,,,,,,,,,,,,,,,,,,,,,,,,,True,0.0,0.0,0.0,28.9,8.3,18.6,51.12320062672182,0.0,0.0,0.0,0.0,0.0,0.0,0.05,0.05,32.309007691663076,0.0015475560400111533,0.0015475560400111533,feather,USC00047195,"QUINCY, CA US",,
2025-08-19,USC00047195,0.0,",,7,0730",",,7",0.0,8.9,",,7,0730",",,7",0.0,"QUINCY, CA US",28.9,",,7",7.2,",,7",,,,,,,,,,,,,,,,,,,,,,,,,,,True,0.0,0.0,0.0,28.9,7.2,18.05,49.09758471566979,0.0,0.0,0.0,0.0,0.0,0.0,0.05,0.05,32.309007691663076,0.0015475560400111533,0.0015475560400111533,feather,USC00047195,"QUINCY, CA US",,
2025-08-20,USC00047195,0.0,",,7,0730",",,7",0.0,7.8,",,7,0730",",,7",0.0,"QUINCY, CA US",30.6,",,7",6.1,",,7",,,,,,,,,,,,,,,,,,,,,,,,,,,True,0.0,0.0,0.0,30.6,6.1,18.35,44.67442588262588,0.0,0.0,0.0,0.0,0.0,0.0,0.05,0.05,32.309007691663076,0.0015475560400111533,0.0015475560400111533,feather,USC00047195,"QUINCY, CA US",,
2025-08-21,USC00047195,0.0,",,7,0730",",,7",0.0,10.0,",,7,0730",",,7",0.0,"QUINCY, CA US",33.3,",,7",7.8,",,7",,,,,,,,,,,,,,,,,,,,,,,,,,,True,0.0,0.0,0.0,33.3,7.8,20.549999999999997,43.77875695601024,0.0,0.0,0.0,0.0,0.0,0.0,0.05,0.05,32.309007691663076,0.0015475560400111533,0.0015475560400111533,feather,USC00047195,"QUINCY, CA US",,
2025-08-22,USC00047195,0.0,",,7,0730",",,7",0.0,11.1,",,7,0730",",,7",0.0,"QUINCY, CA US",36.7,",,7",10.0,",,7",,,,,,,,,,,,,,,,,,,,,,,,,,,True,0.0,0.0,0.0,36.7,10.0,23.35,42.811574189137204,0.0,0.0,0.0,0.0,0.0,0.0,0.05,0.05,32.309007691663076,0.0015475560400111533,0.0015475560400111533,feather,USC00047195,"QUINCY, CA US",,
2025-08-23,USC00047195,0.0,",,7,0730",",,7",0.0,14.4,",,7,0730",",,7",0.0,"QUINCY, CA US",37.8,",,7",11.1,",,7",,,,,,,,,,,,,,,,,,,,,,,,,,,True,0.0,0.0,0.0,37.8,11.1,24.45,43.118584310800706,0.0,0.0,0.0,0.0,0.0,0.0,0.05,0.05,32.309007691663076,0.0015475560400111533,0.0015475560400111533,feather,USC00047195,"QUINCY, CA US",,
2025-08-24,USC00047195,0.0,",,7,0730",",,7",0.0,16.1,",,7,0730",",,7",0.0,"QUINCY, CA US",37.2,",,7",14.4,",,7",,,,,,,,,,,,,,,,,,,,,,,,,,,True,0.0,0.0,0.0,37.2,14.4,25.8,49.38256381356927,0.0,0.0,0.0,0.0,0.0,0.0,0.05,0.05,32.309007691663076,0.0015475560400111533,0.0015475560400111533,feather,USC00047195,"QUINCY, CA US",,
2025-08-25,USC00047195,0.0,",,7,0730",",,7",0.8,13.9,",,7,0730",",,7",0.0,"QUINCY, CA US",34.4,",,7",12.2,",,7",,,,,,,,,,,,,,,,,,,,,,,    1,",,7",,,True,0.8,0.0,0.0,34.4,12.2,23.299999999999997,49.686805924480865,0.0,0.8,0.0,0.0,0.0,0.8,0.05,0.19722309273446248,32.309007691663076,0.0015475560400111533,0.006104275767817944,feather,USC00047195,"QUINCY, CA US",,
2025-08-26,USC00047195,0.0,",,7,0730",",,7",3.0,13.9,",,7,0730",",,7",0.0,"QUINCY, CA US",36.1,",,7",13.3,",,7",,,,,,,,,,,,,,,,,,,,,,,    1,",,7",,,True,3.0,0.0,0.0,36.1,13.3,24.700000000000003,49.09015013768895,0.0,3.0,0.0,0.0,0.0,3.0,0.05,0.7226226713391903,32.309007691663076,0.0015475560400111533,0.02236598159359917,feather,USC00047195,"QUINCY, CA US",,
2025-08-27,USC00047195,0.0,",,7,0730",",,7",3.3,12.2,",,7,0730",",,7",0.0,"QUINCY, CA US",31.1,",,7",12.2,",,7",,,,,,,,,,,,,,,,,,,",,7",    1,,,,,,,True,3.3,0.0,0.0,31.1,12.2,21.65,54.926555017811104,0.0,3.3,0.0,0.0,0.0,3.3,0.05,1.2079921237725169,32.309007691663076,0.0015475560400111533,0.03738871014860118,feather,USC00047195,"QUINCY, CA US",,
2025-08-28,USC00047195,0.0,",,7,0730",",,7",0.0,11.1,",,7,0730",",,7",0.0,"QUINCY, CA US",31.1,",,7",10.0,",,7",,,,,,,,,,,,,,,,,,,,,,,,,,,True,0.0,0.0,0.0,31.1,10.0,20.55,50.78598182720913,0.0,0.0,0.0,0.0,0.0,0.0,0.05,0.9980837635546442,32.309007691663076,0.0015475560400111533,0.030891811134521066,feather,USC00047195,"QUINCY, CA US",,
2025-08-29,USC00047195,0.0,",,7,0730",",,7",0.0,8.9,",,7,0730",",,7",0.0,"QUINCY, CA US",31.7,",,7",7.8,",,7",,,,,,,,,,,,,,,,,,,,,,,,,,,True,0.0,0.0,0.0,31.7,7.8,19.75,45.999046006863956,0.0,0.0,0.0,0.0,0.0,0.0,0.05,0.8262253337161012,32.309007691663076,0.0015475560400111533,0.02557260011205166,feather,USC00047195,"QUINCY, CA US",,
2025-08-30,USC00047195,0.0,",,7,0730",",,7",0.0,8.9,",,7,0730",",,7",0.0,"QUINCY, CA US",31.1,",,7",7.8,",,7",,,,,,,,,,,,,,,,,,,,,,,,,,,True,0.0,0.0,0.0,31.1,7.8,19.45,46.864027944097046,0.0,0.0,0.0,0.0,0.0,0.0,0.05,0.6855195520315913,32.309007691663076,0.0015475560400111533,0.021217598465844582,feather,USC00047195,"QUINCY, CA US",,
2025-08-31,USC00047195,0.0,",,7,0730",",,7",0.0,9.4,",,7,0730",",,7",0.0,"QUINCY, CA US",33.3,",,7",8.3,",,7",,,,,,,,,,,,,,,,,,,,,,,,,,,True,0.0,0.0,0.0,33.3,8.3,20.799999999999997,44.599472503719376,0.0,0.0,0.0,0.0,0.0,0.0,0.05,0.5703194014306064,32.309007691663076,0.0015475560400111533,0.01765202468838961,feather,USC00047195,"QUINCY, CA US",,
2025-09-01,USC00047195,0.0,",,7,0730",",,7",0.0,9.4,",,7,0730",",,7",0.0,"QUINCY, CA US",33.3,",,7",8.9,",,7",,,,,,,,,,,,,,,,,,,,,,,,,,,True,0.0,0.0,0.0,33.3,8.9,21.099999999999998,45.598303738553376,0.0,0.0,0.0,0.0,0.0,0.0,0.05,0.4760014953743652,32.309007691663076,0.0015475560400111533,0.014732779784418797,feather,USC00047195,"QUINCY, CA US",,
2025-09-02,USC00047195,0.0,",,7,0730",",,7",0.0,11.7,",,7,0730",",,7",0.0,"QUINCY, CA US",34.4,",,7",9.4,",,7",,,,,,,,,,,,,,,,,,,,,,,,,,,True,0.0,0.0,0.0,34.4,9.4,21.9,44.906308508121086,0.0,0.0,0.0,0.0,0.0,0.0,0.05,0.3987805251202004,32.309007691663076,0.0015475560400111533,0.01234270420577171,feather,USC00047195,"QUINCY, CA US",,
2025-09-03,USC00047195,0.0,",,7,0730",",,7",7.9,14.4,",,7,0730",",,7",0.0,"QUINCY, CA US",33.3,",,7",11.7,",,7",,,,,,,,,,,,,,,,,,,,,,,    1,",,7",,,True,7.9,0.0,0.0,33.3,11.7,22.5,50.46363411980234,0.0,7.9,0.0,0.0,0.0,7.9,0.05,1.7893853827434125,32.309007691663076,0.0015475560400111533,0.055383483139444745,feather,USC00047195,"QUINCY, CA US",,
2025-09-04,USC00047195,0.0,",,7,0730",",,7",0.0,12.2,",,7,0730",",,7",0.0,"QUINCY, CA US",31.1,",,7",11.7,",,7",,,,,,,,,,,,,,,,,,,,,,,,,,,True,0.0,0.0,0.0,31.1,11.7,21.4,53.96609842694297,0.0,0.0,0.0,0.0,0.0,0.0,0.05,1.4740883043063477,32.309007691663076,0.0015475560400111533,0.04562468517678175,feather,USC00047195,"QUINCY, CA US",,
2025-09-05,USC00047195,0.0,",,7,0730",",,7",0.0,10.0,",,7,0730",",,7",0.0,"QUINCY, CA US",32.8,",,7",8.9,",,7",,,,,,,,,,,,,,,,,,,,,,,,,,,True,0.0,0.0,0.0,32.8,8.9,20.849999999999998,46.30426176660069,0.0,0.0,0.0,0.0,0.0,0.0,0.05,1.2159448898342826,32.309007691663076,0.0015475560400111533,0.03763485717167481,feather,USC00047195,"QUINCY, CA US",,
2025-09-06,USC00047195,0.0,",,7,0730",",,7",0.0,10.0,",,7,0730",",,7",0.0,"QUINCY, CA US",31.7,",,7",10.0,",,7",,,,,,,,,,,,,,,,,,,,,,,,,,,True,0.0,0.0,0.0,31.7,10.0,20.85,49.85634229586689,0.0,0.0,0.0,0.0,0.0,0.0,0.05,1.0045949377014467,32.309007691663076,0.0015475560400111533,0.03109333927209004,feather,USC00047195,"QUINCY, CA US",,
2025-09-07,USC00047195,0.0,",,7,0730",",,7",0.0,7.8,",,7,0730",",,7",0.0,"QUINCY, CA US",28.3,",,7",7.2,",,7",,,,,,,,,,,,,,,,,,,,,,,,,,,True,0.0,0.0,0.0,28.3,7.2,17.75,50.033015837571945,0.0,0.0,0.0,0.0,0.0,0.0,0.05,0.8315562322287345,32.309007691663076,0.0015475560400111533,0.025737597395889905,feather,USC00047195,"QUINCY, CA US",,
2025-09-08,USC00047195,0.0,",,7,0730",",,7",0.0,6.7,",,7,0730",",,7",0.0,"QUINCY, CA US",26.1,",,7",6.1,",,7",,,,,,,,,,,,,,,,,,,,,,,,,,,True,0.0,0.0,0.0,26.1,6.1,16.1,51.50549274056665,0.0,0.0,0.0,0.0,0.0,0.0,0.05,0.6898841225854221,32.309007691663076,0.0015475560400111533,0.021352686816297296,feather,USC00047195,"QUINCY, CA US",,
2025-09-09,USC00047195,0.0,",,7,0730",",,7",0.0,12.8,",,7,0730",",,7",0.0,"QUINCY, CA US",26.7,",,7",6.7,",,7",,,,,,,,,,,,,,,,,,,,,,,,,,,True,0.0,0.0,0.0,26.7,6.7,16.7,51.666594589758205,0.0,0.0,0.0,0.0,0.0,0.0,0.05,0.5738928095670063,32.309007691663076,0.0015475560400111533,0.017762625675287823,feather,USC00047195,"QUINCY, CA US",,
2025-09-10,USC00047195,0.0,",,7,0730",",,7",0.0,10.6,",,7,0730",",,7",0.0,"QUINCY, CA US",23.9,",,7",10.6,",,7",,,,,,,,,,,,,,,,,,,,,,,,,,,True,0.0,0.0,0.0,23.9,10.6,17.25,64.95518097848904,0.0,0.0,0.0,0.0,0.0,0.0,0.05,0.47892715450893464,32.309007691663076,0.0015475560400111533,0.014823332213713132,feather,USC00047195,"QUINCY, CA US",,
2025-09-11,USC00047195,0.0,",,7,0730",",,7",3.3,10.0,",,7,0730",",,7",0.0,"QUINCY, CA US",22.2,",,7",10.0,",,7",,,,,,,,,,,,,,,,,,,,,,,,,,,True,3.3,0.0,0.0,22.2,10.0,16.1,67.13356694237928,0.0,3.3,0.0,0.0,0.0,3.3,0.05,1.0084711097563535,32.309007691663076,0.0015475560400111533,0.031213311141603906,feather,USC00047195,"QUINCY, CA US",,
2025-09-12,USC00047195,0.0,",,7,0730",",,7",0.0,9.4,",,7,0730",",,7",0.0,"QUINCY, CA US",21.1,",,7",9.4,",,7",,,,,,,,,,,,,,,,,,,",,7",    1,,,,,,,True,0.0,0.0,0.0,21.1,9.4,15.25,68.09110904917885,0.0,0.0,0.0,0.0,0.0,0.0,0.05,0.8347297734943083,32.309007691663076,0.0015475560400111533,0.025835822054965173,feather,USC00047195,"QUINCY, CA US",,
2025-09-13,USC00047195,0.0,",,7,0730",",,7",0.0,7.8,",,7,0730",",,7",0.0,"QUINCY, CA US",26.7,",,7",7.2,",,7",,,,,,,,,,,,,,,,,,,",,7",    1,,,,,,,True,0.0,0.0,0.0,26.7,7.2,16.95,52.62676021475015,0.0,0.0,0.0,0.0,0.0,0.0,0.05,0.6924823984157094,32.309007691663076,0.0015475560400111533,0.021433106365392817,feather,USC00047195,"QUINCY, CA US",,
2025-09-14,USC00047195,0.0,",,7,0730",",,7",0.0,8.3,",,7,0730",",,7",0.0,"QUINCY, CA US",28.3,",,7",7.2,",,7",,,,,,,,,,,,,,,,,,,,,,,,,,,True,0.0,0.0,0.0,28.3,7.2,17.75,50.033015837571945,0.0,0.0,0.0,0.0,0.0,0.0,0.05,0.5760200978942416,32.309007691663076,0.0015475560400111533,0.017828467633280987,feather,USC00047195,"QUINCY, CA US",,
2025-09-15,USC00047195,0.0,",,7,0730",",,7",0.0,6.1,",,7,0730",",,7",0.0,"QUINCY, CA US",27.2,",,7",5.0,",,7",,,,,,,,,,,,,,,,,,,,,,,,,,,True,0.0,0.0,0.0,27.2,5.0,16.1,47.7242386373819,0.0,0.0,0.0,0.0,0.0,0.0,0.05,0.47846113568625825,32.309007691663076,0.0015475560400111533,0.014808908408837298,feather,USC00047195,"QUINCY, CA US",,
2025-09-16,USC00047195,0.0,",,7,0730",",,7",0.0,7.2,",,7,0730",",,7",0.0,"QUINCY, CA US",31.1,",,7",6.1,",,7",,,,,,,,,,,,,,,,,,,,,,,,,,,True,0.0,0.0,0.0,31.1,6.1,18.6,43.9803339924173,0.0,0.0,0.0,0.0,0.0,0.0,0.05,0.3925154512968778,32.309007691663076,0.0015475560400111533,0.012148793149043737,feather,USC00047195,"QUINCY, CA US",,
2025-09-17,USC00047195,0.0,",,7,0730",",,7",0.0,7.8,",,7,0730",",,7",0.0,"QUINCY, CA US",31.1,",,7",6.7,",,7",,,,,,,,,,,,,,,,,,,,,,,,,,,True,0.0,0.0,0.0,31.1,6.7,18.900000000000002,44.98364385033902,0.0,0.0,0.0,0.0,0.0,0.0,0.05,0.3213211906941398,32.309007691663076,0.0015475560400111533,0.00994525098884583,feather,USC00047195,"QUINCY, CA US",,
2025-09-18,USC00047195,0.0,",,7,0730",",,7",0.0,8.3,",,7,0730",",,7",0.0,"QUINCY, CA US",32.8,",,7",7.8,",,7",,,,,,,,,,,,,,,,,,,,,,,,,,,True,0.0,0.0,0.0,32.8,7.8,20.299999999999997,44.459399270046916,0.0,0.0,0.0,0.0,0.0,0.0,0.05,0.2721390027830278,32.309007691663076,0.0015475560400111533,0.008423007149589733,feather,USC00047195,"QUINCY, CA US",,
2025-09-19,USC00047195,0.0,",,7,0730",",,7",0.0,15.6,",,7,0730",",,7",0.0,"QUINCY, CA US",32.2,",,7",8.3,",,7",,,,,,,,,,,,,,,,,,,,,,,,,,,True,0.0,0.0,0.0,32.2,8.3,20.25,46.13801572256634,0.0,0.0,0.0,0.0,0.0,0.0,0.05,0.2318720330365402,32.309007691663076,0.0015475560400111533,0.007176699304707269,feather,USC00047195,"QUINCY, CA US",,
2025-09-20,USC00047195,0.0,"T,,7,0730",",,7",0.0,11.7,",,7,0730",",,7",0.0,"QUINCY, CA US",24.4,",,7",10.6,",,7",,,,,,,,,,,,,,,,,,,,,,,,,,,True,0.0,0.0,0.0,24.4,10.6,17.5,63.93751725471262,0.0,0.0,0.0,0.0,0.0,0.0,0.05,0.1989042265718302,32.309007691663076,0.0015475560400111533,0.006156308744299655,feather,USC00047195,"QUINCY, CA US",,
2025-09-21,USC00047195,0.0,",,7,0730",",,7",0.0,8.9,",,7,0730",",,7",0.0,"QUINCY, CA US",26.7,",,7",8.3,",,7",,,,,,,,,,,,,,,,,,,,,,,,,,,True,0.0,0.0,0.0,26.7,8.3,17.5,54.78197244198775,0.0,0.0,0.0,0.0,0.0,0.0,0.05,0.171912469557649,32.309007691663076,0.0015475560400111533,0.005320883612343464,feather,USC00047195,"QUINCY, CA US",,
2025-09-22,USC00047195,0.0,",,7,0730",",,7",0.0,7.2,",,7,0730",",,7",0.0,"QUINCY, CA US",26.7,",,7",7.2,",,7",,,,,,,,,,,,,,,,,,,,,,,,,,,True,0.0,0.0,0.0,26.7,7.2,16.95,52.62676021475015,0.0,0.0,0.0,0.0,0.0,0.0,0.05,0.14981348801053046,32.309007691663076,0.0015475560400111533,0.004636895364916698,feather,USC00047195,"QUINCY, CA US",,
2025-09-23,USC00047195,0.0,",,7,0730",",,7",0.0,6.1,",,7,0730",",,7",0.0,"QUINCY, CA US",31.1,",,7",5.6,",,7",,,,,,,,,,,,,,,,,,,,,,,,,,,True,0.0,0.0,0.0,31.1,5.6,18.35,43.156204264322064,0.0,0.0,0.0,0.0,0.0,0.0,0.05,0.13172037220620175,32.309007691663076,0.0015475560400111533,0.004076893152004495,feather,USC00047195,"QUINCY, CA US",,
2025-09-24,USC00047195,0.0,",,7,0730",",,7",0.0,6.1,",,7,0730",",,7",0.0,"QUINCY, CA US",33.3,",,7",5.0,",,7",,,,,,,,,,,,,,,,,,,,,,,,,,,True,0.0,0.0,0.0,33.3,5.0,19.15,39.37573101740839,0.0,0.0,0.0,0.0,0.0,0.0,0.05,0.09510599180932305,32.309007691663076,0.0015475560400111533,0.0029436370413153832,feather,USC00047195,"QUINCY, CA US",,
2025-09-25,USC00047195,0.0,",,7,0730",",,7",0.0,10.0,",,7,0730",",,7",0.0,"QUINCY, CA US",32.8,",,7",6.1,",,7",,,,,,,,,,,,,,,,,,,,,,,,,,,True,0.0,0.0,0.0,32.8,6.1,19.45,41.709392431618824,0.0,0.0,0.0,0.0,0.0,0.0,0.05,0.08692966264237637,32.309007691663076,0.0015475560400111533,0.002690570489566829,feather,USC00047195,"QUINCY, CA US",,
2025-09-26,USC00047195,0.0,",,7,0730",",,7",0.0,7.8,",,7,0730",",,7",0.0,"QUINCY, CA US",29.4,",,7",6.7,",,7",,,,,,,,,,,,,,,,,,,,,,,,,,,True,0.0,0.0,0.0,29.4,6.7,18.05,47.44344767756839,0.0,0.0,0.0,0.0,0.0,0.0,0.05,0.08023545050610861,32.309007691663076,0.0015475560400111533,0.0024833771210748864,feather,USC00047195,"QUINCY, CA US",,
2025-09-27,USC00047195,0.0,",,7,0730",",,7",0.0,6.1,",,7,0730",",,7",0.0,"QUINCY, CA US",31.7,",,7",5.6,",,7",,,,,,,,,,,,,,,,,,,,,,,,,,,True,0.0,0.0,0.0,31.7,5.6,18.65,42.353007087842315,0.0,0.0,0.0,0.0,0.0,0.0,0.05,0.07475469316251834,32.309007691663076,0.0015475560400111533,0.0023137415384567143,feather,USC00047195,"QUINCY, CA US",,
2025-09-28,USC00047195,0.0,",,7,0730",",,7",0.0,9.4,",,7,0730",",,7",0.0,"QUINCY, CA US",31.7,",,7",6.1,",,7",,,,,,,,,,,,,,,,,,,,,,,,,,,True,0.0,0.0,0.0,31.7,6.1,18.9,43.1633466049705,0.0,0.0,0.0,0.0,0.0,0.0,0.05,0.07026742857516302,32.309007691663076,0.0015475560400111533,0.002174855670150917,feather,USC00047195,"QUINCY, CA US",,
2025-09-29,USC00047195,0.0,"T,,7,0730",",,7",0.0,15.0,",,7,0730",",,7",0.0,"QUINCY, CA US",26.1,",,7",9.4,",,7",,,,,,,,,,,,,,,,,,,,,,,,,,,True,0.0,0.0,0.0,26.1,9.4,17.75,58.082504895701874,0.0,0.0,0.0,0.0,0.0,0.0,0.05,0.06659356706029743,32.309007691663076,0.0015475560400111533,0.0020611455386010213,feather,USC00047195,"QUINCY, CA US",,
2025-09-30,USC00047195,0.0,",,7,0730",",,7",3.6,10.0,",,7,0730",",,7",0.0,"QUINCY, CA US",20.6,",,7",9.4,",,7",,,,,,,,,,,,,,,,,,,",,7",    1,,,,,,,True,3.6,0.0,0.0,20.6,9.4,15.0,69.19400969253077,0.0,3.6,0.0,0.0,0.0,3.6,0.05,0.7260895809606084,32.309007691663076,0.0015475560400111533,0.022473286332095135,feather,USC00047195,"QUINCY, CA US",,
2025-10-01,USC00047195,,",,7,0730",,3.8,10.6,",,7,0730",,,"QUINCY, CA US",17.8,",,7",10.0,",,7",,,,,,,,,,,,,,,,,,,,,,,,,,,True,3.8,0.0,0.0,17.8,10.0,13.9,77.34059823869497,0.0,3.8,0.0,0.0,0.0,3.8,0.05,1.302845022256753,32.309007691663076,0.0015475560400111533,0.04032451366783807,feather,USC00047195,"QUINCY, CA US",,
2025-10-02,USC00047195,,",,7,0730",,0.8,8.9,",,7,0730",,,"QUINCY, CA US",17.2,",,7",8.9,",,7",,,,,,,,,,,,,,,,,,,,,,,,,,,True,0.8,0.0,0.0,17.2,8.9,13.05,75.91714187258806,0.0,0.8,0.0,0.0,0.0,0.8,0.05,1.2138590986097368,32.309007691663076,0.0015475560400111533,0.03757029959551984,feather,USC00047195,"QUINCY, CA US",,
2025-10-03,USC00047195,,",,7,0730",,15.5,6.7,",,7,0730",,,"QUINCY, CA US",15.6,",,7",6.7,",,7",,,,,,,,,,,,,,,,,,,",,7",    1,,,,,,,True,15.5,0.0,0.0,15.6,6.7,11.15,74.06139353080964,0.0,15.5,0.0,0.0,0.0,15.5,0.05,3.855334658011621,32.309007691663076,0.0015475560400111533,0.11932692872540435,feather,USC00047195,"QUINCY, CA US",,
2025-10-04,USC00047195,,",,7,0730",,3.0,7.2,",,7,0730",,,"QUINCY, CA US",17.8,",,7",6.7,",,7",,,,,,,,,,,,,,,,,,,",,7",    1,,,,,,,True,3.0,0.0,0.0,17.8,6.7,12.25,68.8742635468399,0.0,3.0,0.0,0.0,0.0,3.0,0.05,3.7176311080218336,32.309007691663076,0.0015475560400111533,0.11506484951505089,feather,USC00047195,"QUINCY, CA US",,
2025-10-05,USC00047195,,",,7,0730",,0.0,3.3,",,7,0730",,,"QUINCY, CA US",19.4,",,7",3.3,",,7",,,,,,,,,,,,,,,,,,,",,7",    1,,,,,,,True,0.0,0.0,0.0,19.4,3.3,11.35,57.6799935244102,0.0,0.0,0.0,0.0,0.0,0.0,0.05,3.052802379082949,32.309007691663076,0.0015475560400111533,0.09448765521420471,feather,USC00047195,"QUINCY, CA US",,
2025-10-06,USC00047195,,",,7,0730",,0.0,1.7,",,7,0730",,,"QUINCY, CA US",22.8,",,7",1.1,",,7",,,,,,,,,,,,,,,,,,,,,,,,,,,True,0.0,0.0,0.0,22.8,1.1,11.950000000000001,47.398629521348504,0.0,0.0,0.0,0.0,0.0,0.0,0.05,2.508486653170938,32.309007691663076,0.0015475560400111533,0.07764047342804097,feather,USC00047195,"QUINCY, CA US",,
2025-10-07,USC00047195,,",,7,0730",,0.0,1.7,",,7,0730",,,"QUINCY, CA US",24.4,",,7",1.7,",,7",,,,,,,,,,,,,,,,,,,,,,,,,,,True,0.0,0.0,0.0,24.4,1.7,13.049999999999999,46.03720463954954,0.0,0.0,0.0,0.0,0.0,0.0,0.05,2.062838628982809,32.309007691663076,0.0015475560400111533,0.06384716759701345,feather,USC00047195,"QUINCY, CA US",,
2025-10-08,USC00047195,,",,7,0730",,0.0,2.2,",,7,0730",,,"QUINCY, CA US",25.0,",,7",1.7,",,7",,,,,,,,,,,,,,,,,,,,,,,,,,,True,0.0,0.0,0.0,25.0,1.7,13.35,45.14492637594083,0.0,0.0,0.0,0.0,0.0,0.0,0.05,1.6979728865315482,32.309007691663076,0.0015475560400111533,0.0525541639265414,feather,USC00047195,"QUINCY, CA US",,
2025-10-09,USC00047195,,",,7,0730",,0.0,7.8,",,7,0730",,,"QUINCY, CA US",25.0,",,7",2.2,",,7",,,,,,,,,,,,,,,,,,,,,,,,,,,True,0.0,0.0,0.0,25.0,2.2,13.6,46.029728813103276,0.0,0.0,0.0,0.0,0.0,0.0,0.05,1.39924608244207,32.309007691663076,0.0015475560400111533,0.04330823452690339,feather,USC00047195,"QUINCY, CA US",,
2025-10-10,USC00047195,,",,7,0730",,0.0,8.9,",,7,0730",,,"QUINCY, CA US",21.1,",,7",7.8,",,7",,,,,,,,,,,,,,,,,,,,,,,,,,,True,0.0,0.0,0.0,21.1,7.8,14.450000000000001,64.33712909409925,0.0,0.0,0.0,0.0,0.0,0.0,0.05,1.1546692611653127,32.309007691663076,0.0015475560400111533,0.0357383077866319,feather,USC00047195,"QUINCY, CA US",,
2025-10-11,USC00047195,,",,7,0730",,2.8,5.0,",,7,0730",,,"QUINCY, CA US",18.3,",,7",5.0,",,7",,,,,,,,,,,,,,,,,,,",,7",    1,,,,,,,True,2.8,0.0,0.0,18.3,5.0,11.65,63.70448374037505,0.0,2.8,0.0,0.0,0.0,2.8,0.05,1.4697075206665928,32.309007691663076,0.0015475560400111533,0.04548909501314805,feather,USC00047195,"QUINCY, CA US",,
2025-10-12,USC00047195,,",,7,0730",,0.0,0.6,",,7,0730",,,"QUINCY, CA US",14.4,",,7",0.0,",,7",,,,,,,,,,,,,,,,,,,",,7",    1,,,,,,,True,0.0,0.0,0.0,14.4,0.0,7.2,60.22316112585318,0.0,0.0,0.0,0.0,0.0,0.0,0.05,1.2123582075458341,32.309007691663076,0.0015475560400111533,0.037523845334893016,feather,USC00047195,"QUINCY, CA US",,
2025-10-13,USC00047195,,",,7,0730",,0.3,6.1,",,7,0730",,,"QUINCY, CA US",18.9,",,7",0.6,",,7",,,,,,,,,,,,,,,,,,,,,,,,,,,True,0.3,0.0,0.0,18.9,0.6,9.75,52.92023761078536,0.0,0.3,0.0,0.0,0.0,0.3,0.05,1.0568670703857974,32.309007691663076,0.0015475560400111533,0.03271122036528867,feather,USC00047195,"QUINCY, CA US",,
2025-10-14,USC00047195,,",,7,0730",,0.8,3.3,",,7,0730",,,"QUINCY, CA US",12.8,",,7",3.3,",,7",,,,,,,,,,,,,,,,,,,",,7",    1,,,,,,,True,0.8,0.0,0.0,12.8,3.3,8.05,71.96755943157191,0.0,0.8,0.0,0.0,0.0,0.8,0.05,1.0215761275208477,32.309007691663076,0.0015475560400111533,0.031618926129521836,feather,USC00047195,"QUINCY, CA US",,
2025-10-15,USC00047195,,",,7,0730",,13.0,5.0,",,7,0730",,,"QUINCY, CA US",15.0,",,7",3.3,",,7",,,,,,,,,,,,,,,,,,,",,7",    1,,,,,,,True,13.0,0.0,0.0,15.0,3.3,9.15,66.80671316542782,0.0,13.0,0.0,0.0,0.0,13.0,0.05,3.2378345114927476,32.309007691663076,0.0015475560400111533,0.10021460709634326,feather,USC00047195,"QUINCY, CA US",,
2025-10-16,USC00047195,,",,7,0730",,0.0,5.6,",,7,0730",,,"QUINCY, CA US",13.3,",,7",4.4,",,7",,,,,,,,,,,,,,,,,,,",,7",    1,,,,,,,True,0.0,0.0,0.0,13.3,4.4,8.850000000000001,73.65087168467144,0.0,0.0,0.0,0.0,0.0,0.0,0.05,2.659978150282438,32.309007691663076,0.0015475560400111533,0.08232930505534564,feather,USC00047195,"QUINCY, CA US",,
2025-10-17,USC00047195,,",,7,0730",,0.0,-0.6,",,7,0730",,,"QUINCY, CA US",17.2,",,7",-1.1,",,7",,,,,,,,,,,,,,,,,,,,,,,,,,,True,0.0,0.0,0.0,17.2,-1.1,8.049999999999999,52.45603285122425,0.0,0.0,0.0,0.0,0.0,0.0,0.05,2.1868693764978184,32.309007691663076,0.0015475560400111533,0.06768605824629247,feather,USC00047195,"QUINCY, CA US",,
2025-10-18,USC00047195,,",,7,0730",,0.0,0.6,",,7,0730",,,"QUINCY, CA US",20.0,",,7",-1.1,",,7",,,,,,,,,,,,,,,,,,,,,,,,,,,True,0.0,0.0,0.0,20.0,-1.1,9.45,47.721491119085606,0.0,0.0,0.0,0.0,0.0,0.0,0.05,1.7995206738493363,32.309007691663076,0.0015475560400111533,0.05569718175880962,feather,USC00047195,"QUINCY, CA US",,
2025-10-19,USC00047195,,",,7,0730",,0.0,3.3,",,7,0730",,,"QUINCY, CA US",21.7,",,7",0.6,",,7",,,,,,,,,,,,,,,,,,,,,,,,,,,True,0.0,0.0,0.0,21.7,0.6,11.15,48.20471505770401,0.0,0.0,0.0,0.0,0.0,0.0,0.05,1.4823863788261655,32.309007691663076,0.0015475560400111533,0.045881519883653875,feather,USC00047195,"QUINCY, CA US",,
2025-10-20,USC00047195,,",,7,0730",,0.0,0.0,",,7,0730",,,"QUINCY, CA US",21.7,",,7",0.0,",,7",,,,,,,,,,,,,,,,,,,,,,,,,,,True,0.0,0.0,0.0,21.7,0.0,10.85,47.085498106418484,0.0,0.0,0.0,0.0,0.0,0.0,0.05,1.2227387786349901,32.309007691663076,0.0015475560400111533,0.03784513564464879,feather,USC00047195,"QUINCY, CA US",,
2025-10-21,USC00047195,,",,7,0730",,0.0,-0.6,",,7,0730",,,"QUINCY, CA US",21.7,",,7",-0.6,",,7",,,,,,,,,,,,,,,,,,,",,7",    1,,,,,,,True,0.0,0.0,0.0,21.7,-0.6,10.549999999999999,45.98455379088007,0.0,0.0,0.0,0.0,0.0,0.0,0.05,1.0002226750097625,32.309007691663076,0.0015475560400111533,0.030958012841349414,feather,USC00047195,"QUINCY, CA US",,
2025-10-22,USC00047195,,"T,,7,0730",,0.0,3.9,",,7,0730",,,"QUINCY, CA US",21.1,",,7",-0.6,",,7",,,,,,,,,,,,,,,,,,,,,,,,,,,True,0.0,0.0,0.0,21.1,-0.6,10.25,46.91382314250938,0.0,0.0,0.0,0.0,0.0,0.0,0.05,0.8174899741174892,32.309007691663076,0.0015475560400111533,0.025302230941881637,feather,USC00047195,"QUINCY, CA US",,
2025-10-23,USC00047195,,",,7,0730",,0.3,4.4,",,7,0730",,,"QUINCY, CA US",15.0,",,7",3.9,",,7",,,,,,,,,,,,,,,,,,,",,7",    1,,,,,,,True,0.3,0.0,0.0,15.0,3.9,9.45,68.2974505716331,0.0,0.3,0.0,0.0,0.0,0.3,0.05,0.7313686090675884,32.309007691663076,0.0015475560400111533,0.022636678168742045,feather,USC00047195,"QUINCY, CA US",,
2025-10-24,USC00047195,,",,7,0730",,0.0,0.0,",,7,0730",,,"QUINCY, CA US",20.0,",,7",0.0,",,7",,,,,,,,,,,,,,,,,,,,,,,,,,,True,0.0,0.0,0.0,20.0,0.0,10.0,49.83113518218205,0.0,0.0,0.0,0.0,0.0,0.0,0.05,0.5650833399866746,32.309007691663076,0.0015475560400111533,0.017489962718121085,feather,USC00047195,"QUINCY, CA US",,
2025-10-25,USC00047195,,",,7,0730",,2.0,7.8,",,7,0730",,,"QUINCY, CA US",20.6,",,7",-0.6,",,7",,,,,,,,,,,,,,,,,,,,,,,,,,,True,2.0,0.0,0.0,20.6,-0.6,10.0,47.70427198751593,0.0,2.0,0.0,0.0,0.0,2.0,0.05,0.8314934456931887,32.309007691663076,0.0015475560400111533,0.0257356540822436,feather,USC00047195,"QUINCY, CA US",,
2025-10-26,USC00047195,,",,7,0730",,11.7,6.1,",,7,0730",,,"QUINCY, CA US",13.3,",,7",6.1,",,7",,,,,,,,,,,,,,,,,,,,,,,,,,,True,11.7,0.0,0.0,13.3,6.1,9.7,78.2781419257746,0.0,11.7,0.0,0.0,0.0,11.7,0.05,2.842970448559404,32.309007691663076,0.0015475560400111533,0.08799312178482646,feather,USC00047195,"QUINCY, CA US",,
2025-10-27,USC00047195,,",,7,0730",,5.1,5.6,",,7,0730",,,"QUINCY, CA US",11.1,",,7",5.6,",,7",,,,,,,,,,,,,,,,,,,",,7",    1,,,,,,,True,5.1,0.0,0.0,11.1,5.6,8.35,82.82331310548585,0.01411656552742926,5.1,0.0,0.0,0.0,5.1141165655274285,0.05,3.2778358704004593,32.309007691663076,0.0015475560400111533,0.10145269398806893,feather,USC00047195,"QUINCY, CA US",,
2025-10-28,USC00047195,,",,7,0730",,0.0,2.2,",,7,0730",,,"QUINCY, CA US",16.7,",,7",2.2,",,7",,,,,,,,,,,,,,,,,,,",,7",    1,,,,,,,True,0.0,0.0,0.0,16.7,2.2,9.45,60.55946474200968,0.0,0.0,0.0,0.0,0.0,0.0,0.05,2.6927284929850908,32.309007691663076,0.0015475560400111533,0.08334296486858414,feather,USC00047195,"QUINCY, CA US",,
2025-10-29,USC00047195,,",,7,0730",,0.0,3.3,",,7,0730",,,"QUINCY, CA US",18.3,",,7",2.2,",,7",,,,,,,,,,,,,,,,,,,",,7",    1,,,,,,,True,0.0,0.0,0.0,18.3,2.2,10.25,57.39985807409693,0.0,0.0,0.0,0.0,0.0,0.0,0.05,2.213683089242324,32.309007691663076,0.0015475560400111533,0.06851597270855014,feather,USC00047195,"QUINCY, CA US",,
2025-10-30,USC00047195,,",,7,0730",,0.0,2.2,",,7,0730",,,"QUINCY, CA US",19.4,",,7",2.2,",,7",,,,,,,,,,,,,,,,,,,",,7",    1,,,,,,,True,0.0,0.0,0.0,19.4,2.2,10.799999999999999,55.334622251263745,0.0,0.0,0.0,0.0,0.0,0.0,0.05,1.8214738850774619,32.309007691663076,0.0015475560400111533,0.05637665825148414,feather,USC00047195,"QUINCY, CA US",,
2025-10-31,USC00047195,,",,7,0730",,0.0,1.7,",,7,0730",,,"QUINCY, CA US",19.4,",,7",1.1,",,7",,,,,,,,,,,,,,,,,,,",,7",    1,,,,,,,True,0.0,0.0,0.0,19.4,1.1,10.25,53.05572687280791,0.0,0.0,0.0,0.0,0.0,0.0,0.05,1.5003601479874489,32.309007691663076,0.0015475560400111533,0.046437828184200086,feather,USC00047195,"QUINCY, CA US",,
2025-11-01,USC00047195,,",,7,0730",,0.0,1.1,",,7,0730",,,"QUINCY, CA US",18.9,",,7",0.6,",,7",,,,,,,,,,,,,,,,,,,",,7",    1,,,,,,,True,0.0,0.0,0.0,18.9,0.6,9.75,52.92023761078536,0.0,0.0,0.0,0.0,0.0,0.0,0.05,1.2297275230070894,32.309007691663076,0.0015475560400111533,0.03806144511595151,feather,USC00047195,"QUINCY, CA US",,
2025-11-02,USC00047195,,",,7,0730",,0.0,0.6,",,7,0730",,,"QUINCY, CA US",20.0,",,7",-0.6,",,7",,,,,,,,,,,,,,,,,,,,,,,,,,,True,0.0,0.0,0.0,20.0,-0.6,9.7,48.67253400987579,0.0,0.0,0.0,0.0,0.0,0.0,0.05,1.0158792033384163,32.309007691663076,0.0015475560400111533,0.03144259994096169,feather,USC00047195,"QUINCY, CA US",,
2025-11-03,USC00047195,,",,7,0730",,0.0,2.8,",,7,0730",,,"QUINCY, CA US",20.6,",,7",0.0,",,7",,,,,,,,,,,,,,,,,,,",,7",    1,,,,,,,True,0.0,0.0,0.0,20.6,0.0,10.3,48.84214897240681,0.0,0.0,0.0,0.0,0.0,0.0,0.05,0.8399671218328049,32.309007691663076,0.0015475560400111533,0.025997923856062827,feather,USC00047195,"QUINCY, CA US",,
2025-11-04,USC00047195,,"T,,7,0730",,0.0,10.6,",,7,0730",,,"QUINCY, CA US",21.1,",,7",2.8,",,7",,,,,,,,,,,,,,,,,,,,,,,,,,,True,0.0,0.0,0.0,21.1,2.8,11.950000000000001,53.51287241477941,0.0,0.0,0.0,0.0,0.0,0.0,0.05,0.6945626813681702,32.309007691663076,0.0015475560400111533,0.02149749345435308,feather,USC00047195,"QUINCY, CA US",,
2025-11-05,USC00047195,,",,7,0730",,10.7,7.8,",,7,0730",,,"QUINCY, CA US",20.6,",,7",7.8,",,7",,,,,,,,,,,,,,,,,,,,,,,,,,,True,10.7,0.0,0.0,20.6,7.8,14.200000000000001,65.38576614901149,0.0,10.7,0.0,0.0,0.0,10.7,0.05,2.5109571078971813,32.309007691663076,0.0015475560400111533,0.07771693677070439,feather,USC00047195,"QUINCY, CA US",,
2025-11-06,USC00047195,,",,7,0730",,28.4,5.6,",,7,0730",,,"QUINCY, CA US",11.7,",,7",5.6,",,7",,,,,,,,,,,,,,,,,,,",,7",    1,,,,,,,True,28.4,0.0,0.0,11.7,5.6,8.649999999999999,81.15812255316956,0.005790612765847812,28.4,0.0,0.0,0.0,28.405790612765845,0.05,7.292346698214958,32.309007691663076,0.0015475560400111533,0.22570630357355898,feather,USC00047195,"QUINCY, CA US",,
2025-11-07,USC00047195,,",,7,0730",,0.0,8.3,",,7,0730",,,"QUINCY, CA US",16.7,",,7",5.6,",,7",,,,,,,,,,,,,,,,,,,,,,,,,,,True,0.0,0.0,0.0,16.7,5.6,11.149999999999999,68.64937963810516,0.0,0.0,0.0,0.0,0.0,0.0,0.05,5.979531966281368,32.309007691663076,0.0015475560400111533,0.18507321621717,feather,USC00047195,"QUINCY, CA US",,
2025-11-08,USC00047195,,",,7,0730",,0.0,3.9,",,7,0730",,,"QUINCY, CA US",17.8,",,7",3.9,",,7",,,,,,,,,,,,,,,,,,,",,7",    1,,,,,,,True,0.0,0.0,0.0,17.8,3.9,10.85,62.197956690733676,0.0,0.0,0.0,0.0,0.0,0.0,0.05,4.9046901721535106,32.309007691663076,0.0015475560400111533,0.15180565800599016,feather,USC00047195,"QUINCY, CA US",,
2025-11-09,USC00047195,,",,7,0730",,0.0,3.3,",,7,0730",,,"QUINCY, CA US",17.2,",,7",2.8,",,7",,,,,,,,,,,,,,,,,,,",,7",    1,,,,,,,True,0.0,0.0,0.0,17.2,2.8,10.0,60.90896132228557,0.0,0.0,0.0,0.0,0.0,0.0,0.05,4.024684140607522,32.309007691663076,0.0015475560400111533,0.12456848501868535,feather,USC00047195,"QUINCY, CA US",,
2025-11-10,USC00047195,,",,7,0730",,0.0,3.9,",,7,0730",,,"QUINCY, CA US",17.8,",,7",2.8,",,7",,,,,,,,,,,,,,,,,,,",,7",    1,,,,,,,True,0.0,0.0,0.0,17.8,2.8,10.3,59.7001162381982,0.0,0.0,0.0,0.0,0.0,0.0,0.05,3.304196139686707,32.309007691663076,0.0015475560400111533,0.10226857386707398,feather,USC00047195,"QUINCY, CA US",,
2025-11-11,USC00047195,,",,7,0730",,0.0,3.3,",,7,0730",,,"QUINCY, CA US",17.8,",,7",3.3,",,7",,,,,,,,,,,,,,,,,,,",,7",    1,,,,,,,True,0.0,0.0,0.0,17.8,3.3,10.55,60.82684330956115,0.0,0.0,0.0,0.0,0.0,0.0,0.05,2.7143104561091596,32.309007691663076,0.0015475560400111533,0.08401095081634316,feather,USC00047195,"QUINCY, CA US",,
2025-11-12,USC00047195,,",,7,0730",,0.0,2.8,",,7,0730",,,"QUINCY, CA US",15.6,",,7",2.8,",,7",,,,,,,,,,,,,,,,,,,",,7",    1,,,,,,,True,0.0,0.0,0.0,15.6,2.8,9.2,64.26854708224167,0.0,0.0,0.0,0.0,0.0,0.0,0.05,2.231352906163793,32.309007691663076,0.0015475560400111533,0.06906287334660435,feather,USC00047195,"QUINCY, CA US",,
2025-11-13,USC00047195,,",,7,0730",,3.6,10.6,",,7,0730",,,"QUINCY, CA US",20.0,",,7",2.8,",,7",,,,,,,,,,,,,,,,,,,,,,,,,,,True,3.6,0.0,0.0,20.0,2.8,11.4,55.491793191004625,0.0,3.6,0.0,0.0,0.0,3.6,0.05,2.4976167391985897,32.309007691663076,0.0015475560400111533,0.07730403740759477,feather,USC00047195,"QUINCY, CA US",,
2025-11-14,USC00047195,,",,7,0730",,85.1,5.0,",,7,0730",,,"QUINCY, CA US",12.2,",,7",4.4,",,7",,,,,,,,,,,,,,,,,,,",,7",    1,,,,,,,True,85.1,0.0,0.0,12.2,4.4,8.3,76.44329161289089,0.0,85.1,0.0,0.0,0.0,85.1,0.05,17.71479558575878,32.309007691663076,0.0015475560400111533,0.5482927781260782,feather,USC00047195,"QUINCY, CA US",,
2025-11-15,USC00047195,,",,7,0730",,0.0,6.1,",,7,0730",,,"QUINCY, CA US",12.2,",,7",5.0,",,7",,,,,,,,,,,,,,,,,,,",,7",    1,,,,,,,True,0.0,0.0,0.0,12.2,5.0,8.6,78.10913618394879,0.0,0.0,0.0,0.0,0.0,0.0,0.05,14.507192154904777,32.309007691663076,0.0015475560400111533,0.4490138568585061,feather,USC00047195,"QUINCY, CA US",,
2025-11-16,USC00047195,,",,7,0730",,2.3,9.4,",,7,0730",,,"QUINCY, CA US",13.3,",,7",6.1,",,7",,,,,,,,,,,,,,,,,,,,,,,,,,,True,2.3,0.0,0.0,13.3,6.1,9.7,78.2781419257746,0.0,2.3,0.0,0.0,0.0,2.3,0.05,12.277526669735959,32.309007691663076,0.0015475560400111533,0.38000321108295804,feather,USC00047195,"QUINCY, CA US",,
2025-11-17,USC00047195,,",,7,0730",,7.1,6.1,",,7,0730",,,"QUINCY, CA US",10.0,",,7",6.1,",,7",,,,,,,,,,,,,,,,,,,,,,,,,,,True,7.1,0.0,0.0,10.0,6.1,8.05,87.50039713199051,0.03750198565995255,7.1,0.0,0.0,0.0,7.137501985659952,0.05,11.360445501280767,32.309007691663076,0.0015475560400111533,0.35161852105449165,feather,USC00047195,"QUINCY, CA US",,
2025-11-18,USC00047195,,",,7,0730",,3.3,3.9,",,7,0730",,,"QUINCY, CA US",10.0,",,7",3.3,",,7",,,,,,,,,,,,,,,,,,,,,,,,,,,True,3.3,0.0,0.0,10.0,3.3,6.65,79.1915595546083,0.0,3.3,0.0,0.0,0.0,3.3,0.05,9.91750482044073,32.309007691663076,0.0015475560400111533,0.3069578897342556,feather,USC00047195,"QUINCY, CA US",,
2025-11-19,USC00047195,,",,7,0730",,0.0,2.8,",,7,0730",,,"QUINCY, CA US",11.1,",,7",2.2,",,7",,,,,,,,,,,,,,,,,,,",,7",    1,,,,,,,True,0.0,0.0,0.0,11.1,2.2,6.65,73.24965541625107,0.0,0.0,0.0,0.0,0.0,0.0,0.05,8.128829652640057,32.309007691663076,0.0015475560400111533,0.2515963885432977,feather,USC00047195,"QUINCY, CA US",,
2025-11-20,USC00047195,,",,7,0730",,1.8,5.0,",,7,0730",,,"QUINCY, CA US",6.7,",,7",2.8,",,7",,,,,,,,,,,,,,,,,,,,,,,,,,,True,1.8,0.0,0.0,6.7,2.8,4.75,87.18643941183596,0.03593219705917982,1.8,0.0,0.0,0.0,1.8359321970591798,0.05,7.002250805622009,32.309007691663076,0.0015475560400111533,0.21672751055826608,feather,USC00047195,"QUINCY, CA US",,
2025-11-21,USC00047195,,",,7,0730",,0.0,4.4,",,7,0730",,,"QUINCY, CA US",9.4,",,7",1.7,",,7",,,,,,,,,,,,,,,,,,,,,,,,,,,True,0.0,0.0,0.0,9.4,1.7,5.55,76.25642831909182,0.0,0.0,0.0,0.0,0.0,0.0,0.05,5.742021537673914,32.309007691663076,0.0015475560400111533,0.17772200225002788,feather,USC00047195,"QUINCY, CA US",,
2025-11-22,USC00047195,,",,7,0730",,0.0,-1.1,",,7,0730",,,"QUINCY, CA US",12.8,",,7",-1.7,",,7",,,,,,,,,,,,,,,,,,,",,7",    1,,,,,,,True,0.0,0.0,0.0,12.8,-1.7,5.550000000000001,59.59223629863805,0.0,0.0,0.0,0.0,0.0,0.0,0.05,4.710233080075856,32.309007691663076,0.0015475560400111533,0.14578699305863457,feather,USC00047195,"QUINCY, CA US",,
2025-11-23,USC00047195,,",,7,0730",,0.0,-1.1,",,7,0730",,,"QUINCY, CA US",13.3,",,7",-1.1,",,7",,,,,,,,,,,,,,,,,,,",,7",    1,,,,,,,True,0.0,0.0,0.0,13.3,-1.1,6.1000000000000005,59.9494797401852,0.0,0.0,0.0,0.0,0.0,0.0,0.05,3.8654761391694286,32.309007691663076,0.0015475560400111533,0.11964081893381284,feather,USC00047195,"QUINCY, CA US",,
2025-11-24,USC00047195,,",,7,0730",,0.0,0.6,",,7,0730",,,"QUINCY, CA US",11.7,",,7",-1.1,",,7",,,,,,,,,,,,,,,,,,,",,7",    1,,,,,,,True,0.0,0.0,0.0,11.7,-1.1,5.3,63.363568162427974,0.0,0.0,0.0,0.0,0.0,0.0,0.05,3.1738476527732566,32.309007691663076,0.0015475560400111533,0.09823414210248949,feather,USC00047195,"QUINCY, CA US",,
2025-11-25,USC00047195,,",,7,0730",,0.0,-0.6,",,7,0730",,,"QUINCY, CA US",12.2,",,7",-1.1,",,7",,,,,,,,,,,,,,,,,,,",,7",    1,,,,,,,True,0.0,0.0,0.0,12.2,-1.1,5.55,62.2738985374131,0.0,0.0,0.0,0.0,0.0,0.0,0.05,2.607590141255934,32.309007691663076,0.0015475560400111533,0.08070783745948314,feather,USC00047195,"QUINCY, CA US",,
2025-11-26,USC00047195,,",,7,0730",,0.0,-2.8,",,7,0730",,,"QUINCY, CA US",10.6,",,7",-2.8,",,7",,,,,,,,,,,,,,,,,,,",,7",    1,,,,,,,True,0.0,0.0,0.0,10.6,-2.8,3.9,61.645085776408536,0.0,0.0,0.0,0.0,0.0,0.0,0.05,2.114449779157452,32.309007691663076,0.0015475560400111533,0.06544459054070727,feather,USC00047195,"QUINCY, CA US",,
2025-11-27,USC00047195,,",,7,0730",,0.0,-3.3,",,7,0730",,,"QUINCY, CA US",11.1,",,7",-3.3,",,7",,,,,,,,,,,,,,,,,,,",,7",    1,,,,,,,True,0.0,0.0,0.0,11.1,-3.3,3.9,59.39479055382269,0.0,0.0,0.0,0.0,0.0,0.0,0.05,1.6618393630081643,32.309007691663076,0.0015475560400111533,0.05143579087503144,feather,USC00047195,"QUINCY, CA US",,
2025-11-28,USC00047195,,",,7,0730",,0.0,-2.8,",,7,0730",,,"QUINCY, CA US",11.7,",,7",-3.3,",,7",,,,,,,,,,,,,,,,,,,,,,,,,,,True,0.0,0.0,0.0,11.7,-3.3,4.199999999999999,58.15769359234279,0.0,0.0,0.0,0.0,0.0,0.0,0.05,1.3696624555164094,32.309007691663076,0.0015475560400111533,0.04239258811621854,feather,USC00047195,"QUINCY, CA US",,
2025-11-29,USC00047195,,",,7,0730",,0.0,-3.3,",,7,0730",,,"QUINCY, CA US",13.9,",,7",-3.3,",,7",,,,,,,,,,,,,,,,,,,",,7",    1,,,,,,,True,0.0,0.0,0.0,13.9,-3.3,5.300000000000001,53.861502963708794,0.0,0.0,0.0,0.0,0.0,0.0,0.05,1.1304482360136883,32.309007691663076,0.0015475560400111533,0.03498863991125874,feather,USC00047195,"QUINCY, CA US",,
2025-11-30,USC00047195,,",,7,0730",,0.0,-1.7,",,7,0730",,,"QUINCY, CA US",11.7,",,7",-3.3,",,7",,,,,,,,,,,,,,,,,,,,,,,,,,,True,0.0,0.0,0.0,11.7,-3.3,4.199999999999999,58.15769359234279,0.0,0.0,0.0,0.0,0.0,0.0,0.05,0.9345961979332641,32.309007691663076,0.0015475560400111533,0.02892679982166164,feather,USC00047195,"QUINCY, CA US",,
2025-12-01,USC00047195,0.0,",,7,0730",",,7",0.0,-3.9,",,7,0730",",,7",0.0,"QUINCY, CA US",12.8,",,7",-4.4,",,7",,,,,,,,,,,,,,,,,,,,,,,,,,,True,0.0,0.0,0.0,12.8,-4.4,4.2,53.55977250171705,0.0,0.0,0.0,0.0,0.0,0.0,0.05,0.7742461113038209,32.309007691663076,0.0015475560400111533,0.023963784920067514,feather,USC00047195,"QUINCY, CA US",,
2025-12-02,USC00047195,0.0,",,7,0730",",,7",0.0,-3.3,",,7,0730",",,7",0.0,"QUINCY, CA US",11.7,",,7",-3.9,",,7",,,,,,,,,,,,,,,,,,,,,,,,,,,True,0.0,0.0,0.0,11.7,-3.9,3.8999999999999995,56.79094337400782,0.0,0.0,0.0,0.0,0.0,0.0,0.05,0.642962564121577,32.309007691663076,0.0015475560400111533,0.0199004119921481,feather,USC00047195,"QUINCY, CA US",,
2025-12-03,USC00047195,0.0,",,7,0730",",,7",0.0,-3.3,",,7,0730",",,7",0.0,"QUINCY, CA US",11.1,",,7",-3.3,",,7",,,,,,,,,,,,,,,,,,,,,,,,,,,True,0.0,0.0,0.0,11.1,-3.3,3.9,59.39479055382269,0.0,0.0,0.0,0.0,0.0,0.0,0.05,0.53547668667031,32.309007691663076,0.0015475560400111533,0.01657360361483596,feather,USC00047195,"QUINCY, CA US",,
2025-12-04,USC00047195,0.0,",,7,0730",",,7",0.0,-5.0,",,7,0730",",,7",0.0,"QUINCY, CA US",10.0,",,7",-5.6,",,7",,,,,,,,,,,,,,,,,,,,,,,,,,,True,0.0,0.0,0.0,10.0,-5.6,2.2,56.338368351444366,0.0,0.0,0.0,0.0,0.0,0.0,0.05,0.4375400648935705,32.309007691663076,0.0015475560400111533,0.013542355403458339,feather,USC00047195,"QUINCY, CA US",,
2025-12-05,USC00047195,0.0,",,7,0730",",,7",0.0,-3.9,",,7,0730",",,7",0.0,"QUINCY, CA US",8.9,",,7",-5.0,",,7",,,,,,,,,,,,,,,,,,,,,,,,,,,True,0.0,0.0,0.0,8.9,-5.0,1.9500000000000002,60.01970703299682,0.0,0.0,0.0,0.0,0.0,0.0,0.05,0.1324473926135028,32.309007691663076,0.0015475560400111533,0.004099395248455097,feather,USC00047195,"QUINCY, CA US",,
2025-12-06,USC00047195,0.0,",,7,0730",",,7",0.0,0.6,",,7,0730",",,7",0.0,"QUINCY, CA US",11.1,",,7",-3.9,",,7",,,,,,,,,,,,,,,,,,,",,7",    1,,,,,,,True,0.0,0.0,0.0,11.1,-3.9,3.5999999999999996,58.00193747957415,0.0,0.0,0.0,0.0,0.0,0.0,0.05,0.11750221584376919,32.309007691663076,0.0015475560400111533,0.0036368252768743843,feather,USC00047195,"QUINCY, CA US",,
2025-12-07,USC00047195,0.0,",,7,0730",",,7",0.0,-1.7,",,7,0730",",,7",0.0,"QUINCY, CA US",13.3,",,7",-2.2,",,7",,,,,,,,,,,,,,,,,,,",,7",    1,,,,,,,True,0.0,0.0,0.0,13.3,-2.2,5.550000000000001,57.43632107799528,0.0,0.0,0.0,0.0,0.0,0.0,0.05,0.09891901632126379,32.309007691663076,0.0015475560400111533,0.0030616544235986727,feather,USC00047195,"QUINCY, CA US",,
2025-12-08,USC00047195,0.0,",,7,0730",",,7",0.0,-3.9,",,7,0730",",,7",0.0,"QUINCY, CA US",12.2,",,7",-3.9,",,7",,,,,,,,,,,,,,,,,,,,,,,,,,,True,0.0,0.0,0.0,12.2,-3.9,4.1499999999999995,55.80330124598463,0.0,0.0,0.0,0.0,0.0,0.0,0.05,0.0703547170084997,32.309007691663076,0.0015475560400111533,0.0021775573449955826,feather,USC00047195,"QUINCY, CA US",,
2025-12-09,USC00047195,0.0,",,7,0730",",,7",0.0,0.6,",,7,0730",",,7",0.0,"QUINCY, CA US",12.2,",,7",-3.9,",,7",,,,,,,,,,,,,,,,,,,",,7",    1,,,,,,,True,0.0,0.0,0.0,12.2,-3.9,4.1499999999999995,55.80330124598463,0.0,0.0,0.0,0.0,0.0,0.0,0.05,0.05755829009806039,32.309007691663076,0.0015475560400111533,0.00178149358987935,feather,USC00047195,"QUINCY, CA US",,
2025-12-10,USC00047195,0.0,",,7,0730",",,7",0.0,0.0,",,7,0730",",,7",0.0,"QUINCY, CA US",11.7,",,7",0.0,",,7",,,,,,,,,,,,,,,,,,,",,7",    1,,,,,,,True,0.0,0.0,0.0,11.7,0.0,5.85,66.0826249568302,0.0,0.0,0.0,0.0,0.0,0.0,0.05,0.05618820454396684,32.309007691663076,0.0015475560400111533,0.0017390879063879602,feather,USC00047195,"QUINCY, CA US",,
2025-12-11,USC00047195,0.0,",,7,0730",",,7",0.0,-0.6,",,7,0730",",,7",0.0,"QUINCY, CA US",12.8,",,7",-1.1,",,7",,,,,,,,,,,,,,,,,,,",,7",    1,,,,,,,True,0.0,0.0,0.0,12.8,-1.1,5.8500000000000005,60.99380783823531,0.0,0.0,0.0,0.0,0.0,0.0,0.05,0.05,32.309007691663076,0.0015475560400111533,0.0015475560400111533,feather,USC00047195,"QUINCY, CA US",,
2025-12-12,USC00047195,0.0,",,7,0730",",,7",0.0,-1.7,",,7,0730",",,7",0.0,"QUINCY, CA US",11.1,",,7",-2.2,",,7",,,,,,,,,,,,,,,,,,,",,7",    1,,,,,,,True,0.0,0.0,0.0,11.1,-2.2,4.449999999999999,62.008063856756266,0.0,0.0,0.0,0.0,0.0,0.0,0.05,0.05,32.309007691663076,0.0015475560400111533,0.0015475560400111533,feather,USC00047195,"QUINCY, CA US",,
2025-12-13,USC00047195,0.0,",,7,0730",",,7",0.0,-3.3,",,7,0730",",,7",0.0,"QUINCY, CA US",11.1,",,7",-3.3,",,7",,,,,,,,,,,,,,,,,,,",,7",    1,,,,,,,True,0.0,0.0,0.0,11.1,-3.3,3.9,59.39479055382269,0.0,0.0,0.0,0.0,0.0,0.0,0.05,0.05,32.309007691663076,0.0015475560400111533,0.0015475560400111533,feather,USC00047195,"QUINCY, CA US",,
2025-12-14,USC00047195,0.0,",,7,0730",",,7",0.0,-3.9,",,7,0730",",,7",0.0,"QUINCY, CA US",11.1,",,7",-3.9,",,7",,,,,,,,,,,,,,,,,,,",,7",    1,,,,,,,True,0.0,0.0,0.0,11.1,-3.9,3.5999999999999996,58.00193747957415,0.0,0.0,0.0,0.0,0.0,0.0,0.05,0.05,32.309007691663076,0.0015475560400111533,0.0015475560400111533,feather,USC00047195,"QUINCY, CA US",,
2025-12-15,USC00047195,0.0,",,7,0730",",,7",0.0,-1.7,",,7,0730",",,7",0.0,"QUINCY, CA US",11.1,",,7",-3.9,",,7",,,,,,,,,,,,,,,,,,,,,,,,,,,True,0.0,0.0,0.0,11.1,-3.9,3.5999999999999996,58.00193747957415,0.0,0.0,0.0,0.0,0.0,0.0,0.05,0.05,32.309007691663076,0.0015475560400111533,0.0015475560400111533,feather,USC00047195,"QUINCY, CA US",,
2025-12-16,USC00047195,,",,7,0730",,5.8,3.9,",,7,0730",,,"QUINCY, CA US",11.1,",,7",-1.7,",,7",,,,,,,,,,,,,,,,,,,,,,,,,,,True,5.8,0.0,0.0,11.1,-1.7,4.7,63.22165472772518,0.0,5.8,0.0,0.0,0.0,5.8,0.05,1.1173674223248529,32.309007691663076,0.0015475560400111533,0.03458377406661038,feather,USC00047195,"QUINCY, CA US",,
2025-12-17,USC00047195,,",,7,0730",,18.5,10.0,",,7,0730",,,"QUINCY, CA US",10.0,",,7",3.9,",,7",,,,,,,,,,,,,,,,,,,,,,,,,,,True,18.5,0.0,0.0,10.0,3.9,6.95,80.92579931498801,0.004628996574940061,18.5,0.0,0.0,0.0,18.50462899657494,0.05,4.3292724219654,32.309007691663076,0.0015475560400111533,0.13399583370932538,feather,USC00047195,"QUINCY, CA US",,
2025-12-18,USC00047195,,",,7,0730",,0.0,3.9,",,7,0730",,,"QUINCY, CA US",15.6,",,7",3.9,",,7",,,,,,,,,,,,,,,,,,,",,7",    1,,,,,,,True,0.0,0.0,0.0,15.6,3.9,9.75,66.93611901981343,0.0,0.0,0.0,0.0,0.0,0.0,0.05,3.553571932661572,32.309007691663076,0.0015475560400111533,0.10998703416009045,feather,USC00047195,"QUINCY, CA US",,
2025-12-19,USC00047195,,",,7,0730",,0.0,9.4,",,7,0730",,,"QUINCY, CA US",16.1,",,7",3.9,",,7",,,,,,,,,,,,,,,,,,,,,,,,,,,True,0.0,0.0,0.0,16.1,3.9,10.0,65.82482744276116,0.0,0.0,0.0,0.0,0.0,0.0,0.05,2.918482086890889,32.309007691663076,0.0015475560400111533,0.09033029162464702,feather,USC00047195,"QUINCY, CA US",,
2025-12-20,USC00047195,,",,7,0730",,6.4,7.2,",,7,0730",,,"QUINCY, CA US",9.4,",,7",7.2,",,7",,,,,,,,,,,,,,,,,,,,,,,,,,,True,6.4,0.0,0.0,9.4,7.2,8.3,92.7820356639427,0.06391017831971346,6.4,0.0,0.0,0.0,6.463910178319714,0.05,3.5880605587033774,32.309007691663076,0.0015475560400111533,0.11105449579094409,feather,USC00047195,"QUINCY, CA US",,
2025-12-21,USC00047195,,",,7,0730",,50.8,11.1,",,7,0730",,,"QUINCY, CA US",13.3,",,7",7.2,",,7",,,,,,,,,,,,,,,,,,,,,,,,,,,True,50.8,0.0,0.0,13.3,7.2,10.25,81.37308601164808,0.006865430058240422,50.8,0.0,0.0,0.0,50.80686543005824,0.05,12.296648811608746,32.309007691663076,0.0015475560400111533,0.3805950628060217,feather,USC00047195,"QUINCY, CA US",,
2025-12-22,USC00047195,,",,7,0730",,123.4,8.3,",,7,0730",,,"QUINCY, CA US",12.2,",,7",8.3,",,7",,,,,,,,,,,,,,,,,,,,,,,,,,,True,123.4,0.0,0.0,12.2,8.3,10.25,87.70349284680721,0.03851746423403604,123.4,0.0,0.0,0.0,123.43851746423404,0.05,32.792958383761864,32.309007691663076,0.0015475560400111533,1.0,feather,USC00047195,"QUINCY, CA US",,
2025-12-23,USC00047195,,",,7,0730",,5.8,3.9,",,7,0730",,,"QUINCY, CA US",11.7,",,7",3.9,",,7",,,,,,,,,,,,,,,,,,,",,7",    1,,,,,,,True,5.8,0.0,0.0,11.7,3.9,7.8,76.36074486185927,0.0,5.8,0.0,0.0,0.0,5.8,0.05,27.92503439786323,32.309007691663076,0.0015475560400111533,0.8643111129986492,feather,USC00047195,"QUINCY, CA US",,
2025-12-24,USC00047195,,",,7,0730",,49.8,8.3,",,7,0730",,,"QUINCY, CA US",13.9,",,7",3.9,",,7",,,,,,,,,,,,,,,,,,,,,,,,,,,True,49.8,0.0,0.0,13.9,3.9,8.9,70.87436454758098,0.0,49.8,0.0,0.0,0.0,49.8,0.05,32.03678542735749,32.309007691663076,0.0015475560400111533,0.9915744158129677,feather,USC00047195,"QUINCY, CA US",,
2025-12-25,USC00047195,,",,7,0730",,51.1,4.4,",,7,0730",,,"QUINCY, CA US",8.9,",,7",3.3,",,7",,,,,,,,,,,,,,,,,,,,,,,,,,,True,51.1,0.0,0.0,8.9,3.3,6.1,82.2482660541666,0.011241330270833032,51.1,0.0,0.0,0.0,51.111241330270836,0.05,35.644508699159154,32.309007691663076,0.0015475560400111533,1.0,feather,USC00047195,"QUINCY, CA US",,
2025-12-26,USC00047195,,",,7,0730",,54.9,1.7,",,7,0730",,,"QUINCY, CA US",6.7,",,7",0.6,",,7",,,,,,,,,,,,,,,,,,,,,,,,,,,True,54.9,0.0,0.0,6.7,0.6,3.65,80.4629389102416,0.0023146945512080206,54.9,0.0,0.0,0.0,54.90231469455121,0.05,39.29592962221904,32.309007691663076,0.0015475560400111533,1.0,feather,USC00047195,"QUINCY, CA US",,
2025-12-27,USC00047195,,",,7,0730",,14.5,1.7,",,7,0730",,,"QUINCY, CA US",7.2,",,7",0.6,",,7",,,,,,,,,,,,,,,,,,,",,7",    1,,,,,,,True,14.5,0.0,0.0,7.2,0.6,3.9,79.06080959835856,0.0,14.5,0.0,0.0,0.0,14.5,0.05,34.850268070657,32.309007691663076,0.0015475560400111533,1.0,feather,USC00047195,"QUINCY, CA US",,
2025-12-28,USC00047195,,",,7,0730",,0.0,-1.1,",,7,0730",,,"QUINCY, CA US",7.8,",,7",-1.7,",,7",,,,,,,,,,,,,,,,,,,",,7",    1,,,,,,,True,0.0,0.0,0.0,7.8,-1.7,3.05,70.99278031507713,0.0,0.0,0.0,0.0,0.0,0.0,0.05,28.542049684804663,32.309007691663076,0.0015475560400111533,0.8834084276803578,feather,USC00047195,"QUINCY, CA US",,
2025-12-29,USC00047195,,",,7,0730",,0.0,-5.0,",,7,0730",,,"QUINCY, CA US",6.1,",,7",-5.0,",,7",,,,,,,,,,,,,,,,,,,,,,,,,,,True,0.0,0.0,0.0,6.1,-5.0,0.5499999999999998,66.36461077948833,0.0,0.0,0.0,0.0,0.0,0.0,0.05,23.37731729517539,32.309007691663076,0.0015475560400111533,0.7235541715881174,feather,USC00047195,"QUINCY, CA US",,
2025-12-30,USC00047195,,",,7,0730",,0.0,-5.0,",,7,0730",,,"QUINCY, CA US",7.2,",,7",-5.0,",,7",,,,,,,,,,,,,,,,,,,,,,,,,,,True,0.0,0.0,0.0,7.2,-5.0,1.1,63.78690342245085,0.0,0.0,0.0,0.0,0.0,0.0,0.05,19.14879205636798,32.309007691663076,0.0015475560400111533,0.5926765761149971,feather,USC00047195,"QUINCY, CA US",,
2025-12-31,USC00047195,,",,7,0730",,0.0,-1.1,",,7,0730",,,"QUINCY, CA US",7.8,",,7",-5.0,",,7",,,,,,,,,,,,,,,,,,,,,,,,,,,True,0.0,0.0,0.0,7.8,-5.0,1.4,62.42802417209025,0.0,0.0,0.0,0.0,0.0,0.0,0.05,15.686768403189937,32.309007691663076,0.0015475560400111533,0.485523063812254,feather,USC00047195,"QUINCY, CA US",,
2026-01-01,USC00047195,0.0,",,7,0730",",,7",15.7,3.3,",,7,0730",",,7",0.0,"QUINCY, CA US",6.7,",,7",-1.1,",,7",,,,,,,,,,,,,,,,,,,,,,,,,,,True,15.7,0.0,0.0,6.7,-1.1,2.8,75.51236086397,0.0,15.7,0.0,0.0,0.0,15.7,0.05,15.741556365363513,32.309007691663076,0.0015475560400111533,0.4872188126478864,feather,USC00047195,"QUINCY, CA US",,
2026-01-02,USC00047195,0.0,",,7,0730",",,7",14.7,4.4,",,7,0730",",,7",0.0,"QUINCY, CA US",9.4,",,7",3.3,",,7",,,,,,,,,,,,,,,,,,,",,7",    1,,,,,,,True,14.7,0.0,0.0,9.4,3.3,6.35,80.8428209843721,0.004214104921860483,14.7,0.0,0.0,0.0,14.70421410492186,0.05,15.603159605925047,32.309007691663076,0.0015475560400111533,0.482935277828147,feather,USC00047195,"QUINCY, CA US",,
2026-01-03,USC00047195,0.0,",,7,0730",",,7",21.6,6.7,",,7,0730",",,7",0.0,"QUINCY, CA US",11.1,",,7",4.4,",,7",,,,,,,,,,,,,,,,,,,,,,,,,,,True,21.6,0.0,0.0,11.1,4.4,7.75,79.35453551121861,0.0,21.6,0.0,0.0,0.0,21.6,0.05,16.75887358073155,32.309007691663076,0.0015475560400111533,0.518705920672889,feather,USC00047195,"QUINCY, CA US",,
2026-01-04,USC00047195,0.0,",,7,0730",",,7",41.7,3.3,",,7,0730",",,7",0.0,"QUINCY, CA US",9.4,",,7",3.3,",,7",,,,,,,,,,,,,,,,,,,,,,,,,,,True,41.7,0.0,0.0,9.4,3.3,6.35,80.8428209843721,0.004214104921860483,41.7,0.0,0.0,0.0,41.70421410492186,0.05,21.40484787557062,32.309007691663076,0.0015475560400111533,0.6625040323071842,feather,USC00047195,"QUINCY, CA US",,
2026-01-05,USC00047195,0.0,",,7,0730",",,7",15.0,2.2,",,7,0730",",,7",0.0,"QUINCY, CA US",5.6,",,7",2.2,",,7",,,,,,,,,,,,,,,,,,,,,,,,,,,True,15.0,0.0,0.0,5.6,2.2,3.9,88.67016884984966,0.0433508442492483,15.0,0.0,0.0,0.0,15.043350844249249,0.05,20.30228147850663,32.309007691663076,0.0015475560400111533,0.62837836656139,feather,USC00047195,"QUINCY, CA US",,
2026-01-06,USC00047195,0.0,",,7,0730",",,7",9.7,3.3,",,7,0730",",,7",0.0,"QUINCY, CA US",7.2,",,7",2.2,",,7",,,,,,,,,,,,,,,,,,,",,7",    1,,,,,,,True,9.7,0.0,0.0,7.2,2.2,4.7,83.83980367916378,0.019199018395818897,9.7,0.0,0.0,0.0,9.719199018395818,0.05,18.403773049255328,32.309007691663076,0.0015475560400111533,0.5696174028273913,feather,USC00047195,"QUINCY, CA US",,
2026-01-07,USC00047195,0.0,",,7,0730",",,7",1.0,3.9,",,7,0730",",,7",0.0,"QUINCY, CA US",8.9,",,7",3.3,",,7",,,,,,,,,,,,,,,,,,,",,7",    1,,,,,,,True,1.0,0.0,0.0,8.9,3.3,6.1,82.2482660541666,0.011241330270833032,1.0,0.0,0.0,0.0,1.011241330270833,0.05,15.211830299924422,32.309007691663076,0.0015475560400111533,0.47082319720545424,feather,USC00047195,"QUINCY, CA US",,
2026-01-08,USC00047195,0.0,",,7,0730","T,,7",3.6,-2.2,",,7,0730","T,,7",0.0,"QUINCY, CA US",9.4,",,7",-2.2,",,7",,,,,,,,,,,,,,,,,,,,,,,,,,,True,3.6,0.0,0.0,9.4,-2.2,3.6,65.81933506531809,0.0,3.6,0.0,0.0,0.0,3.6,0.05,13.125960656802768,32.309007691663076,0.0015475560400111533,0.40626319390767773,feather,USC00047195,"QUINCY, CA US",,
2026-01-09,USC00047195,0.0,",,7,0730",",,7",0.0,-6.1,",,7,0730",",,7",0.0,"QUINCY, CA US",6.1,",,7",-6.7,",,7",,,,,,,,,,,,,,,,,,,,,,,,,,,True,0.0,0.0,0.0,6.1,-6.7,-0.30000000000000027,62.01038215041197,0.0,0.0,0.0,0.0,0.0,0.0,0.05,10.755691115762193,32.309007691663076,0.0015475560400111533,0.3329006950138416,feather,USC00047195,"QUINCY, CA US",,
2026-01-10,USC00047195,0.0,",,7,0730",",,7",0.0,-6.1,",,7,0730",",,7",0.0,"QUINCY, CA US",6.7,",,7",-6.7,",,7",,,,,,,,,,,,,,,,,,,,,,,,,,,True,0.0,0.0,0.0,6.7,-6.7,0.0,60.67424203711984,0.0,0.0,0.0,0.0,0.0,0.0,0.05,8.797240620111324,32.309007691663076,0.0015475560400111533,0.27228445714169486,feather,USC00047195,"QUINCY, CA US",,
2026-01-11,USC00047195,0.0,",,7,0730",",,7",0.0,-5.6,",,7,0730",",,7",0.0,"QUINCY, CA US",7.2,",,7",-6.1,",,7",,,,,,,,,,,,,,,,,,,,,,,,,,,True,0.0,0.0,0.0,7.2,-6.1,0.5500000000000003,61.04557511097868,0.0,0.0,0.0,0.0,0.0,0.0,0.05,7.071427309287007,32.309007691663076,0.0015475560400111533,0.21886860087973847,feather,USC00047195,"QUINCY, CA US",,
2026-01-12,USC00047195,0.0,",,7,0730",",,7",0.0,-6.1,",,7,0730",",,7",0.0,"QUINCY, CA US",8.3,",,7",-6.1,",,7",,,,,,,,,,,,,,,,,,,,,,,,,,,True,0.0,0.0,0.0,8.3,-6.1,1.1000000000000005,58.67446758499603,0.0,0.0,0.0,0.0,0.0,0.0,0.05,5.458015190975083,32.309007691663076,0.0015475560400111533,0.16893168750532236,feather,USC00047195,"QUINCY, CA US",,
2026-01-13,USC00047195,0.0,",,7,0730",",,7",0.0,-6.1,",,7,0730",",,7",0.0,"QUINCY, CA US",10.0,",,7",-6.1,",,7",,,,,,,,,,,,,,,,,,,,,,,,,,,True,0.0,0.0,0.0,10.0,-6.1,1.9500000000000002,55.20920699732599,0.0,0.0,0.0,0.0,0.0,0.0,0.05,4.461702559787048,32.309007691663076,0.0015475560400111533,0.13809469490263337,feather,USC00047195,"QUINCY, CA US",,
2026-01-14,USC00047195,0.0,",,7,0730",",,7",0.0,-5.0,",,7,0730",",,7",0.0,"QUINCY, CA US",10.6,",,7",-6.1,",,7",,,,,,,,,,,,,,,,,,,,,,,,,,,True,0.0,0.0,0.0,10.6,-6.1,2.25,54.04111748109841,0.0,0.0,0.0,0.0,0.0,0.0,0.05,3.5245675331267257,32.309007691663076,0.0015475560400111533,0.1090893154863495,feather,USC00047195,"QUINCY, CA US",,
2026-01-15,USC00047195,0.0,",,7,0730",",,7",0.0,-5.0,",,7,0730",",,7",0.0,"QUINCY, CA US",12.2,",,7",-5.6,",,7",,,,,,,,,,,,,,,,,,,",,7",    1,,,,,,,True,0.0,0.0,0.0,12.2,-5.6,3.3,52.11118573326518,0.0,0.0,0.0,0.0,0.0,0.0,0.05,2.753687740529931,32.309007691663076,0.0015475560400111533,0.08522972190323519,feather,USC00047195,"QUINCY, CA US",,
2026-01-16,USC00047195,0.0,",,7,0730",",,7",0.0,-5.6,",,7,0730",",,7",0.0,"QUINCY, CA US",12.8,",,7",-5.6,",,7",,,,,,,,,,,,,,,,,,,,,,,,,,,True,0.0,0.0,0.0,12.8,-5.6,3.6000000000000005,51.020559674839895,0.0,0.0,0.0,0.0,0.0,0.0,0.05,2.112082829333034,32.309007691663076,0.0015475560400111533,0.06537133079076364,feather,USC00047195,"QUINCY, CA US",,
2026-01-17,USC00047195,0.0,",,7,0730",",,7",0.0,-6.1,",,7,0730",",,7",0.0,"QUINCY, CA US",13.3,",,7",-6.1,",,7",,,,,,,,,,,,,,,,,,,,,,,,,,,True,0.0,0.0,0.0,13.3,-6.1,3.6000000000000005,49.11470740020511,0.0,0.0,0.0,0.0,0.0,0.0,0.05,1.698276152326141,32.309007691663076,0.0015475560400111533,0.05256355034278441,feather,USC00047195,"QUINCY, CA US",,
2026-01-18,USC00047195,0.0,",,7,0730",",,7",0.0,-5.0,",,7,0730",",,7",0.0,"QUINCY, CA US",12.2,",,7",-6.1,",,7",,,,,,,,,,,,,,,,,,,,,,,,,,,True,0.0,0.0,0.0,12.2,-6.1,3.05,51.05863341472935,0.0,0.0,0.0,0.0,0.0,0.0,0.05,1.39949437547446,32.309007691663076,0.0015475560400111533,0.04331591947454275,feather,USC00047195,"QUINCY, CA US",,
2026-01-19,USC00047195,0.0,",,7,0730",",,7",0.0,-3.9,",,7,0730",",,7",0.0,"QUINCY, CA US",8.9,",,7",-5.0,",,7",,,,,,,,,,,,,,,,,,,",,7",    1,,,,,,,True,0.0,0.0,0.0,8.9,-5.0,1.9500000000000002,60.01970703299682,0.0,0.0,0.0,0.0,0.0,0.0,0.05,1.1548725463067053,32.309007691663076,0.0015475560400111533,0.03574459968960004,feather,USC00047195,"QUINCY, CA US",,
2026-01-20,USC00047195,0.0,",,7,0730",",,7",0.0,-5.6,",,7,0730",",,7",0.0,"QUINCY, CA US",11.7,",,7",-5.6,",,7",,,,,,,,,,,,,,,,,,,,,,,,,,,True,0.0,0.0,0.0,11.7,-5.6,3.05,53.03991799900438,0.0,0.0,0.0,0.0,0.0,0.0,0.05,0.9545931318928763,32.309007691663076,0.0015475560400111533,0.029545727340279684,feather,USC00047195,"QUINCY, CA US",,
2026-01-21,USC00047195,0.0,",,7,0730",",,7",0.0,-2.2,",,7,0730",",,7",0.0,"QUINCY, CA US",9.4,",,7",-5.6,",,7",,,,,,,,,,,,,,,,,,,,,,,,,,,True,0.0,0.0,0.0,9.4,-5.6,1.9000000000000004,57.55661479351537,0.0,0.0,0.0,0.0,0.0,0.0,0.05,0.7906182161038249,32.309007691663076,0.0015475560400111533,0.02447051991348635,feather,USC00047195,"QUINCY, CA US",,
2026-01-22,USC00047195,0.0,",,7,0730",",,7",0.0,-0.6,",,7,0730",",,7",0.0,"QUINCY, CA US",8.9,",,7",-2.2,",,7",,,,,,,,,,,,,,,,,,,,,,,,,,,True,0.0,0.0,0.0,8.9,-2.2,3.35,66.98949715846071,0.0,0.0,0.0,0.0,0.0,0.0,0.05,0.6130408915758151,32.309007691663076,0.0015475560400111533,0.018974302690639502,feather,USC00047195,"QUINCY, CA US",,
2026-01-23,USC00047195,0.0,",,7,0730",",,7",0.0,-2.8,",,7,0730",",,7",0.0,"QUINCY, CA US",13.9,",,7",-3.9,",,7",,,,,,,,,,,,,,,,,,,,,,,,,,,True,0.0,0.0,0.0,13.9,-3.9,5.0,52.58592604893238,0.0,0.0,0.0,0.0,0.0,0.0,0.05,0.47040086460749064,32.309007691663076,0.0015475560400111533,0.014559433984995818,feather,USC00047195,"QUINCY, CA US",,
2026-01-24,USC00047195,0.0,",,7,0730",",,7",0.0,-4.4,",,7,0730",",,7",0.0,"QUINCY, CA US",12.8,",,7",-4.4,",,7",,,,,,,,,,,,,,,,,,,,,,,,,,,True,0.0,0.0,0.0,12.8,-4.4,4.2,53.55977250171705,0.0,0.0,0.0,0.0,0.0,0.0,0.05,0.334587346159831,32.309007691663076,0.0015475560400111533,0.01035585336921898,feather,USC00047195,"QUINCY, CA US",,
2026-01-25,USC00047195,0.0,",,7,0730",",,7",0.0,-8.3,",,7,0730",",,7",0.0,"QUINCY, CA US",12.8,",,7",-8.3,",,7",,,,,,,,,,,,,,,,,,,,,,,,,,,True,0.0,0.0,0.0,12.8,-8.3,2.25,45.61833962300263,0.0,0.0,0.0,0.0,0.0,0.0,0.05,0.16791267077820982,32.309007691663076,0.0015475560400111533,0.005197085357144457,feather,USC00047195,"QUINCY, CA US",,
2026-01-26,USC00047195,0.0,",,7,0730",",,7",0.0,-6.1,",,7,0730",",,7",0.0,"QUINCY, CA US",8.9,",,7",-8.9,",,7",,,,,,,,,,,,,,,,,,,,,,,,,,,True,0.0,0.0,0.0,8.9,-8.9,0.0,51.17332743205105,0.0,0.0,0.0,0.0,0.0,0.0,0.05,0.10502481298949545,32.309007691663076,0.0015475560400111533,0.00325063567385871,feather,USC00047195,"QUINCY, CA US",,
2026-01-27,USC00047195,0.0,",,7,0730",",,7",0.0,-4.4,",,7,0730",",,7",0.0,"QUINCY, CA US",11.7,",,7",-6.7,",,7",,,,,,,,,,,,,,,,,,,,,,,,,,,True,0.0,0.0,0.0,11.7,-6.7,2.4999999999999996,50.707196643007975,0.0,0.0,0.0,0.0,0.0,0.0,0.05,0.06822922033921258,32.309007691663076,0.0015475560400111533,0.0021117708408240053,feather,USC00047195,"QUINCY, CA US",,
2026-01-28,USC00047195,0.0,",,7,0730",",,7",5.1,2.2,",,7,0730",",,7",0.0,"QUINCY, CA US",13.9,",,7",-5.0,",,7",,,,,,,,,,,,,,,,,,,",,7",    1,,,,,,,True,5.1,0.0,0.0,13.9,-5.0,4.45,50.30238811203118,0.0,5.1,0.0,0.0,0.0,5.1,0.05,1.0006813986939298,32.309007691663076,0.0015475560400111533,0.030972210853512,feather,USC00047195,"QUINCY, CA US",,
2026-01-29,USC00047195,0.0,",,7,0730",",,7",0.0,-0.6,",,7,0730",",,7",0.0,"QUINCY, CA US",10.6,",,7",-1.1,",,7",,,,,,,,,,,,,,,,,,,",,7",    1,,,,,,,True,0.0,0.0,0.0,10.6,-1.1,4.75,65.83653875311214,0.0,0.0,0.0,0.0,0.0,0.0,0.05,0.8184174691040946,32.309007691663076,0.0015475560400111533,0.02533093795125366,feather,USC00047195,"QUINCY, CA US",,
2026-01-30,USC00047195,0.0,",,7,0730",",,7",0.0,-1.1,",,7,0730",",,7",0.0,"QUINCY, CA US",11.1,",,7",-1.7,",,7",,,,,,,,,,,,,,,,,,,,,,,,,,,True,0.0,0.0,0.0,11.1,-1.7,4.7,63.22165472772518,0.0,0.0,0.0,0.0,0.0,0.0,0.05,0.6791270131578723,32.309007691663076,0.0015475560400111533,0.021019742222943984,feather,USC00047195,"QUINCY, CA US",,
2026-01-31,USC00047195,0.0,",,7,0730",",,7",0.0,-3.9,",,7,0730",",,7",0.0,"QUINCY, CA US",13.3,",,7",-3.9,",,7",,,,,,,,,,,,,,,,,,,,,,,,,,,True,0.0,0.0,0.0,13.3,-3.9,4.7,53.69721976388676,0.0,0.0,0.0,0.0,0.0,0.0,0.05,0.5650856332644462,32.309007691663076,0.0015475560400111533,0.01749003369763842,feather,USC00047195,"QUINCY, CA US",,
2026-02-01,USC00047195,0.0,",,7,0730",",,7",0.0,-2.8,",,7,0730",",,7",0.0,"QUINCY, CA US",13.3,",,7",-3.9,",,7",,,,,,,,,,,,,,,,,,,,,,,,,,,True,0.0,0.0,0.0,13.3,-3.9,4.7,53.69721976388676,0.0,0.0,0.0,0.0,0.0,0.0,0.05,0.47171644842224913,32.309007691663076,0.0015475560400111533,0.014600152778569225,feather,USC00047195,"QUINCY, CA US",,
2026-02-02,USC00047195,0.0,",,7,0730",",,7",0.0,-5.0,",,7,0730",",,7",0.0,"QUINCY, CA US",16.1,",,7",-5.0,",,7",,,,,,,,,,,,,,,,,,,,,,,,,,,True,0.0,0.0,0.0,16.1,-5.0,5.550000000000001,46.5936837064742,0.0,0.0,0.0,0.0,0.0,0.0,0.05,0.3952722254021199,32.309007691663076,0.0015475560400111533,0.012234118397394014,feather,USC00047195,"QUINCY, CA US",,
2026-02-03,USC00047195,0.0,",,7,0730",",,7",0.0,-5.0,",,7,0730",",,7",0.0,"QUINCY, CA US",15.0,",,7",-5.0,",,7",,,,,,,,,,,,,,,,,,,,,,,,,,,True,0.0,0.0,0.0,15.0,-5.0,5.0,48.408424535627695,0.0,0.0,0.0,0.0,0.0,0.0,0.05,0.33268498912038835,32.309007691663076,0.0015475560400111533,0.010296973286686035,feather,USC00047195,"QUINCY, CA US",,
2026-02-04,USC00047195,0.0,",,7,0730",",,7",0.0,-4.4,",,7,0730",",,7",0.0,"QUINCY, CA US",16.1,",,7",-5.0,",,7",,,,,,,,,,,,,,,,,,,",,7",    1,,,,,,,True,0.0,0.0,0.0,16.1,-5.0,5.550000000000001,46.5936837064742,0.0,0.0,0.0,0.0,0.0,0.0,0.05,0.2814428940263767,32.309007691663076,0.0015475560400111533,0.008710973011374763,feather,USC00047195,"QUINCY, CA US",,
2026-02-05,USC00047195,0.0,",,7,0730",",,7",0.0,-3.9,",,7,0730",",,7",0.0,"QUINCY, CA US",16.7,",,7",-4.4,",,7",,,,,,,,,,,,,,,,,,,,,,,,,,,True,0.0,0.0,0.0,16.7,-4.4,6.1499999999999995,46.76894246074962,0.0,0.0,0.0,0.0,0.0,0.0,0.05,0.23948941492076287,32.309007691663076,0.0015475560400111533,0.007412465811587276,feather,USC00047195,"QUINCY, CA US",,
2026-02-06,USC00047195,0.0,",,7,0730",",,7",0.0,-1.7,",,7,0730",",,7",0.0,"QUINCY, CA US",16.7,",,7",-3.9,",,7",,,,,,,,,,,,,,,,,,,,,,,,,,,True,0.0,0.0,0.0,16.7,-3.9,6.3999999999999995,47.728132272055774,0.0,0.0,0.0,0.0,0.0,0.0,0.05,0.20514081137838236,32.309007691663076,0.0015475560400111533,0.006349338034028086,feather,USC00047195,"QUINCY, CA US",,
2026-02-07,USC00047195,0.0,",,7,0730",",,7",0.0,-3.3,",,7,0730",",,7",0.0,"QUINCY, CA US",16.1,",,7",-3.9,",,7",,,,,,,,,,,,,,,,,,,",,7",    1,,,,,,,True,0.0,0.0,0.0,16.1,-3.9,6.1000000000000005,48.72535238849082,0.0,0.0,0.0,0.0,0.0,0.0,0.05,0.1770185533329522,32.309007691663076,0.0015475560400111533,0.005478922628088932,feather,USC00047195,"QUINCY, CA US",,
2026-02-08,USC00047195,0.0,",,7,0730",",,7",0.0,-0.6,",,7,0730",",,7",0.0,"QUINCY, CA US",13.3,",,7",-3.3,",,7",,,,,,,,,,,,,,,,,,,,,,,,,,,True,0.0,0.0,0.0,13.3,-3.3,5.0,54.99697448562967,0.0,0.0,0.0,0.0,0.0,0.0,0.05,0.1539939958251637,32.309007691663076,0.0015475560400111533,0.0047662867672936884,feather,USC00047195,"QUINCY, CA US",,
2026-02-09,USC00047195,0.0,",,7,0730",",,7",3.3,3.3,",,7,0730",",,7",0.0,"QUINCY, CA US",15.0,",,7",-0.6,",,7",,,,,,,,,,,,,,,,,,,",,7",    1,,,,,,,True,3.3,0.0,0.0,15.0,-0.6,7.2,57.65275159380576,0.0,3.3,0.0,0.0,0.0,3.3,0.05,0.7424383400471825,32.309007691663076,0.0015475560400111533,0.022979298749517433,feather,USC00047195,"QUINCY, CA US",,
2026-02-10,USC00047195,0.0,",,7,0730",",,7",0.0,-1.1,",,7,0730",",,7",0.0,"QUINCY, CA US",12.2,",,7",-1.1,",,7",,,,,,,,,,,,,,,,,,,,,,,,,,,True,0.0,0.0,0.0,12.2,-1.1,5.55,62.2738985374131,0.0,0.0,0.0,0.0,0.0,0.0,0.05,0.6169205636068974,32.309007691663076,0.0015475560400111533,0.019094382888338778,feather,USC00047195,"QUINCY, CA US",,
2026-02-11,USC00047195,0.0,",,7,0730",",,7",14.2,3.3,",,7,0730",",,7",0.0,"QUINCY, CA US",11.1,",,7",-1.1,",,7",,,,,,,,,,,,,,,,,,,,,,,,,,,True,14.2,0.0,0.0,11.1,-1.1,5.0,64.69935575127796,0.0,14.2,0.0,0.0,0.0,14.2,0.05,3.1273651960139772,32.309007691663076,0.0015475560400111533,0.09679545796824189,feather,USC00047195,"QUINCY, CA US",,
2026-02-12,USC00047195,0.0,",,7,0730",",,7",2.5,3.3,",,7,0730",",,7",0.0,"QUINCY, CA US",10.6,",,7",2.8,",,7",,,,,,,,,,,,,,,,,,,",,7",    1,,,,,,,True,2.5,0.0,0.0,10.6,2.8,6.699999999999999,76.17769851649459,0.0,2.5,0.0,0.0,0.0,2.5,0.05,3.02960568922369,32.309007691663076,0.0015475560400111533,0.09376969166420547,feather,USC00047195,"QUINCY, CA US",,
2026-02-13,USC00047195,0.0,",,7,0730",",,7",0.0,0.0,",,7,0730",",,7",0.0,"QUINCY, CA US",12.8,",,7",0.0,",,7",,,,,,,,,,,,,,,,,,,",,7",    1,,,,,,,True,0.0,0.0,0.0,12.8,0.0,6.4,63.62186680635895,0.0,0.0,0.0,0.0,0.0,0.0,0.05,2.489494809813551,32.309007691663076,0.0015475560400111533,0.07705265459006756,feather,USC00047195,"QUINCY, CA US",,
2026-02-14,USC00047195,0.0,",,7,0730",",,7",0.0,-1.7,",,7,0730",",,7",0.0,"QUINCY, CA US",13.3,",,7",-2.2,",,7",,,,,,,,,,,,,,,,,,,,,,,,,,,True,0.0,0.0,0.0,13.3,-2.2,5.550000000000001,57.43632107799528,0.0,0.0,0.0,0.0,0.0,0.0,0.05,2.047289422768477,32.309007691663076,0.0015475560400111533,0.06336590223712607,feather,USC00047195,"QUINCY, CA US",,
2026-02-15,USC00047195,0.0,",,7,0730",",,7",0.8,5.0,",,7,0730",",,7",0.0,"QUINCY, CA US",13.3,",,7",-1.7,",,7",,,,,,,,,,,,,,,,,,,,,,,,,,,True,0.8,0.0,0.0,13.3,-1.7,5.800000000000001,58.56946405436244,0.0,0.8,0.0,0.0,0.0,0.8,0.05,1.8324653659523853,32.309007691663076,0.0015475560400111533,0.05671685690381724,feather,USC00047195,"QUINCY, CA US",,
2026-02-16,USC00047195,13.0,",,7,0730",",,7",14.5,0.6,",,7,0730",",,7",0.0,"QUINCY, CA US",13.3,",,7",0.6,",,7",,,,,,,,,,,,,,,,,,,,,,,,,,,True,14.5,13.0,0.0,13.3,0.6,6.95,63.98059211237242,0.0,0.0,14.5,14.5,0.0,14.5,0.05,4.177777767213749,32.309007691663076,0.0015475560400111533,0.12930690434951894,feather,USC00047195,"QUINCY, CA US",,
2026-02-17,,,,,,,,,,,,,,,,,,,,,,,,,,,,,,,,,,,,,,,,,False,0.0,0.0,152.5,7.75,-3.3,2.225,66.86480732945328,0.0,0.0,0.0,0.0,0.0,0.0,0.05,3.4295385998894634,32.309007691663076,0.0015475560400111533,0.10614806349420665,feather,USC00047195,"QUINCY, CA US",,
2026-02-18,USC00047195,127.0,",,7,0730",",,7",18.8,-6.7,",,7,0730",",,7",305.0,"QUINCY, CA US",2.2,",,7",-7.2,",,7",,,,,,,,,,,,,,,,,,,,,,,,,,,True,18.8,127.0,305.0,2.2,-7.2,-2.5,70.12470206901027,0.0,0.0,18.8,0.0,18.8,0.0,0.05,2.802858126063703,32.309007691663076,0.0015475560400111533,0.08675160044568452,feather,USC00047195,"QUINCY, CA US",,
2026-02-19,USC00047195,229.0,",,7,0730",",,7",15.0,-1.7,",,7,0730",",,7",508.0,"QUINCY, CA US",2.8,",,7",-6.7,",,7",,,,,,,,,,,,,,,,,,,,,,,,,,,True,15.0,229.0,508.0,2.8,-6.7,-1.9500000000000002,69.97058531537134,0.0,0.0,15.0,0.0,33.8,0.0,0.05,2.3038496066689773,32.309007691663076,0.0015475560400111533,0.0713067274815579,feather,USC00047195,"QUINCY, CA US",,
2026-02-20,USC00047195,114.0,",,7,0730",",,7",13.0,-3.9,",,7,0730",",,7",483.0,"QUINCY, CA US",1.1,",,7",-3.9,",,7",,,,,,,,,,,,,,,,,,,,,,,,,,,True,13.0,114.0,483.0,1.1,-3.9,-1.4,83.08371153761348,0.015418557688067408,0.0,13.0,6.25,40.55,6.265418557688068,0.05,3.0483138574660202,32.309007691663076,0.0015475560400111533,0.09434873043942474,feather,USC00047195,"QUINCY, CA US",,
2026-02-21,USC00047195,0.0,",,7,0730",",,7",0.0,-3.3,",,7,0730",",,7",356.0,"QUINCY, CA US",6.7,",,7",-3.9,",,7",,,,,,,,,,,,,,,,,,,",,7",    1,,,,,,,True,0.0,0.0,356.0,6.7,-3.9,1.4000000000000001,67.81537498867361,0.0,0.0,0.0,31.75,8.799999999999997,31.75,0.05,8.347728255386283,32.309007691663076,0.0015475560400111533,0.25837154563989617,feather,USC00047195,"QUINCY, CA US",,
2026-02-22,USC00047195,0.0,",,7,0730",",,7",0.0,-3.9,",,7,0730",",,7",254.0,"QUINCY, CA US",8.3,",,7",-3.9,",,7",,,,,,,,,,,,,,,,,,,,,,,,,,,True,0.0,0.0,254.0,8.3,-3.9,2.2,64.04740637200682,0.0,0.0,0.0,8.799999999999997,0.0,8.799999999999997,0.05,8.463059323447947,32.309007691663076,0.0015475560400111533,0.2619411714594915,feather,USC00047195,"QUINCY, CA US",,
2026-02-23,USC00047195,0.0,",,7,0730",",,7",0.0,-3.3,",,7,0730",",,7",203.0,"QUINCY, CA US",13.3,",,7",-3.9,",,7",,,,,,,,,,,,,,,,,,,",,7",    1,,,,,,,True,0.0,0.0,203.0,13.3,-3.9,4.7,53.69721976388676,0.0,0.0,0.0,0.0,0.0,0.0,0.05,6.938030395576274,32.309007691663076,0.0015475560400111533,0.21473981688910068,feather,USC00047195,"QUINCY, CA US",,
2026-02-24,USC00047195,0.0,",,7,0730",",,7",8.4,-1.7,",,7,0730",",,7",25.0,"QUINCY, CA US",14.4,",,7",-3.3,",,7",,,,,,,,,,,,,,,,,,,,,,,,,,,True,8.4,0.0,25.0,14.4,-3.3,5.550000000000001,52.935241305167864,0.0,8.4,0.0,0.0,0.0,8.4,0.05,7.235284786706048,32.309007691663076,0.0015475560400111533,0.22394017345735506,feather,USC00047195,"QUINCY, CA US",,
2026-02-25,USC00047195,0.0,",,7,0730",",,7",33.5,3.9,",,7,0730",",,7",0.0,"QUINCY, CA US",10.0,",,7",-1.7,",,7",,,,,,,,,,,,,,,,,,,,,,,,,,,True,33.5,0.0,0.0,10.0,-1.7,4.15,65.70129812220863,0.0,33.5,0.0,0.0,0.0,33.5,0.05,12.097780632755224,32.309007691663076,0.0015475560400111533,0.37443986977900595,feather,USC00047195,"QUINCY, CA US",,
2026-02-26,USC00047195,0.0,",,7,0730",",,7",0.0,3.3,",,7,0730",",,7",0.0,"QUINCY, CA US",12.8,",,7",2.8,",,7",,,,,,,,,,,,,,,,,,,",,7",    1,,,,,,,True,0.0,0.0,0.0,12.8,2.8,7.800000000000001,70.65804554332159,0.0,0.0,0.0,0.0,0.0,0.0,0.05,9.913888510374012,32.309007691663076,0.0015475560400111533,0.30684596088452953,feather,USC00047195,"QUINCY, CA US",,
2026-02-27,USC00047195,0.0,",,7,0730",",,7",0.0,1.7,",,7,0730",",,7",0.0,"QUINCY, CA US",15.0,",,7",1.1,",,7",,,,,,,,,,,,,,,,,,,",,7",    1,,,,,,,True,0.0,0.0,0.0,15.0,1.1,8.05,61.52971671277738,0.0,0.0,0.0,0.0,0.0,0.0,0.05,8.125868868375766,32.309007691663076,0.0015475560400111533,0.25150474895187025,feather,USC00047195,"QUINCY, CA US",,
2026-02-28,USC00047195,0.0,",,7,0730",",,7",0.0,3.9,",,7,0730",",,7",0.0,"QUINCY, CA US",17.8,",,7",1.7,",,7",,,,,,,,,,,,,,,,,,,",,7",    1,,,,,,,True,0.0,0.0,0.0,17.8,1.7,9.75,57.271749028160116,0.0,0.0,0.0,0.0,0.0,0.0,0.05,6.66196220036432,32.309007691663076,0.0015475560400111533,0.2061951968299959,feather,USC00047195,"QUINCY, CA US",,
2026-03-01,USC00047195,,",,H,0730",,0.0,5.6,",,H,0730",,,"QUINCY, CA US",17.8,",,H",3.9,",,H",,,,,,,,,,,,,,,,,,,,,,,,,,,True,0.0,0.0,0.0,17.8,3.9,10.85,62.197956690733676,0.0,0.0,0.0,0.0,0.0,0.0,0.05,5.463416791627429,32.309007691663076,0.0015475560400111533,0.16909887309962768,feather,USC00047195,"QUINCY, CA US",,
2026-03-02,USC00047195,,",,H,0730",,0.0,1.1,",,H,0730",,,"QUINCY, CA US",17.8,",,H",0.6,",,H",,,,,,,,,,,,,,,,,,,,,,,,,,,True,0.0,0.0,0.0,17.8,0.6,9.200000000000001,54.91212809935574,0.0,0.0,0.0,0.0,0.0,0.0,0.05,4.473024063847119,32.309007691663076,0.0015475560400111533,0.13844510814243688,feather,USC00047195,"QUINCY, CA US",,
2026-03-03,USC00047195,,",,H,0730",,0.0,1.1,",,H,0730",,,"QUINCY, CA US",16.7,",,H",0.0,",,H",,,,,,,,,,,,,,,,,,,,,,,,,,,True,0.0,0.0,0.0,16.7,0.0,8.35,55.68718905942966,0.0,0.0,0.0,0.0,0.0,0.0,0.05,3.671265822675588,32.309007691663076,0.0015475560400111533,0.11362979196736243,feather,USC00047195,"QUINCY, CA US",,
2026-03-04,USC00047195,,",,H,0730",,0.0,2.8,",,H,0730",,,"QUINCY, CA US",20.0,",,H",1.1,",,H",,,,,,,,,,,,,,,,,,,,,,,,,,,True,0.0,0.0,0.0,20.0,1.1,10.55,52.004798647206925,0.0,0.0,0.0,0.0,0.0,0.0,0.05,2.9756551043506905,32.309007691663076,0.0015475560400111533,0.09209986059455859,feather,USC00047195,"QUINCY, CA US",,
2026-03-05,,,,,,,,,,,,,,,,,,,,,,,,,,,,,,,,,,,,,,,,,False,0.0,0.0,0.0,20.78,0.8800000000000001,10.83,50.24347298358202,0.0,0.0,0.0,0.0,0.0,0.0,0.05,2.4384247593413324,32.309007691663076,0.0015475560400111533,0.07547197928862844,feather,USC00047195,"QUINCY, CA US",,
2026-03-06,,,,,,,,,,,,,,,,,,,,,,,,,,,,,,,,,,,,,,,,,False,0.0,0.0,0.0,21.56,0.66,11.11,48.54240655435634,0.0,0.0,0.0,0.0,0.0,0.0,0.05,2.005476801885627,32.309007691663076,0.0015475560400111533,0.06207175475720706,feather,USC00047195,"QUINCY, CA US",,
2026-03-07,,,,,,,,,,,,,,,,,,,,,,,,,,,,,,,,,,,,,,,,,False,0.0,0.0,0.0,22.34,0.43999999999999995,11.39,46.89950747078761,0.0,0.0,0.0,0.0,0.0,0.0,0.05,1.6510089946343431,32.309007691663076,0.0015475560400111533,0.05110057883518239,feather,USC00047195,"QUINCY, CA US",,
2026-03-08,,,,,,,,,,,,,,,,,,,,,,,,,,,,,,,,,,,,,,,,,False,0.0,0.0,0.0,23.119999999999997,0.21999999999999997,11.669999999999998,45.312757824507976,0.0,0.0,0.0,0.0,0.0,0.0,0.05,1.3585876046647503,32.309007691663076,0.0015475560400111533,0.04204980906966438,feather,USC00047195,"QUINCY, CA US",,
2026-03-09,USC00047195,,",,H,0730",,0.0,0.6,",,H,0730",,,"QUINCY, CA US",23.9,",,H",0.0,",,H",,,,,,,,,,,,,,,,,,,,,,,,,,,True,0.0,0.0,0.0,23.9,0.0,11.95,43.780211013253094,0.0,0.0,0.0,0.0,0.0,0.0,0.05,1.0813664395928144,32.309007691663076,0.0015475560400111533,0.033469503301144315,feather,USC00047195,"QUINCY, CA US",,
2026-03-10,USC00047195,,",,H,0730",,0.0,2.2,",,H,0730",,,"QUINCY, CA US",22.2,",,H",0.6,",,H",,,,,,,,,,,,,,,,,,,,,,,,,,,True,0.0,0.0,0.0,22.2,0.6,11.4,47.41312188476999,0.0,0.0,0.0,0.0,0.0,0.0,0.05,0.8944114217871819,32.309007691663076,0.0015475560400111533,0.02768303596083433,feather,USC00047195,"QUINCY, CA US",,
2026-03-11,USC00047195,,",,H,0730",,0.0,-1.7,",,H,0730",,,"QUINCY, CA US",18.3,",,H",-1.7,",,H",,,,,,,,,,,,,,,,,,,,,,,,,,,True,0.0,0.0,0.0,18.3,-1.7,8.3,49.35254290615705,0.0,0.0,0.0,0.0,0.0,0.0,0.05,0.7413455992674689,32.309007691663076,0.0015475560400111533,0.02294547719764119,feather,USC00047195,"QUINCY, CA US",,
2026-03-12,USC00047195,,",,H,0730",,0.0,-1.1,",,H,0730",,,"QUINCY, CA US",22.2,",,H",-1.7,",,H",,,,,,,,,,,,,,,,,,,,,,,,,,,True,0.0,0.0,0.0,22.2,-1.7,10.25,43.283903937418906,0.0,0.0,0.0,0.0,0.0,0.0,0.05,0.6160259031254034,32.309007691663076,0.0015475560400111533,0.01906669214370087,feather,USC00047195,"QUINCY, CA US",,
2026-03-13,USC00047195,,",,H,0730",,0.0,-1.7,",,H,0730",,,"QUINCY, CA US",24.4,",,H",-1.7,",,H",,,,,,,,,,,,,,,,,,,,,,,,,,,True,0.0,0.0,0.0,24.4,-1.7,11.35,40.23161800924489,0.0,0.0,0.0,0.0,0.0,0.0,0.05,0.4961326458574439,32.309007691663076,0.0015475560400111533,0.015355861454868034,feather,USC00047195,"QUINCY, CA US",,
2026-03-14,USC00047195,,",,H,0730",,0.0,2.2,",,H,0730",,,"QUINCY, CA US",24.4,",,H",-2.2,",,H",,,,,,,,,,,,,,,,,,,,,,,,,,,True,0.0,0.0,0.0,24.4,-2.2,11.1,39.4237767422922,0.0,0.0,0.0,0.0,0.0,0.0,0.05,0.3276446139906348,32.309007691663076,0.0015475560400111533,0.010140968027166594,feather,USC00047195,"QUINCY, CA US",,
2026-03-15,USC00047195,,",,H,0730",,0.0,0.0,",,H,0730",,,"QUINCY, CA US",22.2,",,H",0.0,",,H",,,,,,,,,,,,,,,,,,,,,,,,,,,True,0.0,0.0,0.0,22.2,0.0,11.1,46.31047180407107,0.0,0.0,0.0,0.0,0.0,0.0,0.05,0.2530315367352706,32.309007691663076,0.0015475560400111533,0.007831609659759441,feather,USC00047195,"QUINCY, CA US",,
2026-03-16,USC00047195,,",,H,0730",,0.0,2.2,",,H,0730",,,"QUINCY, CA US",24.4,",,H",0.0,",,H",,,,,,,,,,,,,,,,,,,,,,,,,,,True,0.0,0.0,0.0,24.4,0.0,12.2,43.06573971666372,0.0,0.0,0.0,0.0,0.0,0.0,0.05,0.2162281629698481,32.309007691663076,0.0015475560400111533,0.006692503992490087,feather,USC00047195,"QUINCY, CA US",,
2026-03-17,USC00047195,,",,H,0730",,0.0,1.7,",,H,0730",,,"QUINCY, CA US",27.8,",,H",1.7,",,H",,,,,,,,,,,,,,,,,,,,,,,,,,,True,0.0,0.0,0.0,27.8,1.7,14.75,41.22910252529956,0.0,0.0,0.0,0.0,0.0,0.0,0.05,0.16291530948416977,32.309007691663076,0.0015475560400111533,0.005042411424050265,feather,USC00047195,"QUINCY, CA US",,
2026-03-18,USC00047195,,",,H,0730",,0.0,2.8,",,H,0730",,,"QUINCY, CA US",28.3,",,H",1.7,",,H",,,,,,,,,,,,,,,,,,,,,,,,,,,True,0.0,0.0,0.0,28.3,1.7,15.0,40.57067716531786,0.0,0.0,0.0,0.0,0.0,0.0,0.05,0.05,32.309007691663076,0.0015475560400111533,0.0015475560400111533,feather,USC00047195,"QUINCY, CA US",,
2026-03-19,USC00047195,,",,H,0730",,0.0,1.7,",,H,0730",,,"QUINCY, CA US",29.4,",,H",1.7,",,H",,,,,,,,,,,,,,,,,,,,,,,,,,,True,0.0,0.0,0.0,29.4,1.7,15.549999999999999,39.16320882919351,0.0,0.0,0.0,0.0,0.0,0.0,0.05,0.05,32.309007691663076,0.0015475560400111533,0.0015475560400111533,feather,USC00047195,"QUINCY, CA US",,
2026-03-20,USC00047195,,",,H,0730",,0.0,2.8,",,H,0730",,,"QUINCY, CA US",29.4,",,H",1.7,",,H",,,,,,,,,,,,,,,,,,,,,,,,,,,True,0.0,0.0,0.0,29.4,1.7,15.549999999999999,39.16320882919351,0.0,0.0,0.0,0.0,0.0,0.0,0.05,0.05,32.309007691663076,0.0015475560400111533,0.0015475560400111533,feather,USC00047195,"QUINCY, CA US",,
2026-03-21,USC00047195,,",,H,0730",,0.0,3.3,",,H,0730",,,"QUINCY, CA US",30.6,",,H",2.8,",,H",,,,,,,,,,,,,,,,,,,,,,,,,,,True,0.0,0.0,0.0,30.6,2.8,16.7,39.35842266032551,0.0,0.0,0.0,0.0,0.0,0.0,0.05,0.05,32.309007691663076,0.0015475560400111533,0.0015475560400111533,feather,USC00047195,"QUINCY, CA US",,
2026-03-22,USC00047195,,",,H,0730",,0.0,3.3,",,H,0730",,,"QUINCY, CA US",26.1,",,H",2.8,",,H",,,,,,,,,,,,,,,,,,,,,,,,,,,True,0.0,0.0,0.0,26.1,2.8,14.450000000000001,45.45935797657426,0.0,0.0,0.0,0.0,0.0,0.0,0.05,0.05,32.309007691663076,0.0015475560400111533,0.0015475560400111533,feather,USC00047195,"QUINCY, CA US",,
2026-03-23,USC00047195,,",,H,0730",,0.0,5.0,",,H,0730",,,"QUINCY, CA US",26.1,",,H",2.8,",,H",,,,,,,,,,,,,,,,,,,,,,,,,,,True,0.0,0.0,0.0,26.1,2.8,14.450000000000001,45.45935797657426,0.0,0.0,0.0,0.0,0.0,0.0,0.05,0.05,32.309007691663076,0.0015475560400111533,0.0015475560400111533,feather,USC00047195,"QUINCY, CA US",,
2026-03-24,USC00047195,,",,H,0730",,0.0,3.9,",,H,0730",,,"QUINCY, CA US",23.9,",,H",3.9,",,H",,,,,,,,,,,,,,,,,,,,,,,,,,,True,0.0,0.0,0.0,23.9,3.9,13.899999999999999,50.90931533382015,0.0,0.0,0.0,0.0,0.0,0.0,0.05,0.05,32.309007691663076,0.0015475560400111533,0.0015475560400111533,feather,USC00047195,"QUINCY, CA US",,
2026-03-25,USC00047195,,",,H,0730",,0.0,1.1,",,H,0730",,,"QUINCY, CA US",25.6,",,H",1.1,",,H",,,,,,,,,,,,,,,,,,,,,,,,,,,True,0.0,0.0,0.0,25.6,1.1,13.350000000000001,43.244214885111816,0.0,0.0,0.0,0.0,0.0,0.0,0.05,0.05,32.309007691663076,0.0015475560400111533,0.0015475560400111533,feather,USC00047195,"QUINCY, CA US",,
2026-03-26,USC00047195,,",,H,0730",,0.0,2.8,",,H,0730",,,"QUINCY, CA US",24.4,",,H",1.1,",,H",,,,,,,,,,,,,,,,,,,,,,,,,,,True,0.0,0.0,0.0,24.4,1.1,12.75,44.97259500474743,0.0,0.0,0.0,0.0,0.0,0.0,0.05,0.05,32.309007691663076,0.0015475560400111533,0.0015475560400111533,feather,USC00047195,"QUINCY, CA US",,
2026-03-27,USC00047195,,",,H,0730",,0.0,-0.6,",,H,0730",,,"QUINCY, CA US",22.8,",,H",-0.6,",,H",,,,,,,,,,,,,,,,,,,,,,,,,,,True,0.0,0.0,0.0,22.8,-0.6,11.1,44.33387549239563,0.0,0.0,0.0,0.0,0.0,0.0,0.05,0.05,32.309007691663076,0.0015475560400111533,0.0015475560400111533,feather,USC00047195,"QUINCY, CA US",,
2026-03-28,USC00047195,,",,H,0730",,0.0,0.6,",,H,0730",,,"QUINCY, CA US",23.9,",,H",-0.6,",,H",,,,,,,,,,,,,,,,,,,,,,,,,,,True,0.0,0.0,0.0,23.9,-0.6,11.649999999999999,42.749199535636976,0.0,0.0,0.0,0.0,0.0,0.0,0.05,0.05,32.309007691663076,0.0015475560400111533,0.0015475560400111533,feather,USC00047195,"QUINCY, CA US",,
2026-03-29,USC00047195,,",,H,0730",,0.0,1.7,",,H,0730",,,"QUINCY, CA US",25.6,",,H",0.6,",,H",,,,,,,,,,,,,,,,,,,,,,,,,,,True,0.0,0.0,0.0,25.6,0.6,13.100000000000001,42.4006228233788,0.0,0.0,0.0,0.0,0.0,0.0,0.05,0.05,32.309007691663076,0.0015475560400111533,0.0015475560400111533,feather,USC00047195,"QUINCY, CA US",,
2026-03-30,USC00047195,,",,H,0730",,0.0,3.3,",,H,0730",,,"QUINCY, CA US",25.6,",,H",1.7,",,H",,,,,,,,,,,,,,,,,,,,,,,,,,,True,0.0,0.0,0.0,25.6,1.7,13.65,44.271967291265206,0.0,0.0,0.0,0.0,0.0,0.0,0.05,0.05,32.309007691663076,0.0015475560400111533,0.0015475560400111533,feather,USC00047195,"QUINCY, CA US",,
2026-03-31,USC00047195,,"T,,H,0730",,0.0,8.9,",,H,0730",,,"QUINCY, CA US",22.8,",,H",3.3,",,H",,,,,,,,,,,,,,,,,,,,,,,,,,,True,0.0,0.0,0.0,22.8,3.3,13.05,51.57982600108907,0.0,0.0,0.0,0.0,0.0,0.0,0.05,0.05,32.309007691663076,0.0015475560400111533,0.0015475560400111533,feather,USC00047195,"QUINCY, CA US",,
2026-04-01,USC00047195,0.0,",,7,0730",",,7",20.3,6.7,",,7,0730",",,7",0.0,"QUINCY, CA US",12.2,",,7",6.1,",,7",,,,,,,,,,,,,,,,,,,,,,,,,,,True,20.3,0.0,0.0,12.2,6.1,9.149999999999999,81.22567972609981,0.006128398630499064,20.3,0.0,0.0,0.0,20.3061283986305,0.05,3.786913780386849,32.309007691663076,0.0015475560400111533,0.11720922587678276,feather,USC00047195,"QUINCY, CA US",,
2026-04-02,USC00047195,0.0,",,7,0730",",,7",30.2,1.7,",,7,0730",",,7",0.0,"QUINCY, CA US",10.0,",,7",1.7,",,7",,,,,,,,,,,,,,,,,,,,,,,,,,,True,30.2,0.0,0.0,10.0,1.7,5.85,74.68891533313123,0.0,30.2,0.0,0.0,0.0,30.2,0.05,8.667197984329572,32.309007691663076,0.0015475560400111533,0.2682594918124344,feather,USC00047195,"QUINCY, CA US",,
2026-04-03,USC00047195,0.0,",,7,0730",",,7",0.0,-2.2,",,7,0730",",,7",0.0,"QUINCY, CA US",13.3,",,7",-3.3,",,7",,,,,,,,,,,,,,,,,,,,,,,,,,,True,0.0,0.0,0.0,13.3,-3.3,5.0,54.99697448562967,0.0,0.0,0.0,0.0,0.0,0.0,0.05,7.105164995132218,32.309007691663076,0.0015475560400111533,0.21991282006985358,feather,USC00047195,"QUINCY, CA US",,
2026-04-04,USC00047195,0.0,",,7,0730",",,7",0.0,-2.2,",,7,0730",",,7",0.0,"QUINCY, CA US",20.6,",,7",-2.8,",,7",,,,,,,,,,,,,,,,,,,,,,,,,,,True,0.0,0.0,0.0,20.6,-2.8,8.9,43.69056281884078,0.0,0.0,0.0,0.0,0.0,0.0,0.05,5.826280549554016,32.309007691663076,0.0015475560400111533,0.18032991310523638,feather,USC00047195,"QUINCY, CA US",,
2026-04-05,USC00047195,0.0,",,7,0730",",,7",0.0,0.0,",,7,0730",",,7",0.0,"QUINCY, CA US",24.4,",,7",-2.2,",,7",,,,,,,,,,,,,,,,,,,,,,,,,,,True,0.0,0.0,0.0,24.4,-2.2,11.1,39.4237767422922,0.0,0.0,0.0,0.0,0.0,0.0,0.05,4.779218524326059,32.309007691663076,0.0015475560400111533,0.14792216987707968,feather,USC00047195,"QUINCY, CA US",,
2026-04-06,USC00047195,0.0,",,7,0730",",,7",0.0,1.7,",,7,0730",",,7",0.0,"QUINCY, CA US",25.6,",,7",0.0,",,7",,,,,,,,,,,,,,,,,,,,,,,,,,,True,0.0,0.0,0.0,25.6,0.0,12.8,41.40365079032485,0.0,0.0,0.0,0.0,0.0,0.0,0.05,3.921956643891816,32.309007691663076,0.0015475560400111533,0.12138895385833302,feather,USC00047195,"QUINCY, CA US",,
2026-04-07,USC00047195,0.0,",,7,0730",",,7",0.0,1.1,",,7,0730",",,7",0.0,"QUINCY, CA US",25.0,",,7",0.6,",,7",,,,,,,,,,,,,,,,,,,,,,,,,,,True,0.0,0.0,0.0,25.0,0.6,12.8,43.24031437478956,0.0,0.0,0.0,0.0,0.0,0.0,0.05,3.220089978938842,32.309007691663076,0.0015475560400111533,0.09966539392572385,feather,USC00047195,"QUINCY, CA US",,
2026-04-08,USC00047195,0.0,",,7,0730",",,7",0.0,2.8,",,7,0730",",,7",0.0,"QUINCY, CA US",23.9,",,7",1.1,",,7",,,,,,,,,,,,,,,,,,,,,,,,,,,True,0.0,0.0,0.0,23.9,1.1,12.5,45.71546848867702,0.0,0.0,0.0,0.0,0.0,0.0,0.05,2.6454501557815617,32.309007691663076,0.0015475560400111533,0.08187964734256405,feather,USC00047195,"QUINCY, CA US",,
2026-04-09,USC00047195,0.0,",,7,0730",",,7",0.0,7.2,",,7,0730",",,7",0.0,"QUINCY, CA US",22.8,",,7",2.8,",,7",,,,,,,,,,,,,,,,,,,,,,,,,,,True,0.0,0.0,0.0,22.8,2.8,12.8,50.607985456671784,0.0,0.0,0.0,0.0,0.0,0.0,0.05,2.174974860619403,32.309007691663076,0.0015475560400111533,0.06731790964847946,feather,USC00047195,"QUINCY, CA US",,
2026-04-10,USC00047195,0.0,",,7,0730",",,7",16.5,8.3,",,7,0730",",,7",0.0,"QUINCY, CA US",20.0,",,7",7.2,",,7",,,,,,,,,,,,,,,,,,,,,,,,,,,True,16.5,0.0,0.0,20.0,7.2,13.6,65.25418716134025,0.0,16.5,0.0,0.0,0.0,16.5,0.05,4.8262585555549915,32.309007691663076,0.0015475560400111533,0.14937811156609263,feather,USC00047195,"QUINCY, CA US",,
2026-04-11,USC00047195,0.0,",,7,0730",",,7",23.4,6.1,",,7,0730",",,7",0.0,"QUINCY, CA US",11.1,",,7",5.6,",,7",,,,,,,,,,,,,,,,,,,,,,,,,,,True,23.4,0.0,0.0,11.1,5.6,8.35,82.82331310548585,0.01411656552742926,23.4,0.0,0.0,0.0,23.41411656552743,0.05,8.26934308211239,32.309007691663076,0.0015475560400111533,0.2559454366729495,feather,USC00047195,"QUINCY, CA US",,
2026-04-12,USC00047195,0.0,",,7,0730","T,,7",42.4,1.7,",,7,0730",",,7",0.0,"QUINCY, CA US",11.1,",,7",0.6,",,7",,,,,,,,,,,,,,,,,,,,,,,,,,,True,42.4,0.0,0.0,11.1,0.6,5.85,69.01404642588602,0.0,42.4,0.0,0.0,0.0,42.4,0.05,14.58225286635069,32.309007691663076,0.0015475560400111533,0.45133707000581924,feather,USC00047195,"QUINCY, CA US",,
2026-04-13,USC00047195,0.0,",,7,0730",",,7",11.9,2.2,",,7,0730",",,7",0.0,"QUINCY, CA US",6.7,",,7",1.7,",,7",,,,,,,,,,,,,,,,,,,",,7",    1,,,,,,,True,11.9,0.0,0.0,6.7,1.7,4.2,83.77968784653922,0.01889843923269609,11.9,0.0,0.0,0.0,11.918898439232697,0.05,14.141423695951703,32.309007691663076,0.0015475560400111533,0.4376929131005381,feather,USC00047195,"QUINCY, CA US",,
2026-04-14,USC00047195,0.0,",,7,0730",",,7",0.0,1.1,",,7,0730",",,7",0.0,"QUINCY, CA US",13.9,",,7",0.6,",,7",,,,,,,,,,,,,,,,,,,",,7",    1,,,,,,,True,0.0,0.0,0.0,13.9,0.6,7.25,62.67994919472807,0.0,0.0,0.0,0.0,0.0,0.0,0.05,11.587081934527458,32.309007691663076,0.0015475560400111533,0.35863317267764167,feather,USC00047195,"QUINCY, CA US",,
2026-04-15,USC00047195,0.0,",,7,0730",",,7",0.0,2.8,",,7,0730",",,7",0.0,"QUINCY, CA US",16.1,",,7",1.1,",,7",,,,,,,,,,,,,,,,,,,,,,,,,,,True,0.0,0.0,0.0,16.1,1.1,8.600000000000001,59.27768901810206,0.0,0.0,0.0,0.0,0.0,0.0,0.05,9.495763780578045,32.309007691663076,0.0015475560400111533,0.29390453186305393,feather,USC00047195,"QUINCY, CA US",,
2026-04-16,USC00047195,0.0,",,7,0730",",,7",0.0,5.6,",,7,0730",",,7",0.0,"QUINCY, CA US",16.7,",,7",2.8,",,7",,,,,,,,,,,,,,,,,,,,,,,,,,,True,0.0,0.0,0.0,16.7,2.8,9.75,61.937260496230486,0.0,0.0,0.0,0.0,0.0,0.0,0.05,7.783537293469388,32.309007691663076,0.0015475560400111533,0.2409092030232123,feather,USC00047195,"QUINCY, CA US",,
2026-04-17,USC00047195,0.0,",,7,0730",",,7",0.0,-2.2,",,7,0730",",,7",0.0,"QUINCY, CA US",15.0,",,7",-2.8,",,7",,,,,,,,,,,,,,,,,,,,,,,,,,,True,0.0,0.0,0.0,15.0,-2.8,6.1,52.89009741734592,0.0,0.0,0.0,0.0,0.0,0.0,0.05,6.381684812238849,32.309007691663076,0.0015475560400111533,0.19752029753255346,feather,USC00047195,"QUINCY, CA US",,
2026-04-18,USC00047195,0.0,",,7,0730",",,7",0.0,0.6,",,7,0730",",,7",0.0,"QUINCY, CA US",19.4,",,7",-2.2,",,7",,,,,,,,,,,,,,,,,,,,,,,,,,,True,0.0,0.0,0.0,19.4,-2.2,8.6,46.61034859223722,0.0,0.0,0.0,0.0,0.0,0.0,0.05,5.2339450745767335,32.309007691663076,0.0015475560400111533,0.16199646626495698,feather,USC00047195,"QUINCY, CA US",,
2026-04-19,USC00047195,0.0,",,7,0730",",,7",0.0,3.9,",,7,0730",",,7",0.0,"QUINCY, CA US",22.8,",,7",0.6,",,7",,,,,,,,,,,,,,,,,,,,,,,,,,,True,0.0,0.0,0.0,22.8,0.6,11.700000000000001,46.48234410817814,0.0,0.0,0.0,0.0,0.0,0.0,0.05,4.294255254823103,32.309007691663076,0.0015475560400111533,0.13291201313902254,feather,USC00047195,"QUINCY, CA US",,
2026-04-20,USC00047195,0.0,",,7,0730",",,7",0.0,5.0,",,7,0730",",,7",0.0,"QUINCY, CA US",21.1,",,7",3.3,",,7",,,,,,,,,,,,,,,,,,,,,,,,,,,True,0.0,0.0,0.0,21.1,3.3,12.200000000000001,54.534546384906896,0.0,0.0,0.0,0.0,0.0,0.0,0.05,3.524902301036501,32.309007691663076,0.0015475560400111533,0.10909967692836499,feather,USC00047195,"QUINCY, CA US",,
2026-04-21,USC00047195,0.0,",,7,0730",",,7",6.1,5.0,",,7,0730",",,7",0.0,"QUINCY, CA US",20.0,",,7",5.0,",,7",,,,,,,,,,,,,,,,,,,,,,,,,,,True,6.1,0.0,0.0,20.0,5.0,12.5,60.238444059528916,0.0,6.1,0.0,0.0,0.0,6.1,0.05,4.017585459900303,32.309007691663076,0.0015475560400111533,0.12434877289459402,feather,USC00047195,"QUINCY, CA US",,
2026-04-22,USC00047195,0.0,",,7,0730",",,7",11.2,2.8,",,7,0730",",,7",0.0,"QUINCY, CA US",10.0,",,7",2.2,",,7",,,,,,,,,,,,,,,,,,,,,,,,,,,True,11.2,0.0,0.0,10.0,2.2,6.1,76.07701099632224,0.0,11.2,0.0,0.0,0.0,11.2,0.05,5.303470352102607,32.309007691663076,0.0015475560400111533,0.16414835152832935,feather,USC00047195,"QUINCY, CA US",,
2026-04-23,USC00047195,0.0,",,7,0730",",,7",0.0,0.0,",,7,0730",",,7",0.0,"QUINCY, CA US",13.3,",,7",0.0,",,7",,,,,,,,,,,,,,,,,,,",,7",    1,,,,,,,True,0.0,0.0,0.0,13.3,0.0,6.65,62.53729640408849,0.0,0.0,0.0,0.0,0.0,0.0,0.05,4.267837243968809,32.309007691663076,0.0015475560400111533,0.13209434609376966,feather,USC00047195,"QUINCY, CA US",,
2026-04-24,USC00047195,0.0,",,7,0730",",,7",0.0,2.8,",,7,0730",",,7",0.0,"QUINCY, CA US",20.0,",,7",0.0,",,7",,,,,,,,,,,,,,,,,,,",,7",    1,,,,,,,True,0.0,0.0,0.0,20.0,0.0,10.0,49.83113518218205,0.0,0.0,0.0,0.0,0.0,0.0,0.05,3.503273063114942,32.309007691663076,0.0015475560400111533,0.10843022777263804,feather,USC00047195,"QUINCY, CA US",,
2026-04-25,USC00047195,0.0,",,7,0730",",,7",0.0,2.8,",,7,0730",",,7",0.0,"QUINCY, CA US",20.0,",,7",1.7,",,7",,,,,,,,,,,,,,,,,,,,,,,,,,,True,0.0,0.0,0.0,20.0,1.7,10.85,53.21769199976543,0.0,0.0,0.0,0.0,0.0,0.0,0.05,2.8773008555480053,32.309007691663076,0.0015475560400111533,0.08905568635865148,feather,USC00047195,"QUINCY, CA US",,
2026-04-26,USC00047195,0.0,",,7,0730",",,7",0.8,6.1,",,7,0730",",,7",0.0,"QUINCY, CA US",18.3,",,7",2.8,",,7",,,,,,,,,,,,,,,,,,,,,,,,,,,True,0.8,0.0,0.0,18.3,2.8,10.55,58.71321983499202,0.0,0.8,0.0,0.0,0.0,0.8,0.05,2.512021251375304,32.309007691663076,0.0015475560400111533,0.07774987320404454,feather,USC00047195,"QUINCY, CA US",,
2026-04-27,USC00047195,0.0,",,7,0730",",,7",0.0,4.4,",,7,0730",",,7",0.0,"QUINCY, CA US",13.3,",,7",3.3,",,7",,,,,,,,,,,,,,,,,,,,,,,,,,,True,0.0,0.0,0.0,13.3,3.3,8.3,70.75664604357145,0.0,0.0,0.0,0.0,0.0,0.0,0.05,2.0657325132324975,32.309007691663076,0.0015475560400111533,0.06393673655800743,feather,USC00047195,"QUINCY, CA US",,
2026-04-28,USC00047195,0.0,",,7,0730",",,7",2.5,3.3,",,7,0730",",,7",0.0,"QUINCY, CA US",16.1,",,7",2.8,",,7",,,,,,,,,,,,,,,,,,,",,7",    1,,,,,,,True,2.5,0.0,0.0,16.1,2.8,9.450000000000001,63.196926401297894,0.0,2.5,0.0,0.0,0.0,2.5,0.05,2.1604143633578112,32.309007691663076,0.0015475560400111533,0.06686724593882462,feather,USC00047195,"QUINCY, CA US",,
2026-04-29,USC00047195,0.0,",,7,0730",",,7",2.5,5.0,",,7,0730",",,7",0.0,"QUINCY, CA US",20.0,",,7",3.3,",,7",,,,,,,,,,,,,,,,,,,",,7",    1,,,    1,",,7",,,True,2.5,0.0,0.0,20.0,3.3,11.65,56.54722395673351,0.0,2.5,0.0,0.0,0.0,2.5,0.05,2.237933305813725,32.309007691663076,0.0015475560400111533,0.06926654409108314,feather,USC00047195,"QUINCY, CA US",,
2026-04-30,USC00047195,0.0,",,7,0730",",,7",0.0,4.4,",,7,0730",",,7",0.0,"QUINCY, CA US",22.8,",,7",2.8,",,7",,,,,,,,,,,,,,,,,,,,,,,,,,,True,0.0,0.0,0.0,22.8,2.8,12.8,50.607985456671784,0.0,0.0,0.0,0.0,0.0,0.0,0.05,1.8413282831532698,32.309007691663076,0.0015475560400111533,0.05699117412474419,feather,USC00047195,"QUINCY, CA US",,
2026-05-01,USC00047195,0.0,",,7,0730",",,7",0.0,5.6,",,7,0730",",,7",0.0,"QUINCY, CA US",25.6,",,7",3.9,",,7",,,,,,,,,,,,,,,,,,,,,,,,,,,True,0.0,0.0,0.0,25.6,3.9,14.75,48.18634249072101,0.0,0.0,0.0,0.0,0.0,0.0,0.05,1.471081840840976,32.309007691663076,0.0015475560400111533,0.045531631762883565,feather,USC00047195,"QUINCY, CA US",,
2026-05-02,USC00047195,0.0,",,7,0730",",,7",0.0,6.7,",,7,0730",",,7",0.0,"QUINCY, CA US",26.1,",,7",5.6,",,7",,,,,,,,,,,,,,,,,,,,,,,,,,,True,0.0,0.0,0.0,26.1,5.6,15.850000000000001,50.555705127944655,0.0,0.0,0.0,0.0,0.0,0.0,0.05,1.148869364886986,32.309007691663076,0.0015475560400111533,0.03555879449629266,feather,USC00047195,"QUINCY, CA US",,
2026-05-03,USC00047195,0.0,",,7,0730",",,7",0.0,10.0,",,7,0730",",,7",0.0,"QUINCY, CA US",25.0,",,7",6.7,",,7",,,,,,,,,,,,,,,,,,,,,,,,,,,True,0.0,0.0,0.0,25.0,6.7,15.85,54.541293635084436,0.0,0.0,0.0,0.0,0.0,0.0,0.05,0.8326702972153046,32.309007691663076,0.0015475560400111533,0.025772078955868534,feather,USC00047195,"QUINCY, CA US",,
2026-05-04,USC00047195,0.0,",,7,0730",",,7",3.6,10.6,",,7,0730",",,7",0.0,"QUINCY, CA US",25.6,",,7",9.4,",,7",,,,,,,,,,,,,,,,,,,,,,,    1,",,7",,,True,3.6,0.0,0.0,25.6,9.4,17.5,59.00519066103887,0.0,3.6,0.0,0.0,0.0,3.6,0.05,1.3204085406109198,32.309007691663076,0.0015475560400111533,0.040868124246094824,feather,USC00047195,"QUINCY, CA US",,
2026-05-05,USC00047195,0.0,",,7,0730",",,7",1.0,9.4,",,7,0730",",,7",0.0,"QUINCY, CA US",16.1,",,7",8.3,",,7",,,,,,,,,,,,,,,,,,,,,,,,,,,True,1.0,0.0,0.0,16.1,8.3,12.200000000000001,77.07339088871583,0.0,1.0,0.0,0.0,0.0,1.0,0.05,1.2741514070891562,32.309007691663076,0.0015475560400111533,0.03943641411859067,feather,USC00047195,"QUINCY, CA US",,
2026-05-06,USC00047195,0.0,,",,7",,,,",,7",0.0,"QUINCY, CA US",,,,,,,,,,,,,,,,,,,,,,,,,,,,,,,True,0.0,0.0,0.0,22.200000000000003,7.5,14.850000000000001,61.42922082644789,0.0,0.0,0.0,0.0,0.0,0.0,0.05,1.0522504034075761,32.309007691663076,0.0015475560400111533,0.03256832934795134,feather,USC00047195,"QUINCY, CA US",,
2026-05-07,USC00047195,0.0,",,7,0730",",,7",0.0,8.3,",,7,0730",",,7",0.0,"QUINCY, CA US",28.3,",,7",6.7,",,7",,,,,,,,,,,,,,,,,,,,,,,,,,,True,0.0,0.0,0.0,28.3,6.7,17.5,49.11539884465942,0.0,0.0,0.0,0.0,0.0,0.0,0.05,0.8705732275545959,32.309007691663076,0.0015475560400111533,0.026945217131482378,feather,USC00047195,"QUINCY, CA US",,
2026-05-08,USC00047195,0.0,",,7,0730",",,7",0.0,7.8,",,7,0730",",,7",0.0,"QUINCY, CA US",26.1,",,7",5.6,",,7",,,,,,,,,,,,,,,,,,,,,,,,,,,True,0.0,0.0,0.0,26.1,5.6,15.850000000000001,50.555705127944655,0.0,0.0,0.0,0.0,0.0,0.0,0.05,0.7218285365514046,32.309007691663076,0.0015475560400111533,0.02234140223185075,feather,USC00047195,"QUINCY, CA US",,
2026-05-09,USC00047195,0.0,",,7,0730",",,7",0.0,8.9,",,7,0730",",,7",0.0,"QUINCY, CA US",27.2,",,7",6.7,",,7",,,,,,,,,,,,,,,,,,,,,,,,,,,True,0.0,0.0,0.0,27.2,6.7,16.95,50.85372242133063,0.0,0.0,0.0,0.0,0.0,0.0,0.05,0.6000466836700099,32.309007691663076,0.0015475560400111533,0.018572117392043713,feather,USC00047195,"QUINCY, CA US",,
2026-05-10,USC00047195,0.0,",,7,0730",",,7",0.0,9.4,",,7,0730",",,7",0.0,"QUINCY, CA US",30.6,",,7",7.2,",,7",,,,,,,,,,,,,,,,,,,,,,,,,,,True,0.0,0.0,0.0,30.6,7.2,18.900000000000002,46.55201872704068,0.0,0.0,0.0,0.0,0.0,0.0,0.05,0.5003401355491937,32.309007691663076,0.0015475560400111533,0.015486087976583076,feather,USC00047195,"QUINCY, CA US",,
2026-05-11,USC00047195,0.0,",,7,0730",",,7",0.0,10.0,",,7,0730",",,7",0.0,"QUINCY, CA US",31.1,",,7",8.3,",,7",,,,,,,,,,,,,,,,,,,,,,,,,,,True,0.0,0.0,0.0,31.1,8.3,19.700000000000003,47.73641156517191,0.0,0.0,0.0,0.0,0.0,0.0,0.05,0.4187073183194317,32.309007691663076,0.0015475560400111533,0.012959460789242181,feather,USC00047195,"QUINCY, CA US",,
2026-05-12,USC00047195,0.0,",,7,0730",",,7",0.0,10.6,",,7,0730",",,7",0.0,"QUINCY, CA US",31.1,",,7",7.2,",,7",,,,,,,,,,,,,,,,,,,,,,,,,,,True,0.0,0.0,0.0,31.1,7.2,19.150000000000002,45.83176437424018,0.0,0.0,0.0,0.0,0.0,0.0,0.05,0.33503834451706593,32.309007691663076,0.0015475560400111533,0.01036981227385446,feather,USC00047195,"QUINCY, CA US",,
2026-05-13,USC00047195,0.0,",,7,0730",",,7",0.0,10.0,",,7,0730",",,7",0.0,"QUINCY, CA US",30.0,",,7",7.2,",,7",,,,,,,,,,,,,,,,,,,,,,,,,,,True,0.0,0.0,0.0,30.0,7.2,18.6,47.43314623803401,0.0,0.0,0.0,0.0,0.0,0.0,0.05,0.2524619257066874,32.309007691663076,0.0015475560400111533,0.007813979560004623,feather,USC00047195,"QUINCY, CA US",,
2026-05-14,USC00047195,0.0,",,7,0730",",,7",0.0,6.1,",,7,0730",",,7",0.0,"QUINCY, CA US",25.0,",,7",3.9,",,7",,,,,,,,,,,,,,,,,,,,,,,,,,,True,0.0,0.0,0.0,25.0,3.9,14.45,49.12831099899017,0.0,0.0,0.0,0.0,0.0,0.0,0.05,0.2157618049034546,32.309007691663076,0.0015475560400111533,0.006678069687640984,feather,USC00047195,"QUINCY, CA US",,
2026-05-15,USC00047195,0.0,",,7,0730",",,7",0.0,7.8,",,7,0730",",,7",0.0,"QUINCY, CA US",28.3,",,7",4.4,",,7",,,,,,,,,,,,,,,,,,,,,,,,,,,True,0.0,0.0,0.0,28.3,4.4,16.35,45.043635455536254,0.0,0.0,0.0,0.0,0.0,0.0,0.05,0.18571428736017087,32.309007691663076,0.0015475560400111533,0.005748065342411988,feather,USC00047195,"QUINCY, CA US",,
2026-05-16,USC00047195,0.0,",,7,0730",",,7",0.0,7.8,",,7,0730",",,7",0.0,"QUINCY, CA US",26.7,",,7",6.7,",,7",,,,,,,,,,,,,,,,,,,,,,,,,,,True,0.0,0.0,0.0,26.7,6.7,16.7,51.666594589758205,0.0,0.0,0.0,0.0,0.0,0.0,0.05,0.16111346069383436,32.309007691663076,0.0015475560400111533,0.004986642184476858,feather,USC00047195,"QUINCY, CA US",,
2026-05-17,USC00047195,0.0,",,7,0730",",,7",0.0,5.0,",,7,0730",",,7",0.0,"QUINCY, CA US",22.2,",,7",2.2,",,7",,,,,,,,,,,,,,,,,,,,,,,,,,,True,0.0,0.0,0.0,22.2,2.2,12.2,50.44270820580822,0.0,0.0,0.0,0.0,0.0,0.0,0.05,0.13876431215411578,32.309007691663076,0.0015475560400111533,0.004294910988241899,feather,USC00047195,"QUINCY, CA US",,
2026-05-18,USC00047195,0.0,",,7,0730",",,7",0.0,9.4,",,7,0730",",,7",0.0,"QUINCY, CA US",15.6,",,7",5.0,",,7",,,,,,,,,,,,,,,,,,,,,,,,,,,True,0.0,0.0,0.0,15.6,5.0,10.3,69.67761376682229,0.0,0.0,0.0,0.0,0.0,0.0,0.05,0.12267407213638827,32.309007691663076,0.0015475560400111533,0.0037969000257486317,feather,USC00047195,"QUINCY, CA US",,
2026-05-19,USC00047195,0.0,",,7,0730",",,7",0.0,3.3,",,7,0730",",,7",0.0,"QUINCY, CA US",21.1,",,7",-0.6,",,7",,,,,,,,,,,,,,,,,,,,,,,,,,,True,0.0,0.0,0.0,21.1,-0.6,10.25,46.91382314250938,0.0,0.0,0.0,0.0,0.0,0.0,0.05,0.10260145031931893,32.309007691663076,0.0015475560400111533,0.0031756298831113255,feather,USC00047195,"QUINCY, CA US",,
2026-05-20,USC00047195,0.0,",,7,0730",",,7",0.0,6.7,",,7,0730",",,7",0.0,"QUINCY, CA US",24.4,",,7",3.3,",,7",,,,,,,,,,,,,,,,,,,,,,,,,,,True,0.0,0.0,0.0,24.4,3.3,13.85,48.96179519420613,0.0,0.0,0.0,0.0,0.0,0.0,0.05,0.0861673775427802,32.309007691663076,0.0015475560400111533,0.002666976911365018,feather,USC00047195,"QUINCY, CA US",,
2026-05-21,USC00047195,0.0,",,7,0730",",,7",0.0,8.9,",,7,0730",",,7",0.0,"QUINCY, CA US",27.2,",,7",6.7,",,7",,,,,,,,,,,,,,,,,,,,,,,,,,,True,0.0,0.0,0.0,27.2,6.7,16.95,50.85372242133063,0.0,0.0,0.0,0.0,0.0,0.0,0.05,0.07961134425245613,32.309007691663076,0.0015475560400111533,0.002464060333025914,feather,USC00047195,"QUINCY, CA US",,
2026-05-22,USC00047195,0.0,",,7,0730",",,7",0.5,9.4,",,7,0730",",,7",0.0,"QUINCY, CA US",29.4,",,7",8.9,",,7",,,,,,,,,,,,,,,,,,,",,7",    1,,,,,,,True,0.5,0.0,0.0,29.4,8.9,19.15,51.44342732081729,0.0,0.5,0.0,0.0,0.0,0.5,0.05,0.1662581511385038,32.309007691663076,0.0015475560400111533,0.005145876119909575,feather,USC00047195,"QUINCY, CA US",,
2026-05-23,USC00047195,0.0,",,7,0730",",,7",0.0,10.6,",,7,0730",",,7",0.0,"QUINCY, CA US",30.0,",,7",7.8,",,7",,,,,,,,,,,,,,,,,,,,,,,,,,,True,0.0,0.0,0.0,30.0,7.8,18.9,48.49766835545284,0.0,0.0,0.0,0.0,0.0,0.0,0.05,0.14518412363308109,32.309007691663076,0.0015475560400111533,0.004493611348842013,feather,USC00047195,"QUINCY, CA US",,
2026-05-24,USC00047195,0.0,",,7,0730",",,7",0.0,7.2,",,7,0730",",,7",0.0,"QUINCY, CA US",28.3,",,7",4.4,",,7",,,,,,,,,,,,,,,,,,,,,,,,,,,True,0.0,0.0,0.0,28.3,4.4,16.35,45.043635455536254,0.0,0.0,0.0,0.0,0.0,0.0,0.05,0.12793016922318018,32.309007691663076,0.0015475560400111533,0.003959582121619628,feather,USC00047195,"QUINCY, CA US",,
2026-05-25,USC00047195,0.0,",,7,0730",",,7",0.0,8.9,",,7,0730",",,7",0.0,"QUINCY, CA US",28.9,",,7",6.1,",,7",,,,,,,,,,,,,,,,,,,,,,,,,,,True,0.0,0.0,0.0,28.9,6.1,17.5,47.12790700163398,0.0,0.0,0.0,0.0,0.0,0.0,0.05,0.10386919774977313,32.309007691663076,0.0015475560400111533,0.003214868086975486,feather,USC00047195,"QUINCY, CA US",,
2026-05-26,USC00047195,0.0,",,7,0730",",,7",0.0,9.4,",,7,0730",",,7",0.0,"QUINCY, CA US",26.7,",,7",8.9,",,7",,,,,,,,,,,,,,,,,,,,,,,,,,,True,0.0,0.0,0.0,26.7,8.9,17.8,55.98253992392768,0.0,0.0,0.0,0.0,0.0,0.0,0.05,0.09134474984531854,32.309007691663076,0.0015475560400111533,0.002827222386928611,feather,USC00047195,"QUINCY, CA US",,
2026-05-27,USC00047195,0.0,",,7,0730",",,7",13.7,5.6,",,7,0730",",,7",0.0,"QUINCY, CA US",11.7,",,7",4.4,",,7",,,,,,,,,,,,,,,,,,,,,,,,,,,True,13.7,0.0,0.0,11.7,4.4,8.05,77.75152497912298,0.0,13.7,0.0,0.0,0.0,13.7,0.05,2.6050456812543477,32.309007691663076,0.0015475560400111533,0.0806290835706027,feather,USC00047195,"QUINCY, CA US",,
2026-05-28,USC00047195,0.0,",,7,0730",",,7",1.3,7.2,",,7,0730",",,7",0.0,"QUINCY, CA US",10.6,",,7",5.6,",,7",,,,,,,,,,,,,,,,,,,,,,,,,,,True,1.3,0.0,0.0,10.6,5.6,8.1,84.24016387535242,0.021200819376762114,1.3,0.0,0.0,0.0,1.3212008193767621,0.05,2.3850335632019584,32.309007691663076,0.0015475560400111533,0.07381946192725027,feather,USC00047195,"QUINCY, CA US",,
2026-05-29,USC00047195,0.0,",,7,0730",",,7",13.0,9.4,",,7,0730",",,7",0.0,"QUINCY, CA US",17.8,",,7",7.2,",,7",,,,,,,,,,,,,,,,,,,,,,,,,,,True,13.0,0.0,0.0,17.8,7.2,12.5,70.1151217532085,0.0,13.0,0.0,0.0,0.0,13.0,0.05,4.3541390445977175,32.309007691663076,0.0015475560400111533,0.1347654835503118,feather,USC00047195,"QUINCY, CA US",,
2026-05-30,USC00047195,0.0,",,7,0730",",,7",0.0,8.3,",,7,0730",",,7",0.0,"QUINCY, CA US",14.4,",,7",7.8,",,7",,,,,,,,,,,,,,,,,,,",,7",    1,,,,,,,True,0.0,0.0,0.0,14.4,7.8,11.1,80.11207820272737,0.000560391013636874,0.0,0.0,0.0,0.0,0.000560391013636874,0.05,3.5740341294585454,32.309007691663076,0.0015475560400111533,0.11062036208499151,feather,USC00047195,"QUINCY, CA US",,
2026-05-31,USC00047195,0.0,",,7,0730",",,7",0.0,6.7,",,7,0730",",,7",0.0,"QUINCY, CA US",21.7,",,7",5.0,",,7",,,,,,,,,,,,,,,,,,,",,7",    1,,,,,,,True,0.0,0.0,0.0,21.7,5.0,13.35,56.98211798704991,0.0,0.0,0.0,0.0,0.0,0.0,0.05,2.935235116684105,32.309007691663076,0.0015475560400111533,0.09084881667354658,feather,USC00047195,"QUINCY, CA US",,
2026-06-01,USC00047195,0.0,",,7,0730",",,7",0.0,8.9,",,7,0730",",,7",0.0,"QUINCY, CA US",25.6,",,7",6.1,",,7",,,,,,,,,,,,,,,,,,,,,,,,,,,True,0.0,0.0,0.0,25.6,6.1,15.850000000000001,52.33423884661308,0.0,0.0,0.0,0.0,0.0,0.0,0.05,2.412230719889816,32.309007691663076,0.0015475560400111533,0.07466124440931873,feather,USC00047195,"QUINCY, CA US",,
2026-06-02,USC00047195,0.0,",,7,0730",",,7",0.0,10.0,",,7,0730",",,7",0.0,"QUINCY, CA US",28.3,",,7",7.2,",,7",,,,,,,,,,,,,,,,,,,,,,,,,,,True,0.0,0.0,0.0,28.3,7.2,17.75,50.033015837571945,0.0,0.0,0.0,0.0,0.0,0.0,0.05,1.9840309362393325,32.309007691663076,0.0015475560400111533,0.061407981178923245,feather,USC00047195,"QUINCY, CA US",,
2026-06-03,USC00047195,0.0,",,7,0730",",,7",0.0,12.8,",,7,0730",",,7",0.0,"QUINCY, CA US",30.6,",,7",10.0,",,7",,,,,,,,,,,,,,,,,,,,,,,,,,,True,0.0,0.0,0.0,30.6,10.0,20.3,51.575567703898805,0.0,0.0,0.0,0.0,0.0,0.0,0.05,1.633450604903343,32.309007691663076,0.0015475560400111533,0.050557126993560804,feather,USC00047195,"QUINCY, CA US",,
2026-06-04,USC00047195,0.0,",,7,0730",",,7",0.0,11.1,",,7,0730",",,7",0.0,"QUINCY, CA US",28.3,",,7",7.8,",,7",,,,,,,,,,,,,,,,,,,,,,,,,,,True,0.0,0.0,0.0,28.3,7.8,18.05,51.14962671234668,0.0,0.0,0.0,0.0,0.0,0.0,0.05,1.3464197062142997,32.309007691663076,0.0015475560400111533,0.04167319897483964,feather,USC00047195,"QUINCY, CA US",,
2026-06-05,USC00047195,0.0,",,7,0730",",,7",0.0,12.2,",,7,0730",",,7",0.0,"QUINCY, CA US",31.1,",,7",9.4,",,7",,,,,,,,,,,,,,,,,,,,,,,,,,,True,0.0,0.0,0.0,31.1,9.4,20.25,49.69485933196265,0.0,0.0,0.0,0.0,0.0,0.0,0.05,1.1114186823739696,32.309007691663076,0.0015475560400111533,0.03439965389778148,feather,USC00047195,"QUINCY, CA US",,
2026-06-06,USC00047195,0.0,",,7,0730",",,7",0.0,12.8,",,7,0730",",,7",0.0,"QUINCY, CA US",30.6,",,7",8.9,",,7",,,,,,,,,,,,,,,,,,,,,,,,,,,True,0.0,0.0,0.0,30.6,8.9,19.75,49.55982940292833,0.0,0.0,0.0,0.0,0.0,0.0,0.05,0.9190161171510794,32.309007691663076,0.0015475560400111533,0.028444578859295012,feather,USC00047195,"QUINCY, CA US",,
2026-06-07,USC00047195,0.0,",,7,0730",",,7",0.0,8.3,",,7,0730",",,7",0.0,"QUINCY, CA US",25.0,",,7",5.6,",,7",,,,,,,,,,,,,,,,,,,,,,,,,,,True,0.0,0.0,0.0,25.0,5.6,15.3,52.368315595303336,0.0,0.0,0.0,0.0,0.0,0.0,0.05,0.761490220032007,32.309007691663076,0.0015475560400111533,0.023568975788399088,feather,USC00047195,"QUINCY, CA US",,
2026-06-08,USC00047195,0.0,",,7,0730",",,7",0.0,8.9,",,7,0730",",,7",0.0,"QUINCY, CA US",25.0,",,7",6.1,",,7",,,,,,,,,,,,,,,,,,,,,,,,,,,True,0.0,0.0,0.0,25.0,6.1,15.55,53.34852846717607,0.0,0.0,0.0,0.0,0.0,0.0,0.05,0.6325189236544242,32.309007691663076,0.0015475560400111533,0.019577169614455152,feather,USC00047195,"QUINCY, CA US",,
2026-06-09,USC00047195,0.0,"T,,7,0730",",,7",0.0,11.7,",,7,0730",",,7",0.0,"QUINCY, CA US",21.7,",,7",8.9,",,7",,,,,,,,,,,,,,,,,,,,,,,,,,,True,0.0,0.0,0.0,21.7,8.9,15.3,65.6252654176643,0.0,0.0,0.0,0.0,0.0,0.0,0.05,0.5269261570457621,32.309007691663076,0.0015475560400111533,0.01630895513952069,feather,USC00047195,"QUINCY, CA US",,
2026-06-10,USC00047195,0.0,",,7,0730",",,7",0.0,10.0,",,7,0730",",,7",0.0,"QUINCY, CA US",25.0,",,7",7.2,",,7",,,,,,,,,,,,,,,,,,,,,,,,,,,True,0.0,0.0,0.0,25.0,7.2,16.1,55.549090865169624,0.0,0.0,0.0,0.0,0.0,0.0,0.05,0.44047411172066464,32.309007691663076,0.0015475560400111533,0.013633167441237241,feather,USC00047195,"QUINCY, CA US",,
2026-06-11,USC00047195,0.0,",,7,0730",",,7",0.0,10.6,",,7,0730",",,7",0.0,"QUINCY, CA US",30.6,",,7",6.7,",,7",,,,,,,,,,,,,,,,,,,,,,,,,,,True,0.0,0.0,0.0,30.6,6.7,18.650000000000002,45.69193110966964,0.0,0.0,0.0,0.0,0.0,0.0,0.05,0.3696931635465157,32.309007691663076,0.0015475560400111533,0.01144241776394483,feather,USC00047195,"QUINCY, CA US",,
2026-06-12,USC00047195,0.0,",,7,0730",",,7",0.0,12.8,",,7,0730",",,7",0.0,"QUINCY, CA US",32.8,",,7",9.4,",,7",,,,,,,,,,,,,,,,,,,,,,,,,,,True,0.0,0.0,0.0,32.8,9.4,21.099999999999998,47.160024801350936,0.0,0.0,0.0,0.0,0.0,0.0,0.05,0.3103628150462913,32.309007691663076,0.0015475560400111533,0.009606076980395051,feather,USC00047195,"QUINCY, CA US",,
2026-06-13,USC00047195,0.0,",,7,0730",",,7",0.0,13.9,",,7,0730",",,7",0.0,"QUINCY, CA US",33.3,",,7",10.6,",,7",,,,,,,,,,,,,,,,,,,,,,,,,,,True,0.0,0.0,0.0,33.3,10.6,21.95,48.51186852351916,0.0,0.0,0.0,0.0,0.0,0.0,0.05,0.2631670436363534,32.309007691663076,0.0015475560400111533,0.008145314958226348,feather,USC00047195,"QUINCY, CA US",,
2026-06-14,USC00047195,0.0,",,7,0730",",,7",0.0,14.4,",,7,0730",",,7",0.0,"QUINCY, CA US",33.9,",,7",11.7,",,7",,,,,,,,,,,,,,,,,,,,,,,,,,,True,0.0,0.0,0.0,33.9,11.7,22.799999999999997,49.553282165844024,0.0,0.0,0.0,0.0,0.0,0.0,0.05,0.22452641416779862,32.309007691663076,0.0015475560400111533,0.00694934416774845,feather,USC00047195,"QUINCY, CA US",,
2026-06-15,USC00047195,0.0,",,7,0730",",,7",0.0,15.0,",,7,0730",",,7",0.0,"QUINCY, CA US",34.4,",,7",12.2,",,7",,,,,,,,,,,,,,,,,,,,,,,,,,,True,0.0,0.0,0.0,34.4,12.2,23.299999999999997,49.686805924480865,0.0,0.0,0.0,0.0,0.0,0.0,0.05,0.19289014250360154,32.309007691663076,0.0015475560400111533,0.005970166101801212,feather,USC00047195,"QUINCY, CA US",,
2026-06-16,USC00047195,0.0,",,7,0730",",,7",0.0,14.4,",,7,0730",",,7",0.0,"QUINCY, CA US",36.1,",,7",12.2,",,7",,,,,,,,,,,,,,,,,,,,,,,,,,,True,0.0,0.0,0.0,36.1,12.2,24.15,47.208542773165036,0.0,0.0,0.0,0.0,0.0,0.0,0.05,0.16698855397939383,32.309007691663076,0.0015475560400111533,0.0051684829064707885,feather,USC00047195,"QUINCY, CA US",,
2026-06-17,USC00047195,0.0,",,7,0730",",,7",0.0,15.6,",,7,0730",",,7",0.0,"QUINCY, CA US",36.7,",,7",13.3,",,7",,,,,,,,,,,,,,,,,,,,,,,,,,,True,0.0,0.0,0.0,36.7,13.3,25.0,48.21893172910581,0.0,0.0,0.0,0.0,0.0,0.0,0.05,0.1079753466550322,32.309007691663076,0.0015475560400111533,0.003341957997765863,feather,USC00047195,"QUINCY, CA US",,
2026-06-18,USC00047195,0.0,",,7,0730",",,7",0.0,18.3,",,7,0730",",,7",0.0,"QUINCY, CA US",35.6,",,7",15.6,",,7",,,,,,,,,,,,,,,,,,,,,,,,,,,True,0.0,0.0,0.0,35.6,15.6,25.6,53.9824847505112,0.0,0.0,0.0,0.0,0.0,0.0,0.05,0.09382018834806949,32.309007691663076,0.0015475560400111533,0.002903839983060779,feather,USC00047195,"QUINCY, CA US",,
2026-06-19,USC00047195,0.0,"T,,7,0730",",,7",0.0,18.9,",,7,0730",",,7",0.0,"QUINCY, CA US",36.1,",,7",16.1,",,7",,,,,,,,,,,,,,,,,,,,,,,,,,,True,0.0,0.0,0.0,36.1,16.1,26.1,54.10855431178666,0.0,0.0,0.0,0.0,0.0,0.0,0.05,0.05000188885745484,32.309007691663076,0.0015475560400111533,0.0015476145022664122,feather,USC00047195,"QUINCY, CA US",,
2026-06-20,USC00047195,0.0,"T,,7,0730",",,7",0.0,11.1,",,7,0730",",,7",0.0,"QUINCY, CA US",27.2,",,7",8.3,",,7",,,,,,,,,,,,,,,,,,,,,,,,,,,True,0.0,0.0,0.0,27.2,8.3,17.75,53.925326685859694,0.0,0.0,0.0,0.0,0.0,0.0,0.05,0.05,32.309007691663076,0.0015475560400111533,0.0015475560400111533,feather,USC00047195,"QUINCY, CA US",,
2026-06-21,USC00047195,0.0,",,7,0730",",,7",0.0,11.1,",,7,0730",",,7",0.0,"QUINCY, CA US",28.3,",,7",8.9,",,7",,,,,,,,,,,,,,,,,,,,,,,,,,,True,0.0,0.0,0.0,28.3,8.9,18.6,53.24088313880135,0.0,0.0,0.0,0.0,0.0,0.0,0.05,0.05,32.309007691663076,0.0015475560400111533,0.0015475560400111533,feather,USC00047195,"QUINCY, CA US",,
2026-06-22,USC00047195,0.0,",,7,0730",",,7",0.0,14.4,",,7,0730",",,7",0.0,"QUINCY, CA US",31.1,",,7",11.1,",,7",,,,,,,,,,,,,,,,,,,,,,,,,,,True,0.0,0.0,0.0,31.1,11.1,21.1,52.828674138994906,0.0,0.0,0.0,0.0,0.0,0.0,0.05,0.05,32.309007691663076,0.0015475560400111533,0.0015475560400111533,feather,USC00047195,"QUINCY, CA US",,
2026-06-23,USC00047195,0.0,",,7,0730",",,7",0.0,14.4,",,7,0730",",,7",0.0,"QUINCY, CA US",33.3,",,7",11.1,",,7",,,,,,,,,,,,,,,,,,,,,,,,,,,True,0.0,0.0,0.0,33.3,11.1,22.2,49.39251209813901,0.0,0.0,0.0,0.0,0.0,0.0,0.05,0.05,32.309007691663076,0.0015475560400111533,0.0015475560400111533,feather,USC00047195,"QUINCY, CA US",,
2026-06-24,USC00047195,0.0,",,7,0730",",,7",0.0,12.2,",,7,0730",",,7",0.0,"QUINCY, CA US",31.1,",,7",9.4,",,7",,,,,,,,,,,,,,,,,,,,,,,,,,,True,0.0,0.0,0.0,31.1,9.4,20.25,49.69485933196265,0.0,0.0,0.0,0.0,0.0,0.0,0.05,0.05,32.309007691663076,0.0015475560400111533,0.0015475560400111533,feather,USC00047195,"QUINCY, CA US",,
2026-06-25,USC00047195,0.0,",,7,0730",",,7",0.0,12.2,",,7,0730",",,7",0.0,"QUINCY, CA US",31.1,",,7",9.4,",,7",,,,,,,,,,,,,,,,,,,,,,,,,,,True,0.0,0.0,0.0,31.1,9.4,20.25,49.69485933196265,0.0,0.0,0.0,0.0,0.0,0.0,0.05,0.05,32.309007691663076,0.0015475560400111533,0.0015475560400111533,feather,USC00047195,"QUINCY, CA US",,
2026-06-26,USC00047195,0.0,",,7,0730",",,7",0.0,15.6,",,7,0730",",,7",0.0,"QUINCY, CA US",29.4,",,7",12.2,",,7",,,,,,,,,,,,,,,,,,,,,,,,,,,True,0.0,0.0,0.0,29.4,12.2,20.799999999999997,57.86623890483207,0.0,0.0,0.0,0.0,0.0,0.0,0.05,0.05,32.309007691663076,0.0015475560400111533,0.0015475560400111533,feather,USC00047195,"QUINCY, CA US",,
2026-06-27,USC00047195,0.0,",,7,0730",",,7",0.0,14.4,",,7,0730",",,7",0.0,"QUINCY, CA US",25.0,",,7",12.8,",,7",,,,,,,,,,,,,,,,,,,,,,,,,,,True,0.0,0.0,0.0,25.0,12.8,18.9,67.711655156444,0.0,0.0,0.0,0.0,0.0,0.0,0.05,0.05,32.309007691663076,0.0015475560400111533,0.0015475560400111533,feather,USC00047195,"QUINCY, CA US",,
2026-06-28,USC00047195,0.0,",,7,0730",",,7",2.0,8.9,",,7,0730",",,7",0.0,"QUINCY, CA US",21.1,",,7",8.3,",,7",,,,,,,,,,,,,,,,,,,",,7",    1,,,,,,,True,2.0,0.0,0.0,21.1,8.3,14.700000000000001,65.49490586767752,0.0,2.0,0.0,0.0,0.0,2.0,0.05,0.41805773183615613,32.309007691663076,0.0015475560400111533,0.012939355359528127,feather,USC00047195,"QUINCY, CA US",,
2026-06-29,USC00047195,0.0,",,7,0730",",,7",0.0,7.2,",,7,0730",",,7",0.0,"QUINCY, CA US",22.8,",,7",4.4,",,7",,,,,,,,,,,,,,,,,,,,,,,,,,,True,0.0,0.0,0.0,22.8,4.4,13.600000000000001,53.76304607288373,0.0,0.0,0.0,0.0,0.0,0.0,0.05,0.35134018396239003,32.309007691663076,0.0015475560400111533,0.010874372475792527,feather,USC00047195,"QUINCY, CA US",,
2026-06-30,USC00047195,0.0,",,7,0730",",,7",0.0,9.4,",,7,0730",",,7",0.0,"QUINCY, CA US",26.1,",,7",6.7,",,7",,,,,,,,,,,,,,,,,,,,,,,,,,,True,0.0,0.0,0.0,26.1,6.7,16.400000000000002,52.6613350828894,0.0,0.0,0.0,0.0,0.0,0.0,0.05,0.2967164757481852,32.309007691663076,0.0015475560400111533,0.009183707484298538,feather,USC00047195,"QUINCY, CA US",,
2025-07-01,USW00023225,,",,W,2400",,0.0,,,,,"BLUE CANYON NYACK AIRPORT, CA US",25.6,",,W",17.2,",,W",,,,,5.4,",,W",8.9,",,W",",,W",  240,",,W",1.7,  230,",,W",,,,,,,,,,,,,True,0.0,0.0,0.0,25.6,17.2,21.4,76.99499781655292,0.0,0.0,0.0,0.0,0.0,0.0,0.05,0.05,44.80407709651999,0.001115969867927122,0.001115969867927122,american,USW00023225,"BLUE CANYON NYACK AIRPORT, CA US",,
2025-07-02,USW00023225,,",,W,2400",,0.0,,,,,"BLUE CANYON NYACK AIRPORT, CA US",26.1,",,W",16.7,",,W",,,,,5.4,",,W",8.9,",,W",",,W",  270,",,W",2.0,  260,",,W",,,,,,,,,,,,,True,0.0,0.0,0.0,26.1,16.7,21.4,74.59359948081683,0.0,0.0,0.0,0.0,0.0,0.0,0.05,0.05,44.80407709651999,0.001115969867927122,0.001115969867927122,american,USW00023225,"BLUE CANYON NYACK AIRPORT, CA US",,
2025-07-03,USW00023225,,",,W,2400",,0.0,,,,,"BLUE CANYON NYACK AIRPORT, CA US",23.9,",,W",13.9,",,W",,,,,7.6,",,W",13.0,",,W",",,W",  190,",,W",3.1,  180,",,W",,,,,,,,,,,,,True,0.0,0.0,0.0,23.9,13.9,18.9,72.7434273158572,0.0,0.0,0.0,0.0,0.0,0.0,0.05,0.05,44.80407709651999,0.001115969867927122,0.001115969867927122,american,USW00023225,"BLUE CANYON NYACK AIRPORT, CA US",,
2025-07-04,USW00023225,,",,W,2400",,0.0,,,,,"BLUE CANYON NYACK AIRPORT, CA US",19.4,",,W",11.7,",,W",,,,,9.4,",,W",14.8,",,W",",,W",  180,",,W",3.8,  170,",,W",,,,,,,,,,,,,True,0.0,0.0,0.0,19.4,11.7,15.549999999999999,77.8523248598055,0.0,0.0,0.0,0.0,0.0,0.0,0.05,0.05,44.80407709651999,0.001115969867927122,0.001115969867927122,american,USW00023225,"BLUE CANYON NYACK AIRPORT, CA US",,
2025-07-05,USW00023225,,",,W,2400",,0.0,,,,,"BLUE CANYON NYACK AIRPORT, CA US",21.7,",,W",11.7,",,W",,,,,6.3,",,W",10.3,",,W",",,W",  190,",,W",2.1,  200,",,W",,,,,,,,,,,,,True,0.0,0.0,0.0,21.7,11.7,16.7,72.34682171467188,0.0,0.0,0.0,0.0,0.0,0.0,0.05,0.05,44.80407709651999,0.001115969867927122,0.001115969867927122,american,USW00023225,"BLUE CANYON NYACK AIRPORT, CA US",,
2025-07-06,USW00023225,,",,W,2400",,0.0,,,,,"BLUE CANYON NYACK AIRPORT, CA US",24.4,",,W",15.0,",,W",,,,,4.5,",,W",7.2,",,W",",,W",  280,",,W",1.4,  270,",,W",,,,,,,,,,,,,True,0.0,0.0,0.0,24.4,15.0,19.7,74.30770084717713,0.0,0.0,0.0,0.0,0.0,0.0,0.05,0.05,44.80407709651999,0.001115969867927122,0.001115969867927122,american,USW00023225,"BLUE CANYON NYACK AIRPORT, CA US",,
2025-07-07,USW00023225,,",,W,2400",,0.0,,,,,"BLUE CANYON NYACK AIRPORT, CA US",25.6,",,W",16.7,",,W",,,,,5.8,",,W",8.9,",,W",",,W",  220,",,W",1.6,  220,",,W",,,,,,,,,,,,,True,0.0,0.0,0.0,25.6,16.7,21.15,75.74582570034822,0.0,0.0,0.0,0.0,0.0,0.0,0.05,0.05,44.80407709651999,0.001115969867927122,0.001115969867927122,american,USW00023225,"BLUE CANYON NYACK AIRPORT, CA US",,
2025-07-08,USW00023225,,",,W,2400",,0.0,,,,,"BLUE CANYON NYACK AIRPORT, CA US",23.9,",,W",14.4,",,W",,,,,6.7,",,W",13.0,",,W",",,W",  190,",,W",1.6,  180,",,W",,,,,,,,,,,,,True,0.0,0.0,0.0,23.9,14.4,19.15,73.97483795580597,0.0,0.0,0.0,0.0,0.0,0.0,0.05,0.05,44.80407709651999,0.001115969867927122,0.001115969867927122,american,USW00023225,"BLUE CANYON NYACK AIRPORT, CA US",,
2025-07-09,USW00023225,,",,W,2400",,0.0,,,,,"BLUE CANYON NYACK AIRPORT, CA US",23.3,",,W",14.4,",,W",,,,,6.3,",,W",9.8,",,W",",,W",  210,",,W",2.1,  220,",,W",,,,,,,,,,,,,True,0.0,0.0,0.0,23.3,14.4,18.85,75.37232374223412,0.0,0.0,0.0,0.0,0.0,0.0,0.05,0.05,44.80407709651999,0.001115969867927122,0.001115969867927122,american,USW00023225,"BLUE CANYON NYACK AIRPORT, CA US",,
2025-07-10,USW00023225,,",,W,2400",,0.0,,,,,"BLUE CANYON NYACK AIRPORT, CA US",26.7,",,W",16.7,",,W",,,,,5.4,",,W",9.4,",,W",",,W",  270,",,W",2.2,   50,",,W",,,,,,,,,,,,,True,0.0,0.0,0.0,26.7,16.7,21.7,73.236839266717,0.0,0.0,0.0,0.0,0.0,0.0,0.05,0.05,44.80407709651999,0.001115969867927122,0.001115969867927122,american,USW00023225,"BLUE CANYON NYACK AIRPORT, CA US",,
2025-07-11,USW00023225,,",,W,2400",,0.0,,,,,"BLUE CANYON NYACK AIRPORT, CA US",27.8,",,W",19.4,",,W",,,,,5.4,",,W",7.6,",,W",",,W",  280,",,W",1.7,  290,",,W",,,,,,,,,,,,,True,0.0,0.0,0.0,27.8,19.4,23.6,77.32914456243964,0.0,0.0,0.0,0.0,0.0,0.0,0.05,0.05,44.80407709651999,0.001115969867927122,0.001115969867927122,american,USW00023225,"BLUE CANYON NYACK AIRPORT, CA US",,
2025-07-12,USW00023225,,",,W,2400",,0.0,,,,,"BLUE CANYON NYACK AIRPORT, CA US",28.3,",,W",20.0,",,W",,,,,5.4,",,W",8.1,",,W",",,W",  270,",,W",1.5,  320,",,W",,,,,,,,,,,,,True,0.0,0.0,0.0,28.3,20.0,24.15,77.65165205192592,0.0,0.0,0.0,0.0,0.0,0.0,0.05,0.05,44.80407709651999,0.001115969867927122,0.001115969867927122,american,USW00023225,"BLUE CANYON NYACK AIRPORT, CA US",,
2025-07-13,USW00023225,,",,W,2400",,0.0,,,,,"BLUE CANYON NYACK AIRPORT, CA US",28.3,",,W",19.4,",,W",,,,,4.5,",,W",7.2,",,W",",,W",  280,",,W",1.6,  250,",,W",,,,,,,,,,,,,True,0.0,0.0,0.0,28.3,19.4,23.85,76.17417940841338,0.0,0.0,0.0,0.0,0.0,0.0,0.05,0.05,44.80407709651999,0.001115969867927122,0.001115969867927122,american,USW00023225,"BLUE CANYON NYACK AIRPORT, CA US",,
2025-07-14,USW00023225,,",,W,2400",,0.0,,,,,"BLUE CANYON NYACK AIRPORT, CA US",28.3,",,W",19.4,",,W",,,,,5.4,",,W",8.5,",,W",",,W",  190,",,W",1.5,  220,",,W",,,,,,,,,,,,,True,0.0,0.0,0.0,28.3,19.4,23.85,76.17417940841338,0.0,0.0,0.0,0.0,0.0,0.0,0.05,0.05,44.80407709651999,0.001115969867927122,0.001115969867927122,american,USW00023225,"BLUE CANYON NYACK AIRPORT, CA US",,
2025-07-15,USW00023225,,",,W,2400",,0.0,,,,,"BLUE CANYON NYACK AIRPORT, CA US",26.7,",,W",18.3,",,W",,,,,6.7,",,W",9.4,",,W",",,W",  180,",,W",1.9,  200,",,W",,,,,,,,,,,,,True,0.0,0.0,0.0,26.7,18.3,22.5,77.16293683056355,0.0,0.0,0.0,0.0,0.0,0.0,0.05,0.05,44.80407709651999,0.001115969867927122,0.001115969867927122,american,USW00023225,"BLUE CANYON NYACK AIRPORT, CA US",,
2025-07-16,USW00023225,,",,W,2400",,0.0,,,,,"BLUE CANYON NYACK AIRPORT, CA US",25.0,",,W",16.7,",,W",,,,,5.8,",,W",9.4,",,W",",,W",  230,",,W",1.4,  200,",,W",,,,,,,,,,,,,True,0.0,0.0,0.0,25.0,16.7,20.85,77.1549726668968,0.0,0.0,0.0,0.0,0.0,0.0,0.05,0.05,44.80407709651999,0.001115969867927122,0.001115969867927122,american,USW00023225,"BLUE CANYON NYACK AIRPORT, CA US",,
2025-07-17,USW00023225,,",,W,2400",,0.0,,,,,"BLUE CANYON NYACK AIRPORT, CA US",23.9,",,W",15.6,",,W",,,,,5.8,",,W",8.9,",,W",",,W",  210,",,W",2.0,  210,",,W",,,,,,,,,,,,,True,0.0,0.0,0.0,23.9,15.6,19.75,76.98593622459772,0.0,0.0,0.0,0.0,0.0,0.0,0.05,0.05,44.80407709651999,0.001115969867927122,0.001115969867927122,american,USW00023225,"BLUE CANYON NYACK AIRPORT, CA US",,
2025-07-18,USW00023225,,",,W,2400",,0.0,,,,,"BLUE CANYON NYACK AIRPORT, CA US",25.6,",,W",16.1,",,W",,,,,5.4,",,W",8.1,",,W",",,W",  200,",,W",1.4,  250,",,W",,,,,,,,,,,,,True,0.0,0.0,0.0,25.6,16.1,20.85,74.264402394496,0.0,0.0,0.0,0.0,0.0,0.0,0.05,0.05,44.80407709651999,0.001115969867927122,0.001115969867927122,american,USW00023225,"BLUE CANYON NYACK AIRPORT, CA US",,
2025-07-19,USW00023225,,",,W,2400",,0.0,,,,,"BLUE CANYON NYACK AIRPORT, CA US",26.7,",,W",16.1,",,W",,,,,5.8,",,W",8.1,",,W",",,W",  240,",,W",1.3,  280,",,W",,,,,,,,,,,,,True,0.0,0.0,0.0,26.7,16.1,21.4,71.79898970107504,0.0,0.0,0.0,0.0,0.0,0.0,0.05,0.05,44.80407709651999,0.001115969867927122,0.001115969867927122,american,USW00023225,"BLUE CANYON NYACK AIRPORT, CA US",,
2025-07-20,USW00023225,,",,W,2400",,0.0,,,,,"BLUE CANYON NYACK AIRPORT, CA US",25.0,",,W",16.7,",,W",,,,,5.8,",,W",9.4,",,W",",,W",  210,",,W",2.2,  240,",,W",,,,,,,,,,,,,True,0.0,0.0,0.0,25.0,16.7,20.85,77.1549726668968,0.0,0.0,0.0,0.0,0.0,0.0,0.05,0.05,44.80407709651999,0.001115969867927122,0.001115969867927122,american,USW00023225,"BLUE CANYON NYACK AIRPORT, CA US",,
2025-07-21,USW00023225,,"T,,W,2400",,0.0,,,,,"BLUE CANYON NYACK AIRPORT, CA US",21.1,",,W",13.9,",,W",,,,,8.9,",,W",14.8,",,W",",,W",  190,",,W",4.0,  180,",,W",,,,,,,,,,,,,True,0.0,0.0,0.0,21.1,13.9,17.5,79.4249229304907,0.0,0.0,0.0,0.0,0.0,0.0,0.05,0.05,44.80407709651999,0.001115969867927122,0.001115969867927122,american,USW00023225,"BLUE CANYON NYACK AIRPORT, CA US",,
2025-07-22,USW00023225,,",,W,2400",,0.0,,,,,"BLUE CANYON NYACK AIRPORT, CA US",19.4,",,W",12.2,",,W",,,,,6.7,",,W",10.3,",,W",",,W",  190,",,W",1.9,  180,",,W",,,,,,,,,,,,,True,0.0,0.0,0.0,19.4,12.2,15.799999999999999,79.18246877292228,0.0,0.0,0.0,0.0,0.0,0.0,0.05,0.05,44.80407709651999,0.001115969867927122,0.001115969867927122,american,USW00023225,"BLUE CANYON NYACK AIRPORT, CA US",,
2025-07-23,USW00023225,,",,W,2400",,0.0,,,,,"BLUE CANYON NYACK AIRPORT, CA US",20.0,",,W",12.2,",,W",,,,,5.4,",,W",8.5,",,W",",,W",  280,",,W",1.6,  310,",,W",,,,,,,,,,,,,True,0.0,0.0,0.0,20.0,12.2,16.1,77.67988827261068,0.0,0.0,0.0,0.0,0.0,0.0,0.05,0.05,44.80407709651999,0.001115969867927122,0.001115969867927122,american,USW00023225,"BLUE CANYON NYACK AIRPORT, CA US",,
2025-07-24,USW00023225,,",,W,2400",,0.0,,,,,"BLUE CANYON NYACK AIRPORT, CA US",21.1,",,W",12.8,",,W",,,,,5.8,",,W",9.8,",,W",",,W",  230,",,W",1.9,  250,",,W",,,,,,,,,,,,,True,0.0,0.0,0.0,21.1,12.8,16.950000000000003,76.54759422048713,0.0,0.0,0.0,0.0,0.0,0.0,0.05,0.05,44.80407709651999,0.001115969867927122,0.001115969867927122,american,USW00023225,"BLUE CANYON NYACK AIRPORT, CA US",,
2025-07-25,USW00023225,,",,W,2400",,0.0,,,,,"BLUE CANYON NYACK AIRPORT, CA US",21.7,",,W",12.2,",,W",,,,,5.8,",,W",8.5,",,W",",,W",  280,",,W",1.6,  230,",,W",,,,,,,,,,,,,True,0.0,0.0,0.0,21.7,12.2,16.95,73.59329900742887,0.0,0.0,0.0,0.0,0.0,0.0,0.05,0.05,44.80407709651999,0.001115969867927122,0.001115969867927122,american,USW00023225,"BLUE CANYON NYACK AIRPORT, CA US",,
2025-07-26,USW00023225,,",,W,2400",,0.0,,,,,"BLUE CANYON NYACK AIRPORT, CA US",21.1,",,W",12.2,",,W",,,,,5.4,",,W",8.5,",,W",",,W",  290,",,W",1.5,  270,",,W",,,,,,,,,,,,,True,0.0,0.0,0.0,21.1,12.2,16.65,75.00744466077198,0.0,0.0,0.0,0.0,0.0,0.0,0.05,0.05,44.80407709651999,0.001115969867927122,0.001115969867927122,american,USW00023225,"BLUE CANYON NYACK AIRPORT, CA US",,
2025-07-27,USW00023225,,",,W,2400",,0.0,,,,,"BLUE CANYON NYACK AIRPORT, CA US",21.7,",,W",13.3,",,W",,,,,5.4,",,W",8.9,",,W",",,W",  290,",,W",1.7,  260,",,W",,,,,,,,,,,,,True,0.0,0.0,0.0,21.7,13.3,17.5,76.38529196925712,0.0,0.0,0.0,0.0,0.0,0.0,0.05,0.05,44.80407709651999,0.001115969867927122,0.001115969867927122,american,USW00023225,"BLUE CANYON NYACK AIRPORT, CA US",,
2025-07-28,USW00023225,,",,W,2400",,0.0,,,,,"BLUE CANYON NYACK AIRPORT, CA US",23.3,",,W",13.9,",,W",,,,,5.8,",,W",8.9,",,W",",,W",  200,",,W",1.6,  190,",,W",,,,,,,,,,,,,True,0.0,0.0,0.0,23.3,13.9,18.6,74.1203006890137,0.0,0.0,0.0,0.0,0.0,0.0,0.05,0.05,44.80407709651999,0.001115969867927122,0.001115969867927122,american,USW00023225,"BLUE CANYON NYACK AIRPORT, CA US",,
2025-07-29,USW00023225,,",,W,2400",,0.0,,,,,"BLUE CANYON NYACK AIRPORT, CA US",23.9,",,W",14.4,",,W",,,,,5.4,",,W",8.5,",,W",",,W",  250,",,W",1.7,  250,",,W",,,,,,,,,,,,,True,0.0,0.0,0.0,23.9,14.4,19.15,73.97483795580597,0.0,0.0,0.0,0.0,0.0,0.0,0.05,0.05,44.80407709651999,0.001115969867927122,0.001115969867927122,american,USW00023225,"BLUE CANYON NYACK AIRPORT, CA US",,
2025-07-30,USW00023225,,"T,,W,2400",,0.0,,,,,"BLUE CANYON NYACK AIRPORT, CA US",22.2,",,W",15.6,",,W",,,,,5.8,",,W",10.7,",,W",",,W",  350,",,W",1.0,  350,",,W",,,,,,,,,    1,",,W",,,True,0.0,0.0,0.0,22.2,15.6,18.9,81.16773557646069,0.0058386778823034296,0.0,0.0,0.0,0.0,0.0058386778823034296,0.05,0.05107448526914127,44.80407709651999,0.001115969867927122,0.0011399517316049862,american,USW00023225,"BLUE CANYON NYACK AIRPORT, CA US",,
2025-07-31,USW00023225,,",,W,2400",,0.0,,,,,"BLUE CANYON NYACK AIRPORT, CA US",24.4,",,W",15.0,",,W",,,,,5.8,",,W",9.8,",,W",",,W",  250,",,W",1.6,  280,",,W",,,,,,,,,,,,,True,0.0,0.0,0.0,24.4,15.0,19.7,74.30770084717713,0.0,0.0,0.0,0.0,0.0,0.0,0.05,0.05087971413357523,44.80407709651999,0.001115969867927122,0.0011356045572363132,american,USW00023225,"BLUE CANYON NYACK AIRPORT, CA US",,
2025-08-01,USW00023225,,",,W,2400",,0.0,,,,,"BLUE CANYON NYACK AIRPORT, CA US",24.4,",,W",15.6,",,W",,,,,5.8,",,W",8.9,",,W",",,W",  210,",,W",2.2,  210,",,W",,,,,,,,,,,,,True,0.0,0.0,0.0,24.4,15.6,20.0,75.80243725044953,0.0,0.0,0.0,0.0,0.0,0.0,0.05,0.050720249015075394,44.80407709651999,0.001115969867927122,0.0011320453918916885,american,USW00023225,"BLUE CANYON NYACK AIRPORT, CA US",,
2025-08-02,USW00023225,,",,W,2400",,0.0,,,,,"BLUE CANYON NYACK AIRPORT, CA US",25.0,",,W",16.1,",,W",,,,,5.4,",,W",8.9,",,W",",,W",  230,",,W",1.4,  190,",,W",,,,,,,,,,,,,True,0.0,0.0,0.0,25.0,16.1,20.55,75.64916351130087,0.0,0.0,0.0,0.0,0.0,0.0,0.05,0.05058969001851635,44.80407709651999,0.001115969867927122,0.0011291313937687546,american,USW00023225,"BLUE CANYON NYACK AIRPORT, CA US",,
2025-08-03,USW00023225,,",,W,2400",,0.0,,,,,"BLUE CANYON NYACK AIRPORT, CA US",24.4,",,W",15.0,",,W",,,,,6.3,",,W",9.8,",,W",",,W",  190,",,W",2.1,  200,",,W",,,,,,,,,,,,,True,0.0,0.0,0.0,24.4,15.0,19.7,74.30770084717713,0.0,0.0,0.0,0.0,0.0,0.0,0.05,0.05048279735294246,44.80407709651999,0.001115969867927122,0.0011267456138910972,american,USW00023225,"BLUE CANYON NYACK AIRPORT, CA US",,
2025-08-04,USW00023225,,",,W,2400",,0.0,,,,,"BLUE CANYON NYACK AIRPORT, CA US",22.2,",,W",13.9,",,W",,,,,6.7,",,W",10.7,",,W",",,W",  200,",,W",2.1,  190,",,W",,,,,,,,,,,,,True,0.0,0.0,0.0,22.2,13.9,18.05,76.72119669160283,0.0,0.0,0.0,0.0,0.0,0.0,0.05,0.05039528104035864,44.80407709651999,0.001115969867927122,0.0011247923025351845,american,USW00023225,"BLUE CANYON NYACK AIRPORT, CA US",,
2025-08-05,USW00023225,,",,W,2400",,0.0,,,,,"BLUE CANYON NYACK AIRPORT, CA US",22.8,",,W",13.9,",,W",,,,,6.7,",,W",9.8,",,W",",,W",  190,",,W",2.0,  260,",,W",,,,,,,,,,,,,True,0.0,0.0,0.0,22.8,13.9,18.35,75.29005759938495,0.0,0.0,0.0,0.0,0.0,0.0,0.05,0.050323628743850275,44.80407709651999,0.001115969867927122,0.0011231930664577622,american,USW00023225,"BLUE CANYON NYACK AIRPORT, CA US",,
2025-08-06,USW00023225,,",,W,2400",,0.0,,,,,"BLUE CANYON NYACK AIRPORT, CA US",24.4,",,W",13.9,",,W",,,,,5.4,",,W",8.1,",,W",",,W",  220,",,W",1.4,  220,",,W",,,,,,,,,,,,,True,0.0,0.0,0.0,24.4,13.9,19.15,71.61793863470923,0.0,0.0,0.0,0.0,0.0,0.0,0.05,0.05026496480517022,44.80407709651999,0.001115969867927122,0.0011218837226997448,american,USW00023225,"BLUE CANYON NYACK AIRPORT, CA US",,
2025-08-07,USW00023225,,",,W,2400",,0.0,,,,,"BLUE CANYON NYACK AIRPORT, CA US",25.6,",,W",16.1,",,W",,,,,5.8,",,W",10.3,",,W",",,W",  190,",,W",1.5,  160,",,W",,,,,,,,,,,,,True,0.0,0.0,0.0,25.6,16.1,20.85,74.264402394496,0.0,0.0,0.0,0.0,0.0,0.0,0.05,0.05021693483447617,44.80407709651999,0.001115969867927122,0.0011208117226987053,american,USW00023225,"BLUE CANYON NYACK AIRPORT, CA US",,
2025-08-08,USW00023225,,",,W,2400",,0.0,,,,,"BLUE CANYON NYACK AIRPORT, CA US",27.2,",,W",17.8,",,W",,,,,5.8,",,W",8.5,",,W",",,W",  190,",,W",1.8,  180,",,W",,,,,,,,,,,,,True,0.0,0.0,0.0,27.2,17.8,22.5,74.77622051973009,0.0,0.0,0.0,0.0,0.0,0.0,0.05,0.05017761122039953,44.80407709651999,0.001115969867927122,0.0011199340433305546,american,USW00023225,"BLUE CANYON NYACK AIRPORT, CA US",,
2025-08-09,USW00023225,,",,W,2400",,0.0,,,,,"BLUE CANYON NYACK AIRPORT, CA US",28.3,",,W",19.4,",,W",,,,,5.8,",,W",10.3,",,W",",,W",  280,",,W",2.0,  290,",,W",,,,,,,,,,,,,True,0.0,0.0,0.0,28.3,19.4,23.85,76.17417940841338,0.0,0.0,0.0,0.0,0.0,0.0,0.05,0.0501454157682328,44.80407709651999,0.001115969867927122,0.0011192154602405076,american,USW00023225,"BLUE CANYON NYACK AIRPORT, CA US",,
2025-08-10,USW00023225,,",,W,2400",,0.0,,,,,"BLUE CANYON NYACK AIRPORT, CA US",29.4,",,W",20.6,",,W",,,,,5.8,",,W",9.4,",,W",",,W",  280,",,W",1.6,  240,",,W",,,,,,,,,,,,,True,0.0,0.0,0.0,29.4,20.6,25.0,76.58907524068796,0.0,0.0,0.0,0.0,0.0,0.0,0.05,0.050119056361434655,44.80407709651999,0.001115969867927122,0.0011186271341660442,american,USW00023225,"BLUE CANYON NYACK AIRPORT, CA US",,
2025-08-11,USW00023225,,",,W,2400",,0.0,,,,,"BLUE CANYON NYACK AIRPORT, CA US",30.0,",,W",21.1,",,W",,,,,5.4,",,W",8.5,",,W",",,W",  220,",,W",1.9,  260,",,W",,,,,,,,,,,,,True,0.0,0.0,0.0,30.0,21.1,25.55,76.43842545795067,0.0,0.0,0.0,0.0,0.0,0.0,0.05,0.05009747510445612,44.80407709651999,0.001115969867927122,0.0011181454535160434,american,USW00023225,"BLUE CANYON NYACK AIRPORT, CA US",,
2025-08-12,USW00023225,,",,W,2400",,0.0,,,,,"BLUE CANYON NYACK AIRPORT, CA US",29.4,",,W",20.0,",,W",,,,,5.4,",,W",8.1,",,W",",,W",  280,",,W",1.5,  260,",,W",,,,,,,,,,,,,True,0.0,0.0,0.0,29.4,20.0,24.7,75.13597406521608,0.0,0.0,0.0,0.0,0.0,0.0,0.05,0.050079805865677715,44.80407709651999,0.001115969867927122,0.0011177510867547253,american,USW00023225,"BLUE CANYON NYACK AIRPORT, CA US",,
2025-08-13,USW00023225,,",,W,2400",,0.0,,,,,"BLUE CANYON NYACK AIRPORT, CA US",27.2,",,W",17.2,",,W",,,,,5.4,",,W",8.9,",,W",",,W",  180,",,W",1.9,  250,",,W",",,W",    1,,,,,,,,,,,True,0.0,0.0,0.0,27.2,17.2,22.2,73.32363632339626,0.0,0.0,0.0,0.0,0.0,0.0,0.05,0.05006533951650636,44.80407709651999,0.001115969867927122,0.0011174282065592423,american,USW00023225,"BLUE CANYON NYACK AIRPORT, CA US",,
2025-08-14,USW00023225,,",,W,2400",,0.0,,,,,"BLUE CANYON NYACK AIRPORT, CA US",25.6,",,W",16.1,",,W",,,,,5.4,",,W",8.9,",,W",",,W",  280,",,W",1.9,  280,",,W",,,,,,,,,,,,,True,0.0,0.0,0.0,25.6,16.1,20.85,74.264402394496,0.0,0.0,0.0,0.0,0.0,0.0,0.05,0.050053495471555,44.80407709651999,0.001115969867927122,0.0011171638546136405,american,USW00023225,"BLUE CANYON NYACK AIRPORT, CA US",,
2025-08-15,USW00023225,,",,W,2400",,0.0,,,,,"BLUE CANYON NYACK AIRPORT, CA US",25.0,",,W",16.7,",,W",,,,,5.8,",,W",8.5,",,W",",,W",  220,",,W",1.8,  210,",,W",,,,,,,,,,,,,True,0.0,0.0,0.0,25.0,16.7,20.85,77.1549726668968,0.0,0.0,0.0,0.0,0.0,0.0,0.05,0.05004379838771249,44.80407709651999,0.001115969867927122,0.0011169474215461403,american,USW00023225,"BLUE CANYON NYACK AIRPORT, CA US",,
2025-08-16,USW00023225,,",,W,2400",,0.0,,,,,"BLUE CANYON NYACK AIRPORT, CA US",22.2,",,W",13.9,",,W",,,,,7.6,",,W",12.1,",,W",",,W",  200,",,W",2.7,  190,",,W",,,,,,,,,,,,,True,0.0,0.0,0.0,22.2,13.9,18.05,76.72119669160283,0.0,0.0,0.0,0.0,0.0,0.0,0.05,0.050035859086955445,44.80407709651999,0.001115969867927122,0.001116770221137795,american,USW00023225,"BLUE CANYON NYACK AIRPORT, CA US",,
2025-08-17,USW00023225,,",Z,W,2400",,0.0,,,,,"BLUE CANYON NYACK AIRPORT, CA US",14.4,",Z,W",13.9,",Z,W",,,,,1.3,,,",,W",",,W",  150,,1.0,,",,W",,,,,,,,,,,,,True,0.0,0.0,0.0,14.4,13.9,14.15,98.39251519609965,0.09196257598049827,0.0,0.0,0.0,0.0,0.09196257598049827,0.05,0.06695312750186391,44.80407709651999,0.001115969867927122,0.0014943534571112565,american,USW00023225,"BLUE CANYON NYACK AIRPORT, CA US",,
2025-08-18,USW00023225,,",,W,2400",,0.0,,,,,"BLUE CANYON NYACK AIRPORT, CA US",21.7,",,W",13.9,",,W",,,,,4.0,",,W",6.7,",,W",",,W",  190,",,W",1.0,  180,",,W",,,,,,,,,,,,,True,0.0,0.0,0.0,21.7,13.9,17.8,77.93714994693931,0.0,0.0,0.0,0.0,0.0,0.0,0.05,0.06388004684662808,44.80407709651999,0.001115969867927122,0.001425764148852198,american,USW00023225,"BLUE CANYON NYACK AIRPORT, CA US",,
2025-08-19,USW00023225,,",,W,2400",,0.0,,,,,"BLUE CANYON NYACK AIRPORT, CA US",23.9,",,W",13.3,",,W",,,,,5.4,",,W",9.4,",,W",",,W",  190,",,W",1.8,  230,",,W",,,,,,,,,,,,,True,0.0,0.0,0.0,23.9,13.3,18.6,71.28368023642051,0.0,0.0,0.0,0.0,0.0,0.0,0.05,0.06136402120749748,44.80407709651999,0.001115969867927122,0.0013696079728481615,american,USW00023225,"BLUE CANYON NYACK AIRPORT, CA US",,
2025-08-20,USW00023225,,",,W,2400",,0.0,,,,,"BLUE CANYON NYACK AIRPORT, CA US",26.7,",,W",15.0,",,W",,,,,5.4,",,W",8.1,",,W",",,W",  260,",,W",1.6,  280,",,W",,,,,,,,,,,,,True,0.0,0.0,0.0,26.7,15.0,20.85,69.21142709030978,0.0,0.0,0.0,0.0,0.0,0.0,0.05,0.05928796111481269,44.80407709651999,0.001115969867927122,0.001323271562699317,american,USW00023225,"BLUE CANYON NYACK AIRPORT, CA US",,
2025-08-21,USW00023225,,",,W,2400",,0.0,,,,,"BLUE CANYON NYACK AIRPORT, CA US",28.9,",,W",19.4,",,W",,,,,5.8,",,W",9.4,",,W",",,W",  200,",,W",1.7,  200,",,W",,,,,,,,,,,,,True,0.0,0.0,0.0,28.9,19.4,24.15,74.81374967537327,0.0,0.0,0.0,0.0,0.0,0.0,0.05,0.05760433939808961,44.80407709651999,0.001115969867927122,0.0012856941406023032,american,USW00023225,"BLUE CANYON NYACK AIRPORT, CA US",,
2025-08-22,USW00023225,,",,W,2400",,0.0,,,,,"BLUE CANYON NYACK AIRPORT, CA US",30.6,",,W",20.6,",,W",,,,,6.3,",,W",9.4,",,W",",,W",  190,",,W",1.4,  180,",,W",,,,,,,,,,,,,True,0.0,0.0,0.0,30.6,20.6,25.6,73.90356382924115,0.0,0.0,0.0,0.0,0.0,0.0,0.05,0.05622590652205847,44.80407709651999,0.001115969867927122,0.0012549283495100858,american,USW00023225,"BLUE CANYON NYACK AIRPORT, CA US",,
2025-08-23,USW00023225,,",,W,2400",,0.0,,,,,"BLUE CANYON NYACK AIRPORT, CA US",31.1,",,W",21.7,",,W",,,,,5.4,",,W",8.9,",,W",",,W",  220,",,W",1.6,  280,",,W",,,,,,,,,,,,,True,0.0,0.0,0.0,31.1,21.7,26.4,75.40904545009995,0.0,0.0,0.0,0.0,0.0,0.0,0.05,0.05509734113539805,44.80407709651999,0.001115969867927122,0.0012297394502001147,american,USW00023225,"BLUE CANYON NYACK AIRPORT, CA US",,
2025-08-24,USW00023225,,",,W,2400",,0.0,,,,,"BLUE CANYON NYACK AIRPORT, CA US",28.3,",,W",20.0,",,W",,,,,5.4,",,W",8.9,",,W",",,W",  320,",,W",2.2,  170,",,W",,,",,W", 1134,,,,,,,,,True,0.0,0.0,0.0,28.3,20.0,24.15,77.65165205192592,0.0,0.0,0.0,0.0,0.0,0.0,0.05,0.05417334994647982,44.80407709651999,0.001115969867927122,0.0012091165236988567,american,USW00023225,"BLUE CANYON NYACK AIRPORT, CA US",,
2025-08-25,USW00023225,,",,W,2400",,1.3,,,,,"BLUE CANYON NYACK AIRPORT, CA US",28.3,",,W",16.1,",,W",,,,,6.3,",,W",13.0,",,W",",,W",   50,",,W",2.1,   40,",,W",,,",,W", 1732,,,,,,,,,True,1.3,0.0,0.0,28.3,16.1,22.200000000000003,68.37539007108181,0.0,1.3,0.0,0.0,0.0,1.3,0.05,0.29265437563804086,44.80407709651999,0.001115969867927122,0.006531869298581575,american,USW00023225,"BLUE CANYON NYACK AIRPORT, CA US",,
2025-08-26,USW00023225,,",,W,2400",,0.3,,,,,"BLUE CANYON NYACK AIRPORT, CA US",24.4,",,W",14.4,",,W",,,,,6.3,",,W",11.2,",,W",",,W",  170,",,W",2.5,  190,",,W",,,",,W", 1133,,,,,,,,,True,0.3,0.0,0.0,24.4,14.4,19.4,72.8324605012531,0.0,0.3,0.0,0.0,0.0,0.3,0.05,0.3038772594792241,44.80407709651999,0.001115969867927122,0.00678235730254171,american,USW00023225,"BLUE CANYON NYACK AIRPORT, CA US",,
2025-08-27,USW00023225,,",,1,2400",,0.0,,,,,"BLUE CANYON NYACK AIRPORT, CA US",25.0,",,1",15.0,",,1",,,,,5.8,",,1",9.8,",,1",",,1",  190,",,1",1.6,  220,",,1",,,,,,,,,,,,,True,0.0,0.0,0.0,25.0,15.0,20.0,72.93876680928582,0.0,0.0,0.0,0.0,0.0,0.0,0.05,0.2578571198427994,44.80407709651999,0.001115969867927122,0.005755215519500738,american,USW00023225,"BLUE CANYON NYACK AIRPORT, CA US",,
2025-08-28,USW00023225,,",,1,2400",,0.0,,,,,"BLUE CANYON NYACK AIRPORT, CA US",25.6,",,1",16.1,",,1",,,,,6.3,",,1",9.4,",,1",",,1",  250,",,1",2.0,  290,",,1",,,,,,,,,,,,,True,0.0,0.0,0.0,25.6,16.1,20.85,74.264402394496,0.0,0.0,0.0,0.0,0.0,0.0,0.05,0.22017901626151548,44.80407709651999,0.001115969867927122,0.0049142629539537415,american,USW00023225,"BLUE CANYON NYACK AIRPORT, CA US",,
2025-08-29,USW00023225,,",,1,2400",,0.0,,,,,"BLUE CANYON NYACK AIRPORT, CA US",25.6,",,1",18.3,",,1",,,,,6.3,",,1",10.3,",,1",",,1",  280,",,1",2.1,  240,",,1",,,,,,,,,,,,,True,0.0,0.0,0.0,25.6,18.3,21.950000000000003,79.79023687241427,0.0,0.0,0.0,0.0,0.0,0.0,0.05,0.18933079414186066,44.80407709651999,0.001115969867927122,0.004225749226660587,american,USW00023225,"BLUE CANYON NYACK AIRPORT, CA US",,
2025-08-30,USW00023225,,",,1,2400",,0.0,,,,,"BLUE CANYON NYACK AIRPORT, CA US",26.7,",,1",18.9,",,1",,,,,5.8,",,1",8.0,",,1",",,1",  290,",,1",2.1,  290,",,1",,,,,,,,,,,,,True,0.0,0.0,0.0,26.7,18.9,22.799999999999997,78.66982318165593,0.0,0.0,0.0,0.0,0.0,0.0,0.05,0.16407440601471884,44.80407709651999,0.001115969867927122,0.003662041864209335,american,USW00023225,"BLUE CANYON NYACK AIRPORT, CA US",,
2025-08-31,USW00023225,,",,1,2400",,0.0,,,,,"BLUE CANYON NYACK AIRPORT, CA US",27.2,",,1",17.2,",,1",,,,,5.8,",,1",9.8,",,1",",,1",  230,",,1",1.3,  290,",,1",,,,,,,,,,,,,True,0.0,0.0,0.0,27.2,17.2,22.2,73.32363632339626,0.0,0.0,0.0,0.0,0.0,0.0,0.05,0.14339622434335425,44.80407709651999,0.001115969867927122,0.0032005173108340195,american,USW00023225,"BLUE CANYON NYACK AIRPORT, CA US",,
2025-09-01,USW00023225,,",,1,2400",,0.0,,,,,"BLUE CANYON NYACK AIRPORT, CA US",28.9,",,1",18.9,",,1",,,,,7.2,",,1",12.5,",,1",",,1",  180,",,1",2.1,  200,",,1",,,,,,,,,,,,,True,0.0,0.0,0.0,28.9,18.9,23.9,73.61582545756454,0.0,0.0,0.0,0.0,0.0,0.0,0.05,0.12646636109127457,44.80407709651999,0.001115969867927122,0.0028226529656850676,american,USW00023225,"BLUE CANYON NYACK AIRPORT, CA US",,
2025-09-02,USW00023225,,",,1,2400",,14.0,,,,,"BLUE CANYON NYACK AIRPORT, CA US",29.4,",,1",12.8,",,1",,,,,8.0,",,1",17.4,",,1",",,1",  180,",,1",2.4,  110,",,1",,,,,",,1",    1,,,    1,",,1",,,True,14.0,0.0,0.0,29.4,12.8,21.1,59.08949518847941,0.0,14.0,0.0,0.0,0.0,14.0,0.05,2.689009484254485,44.80407709651999,0.001115969867927122,0.06001707117996512,american,USW00023225,"BLUE CANYON NYACK AIRPORT, CA US",,
2025-09-03,USW00023225,,",,1,2400",,0.0,,,,,"BLUE CANYON NYACK AIRPORT, CA US",25.6,",,1",18.3,",,1",,,,,5.8,",,1",10.3,",,1",",,1",  250,",,1",1.2,  230,",,1",,,,,,,,,,,,,True,0.0,0.0,0.0,25.6,18.3,21.950000000000003,79.79023687241427,0.0,0.0,0.0,0.0,0.0,0.0,0.05,2.210638222423611,44.80407709651999,0.001115969867927122,0.04934011290225449,american,USW00023225,"BLUE CANYON NYACK AIRPORT, CA US",,
2025-09-04,USW00023225,,",,1,2400",,0.0,,,,,"BLUE CANYON NYACK AIRPORT, CA US",26.1,",,1",17.2,",,1",,,,,5.8,",,1",9.8,",,1",",,1",  220,",,1",1.4,  260,",,1",,,,,,,,,,,,,True,0.0,0.0,0.0,26.1,17.2,21.65,75.82596507982062,0.0,0.0,0.0,0.0,0.0,0.0,0.05,1.8189809589739554,44.80407709651999,0.001115969867927122,0.04059855881096229,american,USW00023225,"BLUE CANYON NYACK AIRPORT, CA US",,
2025-09-05,USW00023225,,",,1,2400",,0.0,,,,,"BLUE CANYON NYACK AIRPORT, CA US",25.0,",,1",15.6,",,1",,,,,6.7,",,1",10.7,",,1",",,1",  190,",,1",2.5,  190,",,1",,,,,,,,,,,,,True,0.0,0.0,0.0,25.0,15.6,20.3,74.40911875165884,0.0,0.0,0.0,0.0,0.0,0.0,0.05,1.498319112721357,44.80407709651999,0.001115969867927122,0.033441579646726706,american,USW00023225,"BLUE CANYON NYACK AIRPORT, CA US",,
2025-09-06,USW00023225,,",,1,2400",,0.0,,,,,"BLUE CANYON NYACK AIRPORT, CA US",22.2,",,1",13.9,",,1",,,,,7.6,",,1",11.2,",,1",",,1",  180,",,1",2.7,  170,",,1",,,,,,,,,,,,,True,0.0,0.0,0.0,22.2,13.9,18.05,76.72119669160283,0.0,0.0,0.0,0.0,0.0,0.0,0.05,1.235783397855591,44.80407709651999,0.001115969867927122,0.027581940705828676,american,USW00023225,"BLUE CANYON NYACK AIRPORT, CA US",,
2025-09-07,USW00023225,,",,1,2400",,0.0,,,,,"BLUE CANYON NYACK AIRPORT, CA US",20.6,",,1",12.8,",,1",,,,,7.2,",,1",11.6,",,1",",,1",  200,",,1",2.6,  190,",,1",,,,,,,,,,,,,True,0.0,0.0,0.0,20.6,12.8,16.700000000000003,77.77117050830321,0.0,0.0,0.0,0.0,0.0,0.0,0.05,1.020583552642074,44.80407709651999,0.001115969867927122,0.022778809849011362,american,USW00023225,"BLUE CANYON NYACK AIRPORT, CA US",,
2025-09-08,USW00023225,,",,1,2400",,0.0,,,,,"BLUE CANYON NYACK AIRPORT, CA US",19.4,",,1",11.1,",,1",,,,,8.0,",,1",13.4,",,1",",,1",  190,",,1",3.2,  200,",,1",,,,,,,,,,,,,True,0.0,0.0,0.0,19.4,11.1,15.25,76.27568108528207,0.0,0.0,0.0,0.0,0.0,0.0,0.05,0.8446466029797484,44.80407709651999,0.001115969867927122,0.018852003159448037,american,USW00023225,"BLUE CANYON NYACK AIRPORT, CA US",,
2025-09-09,USW00023225,,",,1,2400",,0.0,,,,,"BLUE CANYON NYACK AIRPORT, CA US",16.1,",,1",8.9,",,1",,,,,6.7,",,1",11.2,",,1",",,1",  190,",,1",1.9,  190,",,1",,,,,,,,,,,,,True,0.0,0.0,0.0,16.1,8.9,12.5,78.70005048351871,0.0,0.0,0.0,0.0,0.0,0.0,0.05,0.7006016116884694,44.80407709651999,0.001115969867927122,0.015637005761310198,american,USW00023225,"BLUE CANYON NYACK AIRPORT, CA US",,
2025-09-10,USW00023225,,",,1,2400",,0.8,,,,,"BLUE CANYON NYACK AIRPORT, CA US",15.0,",,1",8.3,",,1",,,,,6.7,",,1",10.7,",,1",",,1",  220,",,1",1.8,  180,",,1",,,,,",,1",    1,,,,,,,True,0.8,0.0,0.0,15.0,8.3,11.65,79.91789763736416,0.0,0.8,0.0,0.0,0.0,0.8,0.05,0.7298906402259117,44.80407709651999,0.001115969867927122,0.016290719227483062,american,USW00023225,"BLUE CANYON NYACK AIRPORT, CA US",,
2025-09-11,USW00023225,,",,1,2400",,0.0,,,,,"BLUE CANYON NYACK AIRPORT, CA US",16.7,",,1",7.8,",,1",,,,,4.5,",,1",8.0,",,1",",,1",  260,",,1",1.6,  180,",,1",,,,,,,,,,,,,True,0.0,0.0,0.0,16.7,7.8,12.25,74.25457134672564,0.0,0.0,0.0,0.0,0.0,0.0,0.05,0.6066473758828319,44.80407709651999,0.001115969867927122,0.01354000383884598,american,USW00023225,"BLUE CANYON NYACK AIRPORT, CA US",,
2025-09-12,USW00023225,,",,1,2400",,0.0,,,,,"BLUE CANYON NYACK AIRPORT, CA US",19.4,",,1",11.1,",,1",,,,,5.4,",,1",8.5,",,1",",,1",  250,",,1",1.7,  220,",,1",,,,,,,,,,,,,True,0.0,0.0,0.0,19.4,11.1,15.25,76.27568108528207,0.0,0.0,0.0,0.0,0.0,0.0,0.05,0.5057443252554334,44.80407709651999,0.001115969867927122,0.011287908557203949,american,USW00023225,"BLUE CANYON NYACK AIRPORT, CA US",,
2025-09-13,USW00023225,,",,1,2400",,0.0,,,,,"BLUE CANYON NYACK AIRPORT, CA US",21.7,",,1",12.8,",,1",,,,,5.8,",,1",8.9,",,1",",,1",  230,",,1",1.6,  280,",,1",,,,,,,,,,,,,True,0.0,0.0,0.0,21.7,12.8,17.25,75.10770672985517,0.0,0.0,0.0,0.0,0.0,0.0,0.05,0.42313189462739764,44.80407709651999,0.001115969867927122,0.009444048891261795,american,USW00023225,"BLUE CANYON NYACK AIRPORT, CA US",,
2025-09-14,USW00023225,,",,1,2400",,0.0,,,,,"BLUE CANYON NYACK AIRPORT, CA US",21.7,",,1",12.8,",,1",,,,,5.8,",,1",9.8,",,1",",,1",  180,",,1",1.8,  180,",,1",,,,,,,,,,,,,True,0.0,0.0,0.0,21.7,12.8,17.25,75.10770672985517,0.0,0.0,0.0,0.0,0.0,0.0,0.05,0.3554945570857035,44.80407709651999,0.001115969867927122,0.007934424278394865,american,USW00023225,"BLUE CANYON NYACK AIRPORT, CA US",,
2025-09-15,USW00023225,,",,1,2400",,0.0,,,,,"BLUE CANYON NYACK AIRPORT, CA US",25.0,",,1",14.4,",,1",,,,,5.4,",,1",7.6,",,1",",,1",  180,",,1",1.6,  170,",,1",,,,,,,,,,,,,True,0.0,0.0,0.0,25.0,14.4,19.7,71.48766500991057,0.0,0.0,0.0,0.0,0.0,0.0,0.05,0.29653028408912463,44.80407709651999,0.001115969867927122,0.006618377239426647,american,USW00023225,"BLUE CANYON NYACK AIRPORT, CA US",,
2025-09-16,USW00023225,,",,1,2400",,0.0,,,,,"BLUE CANYON NYACK AIRPORT, CA US",25.0,",,1",16.7,",,1",,,,,6.7,",,1",9.8,",,1",",,1",  190,",,1",1.9,  180,",,1",,,,,,,,,,,,,True,0.0,0.0,0.0,25.0,16.7,20.85,77.1549726668968,0.0,0.0,0.0,0.0,0.0,0.0,0.05,0.25101403944999984,44.80407709651999,0.001115969867927122,0.005602482089057394,american,USW00023225,"BLUE CANYON NYACK AIRPORT, CA US",,
2025-09-17,USW00023225,,",,1,2400",,0.0,,,,,"BLUE CANYON NYACK AIRPORT, CA US",26.7,",,1",17.8,",,1",,,,,5.4,",,1",7.6,",,1",",,1",  210,",,1",1.8,  230,",,1",,,,,,,,,,,,,True,0.0,0.0,0.0,26.7,17.8,22.25,75.92164059183563,0.0,0.0,0.0,0.0,0.0,0.0,0.05,0.2145763758981455,44.80407709651999,0.001115969867927122,0.004789215397426678,american,USW00023225,"BLUE CANYON NYACK AIRPORT, CA US",,
2025-09-18,USW00023225,,",,1,2400",,0.0,,,,,"BLUE CANYON NYACK AIRPORT, CA US",24.4,",,1",15.6,",,1",,,,,5.4,",,1",8.9,",,1",",,1",  220,",,1",1.4,  220,",,1",,,,,,,,,,,,,True,0.0,0.0,0.0,24.4,15.6,20.0,75.80243725044953,0.0,0.0,0.0,0.0,0.0,0.0,0.05,0.18474374017793366,44.80407709651999,0.001115969867927122,0.004123368946534623,american,USW00023225,"BLUE CANYON NYACK AIRPORT, CA US",,
2025-09-19,USW00023225,,",,1,2400",,0.3,,,,,"BLUE CANYON NYACK AIRPORT, CA US",17.8,",,1",12.2,",,1",,,,,4.5,",,1",8.9,",,1",",,1",  180,",,1",1.0,   30,",,1",,,,,",,1",    1,",,1",    1,,,,,True,0.3,0.0,0.0,17.8,12.2,15.0,83.35112745340777,0.01675563726703885,0.3,0.0,0.0,0.0,0.3167556372670388,0.05,0.21861102456783482,44.80407709651999,0.001115969867927122,0.004879266324287588,american,USW00023225,"BLUE CANYON NYACK AIRPORT, CA US",,
2025-09-20,USW00023225,,",,1,2400",,0.0,,,,,"BLUE CANYON NYACK AIRPORT, CA US",20.0,",,1",11.1,",,1",,,,,6.3,",,1",9.8,",,1",",,1",  190,",,1",1.8,  170,",,1",,,,,,,,,,,,,True,0.0,0.0,0.0,20.0,11.1,15.55,74.82215221441932,0.0,0.0,0.0,0.0,0.0,0.0,0.05,0.18804703112167354,44.80407709651999,0.001115969867927122,0.004197096409698828,american,USW00023225,"BLUE CANYON NYACK AIRPORT, CA US",,
2025-09-21,USW00023225,,",,1,2400",,0.0,,,,,"BLUE CANYON NYACK AIRPORT, CA US",22.2,",,1",13.3,",,1",,,,,6.3,",,1",8.5,",,1",",,1",  250,",,1",1.2,  270,",,1",,,,,,,,,,,,,True,0.0,0.0,0.0,22.2,13.3,17.75,75.190827197742,0.0,0.0,0.0,0.0,0.0,0.0,0.05,0.16302334975042737,44.80407709651999,0.001115969867927122,0.0036385829218004285,american,USW00023225,"BLUE CANYON NYACK AIRPORT, CA US",,
2025-09-22,USW00023225,,",,1,2400",,0.0,,,,,"BLUE CANYON NYACK AIRPORT, CA US",25.6,",,1",13.9,",,1",,,,,5.4,",,1",8.0,",,1",",,1",  230,",,1",1.7,  200,",,1",,,,,,,,,,,,,True,0.0,0.0,0.0,25.6,13.9,19.75,68.99565222959545,0.0,0.0,0.0,0.0,0.0,0.0,0.05,0.14253569225656354,44.80407709651999,0.001115969867927122,0.003181310753249162,american,USW00023225,"BLUE CANYON NYACK AIRPORT, CA US",,
2025-09-23,USW00023225,,",,1,2400",,0.0,,,,,"BLUE CANYON NYACK AIRPORT, CA US",27.8,",,1",16.1,",,1",,,,,5.4,",,1",8.9,",,1",",,1",  260,",,1",2.1,  220,",,1",,,,,,,,,,,,,True,0.0,0.0,0.0,27.8,16.1,21.950000000000003,69.42515223602734,0.0,0.0,0.0,0.0,0.0,0.0,0.05,0.08712715106296959,44.80407709651999,0.001115969867927122,0.0019446255052921713,american,USW00023225,"BLUE CANYON NYACK AIRPORT, CA US",,
2025-09-24,USW00023225,,",,1,2400",,0.0,,,,,"BLUE CANYON NYACK AIRPORT, CA US",23.9,",,1",14.4,",,1",,,,,5.8,",,1",9.8,",,1",",,1",  180,",,1",1.9,  190,",,1",,,,,,,,,,,,,True,0.0,0.0,0.0,23.9,14.4,19.15,73.97483795580597,0.0,0.0,0.0,0.0,0.0,0.0,0.05,0.08039714034942509,44.80407709651999,0.001115969867927122,0.001794415721949324,american,USW00023225,"BLUE CANYON NYACK AIRPORT, CA US",,
2025-09-25,USW00023225,,",,1,2400",,0.0,,,,,"BLUE CANYON NYACK AIRPORT, CA US",20.6,",,1",12.2,",,1",,,,,4.5,",,1",8.5,",,1",",,1",  230,",,1",1.6,  300,",,1",,,,,,,,,,,,,True,0.0,0.0,0.0,20.6,12.2,16.4,76.20919756426511,0.0,0.0,0.0,0.0,0.0,0.0,0.05,0.07488707360970191,44.80407709651999,0.001115969867927122,0.001671434352913354,american,USW00023225,"BLUE CANYON NYACK AIRPORT, CA US",,
2025-09-26,USW00023225,,",,1,2400",,0.0,,,,,"BLUE CANYON NYACK AIRPORT, CA US",26.1,",,1",16.1,",,1",,,,,5.4,",,1",9.8,",,1",",,1",  280,",,1",2.4,   60,",,1",,,,,,,,,,,,,True,0.0,0.0,0.0,26.1,16.1,21.1,73.13216209806724,0.0,0.0,0.0,0.0,0.0,0.0,0.05,0.07037581251837842,44.80407709651999,0.001115969867927122,0.0015707457240279731,american,USW00023225,"BLUE CANYON NYACK AIRPORT, CA US",,
2025-09-27,USW00023225,,",,1,2400",,0.0,,,,,"BLUE CANYON NYACK AIRPORT, CA US",22.8,",,1",13.9,",,1",,,,,5.8,",,1",8.9,",,1",",,1",  270,",,1",1.8,  290,",,1",,,,,,,,,,,,,True,0.0,0.0,0.0,22.8,13.9,18.35,75.29005759938495,0.0,0.0,0.0,0.0,0.0,0.0,0.05,0.06668230432774773,44.80407709651999,0.001115969867927122,0.0014883088470742556,american,USW00023225,"BLUE CANYON NYACK AIRPORT, CA US",,
2025-09-28,USW00023225,,",,1,2400",,0.0,,,,,"BLUE CANYON NYACK AIRPORT, CA US",19.4,",,1",12.2,",,1",,,,,6.7,",,1",10.7,",,1",",,1",  180,",,1",2.9,  230,",,1",,,,,,,,,,,,,True,0.0,0.0,0.0,19.4,12.2,15.799999999999999,79.18246877292228,0.0,0.0,0.0,0.0,0.0,0.0,0.05,0.06365831558533297,44.80407709651999,0.001115969867927122,0.0014208152407245416,american,USW00023225,"BLUE CANYON NYACK AIRPORT, CA US",,
2025-09-29,USW00023225,,",,1,2400",,0.0,,,,,"BLUE CANYON NYACK AIRPORT, CA US",14.4,",,1",7.2,",,1",,,,,8.0,",,1",13.0,",,1",",,1",  190,",,1",3.4,  200,",,1",,,,,",,1",    1,",,1",    1,,,,,True,0.0,0.0,0.0,14.4,7.2,10.8,78.44529807132248,0.0,0.0,0.0,0.0,0.0,0.0,0.05,0.061182483004956406,44.80407709651999,0.001115969867927122,0.0013655561495698916,american,USW00023225,"BLUE CANYON NYACK AIRPORT, CA US",,
2025-09-30,USW00023225,,",,1,2400",,5.8,,,,,"BLUE CANYON NYACK AIRPORT, CA US",11.1,",,1",7.8,",,1",,,,,7.2,",,1",15.2,",,1",",,1",  190,",,1",3.2,  190,",,1",,,,,",,1",    1,",,1",    1,,,,,True,5.8,0.0,0.0,11.1,7.8,9.45,89.44052431021579,0.04720262155107896,5.8,0.0,0.0,0.0,5.847202621551078,0.05,1.1352095099691877,44.80407709651999,0.001115969867927122,0.025337192138198544,american,USW00023225,"BLUE CANYON NYACK AIRPORT, CA US",,
2025-10-01,USW00023225,,",,1,2400",,10.7,,,,,"BLUE CANYON NYACK AIRPORT, CA US",10.6,",,1",7.8,",,1",,,,,6.7,",,1",10.7,",,1",",,1",  180,",,1",2.8,  200,",,1",,,,,",,1",    1,",,1",    1,,,,,True,10.7,0.0,0.0,10.6,7.8,9.2,90.95715369432003,0.05478576847160014,10.7,0.0,0.0,0.0,10.7547857684716,0.05,2.915477732311327,44.80407709651999,0.001115969867927122,0.06507170599743872,american,USW00023225,"BLUE CANYON NYACK AIRPORT, CA US",,
2025-10-02,USW00023225,,",,1,2400",,51.6,,,,,"BLUE CANYON NYACK AIRPORT, CA US",10.6,",,1",5.0,",,1",,,,,6.7,",,1",12.1,",,1",",,1",  170,",,1",1.9,  170,",,1",,,,,",,1",    1,",,1",    1,,,,,True,51.6,0.0,0.0,10.6,5.0,7.8,82.46690822581705,0.012334541129085254,51.6,0.0,0.0,0.0,51.61233454112909,0.05,11.894214134691875,44.80407709651999,0.001115969867927122,0.26547169153977995,american,USW00023225,"BLUE CANYON NYACK AIRPORT, CA US",,
2025-10-03,USW00023225,,",,1,2400",,6.1,,,,,"BLUE CANYON NYACK AIRPORT, CA US",8.3,",,1",3.9,",,1",,,,,4.5,",,1",7.6,",,1",",,1",  260,",,1",1.0,  240,",,1",,,,,",,1",    1,",,1",    1,,,,,True,6.1,0.0,0.0,8.3,3.9,6.1000000000000005,85.79775135552956,0.02898875677764778,6.1,0.0,0.0,0.0,6.128988756777647,0.05,10.875133208247599,44.80407709651999,0.001115969867927122,0.2427264194019586,american,USW00023225,"BLUE CANYON NYACK AIRPORT, CA US",,
2025-10-04,USW00023225,,",,1,2400",,0.0,,,,,"BLUE CANYON NYACK AIRPORT, CA US",,,,,,,,,,,,,,,,,,,,,,,,,,,,,,,True,0.0,0.0,0.0,11.375,6.125,8.75,83.59136274980037,0.01795681374900184,0.0,0.0,0.0,0.0,0.01795681374900184,0.05,8.916174035827757,44.80407709651999,0.001115969867927122,0.19900363122355869,american,USW00023225,"BLUE CANYON NYACK AIRPORT, CA US",,
2025-10-05,USW00023225,,",,1,2400",,0.0,,,,,"BLUE CANYON NYACK AIRPORT, CA US",,,,,,,,,,,,,,,,,,,,,,,,,,,,,,,True,0.0,0.0,0.0,14.450000000000001,8.35,11.4,81.5254209347042,0.007627104673521005,0.0,0.0,0.0,0.0,0.007627104673521005,0.05,7.310412952697015,44.80407709651999,0.001115969867927122,0.16316401154628019,american,USW00023225,"BLUE CANYON NYACK AIRPORT, CA US",,
2025-10-06,USW00023225,,",,1,2400",,0.0,,,,,"BLUE CANYON NYACK AIRPORT, CA US",,,,,,,,,4.0,",,1",8.5,",,1",",,1",   50,",,1",2.1,   70,",,1",,,,,,,,,,,,,True,0.0,0.0,0.0,17.525000000000002,10.575000000000001,14.05,79.58872745093677,0.0,0.0,0.0,0.0,0.0,0.0,0.05,5.994323364418762,44.80407709651999,0.001115969867927122,0.13378968506605735,american,USW00023225,"BLUE CANYON NYACK AIRPORT, CA US",,
2025-10-07,USW00023225,,",,1,2400",,0.0,,,,,"BLUE CANYON NYACK AIRPORT, CA US",20.6,",,1",12.8,",,1",,,,,4.5,",,1",7.6,",,1",",,1",  260,",,1",1.7,  290,",,1",,,,,,,,,,,,,True,0.0,0.0,0.0,20.6,12.8,16.700000000000003,77.77117050830321,0.0,0.0,0.0,0.0,0.0,0.0,0.05,4.916800344689617,44.80407709651999,0.001115969867927122,0.10974002062574598,american,USW00023225,"BLUE CANYON NYACK AIRPORT, CA US",,
2025-10-08,USW00023225,,",,1,2400",,0.0,,,,,"BLUE CANYON NYACK AIRPORT, CA US",19.4,",,1",8.9,",,1",,,,,7.2,",,1",11.6,",,1",",,1",  180,",,1",2.1,  190,",,1",,,,,,,,,,,,,True,0.0,0.0,0.0,19.4,8.9,14.149999999999999,70.67570361414822,0.0,0.0,0.0,0.0,0.0,0.0,0.05,4.0345991112879105,44.80407709651999,0.001115969867927122,0.09004982074725705,american,USW00023225,"BLUE CANYON NYACK AIRPORT, CA US",,
2025-10-09,USW00023225,,",,1,2400",,0.0,,,,,"BLUE CANYON NYACK AIRPORT, CA US",14.4,",,1",6.1,",,1",,,,,7.6,",,1",12.1,",,1",",,1",  190,",,1",2.4,  180,",,1",,,,,",,1",    1,",,1",    1,,,,,True,0.0,0.0,0.0,14.4,6.1,10.25,75.44967569358343,0.0,0.0,0.0,0.0,0.0,0.0,0.05,3.3123138310986078,44.80407709651999,0.001115969867927122,0.07392884857248586,american,USW00023225,"BLUE CANYON NYACK AIRPORT, CA US",,
2025-10-10,USW00023225,,",,1,2400",,0.0,,,,,"BLUE CANYON NYACK AIRPORT, CA US",12.2,",,1",5.6,",,1",,,,,7.6,",,1",12.5,",,1",",,1",  180,",,1",3.5,  170,",,1",,,,,",,1",    1,,,,,,,True,0.0,0.0,0.0,12.2,5.6,8.899999999999999,79.79901530608882,0.0,0.0,0.0,0.0,0.0,0.0,0.05,2.720082534838368,44.80407709651999,0.001115969867927122,0.06071060294308889,american,USW00023225,"BLUE CANYON NYACK AIRPORT, CA US",,
2025-10-11,USW00023225,,"T,,1,2400",,0.0,,,,,"BLUE CANYON NYACK AIRPORT, CA US",9.4,",,1",3.9,",,1",,,,,5.4,",,1",9.8,",,1",",,1",  220,",,1",2.2,  300,",,1",,,,,",,1",    1,",,1",    1,,,,,True,0.0,0.0,0.0,9.4,3.9,6.65,82.60913040584028,0.013045652029201377,0.0,0.0,0.0,0.0,0.013045652029201377,0.05,2.2384794610766794,44.80407709651999,0.001115969867927122,0.049961512570706336,american,USW00023225,"BLUE CANYON NYACK AIRPORT, CA US",,
2025-10-12,USW00023225,,",,1,2400",,0.0,,,,,"BLUE CANYON NYACK AIRPORT, CA US",13.3,",,1",4.4,",,1",,,,,4.5,",,1",7.6,",,1",",,1",  250,",,1",1.9,  200,",,1",,,,,,,,,,,,,True,0.0,0.0,0.0,13.3,4.4,8.850000000000001,73.65087168467144,0.0,0.0,0.0,0.0,0.0,0.0,0.05,1.8417754372630062,44.80407709651999,0.001115969867927122,0.041107317829476284,american,USW00023225,"BLUE CANYON NYACK AIRPORT, CA US",,
2025-10-13,USW00023225,,",,1,2400",,0.3,,,,,"BLUE CANYON NYACK AIRPORT, CA US",6.7,",,1",3.9,",,1",,,,,9.4,",,1",15.2,",,1",",,1",  180,",,1",2.7,  180,",,1",,,,,",,1",    1,,,,,,,True,0.3,0.0,0.0,6.7,3.9,5.3,90.68388399299144,0.05341941996495721,0.3,0.0,0.0,0.0,0.3534194199649572,0.05,1.5820210281465472,44.80407709651999,0.001115969867927122,0.03530975595677264,american,USW00023225,"BLUE CANYON NYACK AIRPORT, CA US",,
2025-10-14,USW00023225,,",,1,2400",,19.3,,,,,"BLUE CANYON NYACK AIRPORT, CA US",5.6,",,1",0.0,",,1",,,,,3.6,",,1",5.4,",,1",",,1",  190,",,1",1.8,  350,",,1",,,,,",,1",    1,",,1",    1,,,,,True,19.3,0.0,0.0,5.6,0.0,2.8,81.81248555284373,0.009062427764218626,19.3,0.0,0.0,0.0,19.309062427764218,0.05,4.857737590628547,44.80407709651999,0.001115969867927122,0.1084217755487671,american,USW00023225,"BLUE CANYON NYACK AIRPORT, CA US",,
2025-10-15,USW00023225,,",,1,2400",,2.3,,,,,"BLUE CANYON NYACK AIRPORT, CA US",5.0,",,1",0.0,",,1",,,,,3.1,",,1",4.9,",,1",",,1",   50,",,1",0.4,   50,",,1",,,,,",,1",    1,",,1",    1,,,,,True,2.3,0.0,0.0,5.0,0.0,2.5,83.57285553231281,0.017864277661564076,2.3,0.0,0.0,0.0,2.317864277661564,0.05,4.412796552546715,44.80407709651999,0.001115969867927122,0.09849095971869633,american,USW00023225,"BLUE CANYON NYACK AIRPORT, CA US",,
2025-10-16,USW00023225,,",,1,2400",,0.0,,,,,"BLUE CANYON NYACK AIRPORT, CA US",15.0,",,1",2.2,",,1",,,,,4.5,",,1",11.6,",,1",",,1",   70,",,1",2.0,  110,",,1",,,,,,,,,,,,,True,0.0,0.0,0.0,15.0,2.2,8.6,64.13126606966487,0.0,0.0,0.0,0.0,0.0,0.0,0.05,3.6219557069925954,44.80407709651999,0.001115969867927122,0.08083986863940824,american,USW00023225,"BLUE CANYON NYACK AIRPORT, CA US",,
2025-10-17,USW00023225,,",,1,2400",,0.0,,,,,"BLUE CANYON NYACK AIRPORT, CA US",16.7,",,1",8.3,",,1",,,,,4.5,",,1",10.3,",,1",",,1",   60,",,1",1.8,   60,",,1",,,,,,,,,,,,,True,0.0,0.0,0.0,16.7,8.3,12.5,75.56971697319302,0.0,0.0,0.0,0.0,0.0,0.0,0.05,2.9744699859472425,44.80407709651999,0.001115969867927122,0.06638837754741465,american,USW00023225,"BLUE CANYON NYACK AIRPORT, CA US",,
2025-10-18,USW00023225,,",,1,2400",,0.0,,,,,"BLUE CANYON NYACK AIRPORT, CA US",18.3,",,1",8.9,",,1",,,,,5.4,",,1",7.6,",,1",",,1",  190,",,1",1.4,  170,",,1",,,,,,,,,,,,,True,0.0,0.0,0.0,18.3,8.9,13.600000000000001,73.24394075695166,0.0,0.0,0.0,0.0,0.0,0.0,0.05,2.4443535139485406,44.80407709651999,0.001115969867927122,0.054556497362566986,american,USW00023225,"BLUE CANYON NYACK AIRPORT, CA US",,
2025-10-19,USW00023225,,",,1,2400",,0.0,,,,,"BLUE CANYON NYACK AIRPORT, CA US",16.1,",,1",10.0,",,1",,,,,6.7,",,1",9.8,",,1",",,1",  180,",,1",2.5,  170,",,1",,,,,,,,,,,,,True,0.0,0.0,0.0,16.1,10.0,13.05,81.74087798660747,0.008704389933037363,0.0,0.0,0.0,0.0,0.008704389933037363,0.05,2.011932714617887,44.80407709651999,0.001115969867927122,0.04490512571620758,american,USW00023225,"BLUE CANYON NYACK AIRPORT, CA US",,
2025-10-20,USW00023225,,",,1,2400",,0.0,,,,,"BLUE CANYON NYACK AIRPORT, CA US",18.9,",,1",10.0,",,1",,,,,3.6,",,1",6.3,",,1",",,1",  170,",,1",1.3,  180,",,1",,,,,,,,,,,,,True,0.0,0.0,0.0,18.9,10.0,14.45,74.63492561634185,0.0,0.0,0.0,0.0,0.0,0.0,0.05,1.656294648927432,44.80407709651999,0.001115969867927122,0.0369674984122389,american,USW00023225,"BLUE CANYON NYACK AIRPORT, CA US",,
2025-10-21,USW00023225,,",,1,2400",,0.0,,,,,"BLUE CANYON NYACK AIRPORT, CA US",20.0,",,1",12.2,",,1",,,,,5.8,",,1",8.5,",,1",",,1",  180,",,1",1.7,  170,",,1",,,,,,,,,,,,,True,0.0,0.0,0.0,20.0,12.2,16.1,77.67988827261068,0.0,0.0,0.0,0.0,0.0,0.0,0.05,1.3489867761532448,44.80407709651999,0.001115969867927122,0.030108571888383413,american,USW00023225,"BLUE CANYON NYACK AIRPORT, CA US",,
2025-10-22,USW00023225,,",,1,2400",,0.3,,,,,"BLUE CANYON NYACK AIRPORT, CA US",15.6,",,1",8.9,",,1",,,,,4.0,",,1",6.3,",,1",",,1",  220,",,1",1.5,  170,",,1",,,,,,,,,,,,,True,0.3,0.0,0.0,15.6,8.9,12.25,80.00261326685249,1.3066334262461509e-05,0.3,0.0,0.0,0.0,0.30001306633426245,0.05,1.139052374731156,44.80407709651999,0.001115969867927122,0.025422962563816057,american,USW00023225,"BLUE CANYON NYACK AIRPORT, CA US",,
2025-10-23,USW00023225,,",,1,2400",,0.0,,,,,"BLUE CANYON NYACK AIRPORT, CA US",16.7,",,1",9.4,",,1",,,,,3.6,",,1",6.3,",,1",",,1",  280,",,1",1.7,  300,",,1",,,,,,,,,,,,,True,0.0,0.0,0.0,16.7,9.4,13.05,78.5172692845551,0.0,0.0,0.0,0.0,0.0,0.0,0.05,0.799210292074304,44.80407709651999,0.001115969867927122,0.01783789208184315,american,USW00023225,"BLUE CANYON NYACK AIRPORT, CA US",,
2025-10-24,USW00023225,,",,1,2400",,0.0,,,,,"BLUE CANYON NYACK AIRPORT, CA US",15.6,",,1",8.9,",,1",,,,,5.4,",,1",8.0,",,1",",,1",  200,",,1",2.1,  180,",,1",,,,,,,,,,,,,True,0.0,0.0,0.0,15.6,8.9,12.25,80.00261326685249,1.3066334262461509e-05,0.0,0.0,0.0,0.0,1.3066334262461509e-05,0.05,0.6464902374266045,44.80407709651999,0.001115969867927122,0.01442927249754283,american,USW00023225,"BLUE CANYON NYACK AIRPORT, CA US",,
2025-10-25,USW00023225,,",,1,2400",,10.7,,,,,"BLUE CANYON NYACK AIRPORT, CA US",8.9,",,1",5.0,",,1",,,,,9.8,",,1",16.5,",,1",",,1",  180,",,1",4.6,  150,",,1",",,1",    1,,,",,1",    1,",,1",    1,,,,,True,10.7,0.0,0.0,8.9,5.0,6.95,87.3970058474821,0.03698502923741053,10.7,0.0,0.0,0.0,10.73698502923741,0.05,2.51423052563756,44.80407709651999,0.001115969867927122,0.056116110152681725,american,USW00023225,"BLUE CANYON NYACK AIRPORT, CA US",,
2025-10-26,USW00023225,,",,1,2400",,28.7,,,,,"BLUE CANYON NYACK AIRPORT, CA US",7.2,",,1",3.3,",,1",,,,,10.3,",,1",17.0,",,1",",,1",  180,",,1",4.7,  180,",,1",,,,,",,1",    1,",,1",    1,,,,,True,28.7,0.0,0.0,7.2,3.3,5.25,87.23474434150648,0.03617372170753243,28.7,0.0,0.0,0.0,28.73617372170753,0.05,7.355805726940762,44.80407709651999,0.001115969867927122,0.164177150911833,american,USW00023225,"BLUE CANYON NYACK AIRPORT, CA US",,
2025-10-27,USW00023225,,",,1,2400",,0.0,,,,,"BLUE CANYON NYACK AIRPORT, CA US",14.4,",,1",4.4,",,1",,,,,5.8,",,1",8.9,",,1",",,1",  180,",,1",1.8,  190,",,1",,,,,",,1",    1,,,,,,,True,0.0,0.0,0.0,14.4,4.4,9.4,70.97196445934661,0.0,0.0,0.0,0.0,0.0,0.0,0.05,6.031487824659643,44.80407709651999,0.001115969867927122,0.1346191734217893,american,USW00023225,"BLUE CANYON NYACK AIRPORT, CA US",,
2025-10-28,USW00023225,,",,1,2400",,0.0,,,,,"BLUE CANYON NYACK AIRPORT, CA US",20.0,",,1",11.7,",,1",,,,,4.0,",,1",7.6,",,1",",,1",   40,",,1",1.7,   40,",,1",,,,,,,,,,,,,True,0.0,0.0,0.0,20.0,11.7,15.85,76.37215647820555,0.0,0.0,0.0,0.0,0.0,0.0,0.05,4.947228031210369,44.80407709651999,0.001115969867927122,0.11041914825190383,american,USW00023225,"BLUE CANYON NYACK AIRPORT, CA US",,
2025-10-29,USW00023225,,",,1,2400",,0.0,,,,,"BLUE CANYON NYACK AIRPORT, CA US",20.0,",,1",12.8,",,1",,,,,3.6,",,1",5.8,",,1",",,1",  180,",,1",0.9,  160,",,1",,,,,,,,,,,,,True,0.0,0.0,0.0,20.0,12.8,16.4,79.2685041939678,0.0,0.0,0.0,0.0,0.0,0.0,0.05,4.059511193987468,44.80407709651999,0.001115969867927122,0.09060584342005736,american,USW00023225,"BLUE CANYON NYACK AIRPORT, CA US",,
2025-10-30,USW00023225,,",,1,2400",,0.0,,,,,"BLUE CANYON NYACK AIRPORT, CA US",18.9,",,1",12.2,",,1",,,,,4.0,",,1",6.7,",,1",",,1",  210,",,1",1.0,  180,",,1",,,,,,,,,,,,,True,0.0,0.0,0.0,18.9,12.2,15.549999999999999,80.45952985465674,0.002297649273283682,0.0,0.0,0.0,0.0,0.002297649273283682,0.05,3.333132953117998,44.80407709651999,0.001115969867927122,0.07439351882949259,american,USW00023225,"BLUE CANYON NYACK AIRPORT, CA US",,
2025-10-31,USW00023225,,",,1,2400",,0.0,,,,,"BLUE CANYON NYACK AIRPORT, CA US",19.4,",,1",11.1,",,1",,,,,3.6,",,1",6.3,",,1",",,1",  250,",,1",1.0,  200,",,1",,,,,,,,,,,,,True,0.0,0.0,0.0,19.4,11.1,15.25,76.27568108528207,0.0,0.0,0.0,0.0,0.0,0.0,0.05,2.738001915161437,44.80407709651999,0.001115969867927122,0.06111055271293831,american,USW00023225,"BLUE CANYON NYACK AIRPORT, CA US",,
2025-11-01,USW00023225,,",,1,2400",,0.0,,,,,"BLUE CANYON NYACK AIRPORT, CA US",18.9,",,1",11.1,",,1",,,,,3.6,",,1",6.3,",,1",",,1",  280,",,1",1.0,  180,",,1",,,,,,,,,,,,,True,0.0,0.0,0.0,18.9,11.1,15.0,77.51115072171147,0.0,0.0,0.0,0.0,0.0,0.0,0.05,2.250713831246025,44.80407709651999,0.001115969867927122,0.05023457633994746,american,USW00023225,"BLUE CANYON NYACK AIRPORT, CA US",,
2025-11-02,USW00023225,,",,1,2400",,0.0,,,,,"BLUE CANYON NYACK AIRPORT, CA US",20.0,",,1",11.1,",,1",,,,,3.6,",,1",5.4,",,1",",,1",  270,",,1",0.8,  240,",,1",,,,,,,,,,,,,True,0.0,0.0,0.0,20.0,11.1,15.55,74.82215221441932,0.0,0.0,0.0,0.0,0.0,0.0,0.05,1.8517920923651887,44.80407709651999,0.001115969867927122,0.04133088353490537,american,USW00023225,"BLUE CANYON NYACK AIRPORT, CA US",,
2025-11-03,USW00023225,,",,1,2400",,0.0,,,,,"BLUE CANYON NYACK AIRPORT, CA US",15.6,",,1",8.3,",,1",,,,,7.2,",,1",11.2,",,1",",,1",  180,",,1",3.4,  190,",,1",,,,,",,1",    1,,,,,,,True,0.0,0.0,0.0,15.6,8.3,11.95,78.35205754771421,0.0,0.0,0.0,0.0,0.0,0.0,0.05,1.5242072937271915,44.80407709651999,0.001115969867927122,0.034019388245485796,american,USW00023225,"BLUE CANYON NYACK AIRPORT, CA US",,
2025-11-04,USW00023225,,",,1,2400",,0.0,,,,,"BLUE CANYON NYACK AIRPORT, CA US",14.4,",,1",7.8,",,1",,,,,8.0,",,1",13.9,",,1",",,1",  190,",,1",3.8,  180,",,1",,,,,,,,,,,,,True,0.0,0.0,0.0,14.4,7.8,11.1,80.11207820272737,0.000560391013636874,0.0,0.0,0.0,0.0,0.000560391013636874,0.05,1.2037963204372624,44.80407709651999,0.001115969867927122,0.02686800841459054,american,USW00023225,"BLUE CANYON NYACK AIRPORT, CA US",,
2025-11-05,USW00023225,,",,1,2400",,60.2,,,,,"BLUE CANYON NYACK AIRPORT, CA US",10.6,",,1",3.3,",,1",,,,,12.5,",,1",22.4,",,1",",,1",  190,",,1",5.7,  190,",,1",,,,,",,1",    1,",,1",    1,,,,,True,60.2,0.0,0.0,10.6,3.3,6.949999999999999,77.57786850524789,0.0,60.2,0.0,0.0,0.0,60.2,0.05,12.066789836307581,44.80407709651999,0.001115969867927122,0.2693234771985702,american,USW00023225,"BLUE CANYON NYACK AIRPORT, CA US",,
2025-11-06,USW00023225,,"T,,1,2400",,0.0,,,,,"BLUE CANYON NYACK AIRPORT, CA US",11.1,",,1",4.4,",,1",,,,,5.8,",,1",8.5,",,1",",,1",  180,",,1",1.3,  170,",,1",,,,,",,1",    1,",,1",    1,,,,,True,0.0,0.0,0.0,11.1,4.4,7.75,79.35453551121861,0.0,0.0,0.0,0.0,0.0,0.0,0.05,9.888515392259945,44.80407709651999,0.001115969867927122,0.22070570432591285,american,USW00023225,"BLUE CANYON NYACK AIRPORT, CA US",,
2025-11-07,USW00023225,,",,1,2400",,0.3,,,,,"BLUE CANYON NYACK AIRPORT, CA US",12.2,",,1",6.7,",,1",,,,,3.6,",,1",6.3,",,1",",,1",   50,",,1",1.3,   60,",,1",",,1",    1,,,",,1",    1,",,1",    1,,,,,True,0.3,0.0,0.0,12.2,6.7,9.45,82.95987885170095,0.014799394258504748,0.3,0.0,0.0,0.0,0.31479939425850473,0.05,8.16302729179139,44.80407709651999,0.001115969867927122,0.1821938497741186,american,USW00023225,"BLUE CANYON NYACK AIRPORT, CA US",,
2025-11-08,USW00023225,,",,1,2400",,0.0,,,,,"BLUE CANYON NYACK AIRPORT, CA US",21.1,",,1",10.0,",,1",,,,,3.6,",,1",7.6,",,1",",,1",   30,",,1",1.5,   50,",,1",,,,,,,,,,,,,True,0.0,0.0,0.0,21.1,10.0,15.55,69.53582650239855,0.0,0.0,0.0,0.0,0.0,0.0,0.05,6.692384944350584,44.80407709651999,0.001115969867927122,0.14936999884928762,american,USW00023225,"BLUE CANYON NYACK AIRPORT, CA US",,
2025-11-09,USW00023225,,",,1,2400",,0.0,,,,,"BLUE CANYON NYACK AIRPORT, CA US",20.0,",,1",12.2,",,1",,,,,3.1,",,1",4.9,",,1",",,1",   40,",,1",0.8,   50,",,1",,,,,,,,,,,,,True,0.0,0.0,0.0,20.0,12.2,16.1,77.67988827261068,0.0,0.0,0.0,0.0,0.0,0.0,0.05,5.4883008069221955,44.80407709651999,0.001115969867927122,0.12249556653290558,american,USW00023225,"BLUE CANYON NYACK AIRPORT, CA US",,
2025-11-10,USW00023225,,",,1,2400",,0.0,,,,,"BLUE CANYON NYACK AIRPORT, CA US",19.4,",,1",12.8,",,1",,,,,3.6,",,1",5.8,",,1",",,1",  270,",,1",0.7,  300,",,1",,,,,,,,,,,,,True,0.0,0.0,0.0,19.4,12.8,16.1,80.79823362700915,0.003991168135045769,0.0,0.0,0.0,0.0,0.003991168135045769,0.05,4.503238605261586,44.80407709651999,0.001115969867927122,0.10050957183116178,american,USW00023225,"BLUE CANYON NYACK AIRPORT, CA US",,
2025-11-11,USW00023225,,",,1,2400",,0.0,,,,,"BLUE CANYON NYACK AIRPORT, CA US",17.8,",,1",11.7,",,1",,,,,4.0,",,1",5.8,",,1",",,1",  190,",,1",1.0,  180,",,1",,,,,,,,,,,,,True,0.0,0.0,0.0,17.8,11.7,14.75,81.95910344009339,0.009795517200466933,0.0,0.0,0.0,0.0,0.009795517200466933,0.05,3.697806054843243,44.80407709651999,0.001115969867927122,0.08253280269287051,american,USW00023225,"BLUE CANYON NYACK AIRPORT, CA US",,
2025-11-12,USW00023225,,",,1,2400",,0.3,,,,,"BLUE CANYON NYACK AIRPORT, CA US",13.9,",,1",7.8,",,1",,,,,9.4,",,1",13.4,",,1",",,1",  180,",,1",3.4,  180,",,1",,,,,,,,,,,,,True,0.3,0.0,0.0,13.9,7.8,10.85,81.45278939231557,0.007263946961577831,0.3,0.0,0.0,0.0,0.3072639469615778,0.05,3.092288512304159,44.80407709651999,0.001115969867927122,0.06901801605337257,american,USW00023225,"BLUE CANYON NYACK AIRPORT, CA US",,
2025-11-13,USW00023225,,",,1,2400",,79.5,,,,,"BLUE CANYON NYACK AIRPORT, CA US",10.0,",,1",4.4,",,1",,,,,10.3,",,1",18.8,",,1",",,1",  160,",,1",4.0,  180,",,1",,,,,",,1",    1,",,1",    1,,,,,True,79.5,0.0,0.0,10.0,4.4,7.2,82.39018584348496,0.011950929217424786,79.5,0.0,0.0,0.0,79.51195092921742,0.05,17.173309321197035,44.80407709651999,0.001115969867927122,0.3832979147009573,american,USW00023225,"BLUE CANYON NYACK AIRPORT, CA US",,
2025-11-14,USW00023225,,",,1,2400",,7.1,,,,,"BLUE CANYON NYACK AIRPORT, CA US",10.0,",,1",3.9,",,1",,,,,4.0,",,1",8.5,",,1",",,1",  160,",,1",1.5,  180,",,1",,,,,",,1",    1,,,,,,,True,7.1,0.0,0.0,10.0,3.9,6.95,80.92579931498801,0.004628996574940061,7.1,0.0,0.0,0.0,7.10462899657494,0.05,15.376836716681149,44.80407709651999,0.001115969867927122,0.3432017287970316,american,USW00023225,"BLUE CANYON NYACK AIRPORT, CA US",,
2025-11-15,USW00023225,,",,1,2400",,4.6,,,,,"BLUE CANYON NYACK AIRPORT, CA US",17.8,",,1",6.1,",,1",,,,,5.4,",,1",8.5,",,1",",,1",  180,",,1",1.4,   30,",,1",,,,,",,1",    1,",,1",    1,,,,,True,4.6,0.0,0.0,17.8,6.1,11.95,67.40481068668446,0.0,4.6,0.0,0.0,0.0,4.6,0.05,13.415455362727686,44.80407709651999,0.001115969867927122,0.29942487898650827,american,USW00023225,"BLUE CANYON NYACK AIRPORT, CA US",,
2025-11-16,USW00023225,,",,1,2400",,30.7,,,,,"BLUE CANYON NYACK AIRPORT, CA US",6.1,",,1",2.2,",,1",,,,,6.3,",,1",10.3,",,1",",,1",  170,",,1",3.1,  180,",,1",,,,,",,1",    1,",,1",    1,,,,,True,30.7,0.0,0.0,6.1,2.2,4.15,87.12812025808208,0.03564060129041039,30.7,0.0,0.0,0.0,30.73564060129041,0.05,16.569653526600796,44.80407709651999,0.001115969867927122,0.3698246811535772,american,USW00023225,"BLUE CANYON NYACK AIRPORT, CA US",,
2025-11-17,USW00023225,,",,1,2400",,24.6,,,,,"BLUE CANYON NYACK AIRPORT, CA US",3.9,",,1",0.0,",,1",,,,,7.6,",,1",12.1,",,1",",,1",  170,",,1",2.5,  170,",,1",,,,,",,1",    1,",,1",    1,,,,,True,24.6,0.0,0.0,3.9,0.0,1.95,86.91093405467315,0.03455467027336575,24.6,0.0,0.0,0.0,24.634554670273367,0.05,18.108617530788507,44.80407709651999,0.001115969867927122,0.4041734302835363,american,USW00023225,"BLUE CANYON NYACK AIRPORT, CA US",,
2025-11-18,USW00023225,,",,1,2400",,0.0,,,,,"BLUE CANYON NYACK AIRPORT, CA US",8.9,",,1",0.6,",,1",,,,,4.0,",,1",6.7,",,1",",,1",  260,",,1",1.3,   60,",,1",,,,,",,1",    1,",,1",    1,,,,,True,0.0,0.0,0.0,8.9,0.6,4.75,74.49356095420954,0.0,0.0,0.0,0.0,0.0,0.0,0.05,14.835145530529722,44.80407709651999,0.001115969867927122,0.3311115079676977,american,USW00023225,"BLUE CANYON NYACK AIRPORT, CA US",,
2025-11-19,USW00023225,,",,1,2400",,0.3,,,,,"BLUE CANYON NYACK AIRPORT, CA US",2.8,",,1",0.6,",,1",,,,,4.5,",,1",8.5,",,1",",,1",  100,",,1",0.8,   90,",,1",,,,,",,1",    1,",,1",    1,,,,,True,0.3,0.0,0.0,2.8,0.6,1.7,92.40199314458661,0.06200996572293306,0.3,0.0,0.0,0.0,0.36200996572293304,0.05,12.221673618021192,44.80407709651999,0.001115969867927122,0.27278038986703,american,USW00023225,"BLUE CANYON NYACK AIRPORT, CA US",,
2025-11-20,USW00023225,,",,1,2400",,9.7,,,,,"BLUE CANYON NYACK AIRPORT, CA US",2.8,",,1",0.0,",,1",,,,,5.8,",,1",8.5,",,1",",,1",  190,",,1",1.4,  180,",,1",,,,,",,1",    1,",,1",    1,,,,,True,9.7,0.0,0.0,2.8,0.0,1.4,90.39827350375471,0.05199136751877355,9.7,0.0,0.0,0.0,9.751991367518773,0.05,11.80996507867268,44.80407709651999,0.001115969867927122,0.26359130338140546,american,USW00023225,"BLUE CANYON NYACK AIRPORT, CA US",,
2025-11-21,USW00023225,,",,1,2400",,0.0,,,,,"BLUE CANYON NYACK AIRPORT, CA US",10.0,",,1",1.1,",,1",,,,,5.8,",,1",13.9,",,1",",,1",  100,",,1",2.6,  100,",,1",,,,,,,,,,,,,True,0.0,0.0,0.0,10.0,1.1,5.55,73.04584672795825,0.0,0.0,0.0,0.0,0.0,0.0,0.05,9.678245065032453,44.80407709651999,0.001115969867927122,0.2160125973398117,american,USW00023225,"BLUE CANYON NYACK AIRPORT, CA US",,
2025-11-22,USW00023225,,",,1,2400",,0.0,,,,,"BLUE CANYON NYACK AIRPORT, CA US",13.3,",,1",4.4,",,1",,,,,4.0,",,1",8.5,",,1",",,1",   50,",,1",1.9,   70,",,1",,,,,,,,,,,,,True,0.0,0.0,0.0,13.3,4.4,8.850000000000001,73.65087168467144,0.0,0.0,0.0,0.0,0.0,0.0,0.05,7.932940332913382,44.80407709651999,0.001115969867927122,0.1770584475119017,american,USW00023225,"BLUE CANYON NYACK AIRPORT, CA US",,
2025-11-23,USW00023225,,",,1,2400",,0.0,,,,,"BLUE CANYON NYACK AIRPORT, CA US",10.6,",,1",3.9,",,1",,,,,3.1,",,1",4.5,",,1",",,1",  290,",,1",1.0,  270,",,1",,,,,,,,,,,,,True,0.0,0.0,0.0,10.6,3.9,7.25,79.28068219026866,0.0,0.0,0.0,0.0,0.0,0.0,0.05,6.50400567523497,44.80407709651999,0.001115969867927122,0.14516548708778443,american,USW00023225,"BLUE CANYON NYACK AIRPORT, CA US",,
2025-11-24,USW00023225,,",,1,2400",,0.0,,,,,"BLUE CANYON NYACK AIRPORT, CA US",11.7,",,1",3.9,",,1",,,,,3.6,",,1",4.9,",,1",",,1",  250,",,1",0.7,  300,",,1",,,,,,,,,,,,,True,0.0,0.0,0.0,11.7,3.9,7.8,76.36074486185927,0.0,0.0,0.0,0.0,0.0,0.0,0.05,5.334092926854695,44.80407709651999,0.001115969867927122,0.1190537395818606,american,USW00023225,"BLUE CANYON NYACK AIRPORT, CA US",,
2025-11-25,USW00023225,,",,1,2400",,0.0,,,,,"BLUE CANYON NYACK AIRPORT, CA US",12.8,",,1",6.7,",,1",,,,,3.1,",,1",4.5,",,1",",,1",  280,",,1",1.1,  270,",,1",,,,,,,,,,,,,True,0.0,0.0,0.0,12.8,6.7,9.75,81.30629003292788,0.006531450164639381,0.0,0.0,0.0,0.0,0.006531450164639381,0.05,4.377449810238694,44.80407709651999,0.001115969867927122,0.09770204173179362,american,USW00023225,"BLUE CANYON NYACK AIRPORT, CA US",,
2025-11-26,USW00023225,,",,1,2400",,0.0,,,,,"BLUE CANYON NYACK AIRPORT, CA US",16.1,",,1",10.0,",,1",,,,,3.1,",,1",5.4,",,1",",,1",  280,",,1",1.5,   50,",,1",,,,,,,,,,,,,True,0.0,0.0,0.0,16.1,10.0,13.05,81.74087798660747,0.008704389933037363,0.0,0.0,0.0,0.0,0.008704389933037363,0.05,3.428489037488974,44.80407709651999,0.001115969867927122,0.07652180916712312,american,USW00023225,"BLUE CANYON NYACK AIRPORT, CA US",,
2025-11-27,USW00023225,,",,1,2400",,0.0,,,,,"BLUE CANYON NYACK AIRPORT, CA US",16.1,",,1",8.9,",,1",,,,,3.6,",,1",5.8,",,1",",,1",  190,",,1",0.9,  170,",,1",,,,,,,,,,,,,True,0.0,0.0,0.0,16.1,8.9,12.5,78.70005048351871,0.0,0.0,0.0,0.0,0.0,0.0,0.05,2.8160728739290537,44.80407709651999,0.001115969867927122,0.06285304946383513,american,USW00023225,"BLUE CANYON NYACK AIRPORT, CA US",,
2025-11-28,USW00023225,,",,1,2400",,0.0,,,,,"BLUE CANYON NYACK AIRPORT, CA US",12.8,",,1",6.1,",,1",,,,,4.0,",,1",8.5,",,1",",,1",  200,",,1",1.3,  160,",,1",,,,,,,,,,,,,True,0.0,0.0,0.0,12.8,6.1,9.45,79.60284447155433,0.0,0.0,0.0,0.0,0.0,0.0,0.05,2.3138002007521674,44.80407709651999,0.001115969867927122,0.051642626088862886,american,USW00023225,"BLUE CANYON NYACK AIRPORT, CA US",,
2025-11-29,USW00023225,,",,1,2400",,0.0,,,,,"BLUE CANYON NYACK AIRPORT, CA US",,,,,,,,,,,,,,,,,,,,,,,,,,,,,,,True,0.0,0.0,0.0,12.233333333333334,5.166666666666666,8.7,78.48765575482801,0.0,0.0,0.0,0.0,0.0,0.0,0.05,1.9034428431799089,44.80407709651999,0.001115969867927122,0.04248369716620617,american,USW00023225,"BLUE CANYON NYACK AIRPORT, CA US",,
2025-11-30,USW00023225,,",,1,2400",,0.0,,,,,"BLUE CANYON NYACK AIRPORT, CA US",,,,,,,,,,,,,,,,,,,,,,,,,,,,,,,True,0.0,0.0,0.0,11.666666666666666,4.233333333333333,7.949999999999999,77.37369778090539,0.0,0.0,0.0,0.0,0.0,0.0,0.05,1.5674706547836827,44.80407709651999,0.001115969867927122,0.034985000391971714,american,USW00023225,"BLUE CANYON NYACK AIRPORT, CA US",,
2025-12-01,USW00023225,,",,1,2400",,0.0,,,,,"BLUE CANYON NYACK AIRPORT, CA US",11.1,",,1",3.3,",,1",,,,,5.4,",,1",7.2,",,1",",,1",  200,",,1",1.2,  220,",,1",,,,,,,,,,,,,True,0.0,0.0,0.0,11.1,3.3,7.199999999999999,76.2611485480364,0.0,0.0,0.0,0.0,0.0,0.0,0.05,1.2923888778613808,44.80407709651999,0.001115969867927122,0.028845340906748927,american,USW00023225,"BLUE CANYON NYACK AIRPORT, CA US",,
2025-12-02,USW00023225,,",,1,2400",,0.0,,,,,"BLUE CANYON NYACK AIRPORT, CA US",11.1,",,1",2.8,",,1",,,,,8.0,",,1",16.5,",,1",",,1",   60,",,1",1.9,   20,",,1",,,,,,,,,,,,,True,0.0,0.0,0.0,11.1,2.8,6.949999999999999,74.88217701349568,0.0,0.0,0.0,0.0,0.0,0.0,0.05,1.0671549496918145,44.80407709651999,0.001115969867927122,0.023818255365306972,american,USW00023225,"BLUE CANYON NYACK AIRPORT, CA US",,
2025-12-03,USW00023225,,",,1,2400",,0.0,,,,,"BLUE CANYON NYACK AIRPORT, CA US",7.2,",,1",1.1,",,1",,,,,8.0,",,1",16.1,",,1",",,1",   60,",,1",4.0,   50,",,1",,,,,,,,,,,,,True,0.0,0.0,0.0,7.2,1.1,4.15,80.53409723394498,0.002670486169724882,0.0,0.0,0.0,0.0,0.002670486169724882,0.05,0.8824195530746008,44.80407709651999,0.001115969867927122,0.019695072642019446,american,USW00023225,"BLUE CANYON NYACK AIRPORT, CA US",,
2025-12-04,USW00023225,,",,1,2400",,0.0,,,,,"BLUE CANYON NYACK AIRPORT, CA US",10.0,",,1",5.6,",,1",,,,,3.6,",,1",5.4,",,1",",,1",  270,",,1",1.4,  250,",,1",,,,,,,,,,,,,True,0.0,0.0,0.0,10.0,5.6,7.8,85.97625230099969,0.02988126150499845,0.0,0.0,0.0,0.0,0.02988126150499845,0.05,0.5176038120345179,44.80407709651999,0.001115969867927122,0.011552605155094715,american,USW00023225,"BLUE CANYON NYACK AIRPORT, CA US",,
2025-12-05,USW00023225,,",,1,2400",,0.0,,,,,"BLUE CANYON NYACK AIRPORT, CA US",13.9,",,1",6.1,",,1",,,,,3.6,",,1",6.3,",,1",",,1",  270,",,1",1.2,   70,",,1",,,,,,,,,,,,,True,0.0,0.0,0.0,13.9,6.1,10.0,76.72092380369689,0.0,0.0,0.0,0.0,0.0,0.0,0.05,0.41323555203024953,44.80407709651999,0.001115969867927122,0.009223168488439777,american,USW00023225,"BLUE CANYON NYACK AIRPORT, CA US",,
2025-12-06,USW00023225,,",,1,2400",,0.0,,,,,"BLUE CANYON NYACK AIRPORT, CA US",12.8,",,1",5.6,",,1",,,,,4.0,",,1",5.8,",,1",",,1",  270,",,1",0.7,  260,",,1",,,,,,,,,,,,,True,0.0,0.0,0.0,12.8,5.6,9.2,78.20155194603664,0.0,0.0,0.0,0.0,0.0,0.0,0.05,0.33469786967654697,44.80407709651999,0.001115969867927122,0.007470254748368503,american,USW00023225,"BLUE CANYON NYACK AIRPORT, CA US",,
2025-12-07,USW00023225,,",,1,2400",,0.0,,,,,"BLUE CANYON NYACK AIRPORT, CA US",13.3,",,1",6.7,",,1",,,,,3.6,",,1",5.4,",,1",",,1",  270,",,1",1.1,   40,",,1",,,,,,,,,,,,,True,0.0,0.0,0.0,13.3,6.7,10.0,79.95642098467583,0.0,0.0,0.0,0.0,0.0,0.0,0.05,0.19827224358058454,44.80407709651999,0.001115969867927122,0.004425316989644781,american,USW00023225,"BLUE CANYON NYACK AIRPORT, CA US",,
2025-12-08,USW00023225,,",,1,2400",,0.0,,,,,"BLUE CANYON NYACK AIRPORT, CA US",14.4,",,1",8.3,",,1",,,,,5.4,",,1",7.6,",,1",",,1",  330,",,1",1.6,  330,",,1",,,,,,,,,,,,,True,0.0,0.0,0.0,14.4,8.3,11.350000000000001,81.5188349782595,0.0075941748912975275,0.0,0.0,0.0,0.0,0.0075941748912975275,0.05,0.10481060801255968,44.80407709651999,0.001115969867927122,0.002339309607622751,american,USW00023225,"BLUE CANYON NYACK AIRPORT, CA US",,
2025-12-09,USW00023225,,",,1,2400",,0.0,,,,,"BLUE CANYON NYACK AIRPORT, CA US",16.7,",,1",8.9,",,1",,,,,3.6,",,1",7.2,",,1",",,1",   60,",,1",1.3,   50,",,1",,,,,,,,,,,,,True,0.0,0.0,0.0,16.7,8.9,12.8,77.16820662134138,0.0,0.0,0.0,0.0,0.0,0.0,0.05,0.09487513037478507,44.80407709651999,0.001115969867927122,0.002117555734278347,american,USW00023225,"BLUE CANYON NYACK AIRPORT, CA US",,
2025-12-10,USW00023225,,",,1,2400",,0.0,,,,,"BLUE CANYON NYACK AIRPORT, CA US",20.0,",,1",13.3,",,1",,,,,3.6,",,1",6.3,",,1",",,1",   50,",,1",1.8,   30,",,1",,,,,,,,,,,,,True,0.0,0.0,0.0,20.0,13.3,16.65,80.60851390091842,0.0030425695045921235,0.0,0.0,0.0,0.0,0.0030425695045921235,0.05,0.0863015603234554,44.80407709651999,0.001115969867927122,0.0019261988175214213,american,USW00023225,"BLUE CANYON NYACK AIRPORT, CA US",,
2025-12-11,USW00023225,,",,1,2400",,0.0,,,,,"BLUE CANYON NYACK AIRPORT, CA US",20.0,",,1",12.2,",,1",,,,,3.6,",,1",6.3,",,1",",,1",   50,",,1",1.4,   70,",,1",,,,,,,,,,,,,True,0.0,0.0,0.0,20.0,12.2,16.1,77.67988827261068,0.0,0.0,0.0,0.0,0.0,0.0,0.05,0.052809423194311145,44.80407709651999,0.001115969867927122,0.0011786745005492579,american,USW00023225,"BLUE CANYON NYACK AIRPORT, CA US",,
2025-12-12,USW00023225,,",,1,2400",,0.0,,,,,"BLUE CANYON NYACK AIRPORT, CA US",18.9,",,1",12.2,",,1",,,,,4.0,",,1",7.6,",,1",",,1",   60,",,1",1.2,   30,",,1",,,,,,,,,,,,,True,0.0,0.0,0.0,18.9,12.2,15.549999999999999,80.45952985465674,0.002297649273283682,0.0,0.0,0.0,0.0,0.002297649273283682,0.05,0.05272299495763301,44.80407709651999,0.001115969867927122,0.0011767454743918406,american,USW00023225,"BLUE CANYON NYACK AIRPORT, CA US",,
2025-12-13,USW00023225,,",,1,2400",,0.0,,,,,"BLUE CANYON NYACK AIRPORT, CA US",17.8,",,1",11.1,",,1",,,,,3.6,",,1",5.8,",,1",",,1",  170,",,1",0.7,  180,",,1",,,,,,,,,,,,,True,0.0,0.0,0.0,17.8,11.1,14.45,80.3089004023727,0.0015445020118635,0.0,0.0,0.0,0.0,0.0015445020118635,0.05,0.05251363266594185,44.80407709651999,0.001115969867927122,0.0011720726342116905,american,USW00023225,"BLUE CANYON NYACK AIRPORT, CA US",,
2025-12-14,USW00023225,,",,1,2400",,0.0,,,,,"BLUE CANYON NYACK AIRPORT, CA US",16.1,",,1",9.4,",,1",,,,,3.1,",,1",5.4,",,1",",,1",  270,",,1",0.8,  160,",,1",,,,,,,,,,,,,True,0.0,0.0,0.0,16.1,9.4,12.75,80.07281963682571,0.00036409818412856513,0.0,0.0,0.0,0.0,0.00036409818412856513,0.05,0.052124992941456,44.80407709651999,0.001115969867927122,0.0011633984297715761,american,USW00023225,"BLUE CANYON NYACK AIRPORT, CA US",,
2025-12-15,USW00023225,,",,1,2400",,0.0,,,,,"BLUE CANYON NYACK AIRPORT, CA US",16.1,",,1",9.4,",,1",,,,,3.1,",,1",5.4,",,1",",,1",  270,",,1",0.8,  280,",,1",,,,,,,,,,,,,True,0.0,0.0,0.0,16.1,9.4,12.75,80.07281963682571,0.00036409818412856513,0.0,0.0,0.0,0.0,0.00036409818412856513,0.05,0.05180680164715168,44.80407709651999,0.001115969867927122,0.0011562965918379693,american,USW00023225,"BLUE CANYON NYACK AIRPORT, CA US",,
2025-12-16,USW00023225,,",,1,2400",,13.5,,,,,"BLUE CANYON NYACK AIRPORT, CA US",13.3,",,1",7.8,",,1",,,,,5.8,",,1",9.4,",,1",",,1",  190,",,1",1.9,  180,",,1",,,,,",,1",    1,",,1",    1,,,,,True,13.5,0.0,0.0,13.3,7.8,10.55,83.09488237824804,0.015474411891240223,13.5,0.0,0.0,0.0,13.51547441189124,0.05,2.5386986881244367,44.80407709651999,0.001115969867927122,0.056662224793859704,american,USW00023225,"BLUE CANYON NYACK AIRPORT, CA US",,
2025-12-17,USW00023225,,",,1,2400",,45.7,,,,,"BLUE CANYON NYACK AIRPORT, CA US",9.4,",,1",4.4,",,1",,,,,9.4,",,1",17.9,",,1",",,1",  190,",,1",4.1,  210,",,1",,,,,",,1",    1,",,1",    1,,,,,True,45.7,0.0,0.0,9.4,4.4,6.9,84.10051758084226,0.020502587904211327,45.7,0.0,0.0,0.0,45.720502587904214,0.05,10.501442370769064,44.80407709651999,0.001115969867927122,0.23438586511102869,american,USW00023225,"BLUE CANYON NYACK AIRPORT, CA US",,
2025-12-18,USW00023225,,",,1,2400",,0.0,,,,,"BLUE CANYON NYACK AIRPORT, CA US",12.2,",,1",5.6,",,1",,,,,4.5,",,1",8.0,",,1",",,1",  190,",,1",2.4,  160,",,1",,,,,,,,,,,,,True,0.0,0.0,0.0,12.2,5.6,8.899999999999999,79.79901530608882,0.0,0.0,0.0,0.0,0.0,0.0,0.05,8.606917282970885,44.80407709651999,0.001115969867927122,0.19210120687073362,american,USW00023225,"BLUE CANYON NYACK AIRPORT, CA US",,
2025-12-19,USW00023225,,",,1,2400",,40.4,,,,,"BLUE CANYON NYACK AIRPORT, CA US",6.1,",,1",2.8,",,1",,,,,6.7,",,1",14.3,",,1",",,1",  160,",,1",3.4,  170,",,1",,,,,",,1",    1,",,1",    1,,,,,True,40.4,0.0,0.0,6.1,2.8,4.449999999999999,89.03270384675004,0.0451635192337502,40.4,0.0,0.0,0.0,40.44516351923375,0.05,14.498888905428561,44.80407709651999,0.001115969867927122,0.3236064627376225,american,USW00023225,"BLUE CANYON NYACK AIRPORT, CA US",,
2025-12-20,USW00023225,,",,1,2400",,39.4,,,,,"BLUE CANYON NYACK AIRPORT, CA US",7.8,",,1",6.1,",,1",,,,,8.0,",,1",13.4,",,1",",,1",  180,",,1",3.9,  160,",,1",,,,,",,1",    1,",,1",    1,,,,,True,39.4,0.0,0.0,7.8,6.1,6.949999999999999,94.32158539872087,0.07160792699360435,39.4,0.0,0.0,0.0,39.471607926993606,0.05,19.143664937449277,44.80407709651999,0.001115969867927122,0.42727506463772685,american,USW00023225,"BLUE CANYON NYACK AIRPORT, CA US",,
2025-12-21,USW00023225,,",,1,2400",,170.9,,,,,"BLUE CANYON NYACK AIRPORT, CA US",8.3,",,1",5.6,",,1",,,,,13.0,",,1",22.8,",,1",",,1",  180,",,1",8.8,  170,",,1",,,,,",,1",    1,",,1",    1,,,,,True,170.9,0.0,0.0,8.3,5.6,6.95,91.11614812234123,0.05558074061170615,170.9,0.0,0.0,0.0,170.9555807406117,0.05,47.14333231931771,44.80407709651999,0.001115969867927122,1.0,american,USW00023225,"BLUE CANYON NYACK AIRPORT, CA US",,
2025-12-22,USW00023225,,",,1,2400",,69.1,,,,,"BLUE CANYON NYACK AIRPORT, CA US",6.7,",,1",5.0,",,1",,,,,9.4,",,1",17.4,",,1",",,1",  180,",,1",3.7,  180,",,1",,,,,",,1",    1,",,1",    1,,,,,True,69.1,0.0,0.0,6.7,5.0,5.85,94.27266644309753,0.07136333221548767,69.1,0.0,0.0,0.0,69.17136333221548,0.05,51.336286982781594,44.80407709651999,0.001115969867927122,1.0,american,USW00023225,"BLUE CANYON NYACK AIRPORT, CA US",,
2025-12-23,USW00023225,,",,1,2400",,8.1,,,,,"BLUE CANYON NYACK AIRPORT, CA US",9.4,",,1",4.4,",,1",,,,,9.4,",,1",14.8,",,1",",,1",  180,",,1",3.7,  170,",,1",,,,,",,1",    1,,,,,,,True,8.1,0.0,0.0,9.4,4.4,6.9,84.10051758084226,0.020502587904211327,8.1,0.0,0.0,0.0,8.12050258790421,0.05,43.534067245923104,44.80407709651999,0.001115969867927122,0.971654145495265,american,USW00023225,"BLUE CANYON NYACK AIRPORT, CA US",,
2025-12-24,USW00023225,,",,1,2400",,62.0,,,,,"BLUE CANYON NYACK AIRPORT, CA US",6.1,",,1",0.0,",,1",,,,,14.3,",,1",23.7,",,1",",,1",  190,",,1",5.9,  170,",,1",,,,,",,1",    1,",,1",    1,,,,,True,62.0,0.0,0.0,6.1,0.0,3.05,80.37705598351017,0.001885279917550875,62.0,0.0,0.0,0.0,62.00188527991755,0.05,47.061872386469865,44.80407709651999,0.001115969867927122,1.0,american,USW00023225,"BLUE CANYON NYACK AIRPORT, CA US",,
2025-12-25,USW00023225,,",,1,2400",,62.7,,,,,"BLUE CANYON NYACK AIRPORT, CA US",3.9,",,1",0.0,",,1",,,,,14.8,",,1",25.9,",,1",",,1",  180,",,1",7.5,  170,",,1",,,,,",,1",    1,",,1",    1,    1,",,1",,,True,62.7,0.0,0.0,3.9,0.0,1.95,86.91093405467315,0.03455467027336575,62.7,0.0,0.0,0.0,62.73455467027337,0.05,50.08495217152964,44.80407709651999,0.001115969867927122,1.0,american,USW00023225,"BLUE CANYON NYACK AIRPORT, CA US",,
2025-12-26,USW00023225,,",,1,2400",,26.2,,,,,"BLUE CANYON NYACK AIRPORT, CA US",0.6,",,1",-1.1,",,1",,,,,11.6,",,1",21.9,",,1",",,1",  210,",,1",5.1,  210,",,1",,,,,",,1",    1,",,1",    1,,,    1,",,1",True,26.2,0.0,0.0,0.6,-1.1,-0.25000000000000006,93.98968870873868,0.06994844354369342,0.0,26.2,0.0,26.2,0.06994844354369342,0.05,41.028026604355354,44.80407709651999,0.001115969867927122,0.9157208286194578,american,USW00023225,"BLUE CANYON NYACK AIRPORT, CA US",,
2025-12-27,USW00023225,,",,1,2400",,2.5,,,,,"BLUE CANYON NYACK AIRPORT, CA US",3.9,",,1",-1.1,",,1",,,,,6.3,",,1",10.3,",,1",",,1",  180,",,1",1.7,  160,",,1",,,,,",,1",    1,",,1",    1,,,    1,",,1",True,2.5,0.0,0.0,3.9,-1.1,1.4,83.43698402716616,0.017184920135830808,2.5,0.0,0.9999999999999998,25.2,3.517184920135831,0.05,34.247234133510204,44.80407709651999,0.001115969867927122,0.7643776270568521,american,USW00023225,"BLUE CANYON NYACK AIRPORT, CA US",,
2025-12-28,USW00023225,,",,1,2400",,0.0,,,,,"BLUE CANYON NYACK AIRPORT, CA US",7.2,",,1",0.6,",,1",,,,,6.7,",,1",14.8,",,1",",,1",   50,",,1",3.0,   60,",,1",,,,,,,,,,,,,True,0.0,0.0,0.0,7.2,0.6,3.9,79.06080959835856,0.0,0.0,0.0,7.25,17.95,7.25,0.05,29.38253653321894,44.80407709651999,0.001115969867927122,0.6558005082868035,american,USW00023225,"BLUE CANYON NYACK AIRPORT, CA US",,
2025-12-29,USW00023225,,",,1,2400",,0.0,,,,,"BLUE CANYON NYACK AIRPORT, CA US",13.9,",,1",1.7,",,1",,,,,5.4,",,1",10.7,",,1",",,1",   50,",,1",2.9,  100,",,1",,,,,,,,,,,,,True,0.0,0.0,0.0,13.9,1.7,7.8,65.33562864672882,0.0,0.0,0.0,17.0,0.9499999999999993,17.0,0.05,27.1939194891078,44.80407709651999,0.001115969867927122,0.6069518948136083,american,USW00023225,"BLUE CANYON NYACK AIRPORT, CA US",,
2025-12-30,USW00023225,,",,1,2400",,0.0,,,,,"BLUE CANYON NYACK AIRPORT, CA US",14.4,",,1",7.8,",,1",,,,,3.6,",,1",5.4,",,1",",,1",  170,",,1",0.8,  180,",,1",,,,,,,,,,,,,True,0.0,0.0,0.0,14.4,7.8,11.1,80.11207820272737,0.000560391013636874,0.0,0.0,0.9499999999999993,0.0,0.9505603910136362,0.05,22.448492195550223,44.80407709651999,0.001115969867927122,0.5010368174126242,american,USW00023225,"BLUE CANYON NYACK AIRPORT, CA US",,
2025-12-31,USW00023225,,",,1,2400",,7.6,,,,,"BLUE CANYON NYACK AIRPORT, CA US",12.2,",,1",5.0,",,1",,,,,3.1,",,1",5.8,",,1",",,1",   50,",,1",0.8,  170,",,1",",,1",    1,,,",,1",    1,,,,,,,True,7.6,0.0,0.0,12.2,5.0,8.6,78.10913618394879,0.0,7.6,0.0,0.0,0.0,7.6,0.05,19.786945367718925,44.80407709651999,0.001115969867927122,0.4416326961738893,american,USW00023225,"BLUE CANYON NYACK AIRPORT, CA US",,
2026-01-01,USW00023225,,",,1,2400",,54.6,,,,,"BLUE CANYON NYACK AIRPORT, CA US",7.2,",,1",2.8,",,1",,,,,8.9,",,1",14.3,",,1",",,1",  190,",,1",3.7,  200,",,1",,,,,",,1",    1,",,1",    1,,,,,True,54.6,0.0,0.0,7.2,2.8,5.0,85.68048331561123,0.028402416578056134,54.6,0.0,0.0,0.0,54.628402416578055,0.05,26.262447088010756,44.80407709651999,0.001115969867927122,0.5861619921650079,american,USW00023225,"BLUE CANYON NYACK AIRPORT, CA US",,
2026-01-02,USW00023225,,",,1,2400",,11.7,,,,,"BLUE CANYON NYACK AIRPORT, CA US",6.7,",,1",1.7,",,1",,,,,7.2,",,1",15.2,",,1",",,1",  150,",,1",2.9,  150,",,1",,,,,",,1",    1,,,,,,,True,11.7,0.0,0.0,6.7,1.7,4.2,83.77968784653922,0.01889843923269609,11.7,0.0,0.0,0.0,11.718898439232696,0.05,23.667545793328348,44.80407709651999,0.001115969867927122,0.5282453590627949,american,USW00023225,"BLUE CANYON NYACK AIRPORT, CA US",,
2026-01-03,USW00023225,,",,1,2400",,34.8,,,,,"BLUE CANYON NYACK AIRPORT, CA US",4.4,",,1",2.2,",,1",,,,,13.0,",,1",23.7,",,1",",,1",  180,",,1",6.6,  210,",,1",,,,,",,1",    1,",,1",    1,,,,,True,34.8,0.0,0.0,4.4,2.2,3.3000000000000003,92.49679615886355,0.06248398079431773,34.8,0.0,0.0,0.0,34.862483980794316,0.05,25.802110181061092,44.80407709651999,0.001115969867927122,0.5758875498199959,american,USW00023225,"BLUE CANYON NYACK AIRPORT, CA US",,
2026-01-04,USW00023225,,",,1,2400",,69.6,,,,,"BLUE CANYON NYACK AIRPORT, CA US",2.2,",,1",-1.1,",,1",,,,,10.3,",,1",16.5,",,1",",,1",  180,",,1",3.6,  180,",,1",,,,,",,1",    1,",,1",    1,,,,,True,69.6,0.0,0.0,2.2,-1.1,0.55,88.69835371231909,0.04349176856159545,69.6,0.0,0.0,0.0,69.64349176856159,0.05,33.950456365858436,44.80407709651999,0.001115969867927122,0.757753726133451,american,USW00023225,"BLUE CANYON NYACK AIRPORT, CA US",,
2026-01-05,USW00023225,,",,1,2400",,10.7,,,,,"BLUE CANYON NYACK AIRPORT, CA US",2.2,",,1",-0.6,",,1",,,,,7.6,",,1",13.0,",,1",",,1",  180,",,1",3.4,  170,",,1",,,,,",,1",    1,",,1",    1,,,,,True,10.7,0.0,0.0,2.2,-0.6,0.8,90.35319176389399,0.05176595881946995,10.7,0.0,0.0,0.0,10.751765958819469,0.05,29.783980461352424,44.80407709651999,0.001115969867927122,0.6647604948359889,american,USW00023225,"BLUE CANYON NYACK AIRPORT, CA US",,
2026-01-06,USW00023225,,",,1,2400",,0.0,,,,,"BLUE CANYON NYACK AIRPORT, CA US",5.6,",,1",0.6,",,1",,,,,4.0,",,1",8.0,",,1",",,1",  140,",,1",1.2,  180,",,1",,,,,",,1",    1,",,1",    1,,,,,True,0.0,0.0,0.0,5.6,0.6,3.0999999999999996,83.6462886575425,0.018231443287712496,0.0,0.0,0.0,0.0,0.018231443287712496,0.05,24.360181767033538,44.80407709651999,0.001115969867927122,0.543704576584742,american,USW00023225,"BLUE CANYON NYACK AIRPORT, CA US",,
2026-01-07,USW00023225,,",,1,2400",,7.6,,,,,"BLUE CANYON NYACK AIRPORT, CA US",2.8,",,1",-1.7,",,1",,,,,8.0,",,1",13.4,",,1",",,1",  200,",,1",2.7,  200,",,1",,,,,",,1",    1,",,1",    1,,,,,True,7.6,0.0,0.0,2.8,-1.7,0.5499999999999999,84.87879156223245,0.024393957811162256,7.6,0.0,0.0,0.0,7.6243939578111615,0.05,21.230430831503636,44.80407709651999,0.001115969867927122,0.4738504218213802,american,USW00023225,"BLUE CANYON NYACK AIRPORT, CA US",,
2026-01-08,USW00023225,,",,1,2400",,4.8,,,,,"BLUE CANYON NYACK AIRPORT, CA US",-0.6,",,1",-4.4,",,1",,,,,7.2,",,1",15.6,",,1",",,1",   60,",,1",3.3,   60,",,1",,,,,",,1",    1,",,1",    1,,,    1,",,1",True,4.8,0.0,0.0,-0.6,-4.4,-2.5,86.78079146635739,0.03390395733178693,0.0,4.8,0.0,4.8,0.03390395733178693,0.05,17.397309392010985,44.80407709651999,0.001115969867927122,0.38829746128979553,american,USW00023225,"BLUE CANYON NYACK AIRPORT, CA US",,
2026-01-09,USW00023225,,",,1,2400",,0.0,,,,,"BLUE CANYON NYACK AIRPORT, CA US",8.3,",,1",-1.1,",,1",,,,,7.2,",,1",14.8,",,1",",,1",   60,",,1",3.1,   50,",,1",,,,,,,,,,,,,True,0.0,0.0,0.0,8.3,-1.1,3.6000000000000005,71.36297236188996,0.0,0.0,0.0,4.8,0.0,4.8,0.05,15.024500997258249,44.80407709651999,0.001115969867927122,0.335337807871624,american,USW00023225,"BLUE CANYON NYACK AIRPORT, CA US",,
2026-01-10,USW00023225,,",,1,2400",,0.0,,,,,"BLUE CANYON NYACK AIRPORT, CA US",10.0,",,1",2.8,",,1",,,,,3.6,",,1",6.3,",,1",",,1",   60,",,1",1.3,   40,",,1",,,,,,,,,,,,,True,0.0,0.0,0.0,10.0,2.8,6.4,77.76547354164516,0.0,0.0,0.0,0.0,0.0,0.0,0.05,12.201157879411875,44.80407709651999,0.001115969867927122,0.2723224909449047,american,USW00023225,"BLUE CANYON NYACK AIRPORT, CA US",,
2026-01-11,USW00023225,,",,1,2400",,0.0,,,,,"BLUE CANYON NYACK AIRPORT, CA US",14.4,",,1",7.2,",,1",,,,,5.4,",,1",9.8,",,1",",,1",   70,",,1",2.0,   70,",,1",,,,,,,,,,,,,True,0.0,0.0,0.0,14.4,7.2,10.8,78.44529807132248,0.0,0.0,0.0,0.0,0.0,0.0,0.05,9.526754373286087,44.80407709651999,0.001115969867927122,0.21263141639460412,american,USW00023225,"BLUE CANYON NYACK AIRPORT, CA US",,
2026-01-12,USW00023225,,",,1,2400",,0.0,,,,,"BLUE CANYON NYACK AIRPORT, CA US",16.7,",,1",8.3,",,1",,,,,4.0,",,1",8.5,",,1",",,1",   50,",,1",2.0,  120,",,1",,,,,,,,,,,,,True,0.0,0.0,0.0,16.7,8.3,12.5,75.56971697319302,0.0,0.0,0.0,0.0,0.0,0.0,0.05,7.61802363654063,44.80407709651999,0.001115969867927122,0.1700296966307188,american,USW00023225,"BLUE CANYON NYACK AIRPORT, CA US",,
2026-01-13,USW00023225,,",,1,2400",,0.0,,,,,"BLUE CANYON NYACK AIRPORT, CA US",19.4,",,1",11.1,",,1",,,,,5.8,",,1",10.7,",,1",",,1",   50,",,1",2.2,   50,",,1",,,,,,,,,,,,,True,0.0,0.0,0.0,19.4,11.1,15.25,76.27568108528207,0.0,0.0,0.0,0.0,0.0,0.0,0.05,6.223764198057743,44.80407709651999,0.001115969867927122,0.13891066620232098,american,USW00023225,"BLUE CANYON NYACK AIRPORT, CA US",,
2026-01-14,USW00023225,,",,1,2400",,0.0,,,,,"BLUE CANYON NYACK AIRPORT, CA US",19.4,",,1",12.8,",,1",,,,,5.8,",,1",11.2,",,1",",,1",   60,",,1",3.0,   70,",,1",,,,,,,,,,,,,True,0.0,0.0,0.0,19.4,12.8,16.1,80.79823362700915,0.003991168135045769,0.0,0.0,0.0,0.0,0.003991168135045769,0.05,4.93428352093729,44.80407709651999,0.001115969867927122,0.11013023458350724,american,USW00023225,"BLUE CANYON NYACK AIRPORT, CA US",,
2026-01-15,USW00023225,,",,1,2400",,0.0,,,,,"BLUE CANYON NYACK AIRPORT, CA US",18.9,",,1",9.4,",,1",,,,,5.4,",,1",11.6,",,1",",,1",   50,",,1",1.5,  100,",,1",,,,,,,,,,,,,True,0.0,0.0,0.0,18.9,9.4,14.149999999999999,73.09631416131054,0.0,0.0,0.0,0.0,0.0,0.0,0.05,3.8757896565659182,44.80407709651999,0.001115969867927122,0.08650528942302346,american,USW00023225,"BLUE CANYON NYACK AIRPORT, CA US",,
2026-01-16,USW00023225,,",,1,2400",,0.0,,,,,"BLUE CANYON NYACK AIRPORT, CA US",18.9,",,1",8.9,",,1",,,,,5.8,",,1",12.5,",,1",",,1",   70,",,1",2.6,   90,",,1",,,,,,,,,,,,,True,0.0,0.0,0.0,18.9,8.9,13.899999999999999,71.83036582944254,0.0,0.0,0.0,0.0,0.0,0.0,0.05,3.1820986155846196,44.80407709651999,0.001115969867927122,0.07102252343530091,american,USW00023225,"BLUE CANYON NYACK AIRPORT, CA US",,
2026-01-17,USW00023225,,",,1,2400",,0.0,,,,,"BLUE CANYON NYACK AIRPORT, CA US",16.7,",,1",10.0,",,1",,,,,4.5,",,1",8.9,",,1",",,1",   50,",,1",1.2,   30,",,1",,,,,,,,,,,,,True,0.0,0.0,0.0,16.7,10.0,13.35,80.15660263264553,0.0007830131632276505,0.0,0.0,0.0,0.0,0.0007830131632276505,0.05,2.6047834649582646,44.80407709651999,0.001115969867927122,0.05813719718736451,american,USW00023225,"BLUE CANYON NYACK AIRPORT, CA US",,
2026-01-18,USW00023225,,",,1,2400",,0.0,,,,,"BLUE CANYON NYACK AIRPORT, CA US",16.1,",,1",9.4,",,1",,,,,3.1,",,1",6.7,",,1",",,1",   50,",,1",1.3,   50,",,1",,,,,,,,,,,,,True,0.0,0.0,0.0,16.1,9.4,12.75,80.07281963682571,0.00036409818412856513,0.0,0.0,0.0,0.0,0.00036409818412856513,0.05,2.12173955707093,44.80407709651999,0.001115969867927122,0.04735594826560392,american,USW00023225,"BLUE CANYON NYACK AIRPORT, CA US",,
2026-01-19,USW00023225,,",,1,2400",,0.0,,,,,"BLUE CANYON NYACK AIRPORT, CA US",16.7,",,1",8.9,",,1",,,,,4.5,",,1",9.8,",,1",",,1",   50,",,1",2.2,   60,",,1",,,,,,,,,,,,,True,0.0,0.0,0.0,16.7,8.9,12.8,77.16820662134138,0.0,0.0,0.0,0.0,0.0,0.0,0.05,1.6992833648091084,44.80407709651999,0.001115969867927122,0.03792698064393552,american,USW00023225,"BLUE CANYON NYACK AIRPORT, CA US",,
2026-01-20,USW00023225,,",,1,2400",,0.0,,,,,"BLUE CANYON NYACK AIRPORT, CA US",12.8,",,1",6.7,",,1",,,,,3.6,",,1",4.9,",,1",",,1",  180,",,1",0.6,  180,",,1",,,,,,,,,,,,,True,0.0,0.0,0.0,12.8,6.7,9.75,81.30629003292788,0.006531450164639381,0.0,0.0,0.0,0.0,0.006531450164639381,0.05,1.3988978021638048,44.80407709651999,0.001115969867927122,0.031222555910485648,american,USW00023225,"BLUE CANYON NYACK AIRPORT, CA US",,
2026-01-21,USW00023225,,",,1,2400",,0.0,,,,,"BLUE CANYON NYACK AIRPORT, CA US",13.9,",,1",7.8,",,1",,,,,5.4,",,1",7.2,",,1",",,1",  180,",,1",0.6,  180,",,1",,,,,,,,,,,,,True,0.0,0.0,0.0,13.9,7.8,10.85,81.45278939231557,0.007263946961577831,0.0,0.0,0.0,0.0,0.007263946961577831,0.05,1.1347477849421792,44.80407709651999,0.001115969867927122,0.025326886713850357,american,USW00023225,"BLUE CANYON NYACK AIRPORT, CA US",,
2026-01-22,USW00023225,,",,1,2400",,0.0,,,,,"BLUE CANYON NYACK AIRPORT, CA US",15.6,",,1",7.8,",,1",,,,,4.0,",,1",6.7,",,1",",,1",  250,",,1",1.6,  270,",,1",,,,,,,,,,,,,True,0.0,0.0,0.0,15.6,7.8,11.7,76.99395130835285,0.0,0.0,0.0,0.0,0.0,0.0,0.05,0.7873627938321881,44.80407709651999,0.001115969867927122,0.017573463060872735,american,USW00023225,"BLUE CANYON NYACK AIRPORT, CA US",,
2026-01-23,USW00023225,,",,1,2400",,0.0,,,,,"BLUE CANYON NYACK AIRPORT, CA US",10.0,",,1",4.4,",,1",,,,,4.5,",,1",10.3,",,1",",,1",   60,",,1",1.9,   60,",,1",,,,,,,,,,,,,True,0.0,0.0,0.0,10.0,4.4,7.2,82.39018584348496,0.011950929217424786,0.0,0.0,0.0,0.0,0.011950929217424786,0.05,0.6235612166906583,44.80407709651999,0.001115969867927122,0.013917510572694988,american,USW00023225,"BLUE CANYON NYACK AIRPORT, CA US",,
2026-01-24,USW00023225,,",,1,2400",,0.0,,,,,"BLUE CANYON NYACK AIRPORT, CA US",8.9,",,1",1.1,",,1",,,,,6.7,",,1",13.4,",,1",",,1",   70,",,1",3.2,   60,",,1",,,,,,,,,,,,,True,0.0,0.0,0.0,8.9,1.1,5.0,75.89085210019704,0.0,0.0,0.0,0.0,0.0,0.0,0.05,0.42338503383423115,44.80407709651999,0.001115969867927122,0.00944969880580614,american,USW00023225,"BLUE CANYON NYACK AIRPORT, CA US",,
2026-01-25,USW00023225,,",,1,2400",,0.0,,,,,"BLUE CANYON NYACK AIRPORT, CA US",8.3,",,1",1.7,",,1",,,,,4.0,",,1",6.7,",,1",",,1",  200,",,1",1.3,   50,",,1",,,,,,,,,,,,,True,0.0,0.0,0.0,8.3,1.7,5.0,79.22648011469269,0.0,0.0,0.0,0.0,0.0,0.0,0.05,0.16351230710268175,44.80407709651999,0.001115969867927122,0.0036494961552367747,american,USW00023225,"BLUE CANYON NYACK AIRPORT, CA US",,
2026-01-26,USW00023225,,",,1,2400",,0.0,,,,,"BLUE CANYON NYACK AIRPORT, CA US",8.9,",,1",2.2,",,1",,,,,6.3,",,1",8.9,",,1",",,1",  190,",,1",1.8,  190,",,1",,,,,,,,,,,,,True,0.0,0.0,0.0,8.9,2.2,5.550000000000001,79.02674192248121,0.0,0.0,0.0,0.0,0.0,0.0,0.05,0.11326523909664907,44.80407709651999,0.001115969867927122,0.002528011878308427,american,USW00023225,"BLUE CANYON NYACK AIRPORT, CA US",,
2026-01-27,USW00023225,,",,1,2400",,2.3,,,,,"BLUE CANYON NYACK AIRPORT, CA US",8.3,",,1",0.0,",,1",,,,,7.2,",,1",11.2,",,1",",,1",  180,",,1",2.1,  200,",,1",,,,,",,1",    1,,,,,,,True,2.3,0.0,0.0,8.3,0.0,4.15,74.38611213591992,0.0,2.3,0.0,0.0,0.0,2.3,0.05,0.5250132766236153,44.80407709651999,0.001115969867927122,0.01171797993947283,american,USW00023225,"BLUE CANYON NYACK AIRPORT, CA US",,
2026-01-28,USW00023225,,",,1,2400",,1.5,,,,,"BLUE CANYON NYACK AIRPORT, CA US",,,,,,,,,3.6,",,1",7.2,",,1",",,1",  140,",,1",1.0,   90,",,1",,,,,",,1",    1,,,,,,,True,1.5,0.0,0.0,9.3,1.22,5.260000000000001,75.17603327254926,0.0,1.5,0.0,0.0,0.0,1.5,0.05,0.6939108541697891,44.80407709651999,0.001115969867927122,0.015487672085621119,american,USW00023225,"BLUE CANYON NYACK AIRPORT, CA US",,
2026-01-29,USW00023225,,",,1,2400",,0.0,,,,,"BLUE CANYON NYACK AIRPORT, CA US",,,,,,,,,3.1,",,1",4.9,",,1",",,1",  290,",,1",1.4,  280,",,1",,,,,,,,,,,,,True,0.0,0.0,0.0,10.3,2.44,6.37,75.96025372793447,0.0,0.0,0.0,0.0,0.0,0.0,0.05,0.5770960565448237,44.80407709651999,0.001115969867927122,0.012880436200071795,american,USW00023225,"BLUE CANYON NYACK AIRPORT, CA US",,
2026-01-30,USW00023225,,",,1,2400",,0.0,,,,,"BLUE CANYON NYACK AIRPORT, CA US",,,,,,,,,2.7,",,1",4.5,",,1",",,1",  190,",,1",0.8,  190,",,1",,,,,,,,,,,,,True,0.0,0.0,0.0,11.3,3.66,7.48,76.73871447514587,0.0,0.0,0.0,0.0,0.0,0.0,0.05,0.46830358013829027,44.80407709651999,0.001115969867927122,0.010452253689534523,american,USW00023225,"BLUE CANYON NYACK AIRPORT, CA US",,
2026-01-31,USW00023225,,",,1,2400",,0.0,,,,,"BLUE CANYON NYACK AIRPORT, CA US",,,,,,,,,,,,,,,,,,,,,,,,,,,,,,,True,0.0,0.0,0.0,12.3,4.88,8.59,77.51136075061473,0.0,0.0,0.0,0.0,0.0,0.0,0.05,0.39247800518183834,44.80407709651999,0.001115969867927122,0.008759872552141527,american,USW00023225,"BLUE CANYON NYACK AIRPORT, CA US",,
2026-02-01,USW00023225,,",,1,2400",,0.0,,,,,"BLUE CANYON NYACK AIRPORT, CA US",13.3,",,1",6.1,",,1",,,,,4.5,",,1",7.2,",,1",",,1",  170,",,1",1.7,  190,",,1",,,,,,,,,,,,,True,0.0,0.0,0.0,13.3,6.1,9.7,78.2781419257746,0.0,0.0,0.0,0.0,0.0,0.0,0.05,0.33039727509517147,44.80407709651999,0.001115969867927122,0.007374268069028789,american,USW00023225,"BLUE CANYON NYACK AIRPORT, CA US",,
2026-02-02,USW00023225,,",,1,2400",,0.0,,,,,"BLUE CANYON NYACK AIRPORT, CA US",17.8,",,1",7.2,",,1",,,,,4.0,",,1",7.2,",,1",",,1",   50,",,1",1.9,   90,",,1",,,,,,,,,,,,,True,0.0,0.0,0.0,17.8,7.2,12.5,70.1151217532085,0.0,0.0,0.0,0.0,0.0,0.0,0.05,0.27956987219968377,44.80407709651999,0.001115969867927122,0.006239831067101669,american,USW00023225,"BLUE CANYON NYACK AIRPORT, CA US",,
2026-02-03,USW00023225,,",,1,2400",,0.0,,,,,"BLUE CANYON NYACK AIRPORT, CA US",16.7,",,1",8.3,",,1",,,,,3.6,",,1",7.6,",,1",",,1",   50,",,1",1.4,   50,",,1",,,,,,,,,,,,,True,0.0,0.0,0.0,16.7,8.3,12.5,75.56971697319302,0.0,0.0,0.0,0.0,0.0,0.0,0.05,0.2379559143500632,44.80407709651999,0.001115969867927122,0.005311032606194351,american,USW00023225,"BLUE CANYON NYACK AIRPORT, CA US",,
2026-02-04,USW00023225,,",,1,2400",,0.0,,,,,"BLUE CANYON NYACK AIRPORT, CA US",20.6,",,1",10.0,",,1",,,,,4.0,",,1",7.2,",,1",",,1",  310,",,1",1.6,  320,",,1",,,,,,,,,,,,,True,0.0,0.0,0.0,20.6,10.0,15.3,70.65949377212976,0.0,0.0,0.0,0.0,0.0,0.0,0.05,0.20387427319788592,44.80407709651999,0.001115969867927122,0.0045503509146876545,american,USW00023225,"BLUE CANYON NYACK AIRPORT, CA US",,
2026-02-05,USW00023225,,",,1,2400",,0.0,,,,,"BLUE CANYON NYACK AIRPORT, CA US",16.7,",,1",8.9,",,1",,,,,5.8,",,1",8.0,",,1",",,1",  180,",,1",1.1,  180,",,1",,,,,,,,,,,,,True,0.0,0.0,0.0,16.7,8.9,12.8,77.16820662134138,0.0,0.0,0.0,0.0,0.0,0.0,0.05,0.17598159957463222,44.80407709651999,0.001115969867927122,0.003927803248698119,american,USW00023225,"BLUE CANYON NYACK AIRPORT, CA US",,
2026-02-06,USW00023225,,",,1,2400",,0.0,,,,,"BLUE CANYON NYACK AIRPORT, CA US",13.3,",,1",7.2,",,1",,,,,5.4,",,1",8.0,",,1",",,1",  210,",,1",1.5,  190,",,1",,,,,,,,,,,,,True,0.0,0.0,0.0,13.3,7.2,10.25,81.37308601164808,0.006865430058240422,0.0,0.0,0.0,0.0,0.006865430058240422,0.05,0.1544084472013653,44.80407709651999,0.001115969867927122,0.003446303488602792,american,USW00023225,"BLUE CANYON NYACK AIRPORT, CA US",,
2026-02-07,USW00023225,,",,1,2400",,0.0,,,,,"BLUE CANYON NYACK AIRPORT, CA US",12.8,",,1",6.1,",,1",,,,,4.0,",,1",6.7,",,1",",,1",  210,",,1",0.9,  200,",,1",,,,,,,,,,,,,True,0.0,0.0,0.0,12.8,6.1,9.45,79.60284447155433,0.0,0.0,0.0,0.0,0.0,0.0,0.05,0.13548024578687712,44.80407709651999,0.001115969867927122,0.0030238374399503055,american,USW00023225,"BLUE CANYON NYACK AIRPORT, CA US",,
2026-02-08,USW00023225,,",,1,2400",,0.0,,,,,"BLUE CANYON NYACK AIRPORT, CA US",,,,,,,,,,,,,,,,,,,,,,,,,,,,,,,True,0.0,0.0,0.0,11.666666666666668,4.633333333333333,8.15,78.4950673963245,0.0,0.0,0.0,0.0,0.0,0.0,0.05,0.11998430123411553,44.80407709651999,0.001115969867927122,0.0026779772960312783,american,USW00023225,"BLUE CANYON NYACK AIRPORT, CA US",,
2026-02-09,,,,,,,,,,,,,,,,,,,,,,,,,,,,,,,,,,,,,,,,,False,0.0,0.0,0.0,10.533333333333333,3.1666666666666665,6.85,77.37952748915909,0.0,0.0,0.0,0.0,0.0,0.0,0.05,0.10729829965304374,44.80407709651999,0.001115969867927122,0.0023948333858522393,american,USW00023225,"BLUE CANYON NYACK AIRPORT, CA US",,
2026-02-10,USW00023225,,",,1,2400",,13.0,,,,,"BLUE CANYON NYACK AIRPORT, CA US",9.4,",,1",1.7,",,1",,,,,7.6,",,1",13.0,",,1",",,1",  170,",,1",2.6,  180,",,1",,,,,",,1",    1,",,1",    1,    1,",,1",,,True,13.0,0.0,0.0,9.4,1.7,5.55,76.25642831909182,0.0,13.0,0.0,0.0,0.0,13.0,0.05,2.489269112646093,44.80407709651999,0.001115969867927122,0.05555898645749449,american,USW00023225,"BLUE CANYON NYACK AIRPORT, CA US",,
2026-02-11,USW00023225,,",,1,2400",,13.5,,,,,"BLUE CANYON NYACK AIRPORT, CA US",4.4,",,1",0.0,",,1",,,,,6.7,",,1",13.0,",,1",",,1",  170,",,1",2.9,  110,",,1",,,,,",,1",    1,",,1",    1,,,,,True,13.5,0.0,0.0,4.4,0.0,2.2,85.37555029946809,0.02687775149734044,13.5,0.0,0.0,0.0,13.52687775149734,0.05,4.536420563851112,44.80407709651999,0.001115969867927122,0.1012501731500561,american,USW00023225,"BLUE CANYON NYACK AIRPORT, CA US",,
2026-02-12,USW00023225,,",,1,2400",,0.3,,,,,"BLUE CANYON NYACK AIRPORT, CA US",7.2,",,1",0.0,",,1",,,,,4.0,",,1",7.6,",,1",",,1",   60,",,1",1.7,   40,",,1",,,,,",,1",    1,,,    1,",,1",,,True,0.3,0.0,0.0,7.2,0.0,3.6,77.31690651127339,0.0,0.3,0.0,0.0,0.0,0.3,0.05,3.778379146641789,44.80407709651999,0.001115969867927122,0.08433114554512858,american,USW00023225,"BLUE CANYON NYACK AIRPORT, CA US",,
2026-02-13,USW00023225,,",,1,2400",,0.0,,,,,"BLUE CANYON NYACK AIRPORT, CA US",9.4,",,1",1.1,",,1",,,,,4.5,",,1",8.9,",,1",",,1",   40,",,1",1.9,   50,",,1",,,,,,,,,,,,,True,0.0,0.0,0.0,9.4,1.1,5.25,74.58261957525458,0.0,0.0,0.0,0.0,0.0,0.0,0.05,3.1025056864789855,44.80407709651999,0.001115969867927122,0.06924605722366196,american,USW00023225,"BLUE CANYON NYACK AIRPORT, CA US",,
2026-02-14,USW00023225,,",,1,2400",,0.3,,,,,"BLUE CANYON NYACK AIRPORT, CA US",7.8,",,1",1.7,",,1",,,,,7.2,",,1",11.6,",,1",",,1",  190,",,1",2.5,  200,",,1",,,,,",,1",    1,,,,,,,True,0.3,0.0,0.0,7.8,1.7,4.75,80.61899794482275,0.0030949897241137597,0.3,0.0,0.0,0.0,0.30309498972411375,0.05,2.6049585066901417,44.80407709651999,0.001115969867927122,0.058141104013332605,american,USW00023225,"BLUE CANYON NYACK AIRPORT, CA US",,
2026-02-15,USW00023225,,",,1,2400",,4.8,,,,,"BLUE CANYON NYACK AIRPORT, CA US",8.3,",,1",0.6,",,1",,,,,6.3,",,1",12.1,",,1",",,1",  170,",,1",3.0,  160,",,1",,,,,",,1",    1,",,1",    1,,,,,True,4.8,0.0,0.0,8.3,0.6,4.45,76.07104035522278,0.0,4.8,0.0,0.0,0.0,4.8,0.05,3.025161658672191,44.80407709651999,0.001115969867927122,0.06751978513373195,american,USW00023225,"BLUE CANYON NYACK AIRPORT, CA US",,
2026-02-16,USW00023225,,",,1,2400",,57.4,,,,,"BLUE CANYON NYACK AIRPORT, CA US",0.6,",,1",-2.8,",,1",,,,,6.3,",,1",11.6,",,1",",,1",  170,",,1",3.2,  160,",,1",,,,,",,1",    1,",,1",    1,,,    1,",,1",True,57.4,0.0,0.0,0.6,-2.8,-1.0999999999999999,88.22444772926485,0.04112223864632426,0.0,57.4,0.0,57.4,0.04112223864632426,0.05,2.4934240242755163,44.80407709651999,0.001115969867927122,0.05565172158114121,american,USW00023225,"BLUE CANYON NYACK AIRPORT, CA US",,
2026-02-17,USW00023225,,",,1,2400",,50.0,,,,,"BLUE CANYON NYACK AIRPORT, CA US",-2.2,",,1",-6.1,",,1",,,,,,,,,,,,,,,,,,,",,1",    1,",,1",    1,,,    1,",,1",True,50.0,0.0,0.0,-2.2,-6.1,-4.15,86.2799969746094,0.031399984873047015,0.0,50.0,0.0,107.4,0.031399984873047015,0.05,2.04993777139902,44.80407709651999,0.001115969867927122,0.04575337568013966,american,USW00023225,"BLUE CANYON NYACK AIRPORT, CA US",,
2026-02-18,USW00023225,,",,1,2400",,24.1,,,,,"BLUE CANYON NYACK AIRPORT, CA US",-4.4,",,1",-6.7,",,1",,,,,,,,,,,,,,,,,,,",,1",    1,",,1",    1,,,    1,",,1",True,24.1,0.0,0.0,-4.4,-6.7,-5.550000000000001,91.5975956495348,0.05798797824767398,0.0,24.1,0.0,131.5,0.05798797824767398,0.05,1.6939425910663322,44.80407709651999,0.001115969867927122,0.03780777779256843,american,USW00023225,"BLUE CANYON NYACK AIRPORT, CA US",,
2026-02-19,USW00023225,,",,1,2400",,27.7,,,,,"BLUE CANYON NYACK AIRPORT, CA US",-3.3,",,1",-5.6,",,1",,,,,0.4,",,1",1.3,",,1",,  120,",,1",,  120,",,1",",,1",    1,,,",,1",    1,",,1",    1,,,,,True,27.7,0.0,0.0,-3.3,-5.6,-4.449999999999999,91.67176050703597,0.058358802535179846,0.0,27.7,0.0,159.2,0.058358802535179846,0.05,1.406686059847593,44.80407709651999,0.001115969867927122,0.03139638512846084,american,USW00023225,"BLUE CANYON NYACK AIRPORT, CA US",,
2026-02-20,USW00023225,,",,1,2400",,0.0,,,,,"BLUE CANYON NYACK AIRPORT, CA US",-1.7,",,1",-6.7,",,1",,,,,3.1,",,1",5.4,",,1",",,1",  190,",,1",1.1,  180,",,1",,,,,",,1",    1,",,1",    1,,,,,True,0.0,0.0,0.0,-1.7,-6.7,-4.2,82.71945159179369,0.013597257958968429,0.0,0.0,0.0,159.2,0.013597257958968429,0.05,1.1632628874312043,44.80407709651999,0.001115969867927122,0.02596332661702247,american,USW00023225,"BLUE CANYON NYACK AIRPORT, CA US",,
2026-02-21,USW00023225,,",,1,2400",,0.0,,,,,"BLUE CANYON NYACK AIRPORT, CA US",2.8,",,1",-5.6,",,1",,,,,5.8,",,1",10.3,",,1",",,1",  170,",,1",2.5,  160,",,1",,,,,,,,,,,,,True,0.0,0.0,0.0,2.8,-5.6,-1.4,73.08337698210137,0.0,0.0,0.0,0.0,159.2,0.0,0.05,0.9614625622003187,44.80407709651999,0.001115969867927122,0.021459264971111235,american,USW00023225,"BLUE CANYON NYACK AIRPORT, CA US",,
2026-02-22,USW00023225,,",,1,2400",,0.0,,,,,"BLUE CANYON NYACK AIRPORT, CA US",8.3,",,1",0.6,",,1",,,,,8.0,",,1",13.0,",,1",",,1",  180,",,1",3.1,  180,",,1",,,,,,,,,,,,,True,0.0,0.0,0.0,8.3,0.6,4.45,76.07104035522278,0.0,0.0,0.0,8.625,150.575,8.625,0.05,2.383491398496077,44.80407709651999,0.001115969867927122,0.05319809162370196,american,USW00023225,"BLUE CANYON NYACK AIRPORT, CA US",,
2026-02-23,USW00023225,,",,1,2400",,1.8,,,,,"BLUE CANYON NYACK AIRPORT, CA US",11.1,",,1",3.3,",,1",,,,,7.2,",,1",10.7,",,1",",,1",  180,",,1",3.2,  190,",,1",,,,,,,,,,,,,True,1.8,0.0,0.0,11.1,3.3,7.199999999999999,76.2611485480364,0.0,1.8,0.0,15.499999999999998,135.075,17.299999999999997,0.05,5.144200550374436,44.80407709651999,0.001115969867927122,0.11481545617583976,american,USW00023225,"BLUE CANYON NYACK AIRPORT, CA US",,
2026-02-24,USW00023225,,",,1,2400",,74.2,,,,,"BLUE CANYON NYACK AIRPORT, CA US",5.6,",,1",1.7,",,1",,,,,7.6,",,1",13.4,",,1",",,1",  180,",,1",3.6,  160,",,1",,,,,",,1",    1,,,,,,,True,74.2,0.0,0.0,5.6,1.7,3.65,87.07922434566612,0.0353961217283306,74.2,0.0,6.625,128.45,80.86039612172833,0.05,19.101425648906556,44.80407709651999,0.001115969867927122,0.42633230917259973,american,USW00023225,"BLUE CANYON NYACK AIRPORT, CA US",,
2026-02-25,USW00023225,,",,1,2400",,21.8,,,,,"BLUE CANYON NYACK AIRPORT, CA US",8.3,",,1",5.0,",,1",,,,,4.5,",,1",8.5,",,1",",,1",  180,",,1",2.4,  170,",,1",,,,,",,1",    1,",,1",    1,,,,,True,21.8,0.0,0.0,8.3,5.0,6.65,89.214943988789,0.04607471994394502,21.8,0.0,14.125,114.32499999999999,35.97107471994394,0.05,22.267704155304177,44.80407709651999,0.001115969867927122,0.4970017373047005,american,USW00023225,"BLUE CANYON NYACK AIRPORT, CA US",,
2026-02-26,USW00023225,,",,1,2400",,0.0,,,,,"BLUE CANYON NYACK AIRPORT, CA US",13.9,",,1",7.2,",,1",,,,,3.6,",,1",5.4,",,1",",,1",  270,",,1",1.5,  290,",,1",,,,,",,1",    1,,,,,,,True,0.0,0.0,0.0,13.9,7.2,10.55,79.76124732929601,0.0,0.0,0.0,23.875,90.44999999999999,23.875,0.05,22.63400682853011,44.80407709651999,0.001115969867927122,0.5051773922219265,american,USW00023225,"BLUE CANYON NYACK AIRPORT, CA US",,
2026-02-27,USW00023225,,",,1,2400",,0.0,,,,,"BLUE CANYON NYACK AIRPORT, CA US",15.6,",,1",9.4,",,1",,,,,3.6,",,1",6.7,",,1",",,1",  280,",,1",1.4,  200,",,1",,,,,,,,,,,,,True,0.0,0.0,0.0,15.6,9.4,12.5,81.39549124350962,0.006977456217548124,0.0,0.0,28.75,61.69999999999999,28.756977456217548,0.05,23.83231592076899,44.80407709651999,0.001115969867927122,0.5319229290099603,american,USW00023225,"BLUE CANYON NYACK AIRPORT, CA US",,
2026-02-28,USW00023225,,",,1,2400",,0.0,,,,,"BLUE CANYON NYACK AIRPORT, CA US",15.0,",,1",8.9,",,1",,,,,4.0,",,1",6.7,",,1",",,1",  190,",,1",1.7,  150,",,1",,,,,",,1",    1,",,1",    1,,,,,True,0.0,0.0,0.0,15.0,8.9,11.95,81.59764428759286,0.007988221437964285,0.0,0.0,27.375,34.32499999999999,27.382988221437966,0.05,24.56057369158899,44.80407709651999,0.001115969867927122,0.5481772035763381,american,USW00023225,"BLUE CANYON NYACK AIRPORT, CA US",,
2026-03-01,USW00023225,,",,1,2400",,0.0,,,,,"BLUE CANYON NYACK AIRPORT, CA US",8.9,",,1",2.8,",,1",,,,,5.4,",,1",8.0,",,1",",,1",  180,",,1",2.1,  180,",,1",,,,,",,1",    1,",,1",    1,,,,,True,0.0,0.0,0.0,8.9,2.8,5.85,80.77327624296,0.0038663812147999724,0.0,0.0,12.125,22.19999999999999,12.1288663812148,0.05,22.349621981894888,44.80407709651999,0.001115969867927122,0.4988300938271268,american,USW00023225,"BLUE CANYON NYACK AIRPORT, CA US",,
2026-03-02,USW00023225,,",,1,2400",,0.0,,,,,"BLUE CANYON NYACK AIRPORT, CA US",9.4,",,1",3.3,",,1",,,,,4.0,",,1",6.3,",,1",",,1",  200,",,1",1.6,  220,",,1",,,,,,,,,,,,,True,0.0,0.0,0.0,9.4,3.3,6.35,80.8428209843721,0.004214104921860483,0.0,0.0,13.375,8.824999999999989,13.37921410492186,0.05,20.769547897195046,44.80407709651999,0.001115969867927122,0.46356379247477575,american,USW00023225,"BLUE CANYON NYACK AIRPORT, CA US",,
2026-03-03,USW00023225,,",,1,2400",,0.0,,,,,"BLUE CANYON NYACK AIRPORT, CA US",13.3,",,1",5.6,",,1",,,,,4.0,",,1",6.7,",,1",",,1",  230,",,1",1.5,  250,",,1",,,,,,,,,,,,,True,0.0,0.0,0.0,13.3,5.6,9.45,76.8976108402881,0.0,0.0,0.0,8.824999999999989,0.0,8.824999999999989,0.05,18.601910748084073,44.80407709651999,0.001115969867927122,0.41518343761462984,american,USW00023225,"BLUE CANYON NYACK AIRPORT, CA US",,
2026-03-04,USW00023225,,"T,,1,2400",,0.0,,,,,"BLUE CANYON NYACK AIRPORT, CA US",7.2,",,1",0.6,",,1",,,,,6.3,",,1",11.6,",,1",",,1",  220,",,1",2.6,  220,",,1",,,,,",,1",    1,",,1",    1,,,,,True,0.0,0.0,0.0,7.2,0.6,3.9,79.06080959835856,0.0,0.0,0.0,0.0,0.0,0.0,0.05,15.201690829013966,44.80407709651999,0.001115969867927122,0.3392925781344731,american,USW00023225,"BLUE CANYON NYACK AIRPORT, CA US",,
2026-03-05,USW00023225,,",,1,2400",,0.0,,,,,"BLUE CANYON NYACK AIRPORT, CA US",8.3,",,1",-0.6,",,1",,,,,7.2,",,1",14.8,",,1",",,1",   40,",,1",3.3,   70,",,1",,,,,,,,,,,,,True,0.0,0.0,0.0,8.3,-0.6,3.8500000000000005,72.72659136671022,0.0,0.0,0.0,0.0,0.0,0.0,0.05,12.454327357144539,44.80407709651999,0.001115969867927122,0.27797308111747465,american,USW00023225,"BLUE CANYON NYACK AIRPORT, CA US",,
2026-03-06,USW00023225,,",,1,2400",,0.0,,,,,"BLUE CANYON NYACK AIRPORT, CA US",10.6,",,1",1.7,",,1",,,,,6.3,",,1",13.9,",,1",",,1",   50,",,1",3.4,  100,",,1",,,,,,,,,,,,,True,0.0,0.0,0.0,10.6,1.7,6.1499999999999995,73.15728236427336,0.0,0.0,0.0,0.0,0.0,0.0,0.05,10.20580427854076,44.80407709651999,0.001115969867927122,0.22778740105626377,american,USW00023225,"BLUE CANYON NYACK AIRPORT, CA US",,
2026-03-07,USW00023225,,",,1,2400",,0.0,,,,,"BLUE CANYON NYACK AIRPORT, CA US",13.9,",,1",3.9,",,1",,,,,7.6,",,1",18.8,",,1",",,1",   60,",,1",3.2,   50,",,1",,,,,,,,,,,,,True,0.0,0.0,0.0,13.9,3.9,8.9,70.87436454758098,0.0,0.0,0.0,0.0,0.0,0.0,0.05,8.364032858391013,44.80407709651999,0.001115969867927122,0.18668017288633454,american,USW00023225,"BLUE CANYON NYACK AIRPORT, CA US",,
2026-03-08,USW00023225,,",,1,2400",,0.0,,,,,"BLUE CANYON NYACK AIRPORT, CA US",16.1,",,1",8.3,",,1",,,,,5.8,",,1",12.5,",,1",",,1",   70,",,1",1.4,   80,",,1",,,,,,,,,,,,,True,0.0,0.0,0.0,16.1,8.3,12.200000000000001,77.07339088871583,0.0,0.0,0.0,0.0,0.0,0.0,0.05,6.843708212084472,44.80407709651999,0.001115969867927122,0.15274744299143336,american,USW00023225,"BLUE CANYON NYACK AIRPORT, CA US",,
2026-03-09,USW00023225,,",,1,2400",,0.0,,,,,"BLUE CANYON NYACK AIRPORT, CA US",15.0,",,1",6.7,",,1",,,,,4.0,",,1",7.6,",,1",",,1",  200,",,1",1.3,  220,",,1",,,,,,,,,,,,,True,0.0,0.0,0.0,15.0,6.7,10.85,75.5509160107618,0.0,0.0,0.0,0.0,0.0,0.0,0.05,5.61210435896106,44.80407709651999,0.001115969867927122,0.12525878720525999,american,USW00023225,"BLUE CANYON NYACK AIRPORT, CA US",,
2026-03-10,USW00023225,,",,1,2400",,0.0,,,,,"BLUE CANYON NYACK AIRPORT, CA US",11.7,",,1",5.0,",,1",,,,,5.8,",,1",8.5,",,1",",,1",  270,",,1",1.3,  200,",,1",,,,,,,,,,,,,True,0.0,0.0,0.0,11.7,5.0,8.35,79.44266443384848,0.0,0.0,0.0,0.0,0.0,0.0,0.05,4.603779238515783,44.80407709651999,0.001115969867927122,0.10275357817544169,american,USW00023225,"BLUE CANYON NYACK AIRPORT, CA US",,
2026-03-11,USW00023225,,",,1,2400",,0.0,,,,,"BLUE CANYON NYACK AIRPORT, CA US",15.6,",,1",5.0,",,1",,,,,4.0,",,1",7.2,",,1",",,1",  270,",,1",1.4,  300,",,1",,,,,,,,,,,,,True,0.0,0.0,0.0,15.6,5.0,10.3,69.67761376682229,0.0,0.0,0.0,0.0,0.0,0.0,0.05,3.77815908057459,44.80407709651999,0.001115969867927122,0.08432623380312963,american,USW00023225,"BLUE CANYON NYACK AIRPORT, CA US",,
2026-03-12,USW00023225,,",,1,2400",,0.0,,,,,"BLUE CANYON NYACK AIRPORT, CA US",17.8,",,1",9.4,",,1",,,,,4.5,",,1",8.0,",,1",",,1",  280,",,1",1.7,  190,",,1",,,,,,,,,,,,,True,0.0,0.0,0.0,17.8,9.4,13.600000000000001,75.75251225246794,0.0,0.0,0.0,0.0,0.0,0.0,0.05,3.1021974435732873,44.80407709651999,0.001115969867927122,0.06923917742776674,american,USW00023225,"BLUE CANYON NYACK AIRPORT, CA US",,
2026-03-13,USW00023225,,",,1,2400",,0.0,,,,,"BLUE CANYON NYACK AIRPORT, CA US",17.2,",,1",8.9,",,1",,,,,4.5,",,1",6.7,",,1",",,1",  240,",,1",0.8,  230,",,1",,,,,,,,,,,,,True,0.0,0.0,0.0,17.2,8.9,13.05,75.91714187258806,0.0,0.0,0.0,0.0,0.0,0.0,0.05,2.5488903882680907,44.80407709651999,0.001115969867927122,0.056889697399125035,american,USW00023225,"BLUE CANYON NYACK AIRPORT, CA US",,
2026-03-14,USW00023225,,",,1,2400",,0.0,,,,,"BLUE CANYON NYACK AIRPORT, CA US",15.6,",,1",8.9,",,1",,,,,5.4,",,1",7.2,",,1",",,1",  220,",,1",1.7,  280,",,1",,,,,,,,,,,,,True,0.0,0.0,0.0,15.6,8.9,12.25,80.00261326685249,1.3066334262461509e-05,0.0,0.0,0.0,0.0,1.3066334262461509e-05,0.05,2.0959208140287404,44.80407709651999,0.001115969867927122,0.046779689480347185,american,USW00023225,"BLUE CANYON NYACK AIRPORT, CA US",,
2026-03-15,USW00023225,,",,1,2400",,0.0,,,,,"BLUE CANYON NYACK AIRPORT, CA US",21.1,",,1",9.4,",,1",,,,,5.4,",,1",11.2,",,1",",,1",   50,",,1",2.6,   70,",,1",,,,,,,,,,,,,True,0.0,0.0,0.0,21.1,9.4,15.25,68.09110904917885,0.0,0.0,0.0,0.0,0.0,0.0,0.05,1.7012565749666517,44.80407709651999,0.001115969867927122,0.03797102150551364,american,USW00023225,"BLUE CANYON NYACK AIRPORT, CA US",,
2026-03-16,USW00023225,,",,1,2400",,0.0,,,,,"BLUE CANYON NYACK AIRPORT, CA US",22.2,",,1",12.2,",,1",,,,,4.5,",,1",8.9,",,1",",,1",  280,",,1",2.4,  100,",,1",,,,,,,,,,,,,True,0.0,0.0,0.0,22.2,12.2,17.2,72.43766031858733,0.0,0.0,0.0,0.0,0.0,0.0,0.05,1.354193130515579,44.80407709651999,0.001115969867927122,0.03022477458018573,american,USW00023225,"BLUE CANYON NYACK AIRPORT, CA US",,
2026-03-17,USW00023225,,",,1,2400",,0.0,,,,,"BLUE CANYON NYACK AIRPORT, CA US",23.3,",,1",13.9,",,1",,,,,4.0,",,1",7.2,",,1",",,1",  220,",,1",1.3,   40,",,1",,,,,,,,,,,,,True,0.0,0.0,0.0,23.3,13.9,18.6,74.1203006890137,0.0,0.0,0.0,0.0,0.0,0.0,0.05,0.8946391387396984,44.80407709651999,0.001115969867927122,0.019967806430035505,american,USW00023225,"BLUE CANYON NYACK AIRPORT, CA US",,
2026-03-18,USW00023225,,",,1,2400",,0.0,,,,,"BLUE CANYON NYACK AIRPORT, CA US",23.3,",,1",13.9,",,1",,,,,5.8,",,1",8.5,",,1",",,1",  200,",,1",2.1,  190,",,1",,,,,,,,,,,,,True,0.0,0.0,0.0,23.3,13.9,18.6,74.1203006890137,0.0,0.0,0.0,0.0,0.0,0.0,0.05,0.6422655770336427,44.80407709651999,0.001115969867927122,0.01433498062352742,american,USW00023225,"BLUE CANYON NYACK AIRPORT, CA US",,
2026-03-19,USW00023225,,",,1,2400",,0.0,,,,,"BLUE CANYON NYACK AIRPORT, CA US",24.4,",,1",15.0,",,1",,,,,4.0,",,1",7.6,",,1",",,1",  240,",,1",1.6,   40,",,1",,,,,,,,,,,,,True,0.0,0.0,0.0,24.4,15.0,19.7,74.30770084717713,0.0,0.0,0.0,0.0,0.0,0.0,0.05,0.4690201383759888,44.80407709651999,0.001115969867927122,0.010468246837572253,american,USW00023225,"BLUE CANYON NYACK AIRPORT, CA US",,
2026-03-20,USW00023225,,",,1,2400",,0.0,,,,,"BLUE CANYON NYACK AIRPORT, CA US",25.6,",,1",16.1,",,1",,,,,4.5,",,1",7.6,",,1",",,1",  280,",,1",1.6,   80,",,1",,,,,,,,,,,,,True,0.0,0.0,0.0,25.6,16.1,20.85,74.264402394496,0.0,0.0,0.0,0.0,0.0,0.0,0.05,0.3137063721899684,44.80407709651999,0.001115969867927122,0.007001737174814711,american,USW00023225,"BLUE CANYON NYACK AIRPORT, CA US",,
2026-03-21,USW00023225,,",,1,2400",,0.0,,,,,"BLUE CANYON NYACK AIRPORT, CA US",20.6,",,1",12.2,",,1",,,,,5.4,",,1",9.4,",,1",",,1",  210,",,1",2.0,  260,",,1",,,,,,,,,,,,,True,0.0,0.0,0.0,20.6,12.2,16.4,76.20919756426511,0.0,0.0,0.0,0.0,0.0,0.0,0.05,0.1903379022297898,44.80407709651999,0.001115969867927122,0.004248227272258079,american,USW00023225,"BLUE CANYON NYACK AIRPORT, CA US",,
2026-03-22,USW00023225,,",,1,2400",,0.0,,,,,"BLUE CANYON NYACK AIRPORT, CA US",20.6,",,1",11.1,",,1",,,,,5.4,",,1",7.6,",,1",",,1",  190,",,1",1.7,  190,",,1",,,,,,,,,,,,,True,0.0,0.0,0.0,20.6,11.1,15.850000000000001,73.39959503131044,0.0,0.0,0.0,0.0,0.0,0.0,0.05,0.13142790631170698,44.80407709651999,0.001115969867927122,0.0029333916649722756,american,USW00023225,"BLUE CANYON NYACK AIRPORT, CA US",,
2026-03-23,USW00023225,,",,1,2400",,0.0,,,,,"BLUE CANYON NYACK AIRPORT, CA US",17.8,",,1",10.6,",,1",,,,,6.7,",,1",11.2,",,1",",,1",  180,",,1",2.9,  190,",,1",,,,,,,,,,,,,True,0.0,0.0,0.0,17.8,10.6,14.2,78.95053599451892,0.0,0.0,0.0,0.0,0.0,0.0,0.05,0.07974599765985185,44.80407709651999,0.001115969867927122,0.0017798826095236288,american,USW00023225,"BLUE CANYON NYACK AIRPORT, CA US",,
2026-03-24,USW00023225,,",,1,2400",,0.0,,,,,"BLUE CANYON NYACK AIRPORT, CA US",20.0,",,1",11.1,",,1",,,,,5.8,",,1",8.9,",,1",",,1",  220,",,1",2.1,  270,",,1",,,,,,,,,,,,,True,0.0,0.0,0.0,20.0,11.1,15.55,74.82215221441932,0.0,0.0,0.0,0.0,0.0,0.0,0.05,0.05000032542487753,44.80407709651999,0.001115969867927122,0.0011159771312142738,american,USW00023225,"BLUE CANYON NYACK AIRPORT, CA US",,
2026-03-25,USW00023225,,",,1,2400",,0.0,,,,,"BLUE CANYON NYACK AIRPORT, CA US",18.3,",,1",9.4,",,1",,,,,5.4,",,1",9.8,",,1",",,1",  240,",,1",1.7,  210,",,1",,,,,,,,,,,,,True,0.0,0.0,0.0,18.3,9.4,13.850000000000001,74.53197802252275,0.0,0.0,0.0,0.0,0.0,0.0,0.05,0.05000026643535505,44.80407709651999,0.001115969867927122,0.0011159758146036818,american,USW00023225,"BLUE CANYON NYACK AIRPORT, CA US",,
2026-03-26,USW00023225,,",,1,2400",,0.0,,,,,"BLUE CANYON NYACK AIRPORT, CA US",20.0,",,1",8.9,",,1",,,,,6.3,",,1",12.5,",,1",",,1",   60,",,1",1.7,   40,",,1",,,,,,,,,,,,,True,0.0,0.0,0.0,20.0,8.9,14.45,69.31746240350168,0.0,0.0,0.0,0.0,0.0,0.0,0.05,0.050000218138818886,44.80407709651999,0.001115969867927122,0.0011159747366541,american,USW00023225,"BLUE CANYON NYACK AIRPORT, CA US",,
2026-03-27,USW00023225,,",,1,2400",,0.0,,,,,"BLUE CANYON NYACK AIRPORT, CA US",20.6,",,1",10.0,",,1",,,,,5.4,",,1",8.9,",,1",",,1",  180,",,1",1.9,   30,",,1",,,,,,,,,,,,,True,0.0,0.0,0.0,20.6,10.0,15.3,70.65949377212976,0.0,0.0,0.0,0.0,0.0,0.0,0.05,0.05000017859695946,44.80407709651999,0.001115969867927122,0.0011159738541036272,american,USW00023225,"BLUE CANYON NYACK AIRPORT, CA US",,
2026-03-28,USW00023225,,",,1,2400",,0.0,,,,,"BLUE CANYON NYACK AIRPORT, CA US",18.3,",,1",10.6,",,1",,,,,5.4,",,1",7.6,",,1",",,1",  220,",,1",2.3,  210,",,1",,,,,,,,,,,,,True,0.0,0.0,0.0,18.3,10.6,14.45,77.68435128146749,0.0,0.0,0.0,0.0,0.0,0.0,0.05,0.050000146222823116,44.80407709651999,0.001115969867927122,0.001115973131532414,american,USW00023225,"BLUE CANYON NYACK AIRPORT, CA US",,
2026-03-29,USW00023225,,",,1,2400",,0.0,,,,,"BLUE CANYON NYACK AIRPORT, CA US",,,,,,,,,,,,,,,,,,,,,,,,,,,,,,,True,0.0,0.0,0.0,17.200000000000003,7.066666666666666,12.133333333333335,71.17203116503667,0.0,0.0,0.0,0.0,0.0,0.0,0.05,0.05000011971712209,44.80407709651999,0.001115969867927122,0.0011159725399411404,american,USW00023225,"BLUE CANYON NYACK AIRPORT, CA US",,
2026-03-30,USW00023225,,",,1,2400",,0.0,,,,,"BLUE CANYON NYACK AIRPORT, CA US",16.1,",,1",,,,,,,5.4,",,1",9.8,",,1",",,1",  210,",,1",2.7,  210,",,1",,,,,,,,,,,,,True,0.0,0.0,0.0,16.1,3.533333333333333,9.816666666666666,64.94077716276503,0.0,0.0,0.0,0.0,0.0,0.0,0.05,0.050000098016089525,44.80407709651999,0.001115969867927122,0.0011159720555871716,american,USW00023225,"BLUE CANYON NYACK AIRPORT, CA US",,
2026-03-31,USW00023225,,",,1,2400",,51.3,,,,,"BLUE CANYON NYACK AIRPORT, CA US",10.0,",,1",0.0,",,1",,,,,8.9,",,1",12.5,",,1",",,1",  180,",,1",3.3,  180,",,1",,,,,",,1",    1,",,1",    1,,,,,True,51.3,0.0,0.0,10.0,0.0,5.0,70.09733303419111,0.0,51.3,0.0,0.0,0.0,51.3,0.05,9.490680901846192,44.80407709651999,0.001115969867927122,0.21182627825143505,american,USW00023225,"BLUE CANYON NYACK AIRPORT, CA US",,
2026-04-01,USW00023225,,",,1,2400",,85.3,,,,,"BLUE CANYON NYACK AIRPORT, CA US",4.4,",,1",1.7,",,1",,,,,10.7,",,1",20.6,",,1",",,1",  220,",,1",6.6,  210,",,1",,,,,",,1",    1,",,1",    1,,,,,True,85.3,0.0,0.0,4.4,1.7,3.0500000000000003,90.84498584916234,0.05422492924581171,85.3,0.0,0.0,0.0,85.3542249292458,0.05,23.48701699938311,44.80407709651999,0.001115969867927122,0.5242160651760727,american,USW00023225,"BLUE CANYON NYACK AIRPORT, CA US",,
2026-04-02,USW00023225,,",,1,2400",,8.4,,,,,"BLUE CANYON NYACK AIRPORT, CA US",7.8,",,1",-1.7,",,1",,,,,7.2,",,1",17.4,",,1",",,1",  220,",,1",3.1,  210,",,1",,,,,",,1",    1,",,1",    1,,,,,True,8.4,0.0,0.0,7.8,-1.7,3.05,70.99278031507713,0.0,8.4,0.0,0.0,0.0,8.4,0.05,20.78444905151825,44.80407709651999,0.001115969867927122,0.46389637725921634,american,USW00023225,"BLUE CANYON NYACK AIRPORT, CA US",,
2026-04-03,USW00023225,,",,1,2400",,0.0,,,,,"BLUE CANYON NYACK AIRPORT, CA US",16.1,",,1",1.1,",,1",,,,,5.8,",,1",12.5,",,1",",,1",   60,",,1",1.8,   70,",,1",,,,,,,,,,,,,True,0.0,0.0,0.0,16.1,1.1,8.600000000000001,59.27768901810206,0.0,0.0,0.0,0.0,0.0,0.0,0.05,17.025931086606587,44.80407709651999,0.001115969867927122,0.3800085213211326,american,USW00023225,"BLUE CANYON NYACK AIRPORT, CA US",,
2026-04-04,USW00023225,,",,1,2400",,0.0,,,,,"BLUE CANYON NYACK AIRPORT, CA US",18.3,",,1",6.7,",,1",,,,,4.5,",,1",8.0,",,1",",,1",  210,",,1",2.1,   50,",,1",,,,,,,,,,,,,True,0.0,0.0,0.0,18.3,6.7,12.5,67.7528870222207,0.0,0.0,0.0,0.0,0.0,0.0,0.05,13.948716806679228,44.80407709651999,0.001115969867927122,0.31132695305005287,american,USW00023225,"BLUE CANYON NYACK AIRPORT, CA US",,
2026-04-05,USW00023225,,",,1,2400",,0.0,,,,,"BLUE CANYON NYACK AIRPORT, CA US",,,,,,,,,,,,,,,,,,,,,,,,,,,,,,,True,0.0,0.0,0.0,17.933333333333334,7.433333333333334,12.683333333333334,70.3911365048583,0.0,0.0,0.0,0.0,0.0,0.0,0.05,11.429306877950086,44.80407709651999,0.001115969867927122,0.25509524174169007,american,USW00023225,"BLUE CANYON NYACK AIRPORT, CA US",,
2026-04-06,USW00023225,,",,1,2400",,0.0,,,,,"BLUE CANYON NYACK AIRPORT, CA US",,,,,,,,,5.4,",,1",8.5,",,1",",,1",  270,",,1",2.2,  240,",,1",,,,,,,,,,,,,True,0.0,0.0,0.0,17.566666666666666,8.166666666666668,12.866666666666667,73.11193751515454,0.0,0.0,0.0,0.0,0.0,0.0,0.05,9.366588489689535,44.80407709651999,0.001115969867927122,0.2090566103953306,american,USW00023225,"BLUE CANYON NYACK AIRPORT, CA US",,
2026-04-07,USW00023225,,",,1,2400",,0.0,,,,,"BLUE CANYON NYACK AIRPORT, CA US",17.2,",,1",8.9,",,1",,,,,5.4,",,1",9.8,",,1",",,1",  240,",,1",1.7,  170,",,1",,,,,,,,,,,,,True,0.0,0.0,0.0,17.2,8.9,13.05,75.91714187258806,0.0,0.0,0.0,0.0,0.0,0.0,0.05,7.677777510281169,44.80407709651999,0.001115969867927122,0.17136336708244607,american,USW00023225,"BLUE CANYON NYACK AIRPORT, CA US",,
2026-04-08,USW00023225,,",,1,2400",,0.0,,,,,"BLUE CANYON NYACK AIRPORT, CA US",17.2,",,1",8.9,",,1",,,,,6.3,",,1",10.7,",,1",",,1",  230,",,1",1.9,  220,",,1",,,,,,,,,,,,,True,0.0,0.0,0.0,17.2,8.9,13.05,75.91714187258806,0.0,0.0,0.0,0.0,0.0,0.0,0.05,6.295096025303795,44.80407709651999,0.001115969867927122,0.14050274959893652,american,USW00023225,"BLUE CANYON NYACK AIRPORT, CA US",,
2026-04-09,USW00023225,,",,1,2400",,0.3,,,,,"BLUE CANYON NYACK AIRPORT, CA US",13.3,",,1",6.1,",,1",,,,,6.3,",,1",10.7,",,1",",,1",  180,",,1",2.3,  190,",,1",,,,,",,1",    1,,,    1,",,1",,,True,0.3,0.0,0.0,13.3,6.1,9.7,78.2781419257746,0.0,0.3,0.0,0.0,0.0,0.3,0.05,5.21826083161671,44.80407709651999,0.001115969867927122,0.11646843702137145,american,USW00023225,"BLUE CANYON NYACK AIRPORT, CA US",,
2026-04-10,USW00023225,,",,1,2400",,30.5,,,,,"BLUE CANYON NYACK AIRPORT, CA US",7.2,",,1",1.7,",,1",,,,,7.2,",,1",12.5,",,1",",,1",  180,",,1",2.6,  170,",,1",,,,,",,1",    1,",,1",    1,    1,",,1",,,True,30.5,0.0,0.0,7.2,1.7,4.45,82.32618990825245,0.011630949541262226,30.5,0.0,0.0,0.0,30.511630949541264,0.05,9.896434923727996,44.80407709651999,0.001115969867927122,0.22088246349564178,american,USW00023225,"BLUE CANYON NYACK AIRPORT, CA US",,
2026-04-11,USW00023225,,",,1,2400",,62.0,,,,,"BLUE CANYON NYACK AIRPORT, CA US",4.4,",,1",-1.7,",,1",,,,,11.6,",,1",19.2,",,1",",,1",  190,",,1",5.1,  180,",,1",,,,,",,1",    1,",,1",    1,    1,",,1",,,True,62.0,0.0,0.0,4.4,-1.7,1.35,80.13076455547872,0.0006538227773936001,62.0,0.0,0.0,0.0,62.000653822777394,0.05,19.52148908942224,44.80407709651999,0.001115969867927122,0.43570787201726574,american,USW00023225,"BLUE CANYON NYACK AIRPORT, CA US",,
2026-04-12,USW00023225,,",,1,2400",,39.4,,,,,"BLUE CANYON NYACK AIRPORT, CA US",-0.6,",,1",-1.7,",,1",,,,,8.9,",,1",13.9,",,1",",,1",  180,",,1",2.9,  150,",,1",,,,,",,1",    1,",,1",    1,,,,,True,39.4,0.0,0.0,-0.6,-1.7,-1.15,96.04461884904211,0.08022309424521055,0.0,39.4,0.0,39.4,0.08022309424521055,0.05,16.006670290786765,44.80407709651999,0.001115969867927122,0.35725923460724585,american,USW00023225,"BLUE CANYON NYACK AIRPORT, CA US",,
2026-04-13,USW00023225,,",,1,2400",,4.1,,,,,"BLUE CANYON NYACK AIRPORT, CA US",6.7,",,1",-1.7,",,1",,,,,3.1,",,1",6.3,",,1",",,1",  270,",,1",1.0,  270,",,1",,,,,",,1",    1,",,1",    1,,,,,True,4.1,0.0,0.0,6.7,-1.7,2.5,73.81546015228979,0.0,4.1,0.0,3.75,35.65,7.85,0.05,14.55884328124982,44.80407709651999,0.001115969867927122,0.3249446082749605,american,USW00023225,"BLUE CANYON NYACK AIRPORT, CA US",,
2026-04-14,USW00023225,,",,1,2400",,0.0,,,,,"BLUE CANYON NYACK AIRPORT, CA US",8.3,",,1",0.6,",,1",,,,,4.0,",,1",6.3,",,1",",,1",  230,",,1",1.3,  210,",,1",,,,,,,,,,,,,True,0.0,0.0,0.0,8.3,0.6,4.45,76.07104035522278,0.0,0.0,0.0,8.625,27.025,8.625,0.05,13.516085154491506,44.80407709651999,0.001115969867927122,0.30167087529499237,american,USW00023225,"BLUE CANYON NYACK AIRPORT, CA US",,
2026-04-15,USW00023225,,",,1,2400",,0.0,,,,,"BLUE CANYON NYACK AIRPORT, CA US",10.0,",,1",3.3,",,1",,,,,6.7,",,1",12.1,",,1",",,1",  180,",,1",2.6,  170,",,1",,,,,,,,,,,,,True,0.0,0.0,0.0,10.0,3.3,6.65,79.1915595546083,0.0,0.0,0.0,14.125,12.899999999999999,14.125,0.05,13.674505770641916,44.80407709651999,0.001115969867927122,0.3052067279766385,american,USW00023225,"BLUE CANYON NYACK AIRPORT, CA US",,
2026-04-16,USW00023225,,",,1,2400",,0.0,,,,,"BLUE CANYON NYACK AIRPORT, CA US",10.6,",,1",0.6,",,1",,,,,7.6,",,1",17.9,",,1",",,1",   70,",,1",3.0,   50,",,1",,,,,",,1",    1,,,,,,,True,0.0,0.0,0.0,10.6,0.6,5.6,70.21871910834726,0.0,0.0,0.0,11.5,1.3999999999999986,11.5,0.05,13.321133827970865,44.80407709651999,0.001115969867927122,0.2973196791728032,american,USW00023225,"BLUE CANYON NYACK AIRPORT, CA US",,
2026-04-17,USW00023225,,",,1,2400",,0.0,,,,,"BLUE CANYON NYACK AIRPORT, CA US",13.9,",,1",0.0,",,1",,,,,5.8,",,1",12.5,",,1",",,1",   70,",,1",2.2,   90,",,1",,,,,,,,,,,,,True,0.0,0.0,0.0,13.9,0.0,6.95,61.262970250821006,0.0,0.0,0.0,1.3999999999999986,0.0,1.3999999999999986,0.05,11.173125805458575,44.80407709651999,0.001115969867927122,0.24937743458901449,american,USW00023225,"BLUE CANYON NYACK AIRPORT, CA US",,
2026-04-18,USW00023225,,",,1,2400",,0.0,,,,,"BLUE CANYON NYACK AIRPORT, CA US",15.0,",,1",5.0,",,1",,,,,5.4,",,1",8.5,",,1",",,1",  220,",,1",1.8,  270,",,1",,,,,,,,,,,,,True,0.0,0.0,0.0,15.0,5.0,10.0,71.08848942637533,0.0,0.0,0.0,0.0,0.0,0.0,0.05,9.156845167284231,44.80407709651999,0.001115969867927122,0.20437526583926577,american,USW00023225,"BLUE CANYON NYACK AIRPORT, CA US",,
2026-04-19,USW00023225,,",,1,2400",,0.0,,,,,"BLUE CANYON NYACK AIRPORT, CA US",15.0,",,1",6.7,",,1",,,,,6.7,",,1",11.2,",,1",",,1",  210,",,1",2.2,  200,",,1",,,,,,,,,,,,,True,0.0,0.0,0.0,15.0,6.7,10.85,75.5509160107618,0.0,0.0,0.0,0.0,0.0,0.0,0.05,7.506054201975197,44.80407709651999,0.001115969867927122,0.16753060632864158,american,USW00023225,"BLUE CANYON NYACK AIRPORT, CA US",,
2026-04-20,USW00023225,,",,1,2400",,0.0,,,,,"BLUE CANYON NYACK AIRPORT, CA US",13.9,",,1",3.3,",,1",,,,,9.4,",,1",17.9,",,1",",,1",  190,",,1",3.1,  180,",,1",,,,,,,,,,,,,True,0.0,0.0,0.0,13.9,3.3,8.6,69.33349989714154,0.0,0.0,0.0,0.0,0.0,0.0,0.05,6.154500871773405,44.80407709651999,0.001115969867927122,0.13736475050060648,american,USW00023225,"BLUE CANYON NYACK AIRPORT, CA US",,
2026-04-21,USW00023225,,",,1,2400",,43.7,,,,,"BLUE CANYON NYACK AIRPORT, CA US",3.9,",,1",-1.1,",,1",,,,,7.2,",,1",13.9,",,1",",,1",  180,",,1",2.9,  180,",,1",",,1",    1,,,",,1",    1,",,1",    1,,,,,True,43.7,0.0,0.0,3.9,-1.1,1.4,83.43698402716616,0.017184920135830808,43.7,0.0,0.0,0.0,43.717184920135836,0.05,12.951598103397865,44.80407709651999,0.001115969867927122,0.2890718644978816,american,USW00023225,"BLUE CANYON NYACK AIRPORT, CA US",,
2026-04-22,USW00023225,,",,1,2400",,18.3,,,,,"BLUE CANYON NYACK AIRPORT, CA US",3.9,",,1",-1.1,",,1",,,,,5.4,",,1",8.5,",,1",",,1",  170,",,1",1.9,  170,",,1",,,,,",,1",    1,",,1",    1,,,    1,",,1",True,18.3,0.0,0.0,3.9,-1.1,1.4,83.43698402716616,0.017184920135830808,18.3,0.0,0.0,0.0,18.31718492013583,0.05,13.748280758259996,44.80407709651999,0.001115969867927122,0.306853341240408,american,USW00023225,"BLUE CANYON NYACK AIRPORT, CA US",,
2026-04-23,USW00023225,,",,1,2400",,0.0,,,,,"BLUE CANYON NYACK AIRPORT, CA US",12.2,",,1",1.1,",,1",,,,,5.4,",,1",8.0,",,1",",,1",  280,",,1",1.8,  280,",,1",,,,,,,,,,,,,True,0.0,0.0,0.0,12.2,1.1,6.6499999999999995,67.7059811938055,0.0,0.0,0.0,0.0,0.0,0.0,0.05,11.242022921516934,44.80407709651999,0.001115969867927122,0.2509151766991786,american,USW00023225,"BLUE CANYON NYACK AIRPORT, CA US",,
2026-04-24,USW00023225,,",,1,2400",,0.0,,,,,"BLUE CANYON NYACK AIRPORT, CA US",12.2,",,1",3.9,",,1",,,,,6.3,",,1",10.3,",,1",",,1",  220,",,1",1.6,  290,",,1",,,,,,,,,,,,,True,0.0,0.0,0.0,12.2,3.9,8.049999999999999,75.07337316640616,0.0,0.0,0.0,0.0,0.0,0.0,0.05,9.213253354999592,44.80407709651999,0.001115969867927122,0.20563426259516016,american,USW00023225,"BLUE CANYON NYACK AIRPORT, CA US",,
2026-04-25,USW00023225,,",,1,2400",,0.0,,,,,"BLUE CANYON NYACK AIRPORT, CA US",10.6,",,1",2.2,",,1",,,,,6.7,",,1",11.2,",,1",",,1",  190,",,1",2.4,  170,",,1",,,,,",,1",    1,",,1",    1,,,,,True,0.0,0.0,0.0,10.6,2.2,6.4,74.5200078748486,0.0,0.0,0.0,0.0,0.0,0.0,0.05,7.55223731998316,44.80407709651999,0.001115969867927122,0.16856138569071777,american,USW00023225,"BLUE CANYON NYACK AIRPORT, CA US",,
2026-04-26,USW00023225,,",,1,2400",,7.6,,,,,"BLUE CANYON NYACK AIRPORT, CA US",2.8,",,1",0.0,",,1",,,,,6.3,",,1",10.3,",,1",",,1",  180,",,1",2.6,  190,",,1",,,,,",,1",    1,",,1",    1,,,,,True,7.6,0.0,0.0,2.8,0.0,1.4,90.39827350375471,0.05199136751877355,7.6,0.0,0.0,0.0,7.651991367518773,0.05,7.600499704138956,44.80407709651999,0.001115969867927122,0.1696385730201616,american,USW00023225,"BLUE CANYON NYACK AIRPORT, CA US",,
2026-04-27,USW00023225,,",,1,2400",,13.7,,,,,"BLUE CANYON NYACK AIRPORT, CA US",7.2,",,1",0.0,",,1",,,,,5.4,",,1",7.6,",,1",",,1",  200,",,1",1.3,  190,",,1",,,,,",,1",    1,,,,,,,True,13.7,0.0,0.0,7.2,0.0,3.6,77.31690651127339,0.0,13.7,0.0,0.0,0.0,13.7,0.05,8.753021771962437,44.80407709651999,0.001115969867927122,0.19536217101640288,american,USW00023225,"BLUE CANYON NYACK AIRPORT, CA US",,
2026-04-28,USW00023225,,",,1,2400",,0.3,,,,,"BLUE CANYON NYACK AIRPORT, CA US",10.0,",,1",2.2,",,1",,,,,4.0,",,1",6.7,",,1",",,1",  330,",,1",1.6,   70,",,1",,,,,,,,,    1,",,1",,,True,0.3,0.0,0.0,10.0,2.2,6.1,76.07701099632224,0.0,0.3,0.0,0.0,0.0,0.3,0.05,7.230640229188301,44.80407709651999,0.001115969867927122,0.16138353243191605,american,USW00023225,"BLUE CANYON NYACK AIRPORT, CA US",,
2026-04-29,USW00023225,,",,1,2400",,0.0,,,,,"BLUE CANYON NYACK AIRPORT, CA US",15.6,",,1",5.6,",,1",,,,,7.2,",,1",10.3,",,1",",,1",  220,",,1",1.9,  220,",,1",,,,,,,,,,,,,True,0.0,0.0,0.0,15.6,5.6,10.6,71.2043693751725,0.0,0.0,0.0,0.0,0.0,0.0,0.05,5.92901098242539,44.80407709651999,0.001115969867927122,0.13233195205991435,american,USW00023225,"BLUE CANYON NYACK AIRPORT, CA US",,
2026-04-30,USW00023225,,",,1,2400",,0.0,,,,,"BLUE CANYON NYACK AIRPORT, CA US",18.3,",,1",8.3,",,1",,,,,5.8,",,1",9.8,",,1",",,1",  180,",,1",2.3,  290,",,1",,,,,,,,,,,,,True,0.0,0.0,0.0,18.3,8.3,13.3,71.71795908567832,0.0,0.0,0.0,0.0,0.0,0.0,0.05,4.862499203296047,44.80407709651999,0.001115969867927122,0.1085280518739605,american,USW00023225,"BLUE CANYON NYACK AIRPORT, CA US",,
2026-05-01,USW00023225,,",,1,2400",,0.0,,,,,"BLUE CANYON NYACK AIRPORT, CA US",19.4,",,1",9.4,",,1",,,,,5.8,",,1",9.4,",,1",",,1",  230,",,1",1.7,  200,",,1",,,,,,,,,,,,,True,0.0,0.0,0.0,19.4,9.4,14.399999999999999,71.92356572195285,0.0,0.0,0.0,0.0,0.0,0.0,0.05,3.9059406205326366,44.80407709651999,0.001115969867927122,0.08717824076853974,american,USW00023225,"BLUE CANYON NYACK AIRPORT, CA US",,
2026-05-02,USW00023225,,",,1,2400",,0.0,,,,,"BLUE CANYON NYACK AIRPORT, CA US",17.2,",,1",10.6,",,1",,,,,6.7,",,1",9.4,",,1",",,1",  180,",,1",2.2,  190,",,1",,,,,,,,,,,,,True,0.0,0.0,0.0,17.2,10.6,13.899999999999999,80.50057198125079,0.0025028599062539313,0.0,0.0,0.0,0.0,0.0025028599062539313,0.05,3.0363395844852934,44.80407709651999,0.001115969867927122,0.0677692697015989,american,USW00023225,"BLUE CANYON NYACK AIRPORT, CA US",,
2026-05-03,USW00023225,,",,1,2400",,1.0,,,,,"BLUE CANYON NYACK AIRPORT, CA US",14.4,",,1",6.1,",,1",,,,,5.4,",,1",10.3,",,1",",,1",   40,",,1",1.3,   60,",,1",",,1",    1,,,",,1",    1,",,1",    1,    1,",,1",,,True,1.0,0.0,0.0,14.4,6.1,10.25,75.44967569358343,0.0,1.0,0.0,0.0,0.0,1.0,0.05,2.6788155376955083,44.80407709651999,0.001115969867927122,0.059789548436063565,american,USW00023225,"BLUE CANYON NYACK AIRPORT, CA US",,
2026-05-04,USW00023225,,",,1,2400",,26.4,,,,,"BLUE CANYON NYACK AIRPORT, CA US",6.1,",,1",2.8,",,1",,,,,4.0,",,1",5.4,",,1",",,1",  180,",,1",1.1,  190,",,1",,,,,",,1",    1,",,1",    1,,,,,True,26.4,0.0,0.0,6.1,2.8,4.449999999999999,89.03270384675004,0.0451635192337502,26.4,0.0,0.0,0.0,26.44516351923375,0.05,7.04730256722419,44.80407709651999,0.001115969867927122,0.15729154630375292,american,USW00023225,"BLUE CANYON NYACK AIRPORT, CA US",,
2026-05-05,USW00023225,,"T,,1,2400",,0.0,,,,,"BLUE CANYON NYACK AIRPORT, CA US",7.8,",,1",2.8,",,1",,,,,3.1,",,1",4.5,",,1",",,1",  280,",,1",0.9,  290,",,1",,,,,",,1",    1,",,1",    1,,,,,True,0.0,0.0,0.0,7.8,2.8,5.3,83.91151784616139,0.019557589230806943,0.0,0.0,0.0,0.0,0.019557589230806943,0.05,5.758704247503178,44.80407709651999,0.001115969867927122,0.12853080837034955,american,USW00023225,"BLUE CANYON NYACK AIRPORT, CA US",,
2026-05-06,USW00023225,,",,1,2400",,0.0,,,,,"BLUE CANYON NYACK AIRPORT, CA US",18.3,",,1",5.0,",,1",,,,,4.5,",,1",8.5,",,1",",,1",  310,",,1",1.6,  330,",,1",,,,,",,1",    1,",,1",    1,,,,,True,0.0,0.0,0.0,18.3,5.0,11.65,63.70448374037505,0.0,0.0,0.0,0.0,0.0,0.0,0.05,4.684912109338403,44.80407709651999,0.001115969867927122,0.10456441495817104,american,USW00023225,"BLUE CANYON NYACK AIRPORT, CA US",,
2026-05-07,USW00023225,,",,1,2400",,0.0,,,,,"BLUE CANYON NYACK AIRPORT, CA US",19.4,",,1",11.7,",,1",,,,,6.3,",,1",9.4,",,1",",,1",  280,",,1",1.7,  280,",,1",,,,,,,,,,,,,True,0.0,0.0,0.0,19.4,11.7,15.549999999999999,77.8523248598055,0.0,0.0,0.0,0.0,0.0,0.0,0.05,3.8130094632741987,44.80407709651999,0.001115969867927122,0.08510407334269947,american,USW00023225,"BLUE CANYON NYACK AIRPORT, CA US",,
2026-05-08,USW00023225,,",,1,2400",,0.0,,,,,"BLUE CANYON NYACK AIRPORT, CA US",20.6,",,1",11.1,",,1",,,,,5.4,",,1",8.5,",,1",",,1",  240,",,1",1.8,  220,",,1",,,,,,,,,,,,,True,0.0,0.0,0.0,20.6,11.1,15.850000000000001,73.39959503131044,0.0,0.0,0.0,0.0,0.0,0.0,0.05,3.127028105111573,44.80407709651999,0.001115969867927122,0.0697933828293152,american,USW00023225,"BLUE CANYON NYACK AIRPORT, CA US",,
2026-05-09,USW00023225,,",,1,2400",,0.0,,,,,"BLUE CANYON NYACK AIRPORT, CA US",22.8,",,1",13.3,",,1",,,,,7.2,",,1",10.7,",,1",",,1",   20,",,1",2.4,  350,",,1",,,,,,,,,,,,,True,0.0,0.0,0.0,22.8,13.3,18.05,73.78503866661138,0.0,0.0,0.0,0.0,0.0,0.0,0.05,2.569257537740114,44.80407709651999,0.001115969867927122,0.05734427990125195,american,USW00023225,"BLUE CANYON NYACK AIRPORT, CA US",,
2026-05-10,USW00023225,,",,1,2400",,0.0,,,,,"BLUE CANYON NYACK AIRPORT, CA US",22.8,",,1",13.3,",,1",,,,,5.4,",,1",8.9,",,1",",,1",  180,",,1",1.6,  180,",,1",,,,,,,,,,,,,True,0.0,0.0,0.0,22.8,13.3,18.05,73.78503866661138,0.0,0.0,0.0,0.0,0.0,0.0,0.05,2.1125936210713463,44.80407709651999,0.001115969867927122,0.04715181648581341,american,USW00023225,"BLUE CANYON NYACK AIRPORT, CA US",,
2026-05-11,USW00023225,,",,1,2400",,0.0,,,,,"BLUE CANYON NYACK AIRPORT, CA US",25.0,",,1",14.4,",,1",,,,,6.3,",,1",8.5,",,1",",,1",  190,",,1",2.0,  180,",,1",,,,,,,,,,,,,True,0.0,0.0,0.0,25.0,14.4,19.7,71.48766500991057,0.0,0.0,0.0,0.0,0.0,0.0,0.05,1.7387088286735846,44.80407709651999,0.001115969867927122,0.038806933237971616,american,USW00023225,"BLUE CANYON NYACK AIRPORT, CA US",,
2026-05-12,USW00023225,,",,1,2400",,0.0,,,,,"BLUE CANYON NYACK AIRPORT, CA US",23.3,",,1",13.3,",,1",,,,,6.7,",,1",11.2,",,1",",,1",  200,",,1",3.0,  190,",,1",,,,,,,,,,,,,True,0.0,0.0,0.0,23.3,13.3,18.3,72.63605067641198,0.0,0.0,0.0,0.0,0.0,0.0,0.05,1.311955077069489,44.80407709651999,0.001115969867927122,0.029282046681671094,american,USW00023225,"BLUE CANYON NYACK AIRPORT, CA US",,
2026-05-13,USW00023225,,",,1,2400",,0.0,,,,,"BLUE CANYON NYACK AIRPORT, CA US",17.8,",,1",10.6,",,1",,,,,5.4,",,1",8.9,",,1",",,1",  280,",,1",2.5,  270,",,1",,,,,,,,,,,,,True,0.0,0.0,0.0,17.8,10.6,14.2,78.95053599451892,0.0,0.0,0.0,0.0,0.0,0.0,0.05,1.0326529791397359,44.80407709651999,0.001115969867927122,0.0230481921749024,american,USW00023225,"BLUE CANYON NYACK AIRPORT, CA US",,
2026-05-14,USW00023225,,",,1,2400",,0.0,,,,,"BLUE CANYON NYACK AIRPORT, CA US",20.0,",,1",11.1,",,1",,,,,5.4,",,1",8.5,",,1",",,1",  280,",,1",2.3,  300,",,1",,,,,,,,,,,,,True,0.0,0.0,0.0,20.0,11.1,15.55,74.82215221441932,0.0,0.0,0.0,0.0,0.0,0.0,0.05,0.8545282136253987,44.80407709651999,0.001115969867927122,0.019072554753990712,american,USW00023225,"BLUE CANYON NYACK AIRPORT, CA US",,
2026-05-15,USW00023225,,",,1,2400",,0.0,,,,,"BLUE CANYON NYACK AIRPORT, CA US",18.9,",,1",10.6,",,1",,,,,5.8,",,1",8.9,",,1",",,1",  300,",,1",2.1,  220,",,1",,,,,,,,,,,,,True,0.0,0.0,0.0,18.9,10.6,14.75,76.194859560615,0.0,0.0,0.0,0.0,0.0,0.0,0.05,0.7086919902140059,44.80407709651999,0.001115969867927122,0.015817578134402665,american,USW00023225,"BLUE CANYON NYACK AIRPORT, CA US",,
2026-05-16,USW00023225,,",,1,2400",,0.0,,,,,"BLUE CANYON NYACK AIRPORT, CA US",15.6,",,1",8.9,",,1",,,,,6.3,",,1",9.4,",,1",",,1",  230,",,1",1.9,  280,",,1",,,,,,,,,,,,,True,0.0,0.0,0.0,15.6,8.9,12.25,80.00261326685249,1.3066334262461509e-05,0.0,0.0,0.0,0.0,1.3066334262461509e-05,0.05,0.5892937937770237,44.80407709651999,0.001115969867927122,0.013152682344232355,american,USW00023225,"BLUE CANYON NYACK AIRPORT, CA US",,
2026-05-17,USW00023225,,",,1,2400",,0.0,,,,,"BLUE CANYON NYACK AIRPORT, CA US",10.6,",,1",6.1,",,1",,,,,8.0,",,1",17.0,",,1",",,1",   30,",,1",3.6,   40,",,1",,,,,,,,,,,,,True,0.0,0.0,0.0,10.6,6.1,8.35,85.73701106849808,0.028685055342490384,0.0,0.0,0.0,0.0,0.028685055342490384,0.05,0.47569871137732883,44.80407709651999,0.001115969867927122,0.010617308562177194,american,USW00023225,"BLUE CANYON NYACK AIRPORT, CA US",,
2026-05-18,USW00023225,,",,1,2400",,0.0,,,,,"BLUE CANYON NYACK AIRPORT, CA US",16.1,",,1",3.9,",,1",,,,,6.3,",,1",13.0,",,1",",,1",   40,",,1",2.6,   40,",,1",,,,,,,,,,,,,True,0.0,0.0,0.0,16.1,3.9,10.0,65.82482744276116,0.0,0.0,0.0,0.0,0.0,0.0,0.05,0.3607258463042659,44.80407709651999,0.001115969867927122,0.008051183501161418,american,USW00023225,"BLUE CANYON NYACK AIRPORT, CA US",,
2026-05-19,USW00023225,,",,1,2400",,0.0,,,,,"BLUE CANYON NYACK AIRPORT, CA US",18.3,",,1",7.8,",,1",,,,,6.3,",,1",11.6,",,1",",,1",  260,",,1",2.6,  280,",,1",,,,,,,,,,,,,True,0.0,0.0,0.0,18.3,7.8,13.05,70.4626336244099,0.0,0.0,0.0,0.0,0.0,0.0,0.05,0.30357292044666684,44.80407709651999,0.001115969867927122,0.006775564638742349,american,USW00023225,"BLUE CANYON NYACK AIRPORT, CA US",,
2026-05-20,USW00023225,,",,1,2400",,0.0,,,,,"BLUE CANYON NYACK AIRPORT, CA US",20.0,",,1",11.1,",,1",,,,,6.3,",,1",9.8,",,1",",,1",  220,",,1",2.0,  270,",,1",,,,,,,,,,,,,True,0.0,0.0,0.0,20.0,11.1,15.55,74.82215221441932,0.0,0.0,0.0,0.0,0.0,0.0,0.05,0.25760794811748267,44.80407709651999,0.001115969867927122,0.00574965415675288,american,USW00023225,"BLUE CANYON NYACK AIRPORT, CA US",,
2026-05-21,USW00023225,,",,1,2400",,0.0,,,,,"BLUE CANYON NYACK AIRPORT, CA US",21.1,",,1",13.3,",,1",,,,,5.8,",,1",9.8,",,1",",,1",  200,",,1",1.9,  180,",,1",,,,,,,,,,,,,True,0.0,0.0,0.0,21.1,13.3,17.200000000000003,77.8468347395206,0.0,0.0,0.0,0.0,0.0,0.0,0.05,0.21997501170720124,44.80407709651999,0.001115969867927122,0.004909709695243049,american,USW00023225,"BLUE CANYON NYACK AIRPORT, CA US",,
2026-05-22,USW00023225,,",,1,2400",,0.0,,,,,"BLUE CANYON NYACK AIRPORT, CA US",21.7,",,1",13.3,",,1",,,,,5.8,",,1",9.4,",,1",",,1",   60,",,1",1.6,   90,",,1",,,,,,,,,    1,",,1",,,True,0.0,0.0,0.0,21.7,13.3,17.5,76.38529196925712,0.0,0.0,0.0,0.0,0.0,0.0,0.05,0.18916376933947565,44.80407709651999,0.001115969867927122,0.004222021333727424,american,USW00023225,"BLUE CANYON NYACK AIRPORT, CA US",,
2026-05-23,USW00023225,,",,1,2400",,0.0,,,,,"BLUE CANYON NYACK AIRPORT, CA US",20.6,",,1",12.8,",,1",,,,,6.3,",,1",10.3,",,1",",,1",  190,",,1",2.1,  180,",,1",,,,,,,,,,,,,True,0.0,0.0,0.0,20.6,12.8,16.700000000000003,77.77117050830321,0.0,0.0,0.0,0.0,0.0,0.0,0.05,0.16393075073273772,44.80407709651999,0.001115969867927122,0.003658835564888145,american,USW00023225,"BLUE CANYON NYACK AIRPORT, CA US",,
2026-05-24,USW00023225,,",,1,2400",,0.0,,,,,"BLUE CANYON NYACK AIRPORT, CA US",20.6,",,1",11.7,",,1",,,,,5.8,",,1",9.4,",,1",",,1",  260,",,1",1.8,  260,",,1",,,,,,,,,,,,,True,0.0,0.0,0.0,20.6,11.7,16.15,74.92345903663825,0.0,0.0,0.0,0.0,0.0,0.0,0.05,0.14051899035009424,44.80407709651999,0.001115969867927122,0.0031362991820449437,american,USW00023225,"BLUE CANYON NYACK AIRPORT, CA US",,
2026-05-25,USW00023225,,",,1,2400",,0.0,,,,,"BLUE CANYON NYACK AIRPORT, CA US",18.3,",,1",7.2,",,1",,,,,6.3,",,1",11.2,",,1",",,1",  160,",,1",2.7,  190,",,1",,,,,",,1",    1,,,,,,,True,0.0,0.0,0.0,18.3,7.2,12.75,68.97575544034103,0.0,0.0,0.0,0.0,0.0,0.0,0.05,0.05113210553560266,44.80407709651999,0.001115969867927122,0.001141237781228043,american,USW00023225,"BLUE CANYON NYACK AIRPORT, CA US",,
2026-05-26,USW00023225,,",,1,2400",,10.4,,,,,"BLUE CANYON NYACK AIRPORT, CA US",7.8,",,1",0.0,",,1",,,,,8.0,",,1",13.9,",,1",",,1",  180,",,1",2.2,  170,",,1",,,,,",,1",    1,",,1",    1,    1,",,1",,,True,10.4,0.0,0.0,7.8,0.0,3.9,75.70264460702668,0.0,10.4,0.0,0.0,0.0,10.4,0.05,1.9647731236709813,44.80407709651999,0.001115969867927122,0.04385255206659727,american,USW00023225,"BLUE CANYON NYACK AIRPORT, CA US",,
2026-05-27,USW00023225,,",,1,2400",,2.0,,,,,"BLUE CANYON NYACK AIRPORT, CA US",6.1,",,1",0.6,",,1",,,,,4.5,",,1",8.0,",,1",",,1",  220,",,1",1.2,  190,",,1",,,,,",,1",    1,,,,,,,True,2.0,0.0,0.0,6.1,0.6,3.3499999999999996,82.18222638735239,0.010911131936761935,2.0,0.0,0.0,0.0,2.010911131936762,0.05,1.9877493365889836,44.80407709651999,0.001115969867927122,0.044365367292508645,american,USW00023225,"BLUE CANYON NYACK AIRPORT, CA US",,
2026-05-28,USW00023225,,",,1,2400",,13.0,,,,,"BLUE CANYON NYACK AIRPORT, CA US",8.3,",,1",2.8,",,1",,,,,4.5,",,1",7.2,",,1",",,1",  320,",,1",1.0,  320,",,1",,,,,",,1",    1,",,1",    1,,,,,True,13.0,0.0,0.0,8.3,2.8,5.550000000000001,82.4684830733805,0.012342415366902487,13.0,0.0,0.0,0.0,13.012342415366902,0.05,4.031141591259534,44.80407709651999,0.001115969867927122,0.0899726509838686,american,USW00023225,"BLUE CANYON NYACK AIRPORT, CA US",,
2026-05-29,USW00023225,,",,1,2400",,1.3,,,,,"BLUE CANYON NYACK AIRPORT, CA US",8.3,",,1",3.9,",,1",,,,,3.6,",,1",5.8,",,1",",,1",  180,",,1",1.0,  180,",,1",,,,,",,1",    1,",,1",    1,,,,,True,1.3,0.0,0.0,8.3,3.9,6.1000000000000005,85.79775135552956,0.02898875677764778,1.3,0.0,0.0,0.0,1.3289887567776477,0.05,3.55405534684966,44.80407709651999,0.001115969867927122,0.07932437352058994,american,USW00023225,"BLUE CANYON NYACK AIRPORT, CA US",,
2026-05-30,USW00023225,,",,1,2400",,0.0,,,,,"BLUE CANYON NYACK AIRPORT, CA US",14.4,",,1",5.0,",,1",,,,,5.4,",,1",8.9,",,1",",,1",  260,",,1",2.2,  280,",,1",,,,,,,,,,,,,True,0.0,0.0,0.0,14.4,5.0,9.7,72.53138503447732,0.0,0.0,0.0,0.0,0.0,0.0,0.05,2.9188778729531513,44.80407709651999,0.001115969867927122,0.06514759508749854,american,USW00023225,"BLUE CANYON NYACK AIRPORT, CA US",,
2026-05-31,USW00023225,,",,1,2400",,0.0,,,,,"BLUE CANYON NYACK AIRPORT, CA US",18.9,",,1",8.9,",,1",,,,,4.5,",,1",8.5,",,1",",,1",  200,",,1",1.9,  220,",,1",,,,,,,,,,,,,True,0.0,0.0,0.0,18.9,8.9,13.899999999999999,71.83036582944254,0.0,0.0,0.0,0.0,0.0,0.0,0.05,2.3988385414116924,44.80407709651999,0.001115969867927122,0.05354063060475392,american,USW00023225,"BLUE CANYON NYACK AIRPORT, CA US",,
2026-06-01,USW00023225,,",,1,2400",,0.0,,,,,"BLUE CANYON NYACK AIRPORT, CA US",21.1,",,1",11.7,",,1",,,,,5.4,",,1",8.0,",,1",",,1",  180,",,1",1.7,  170,",,1",,,,,,,,,,,,,True,0.0,0.0,0.0,21.1,11.7,16.4,73.73972004056994,0.0,0.0,0.0,0.0,0.0,0.0,0.05,1.9730663478685835,44.80407709651999,0.001115969867927122,0.04403765183284704,american,USW00023225,"BLUE CANYON NYACK AIRPORT, CA US",,
2026-06-02,USW00023225,,",,1,2400",,0.0,,,,,"BLUE CANYON NYACK AIRPORT, CA US",22.8,",,1",13.3,",,1",,,,,4.5,",,1",7.6,",,1",",,1",  250,",,1",1.6,  250,",,1",",,1",    1,,,,,,,,,,,True,0.0,0.0,0.0,22.8,13.3,18.05,73.78503866661138,0.0,0.0,0.0,0.0,0.0,0.0,0.05,1.6244735592093698,44.80407709651999,0.001115969867927122,0.03625727086643964,american,USW00023225,"BLUE CANYON NYACK AIRPORT, CA US",,
2026-06-03,USW00023225,,",,1,2400",,0.0,,,,,"BLUE CANYON NYACK AIRPORT, CA US",22.8,",,1",13.9,",,1",,,,,5.8,",,1",8.9,",,1",",,1",  280,",,1",1.6,  280,",,1",,,,,,,,,,,,,True,0.0,0.0,0.0,22.8,13.9,18.35,75.29005759938495,0.0,0.0,0.0,0.0,0.0,0.0,0.05,1.3390699228328578,44.80407709651999,0.001115969867927122,0.02988723369857931,american,USW00023225,"BLUE CANYON NYACK AIRPORT, CA US",,
2026-06-04,USW00023225,,",,1,2400",,0.0,,,,,"BLUE CANYON NYACK AIRPORT, CA US",23.9,",,1",13.9,",,1",,,,,5.4,",,1",8.0,",,1",",,1",  220,",,1",1.3,  220,",,1",,,,,,,,,,,,,True,0.0,0.0,0.0,23.9,13.9,18.9,72.7434273158572,0.0,0.0,0.0,0.0,0.0,0.0,0.05,1.1054011886911215,44.80407709651999,0.001115969867927122,0.024671888371002287,american,USW00023225,"BLUE CANYON NYACK AIRPORT, CA US",,
2026-06-05,USW00023225,,",,1,2400",,0.0,,,,,"BLUE CANYON NYACK AIRPORT, CA US",23.3,",,1",14.4,",,1",,,,,5.8,",,1",8.5,",,1",",,1",  270,",,1",1.8,  270,",,1",,,,,,,,,,,,,True,0.0,0.0,0.0,23.3,14.4,18.85,75.37232374223412,0.0,0.0,0.0,0.0,0.0,0.0,0.05,0.914089410016479,44.80407709651999,0.001115969867927122,0.020401924763393416,american,USW00023225,"BLUE CANYON NYACK AIRPORT, CA US",,
2026-06-06,USW00023225,,",,1,2400",,0.0,,,,,"BLUE CANYON NYACK AIRPORT, CA US",18.3,",,1",9.4,",,1",,,,,7.2,",,1",11.6,",,1",",,1",  200,",,1",3.2,  200,",,1",,,,,,,,,,,,,True,0.0,0.0,0.0,18.3,9.4,13.850000000000001,74.53197802252275,0.0,0.0,0.0,0.0,0.0,0.0,0.05,0.7574565373313966,44.80407709651999,0.001115969867927122,0.016905973438525075,american,USW00023225,"BLUE CANYON NYACK AIRPORT, CA US",,
2026-06-07,USW00023225,,",,1,2400",,0.0,,,,,"BLUE CANYON NYACK AIRPORT, CA US",18.3,",,1",8.9,",,1",,,,,5.8,",,1",8.9,",,1",",,1",  230,",,1",1.3,  190,",,1",,,,,,,,,,,,,True,0.0,0.0,0.0,18.3,8.9,13.600000000000001,73.24394075695166,0.0,0.0,0.0,0.0,0.0,0.0,0.05,0.6291372637556498,44.80407709651999,0.001115969867927122,0.014041964582828468,american,USW00023225,"BLUE CANYON NYACK AIRPORT, CA US",,
2026-06-08,USW00023225,,",,1,2400",,2.5,,,,,"BLUE CANYON NYACK AIRPORT, CA US",16.7,",,1",8.9,",,1",,,,,7.2,",,1",10.7,",,1",",,1",  200,",,1",2.9,  180,",,1",,,,,",,1",    1,",,1",    1,,,,,True,2.5,0.0,0.0,16.7,8.9,12.8,77.16820662134138,0.0,2.5,0.0,0.0,0.0,2.5,0.05,0.98422965288538,44.80407709651999,0.001115969867927122,0.021967412714809093,american,USW00023225,"BLUE CANYON NYACK AIRPORT, CA US",,
2026-06-09,USW00023225,,"T,,1,2400",,0.0,,,,,"BLUE CANYON NYACK AIRPORT, CA US",18.3,",,1",8.3,",,1",,,,,4.5,",,1",8.0,",,1",",,1",  280,",,1",2.1,  280,",,1",,,,,",,1",    1,",,1",    1,,,,,True,0.0,0.0,0.0,18.3,8.3,13.3,71.71795908567832,0.0,0.0,0.0,0.0,0.0,0.0,0.05,0.8148825472546288,44.80407709651999,0.001115969867927122,0.018187687372717296,american,USW00023225,"BLUE CANYON NYACK AIRPORT, CA US",,
2026-06-10,USW00023225,,",,1,2400",,0.0,,,,,"BLUE CANYON NYACK AIRPORT, CA US",24.4,",,1",13.3,",,1",,,,,5.8,",,1",12.5,",,1",",,1",   40,",,1",3.0,   40,",,1",,,,,,,,,,,,,True,0.0,0.0,0.0,24.4,13.3,18.85,70.17826707444178,0.0,0.0,0.0,0.0,0.0,0.0,0.05,0.6762328639299873,44.80407709651999,0.001115969867927122,0.015093109996958546,american,USW00023225,"BLUE CANYON NYACK AIRPORT, CA US",,
2026-06-11,USW00023225,,",,1,2400",,0.0,,,,,"BLUE CANYON NYACK AIRPORT, CA US",25.6,",,1",16.1,",,1",,,,,5.8,",,1",11.2,",,1",",,1",   60,",,1",2.5,   90,",,1",,,,,,,,,,,,,True,0.0,0.0,0.0,25.6,16.1,20.85,74.264402394496,0.0,0.0,0.0,0.0,0.0,0.0,0.05,0.5627161042875799,44.80407709651999,0.001115969867927122,0.012559484331645502,american,USW00023225,"BLUE CANYON NYACK AIRPORT, CA US",,
2026-06-12,USW00023225,,",,1,2400",,0.0,,,,,"BLUE CANYON NYACK AIRPORT, CA US",26.1,",,1",17.2,",,1",,,,,5.4,",,1",8.0,",,1",",,1",  250,",,1",1.7,  250,",,1",,,,,,,,,,,,,True,0.0,0.0,0.0,26.1,17.2,21.65,75.82596507982062,0.0,0.0,0.0,0.0,0.0,0.0,0.05,0.46977644217857933,44.80407709651999,0.001115969867927122,0.010485127082666048,american,USW00023225,"BLUE CANYON NYACK AIRPORT, CA US",,
2026-06-13,USW00023225,,",,1,2400",,0.0,,,,,"BLUE CANYON NYACK AIRPORT, CA US",25.6,",,1",17.8,",,1",,,,,5.4,",,1",7.6,",,1",",,1",  300,",,1",1.7,  300,",,1",,,,,,,,,,,,,True,0.0,0.0,0.0,25.6,17.8,21.700000000000003,78.51163782694032,0.0,0.0,0.0,0.0,0.0,0.0,0.05,0.3936838826292642,44.80407709651999,0.001115969867927122,0.00878678701005633,american,USW00023225,"BLUE CANYON NYACK AIRPORT, CA US",,
2026-06-14,USW00023225,,",,1,2400",,0.0,,,,,"BLUE CANYON NYACK AIRPORT, CA US",25.6,",,1",17.8,",,1",,,,,5.4,",,1",8.5,",,1",",,1",  230,",,1",1.7,  270,",,1",",,1",    1,,,,,,,,,,,True,0.0,0.0,0.0,25.6,17.8,21.700000000000003,78.51163782694032,0.0,0.0,0.0,0.0,0.0,0.0,0.05,0.33138456404582217,44.80407709651999,0.001115969867927122,0.007396303763426061,american,USW00023225,"BLUE CANYON NYACK AIRPORT, CA US",,
2026-06-15,USW00023225,,",,1,2400",,0.0,,,,,"BLUE CANYON NYACK AIRPORT, CA US",29.4,",,1",18.3,",,1",,,,,5.4,",,1",8.5,",,1",",,1",  280,",,1",2.1,  260,",,1",,,,,,,,,,,,,True,0.0,0.0,0.0,29.4,18.3,23.85,71.1166480063073,0.0,0.0,0.0,0.0,0.0,0.0,0.05,0.2803781960257556,44.80407709651999,0.001115969867927122,0.006257872367770143,american,USW00023225,"BLUE CANYON NYACK AIRPORT, CA US",,
2026-06-16,USW00023225,,",,1,2400",,0.0,,,,,"BLUE CANYON NYACK AIRPORT, CA US",27.2,",,1",17.2,",,1",,,,,4.5,",,1",6.7,",,1",",,1",  280,",,1",1.2,  300,",,1",,,,,,,,,,,,,True,0.0,0.0,0.0,27.2,17.2,22.2,73.32363632339626,0.0,0.0,0.0,0.0,0.0,0.0,0.05,0.20991767636589054,44.80407709651999,0.001115969867927122,0.004685236031392224,american,USW00023225,"BLUE CANYON NYACK AIRPORT, CA US",,
2026-06-17,USW00023225,,",,1,2400",,0.0,,,,,"BLUE CANYON NYACK AIRPORT, CA US",26.7,",,1",17.2,",,1",,,,,4.5,",,1",7.2,",,1",",,1",  280,",,1",1.2,  290,",,1",,,,,,,,,,,,,True,0.0,0.0,0.0,26.7,17.2,21.95,74.44936853682141,0.0,0.0,0.0,0.0,0.0,0.0,0.05,0.17538017104244547,44.80407709651999,0.001115969867927122,0.003914379726305478,american,USW00023225,"BLUE CANYON NYACK AIRPORT, CA US",,
2026-06-18,USW00023225,,"T,,1,2400",,0.0,,,,,"BLUE CANYON NYACK AIRPORT, CA US",25.6,",,1",16.1,",,1",,,,,4.5,",,1",7.2,",,1",",,1",  230,",,1",1.4,  230,",,1",,,,,,,,,    1,",,1",,,True,0.0,0.0,0.0,25.6,16.1,20.85,74.264402394496,0.0,0.0,0.0,0.0,0.0,0.0,0.05,0.11674349454594468,44.80407709651999,0.001115969867927122,0.0026056444437957712,american,USW00023225,"BLUE CANYON NYACK AIRPORT, CA US",,
2026-06-19,USW00023225,,",,1,2400",,0.3,,,,,"BLUE CANYON NYACK AIRPORT, CA US",20.0,",,1",11.7,",,1",,,,,4.5,",,1",7.6,",,1",",,1",  200,",,1",1.4,  180,",,1",,,,,,,,,,,,,True,0.3,0.0,0.0,20.0,11.7,15.85,76.37215647820555,0.0,0.3,0.0,0.0,0.0,0.3,0.05,0.1561861087093272,44.80407709651999,0.001115969867927122,0.0034859798221679797,american,USW00023225,"BLUE CANYON NYACK AIRPORT, CA US",,
2026-06-20,USW00023225,,",,1,2400",,0.0,,,,,"BLUE CANYON NYACK AIRPORT, CA US",20.0,",,1",10.6,",,1",,,,,5.4,",,1",8.0,",,1",",,1",  250,",,1",1.5,  210,",,1",,,,,,,,,,,,,True,0.0,0.0,0.0,20.0,10.6,15.3,73.54649167578063,0.0,0.0,0.0,0.0,0.0,0.0,0.05,0.13693783275000793,44.80407709651999,0.001115969867927122,0.0030563699025650533,american,USW00023225,"BLUE CANYON NYACK AIRPORT, CA US",,
2026-06-21,USW00023225,,",,1,2400",,0.0,,,,,"BLUE CANYON NYACK AIRPORT, CA US",21.7,",,1",12.8,",,1",,,,,4.5,",,1",7.6,",,1",",,1",  240,",,1",1.6,  250,",,1",,,,,,,,,,,,,True,0.0,0.0,0.0,21.7,12.8,17.25,75.10770672985517,0.0,0.0,0.0,0.0,0.0,0.0,0.05,0.12117867727838162,44.80407709651999,0.001115969867927122,0.002704635049558777,american,USW00023225,"BLUE CANYON NYACK AIRPORT, CA US",,
2026-06-22,USW00023225,,",,1,2400",,0.0,,,,,"BLUE CANYON NYACK AIRPORT, CA US",23.9,",,1",14.4,",,1",,,,,4.5,",,1",7.6,",,1",",,1",  230,",,1",1.6,  220,",,1",,,,,,,,,,,,,True,0.0,0.0,0.0,23.9,14.4,19.15,73.97483795580597,0.0,0.0,0.0,0.0,0.0,0.0,0.05,0.10827617205122402,44.80407709651999,0.001115969867927122,0.002416658908473176,american,USW00023225,"BLUE CANYON NYACK AIRPORT, CA US",,
2026-06-23,USW00023225,,",,1,2400",,0.0,,,,,"BLUE CANYON NYACK AIRPORT, CA US",23.9,",,1",15.6,",,1",,,,,5.4,",,1",8.9,",,1",",,1",  170,",,1",1.6,  180,",,1",,,,,,,,,,,,,True,0.0,0.0,0.0,23.9,15.6,19.75,76.98593622459772,0.0,0.0,0.0,0.0,0.0,0.0,0.05,0.09771249423000068,44.80407709651999,0.001115969867927122,0.0021808839856136703,american,USW00023225,"BLUE CANYON NYACK AIRPORT, CA US",,
2026-06-24,USW00023225,,",,1,2400",,0.0,,,,,"BLUE CANYON NYACK AIRPORT, CA US",23.9,",,1",14.4,",,1",,,,,5.8,",,1",8.9,",,1",",,1",  180,",,1",1.3,  190,",,1",,,,,,,,,,,,,True,0.0,0.0,0.0,23.9,14.4,19.15,73.97483795580597,0.0,0.0,0.0,0.0,0.0,0.0,0.05,0.08906368633215732,44.80407709651999,0.001115969867927122,0.001987847805464004,american,USW00023225,"BLUE CANYON NYACK AIRPORT, CA US",,
2026-06-25,USW00023225,,",,1,2400",,0.0,,,,,"BLUE CANYON NYACK AIRPORT, CA US",22.8,",,1",15.0,",,1",,,,,6.3,",,1",9.8,",,1",",,1",  190,",,1",2.1,  200,",,1",,,,,,,,,,,,,True,0.0,0.0,0.0,22.8,15.0,18.9,78.10137447281262,0.0,0.0,0.0,0.0,0.0,0.0,0.05,0.08198264132872923,44.80407709651999,0.001115969867927122,0.0018298031483187714,american,USW00023225,"BLUE CANYON NYACK AIRPORT, CA US",,
2026-06-26,USW00023225,,",,1,2400",,0.3,,,,,"BLUE CANYON NYACK AIRPORT, CA US",16.7,",,1",10.6,",,1",,,,,6.3,",,1",10.3,",,1",",,1",  180,",,1",3.4,  160,",,1",,,,,",,1",    1,,,,,,,True,0.3,0.0,0.0,16.7,10.6,13.649999999999999,81.81833034469102,0.0090916517234551,0.3,0.0,0.0,0.0,0.3090916517234551,0.05,0.13306695815190647,44.80407709651999,0.001115969867927122,0.0029699743142849386,american,USW00023225,"BLUE CANYON NYACK AIRPORT, CA US",,
2026-06-27,USW00023225,,",,1,2400",,0.0,,,,,"BLUE CANYON NYACK AIRPORT, CA US",14.4,",,1",6.1,",,1",,,,,7.6,",,1",13.0,",,1",",,1",  180,",,1",2.9,  170,",,1",,,,,",,1",    1,,,,,,,True,0.0,0.0,0.0,14.4,6.1,10.25,75.44967569358343,0.0,0.0,0.0,0.0,0.0,0.0,0.05,0.11800947320360759,44.80407709651999,0.001115969867927122,0.002633900324503584,american,USW00023225,"BLUE CANYON NYACK AIRPORT, CA US",,
2026-06-28,USW00023225,,",,1,2400",,0.0,,,,,"BLUE CANYON NYACK AIRPORT, CA US",16.7,",,1",7.2,",,1",,,,,5.8,",,1",9.4,",,1",",,1",  290,",,1",2.2,  250,",,1",,,,,,,,,,,,,True,0.0,0.0,0.0,16.7,7.2,11.95,72.6966339773531,0.0,0.0,0.0,0.0,0.0,0.0,0.05,0.10568144721242648,44.80407709651999,0.001115969867927122,0.002358746213759974,american,USW00023225,"BLUE CANYON NYACK AIRPORT, CA US",,
2026-06-29,USW00023225,,",,1,2400",,0.0,,,,,"BLUE CANYON NYACK AIRPORT, CA US",19.4,",,1",10.0,",,1",,,,,5.8,",,1",10.3,",,1",",,1",  280,",,1",2.1,  300,",,1",,,,,,,,,,,,,True,0.0,0.0,0.0,19.4,10.0,14.7,73.44025672088274,0.0,0.0,0.0,0.0,0.0,0.0,0.05,0.088689065718552,44.80407709651999,0.001115969867927122,0.001979486499130246,american,USW00023225,"BLUE CANYON NYACK AIRPORT, CA US",,
2026-06-30,USW00023225,,",,1,2400",,0.0,,,,,"BLUE CANYON NYACK AIRPORT, CA US",20.6,",,1",10.6,",,1",,,,,5.8,",,1",9.4,",,1",",,1",  220,",,1",1.9,  210,",,1",,,,,,,,,,,,,True,0.0,0.0,0.0,20.6,10.6,15.600000000000001,72.1455078820913,0.0,0.0,0.0,0.0,0.0,0.0,0.05,0.08167592791163361,44.80407709651999,0.001115969867927122,0.0018229574896874178,american,USW00023225,"BLUE CANYON NYACK AIRPORT, CA US",,
2025-07-01,USW00023237,,",,W,2400",,0.0,,,,,"STOCKTON AIRPORT, CA US",38.3,",,W",15.0,",,W",,,,,7.6,",,W",10.7,",,W",",,W",  300,",,W",3.4,  280,",,W",,,,,,,,,,,,,True,0.0,0.0,0.0,38.3,15.0,26.65,48.816491213033245,0.0,0.0,0.0,0.0,0.0,0.0,0.05,0.1162503917305081,9.895193545784807,0.0022347723173032088,0.00534539847441476,delta,USW00023237,"STOCKTON AIRPORT, CA US",0.0050529582638936055,0.05
2025-07-02,USW00023237,,",,W,2400",,0.0,,,,,"STOCKTON AIRPORT, CA US",37.8,",,W",16.7,",,W",,,,,8.1,",,W",10.3,",,W",",,W",  280,",,W",3.3,  280,",,W",,,,,,,,,,,,,True,0.0,0.0,0.0,37.8,16.7,27.25,52.53395821734079,0.0,0.0,0.0,0.0,0.0,0.0,0.05,0.9986215214750894,9.895193545784807,0.0022347723173032088,0.045086389827741505,delta,USW00023237,"STOCKTON AIRPORT, CA US",0.0050529582638936055,0.05
2025-07-03,USW00023237,,",,W,2400",,0.0,,,,,"STOCKTON AIRPORT, CA US",32.8,",,W",13.9,",,W",,,,,11.2,",,W",13.9,",,W",",,W",  260,",,W",4.6,  260,",,W",,,,,,,,,,,,,True,0.0,0.0,0.0,32.8,13.9,23.349999999999998,55.35459404775818,0.0,0.0,0.0,0.0,0.0,0.0,0.05,1.4317525238019215,9.895193545784807,0.0022347723173032088,0.06572909496051947,delta,USW00023237,"STOCKTON AIRPORT, CA US",0.0050529582638936055,0.05
2025-07-04,USW00023237,,",,W,2400",,0.0,,,,,"STOCKTON AIRPORT, CA US",31.7,",,W",13.9,",,W",,,,,11.6,",,W",14.8,",,W",",,W",  250,",,W",5.7,  250,",,W",,,,,,,,,,,,,True,0.0,0.0,0.0,31.7,13.9,22.8,57.22712564566126,0.0,0.0,0.0,0.0,0.0,0.0,0.05,1.181283284379749,9.895193545784807,0.0022347723173032088,0.05421952691116003,delta,USW00023237,"STOCKTON AIRPORT, CA US",0.0050529582638936055,0.05
2025-07-05,USW00023237,,",,W,2400",,0.0,,,,,"STOCKTON AIRPORT, CA US",32.2,",,W",11.1,",,W",,,,,6.3,",,W",8.9,",,W",",,W",  270,",,W",3.4,  290,",,W",,,,,,,,,,,,,True,0.0,0.0,0.0,32.2,11.1,21.650000000000002,51.07813912882916,0.0,0.0,0.0,0.0,0.0,0.0,0.05,0.9762164153647649,9.895193545784807,0.0022347723173032088,0.0447962895945057,delta,USW00023237,"STOCKTON AIRPORT, CA US",0.0050529582638936055,0.05
2025-07-06,USW00023237,,",,W,2400",,0.0,,,,,"STOCKTON AIRPORT, CA US",35.6,",,W",11.7,",,W",,,,,6.7,",,W",8.9,",,W",",,W",  300,",,W",3.0,  290,",,W",,,,,,,,,,,,,True,0.0,0.0,0.0,35.6,11.7,23.65,47.072624172967245,0.0,0.0,0.0,0.0,0.0,0.0,0.05,0.8083218632647827,9.895193545784807,0.0022347723173032088,0.03708119540980873,delta,USW00023237,"STOCKTON AIRPORT, CA US",0.0050529582638936055,0.05
2025-07-07,USW00023237,,",,W,2400",,0.0,,,,,"STOCKTON AIRPORT, CA US",34.4,",,W",14.4,",,W",,,,,7.6,",,W",9.8,",,W",",,W",  300,",,W",3.8,  310,",,W",,,,,,,,,,,,,True,0.0,0.0,0.0,34.4,14.4,24.4,53.678188152681685,0.0,0.0,0.0,0.0,0.0,0.0,0.05,0.670861430186274,9.895193545784807,0.0022347723173032088,0.030764610537904226,delta,USW00023237,"STOCKTON AIRPORT, CA US",0.0050529582638936055,0.05
2025-07-08,USW00023237,,",,W,2400",,0.0,,,,,"STOCKTON AIRPORT, CA US",32.2,",,W",12.8,",,W",,,,,7.6,",,W",10.3,",,W",",,W",  310,",,W",3.9,  310,",,W",,,,,,,,,,,,,True,0.0,0.0,0.0,32.2,12.8,22.5,54.247246811726455,0.0,0.0,0.0,0.0,0.0,0.0,0.05,0.558318346293481,9.895193545784807,0.0022347723173032088,0.025593028248848872,delta,USW00023237,"STOCKTON AIRPORT, CA US",0.0050529582638936055,0.05
2025-07-09,USW00023237,,",,W,2400",,0.0,,,,,"STOCKTON AIRPORT, CA US",33.9,",,W",12.8,",,W",,,,,7.2,",,W",10.7,",,W",",,W",  300,",,W",4.0,  320,",,W",,,,,,,,,,,,,True,0.0,0.0,0.0,33.9,12.8,23.35,51.52563361102036,0.0,0.0,0.0,0.0,0.0,0.0,0.05,0.46617586246421616,9.895193545784807,0.0022347723173032088,0.021358894786725827,delta,USW00023237,"STOCKTON AIRPORT, CA US",0.0050529582638936055,0.05
2025-07-10,USW00023237,,",,W,2400",,0.0,,,,,"STOCKTON AIRPORT, CA US",38.3,",,W",15.0,",,W",,,,,7.6,",,W",9.8,",,W",",,W",  320,",,W",2.9,  320,",,W",",,W",    1,,,,,,,,,,,True,0.0,0.0,0.0,38.3,15.0,26.65,48.816491213033245,0.0,0.0,0.0,0.0,0.0,0.0,0.05,0.3907359772882062,9.895193545784807,0.0022347723173032088,0.01789227950864914,delta,USW00023237,"STOCKTON AIRPORT, CA US",0.0050529582638936055,0.05
2025-07-11,USW00023237,,",,W,2400",,0.0,,,,,"STOCKTON AIRPORT, CA US",40.6,",,W",17.2,",,W",,,,,5.8,",,W",7.6,",,W",",,W",  290,",,W",2.6,  300,",,W",,,,,,,,,,,,,True,0.0,0.0,0.0,40.6,17.2,28.9,49.25382441730928,0.0,0.0,0.0,0.0,0.0,0.0,0.05,0.3289710232859352,9.895193545784807,0.0022347723173032088,0.015054054971397777,delta,USW00023237,"STOCKTON AIRPORT, CA US",0.0050529582638936055,0.05
2025-07-12,USW00023237,,",,W,2400",,0.0,,,,,"STOCKTON AIRPORT, CA US",37.2,",,W",16.7,",,W",,,,,6.3,",,W",8.9,",,W",",,W",  310,",,W",3.5,  290,",,W",",,W",    1,,,,,,,,,,,True,0.0,0.0,0.0,37.2,16.7,26.950000000000003,53.46725571254552,0.0,0.0,0.0,0.0,0.0,0.0,0.05,0.278402155981829,9.895193545784807,0.0022347723173032088,0.012730313258609568,delta,USW00023237,"STOCKTON AIRPORT, CA US",0.0050529582638936055,0.05
2025-07-13,USW00023237,,",,W,2400",,0.0,,,,,"STOCKTON AIRPORT, CA US",37.2,",,W",14.4,",,W",,,,,6.3,",,W",8.9,",,W",",,W",  300,",,W",3.5,  310,",,W",,,,,,,,,,,,,True,0.0,0.0,0.0,37.2,14.4,25.8,49.38256381356927,0.0,0.0,0.0,0.0,0.0,0.0,0.05,0.2369998691716375,9.895193545784807,0.0022347723173032088,0.010827794456139753,delta,USW00023237,"STOCKTON AIRPORT, CA US",0.0050529582638936055,0.05
2025-07-14,USW00023237,,",,W,2400",,0.0,,,,,"STOCKTON AIRPORT, CA US",38.3,",,W",15.0,",,W",,,,,7.6,",,W",10.3,",,W",",,W",  300,",,W",3.4,  310,",,W",,,,,,,,,,,,,True,0.0,0.0,0.0,38.3,15.0,26.65,48.816491213033245,0.0,0.0,0.0,0.0,0.0,0.0,0.05,0.20310254371237887,9.895193545784807,0.0022347723173032088,0.009270143804248622,delta,USW00023237,"STOCKTON AIRPORT, CA US",0.0050529582638936055,0.05
2025-07-15,USW00023237,,",,W,2400",,0.0,,,,,"STOCKTON AIRPORT, CA US",33.9,",,W",15.0,",,W",,,,,6.3,",,W",8.5,",,W",",,W",  310,",,W",3.3,  300,",,W",,,,,,,,,,,,,True,0.0,0.0,0.0,33.9,15.0,24.45,55.628879082971544,0.0,0.0,0.0,0.0,0.0,0.0,0.05,0.1753497609117906,9.895193545784807,0.0022347723173032088,0.00799484731299339,delta,USW00023237,"STOCKTON AIRPORT, CA US",0.0050529582638936055,0.05
2025-07-16,USW00023237,,",,W,2400",,0.0,,,,,"STOCKTON AIRPORT, CA US",30.6,",,W",13.3,",,W",,,,,6.3,",,W",11.2,",,W",",,W",  320,",,W",3.6,  310,",,W",,,,,,,,,,,,,True,0.0,0.0,0.0,30.6,13.3,21.950000000000003,57.956476889476,0.0,0.0,0.0,0.0,0.0,0.0,0.05,0.15262770414945528,9.895193545784807,0.0022347723173032088,0.006950722856310284,delta,USW00023237,"STOCKTON AIRPORT, CA US",0.0050529582638936055,0.05
2025-07-17,USW00023237,,",,W,2400",,0.0,,,,,"STOCKTON AIRPORT, CA US",32.2,",,W",13.3,",,W",,,,,7.2,",,W",9.4,",,W",",,W",  320,",,W",3.8,  320,",,W",,,,,,,,,,,,,True,0.0,0.0,0.0,32.2,13.3,22.75,55.20409791517579,0.0,0.0,0.0,0.0,0.0,0.0,0.05,0.13402445750494785,9.895193545784807,0.0022347723173032088,0.006095866053582987,delta,USW00023237,"STOCKTON AIRPORT, CA US",0.0050529582638936055,0.05
2025-07-18,USW00023237,,",,W,2400",,0.0,,,,,"STOCKTON AIRPORT, CA US",33.3,",,W",13.9,",,W",,,,,7.2,",,W",10.3,",,W",",,W",  300,",,W",4.0,  330,",,W",,,,,,,,,,,,,True,0.0,0.0,0.0,33.3,13.9,23.599999999999998,54.52629414257379,0.0,0.0,0.0,0.0,0.0,0.0,0.05,0.11879340736999484,9.895193545784807,0.0022347723173032088,0.00539596849971223,delta,USW00023237,"STOCKTON AIRPORT, CA US",0.0050529582638936055,0.05
2025-07-19,USW00023237,,",,W,2400",,0.0,,,,,"STOCKTON AIRPORT, CA US",33.9,",,W",12.8,",,W",,,,,7.2,",,W",9.8,",,W",",,W",  290,",,W",3.8,  290,",,W",,,,,,,,,,,,,True,0.0,0.0,0.0,33.9,12.8,23.35,51.52563361102036,0.0,0.0,0.0,0.0,0.0,0.0,0.05,0.10632327822283626,9.895193545784807,0.0022347723173032088,0.004822940848354188,delta,USW00023237,"STOCKTON AIRPORT, CA US",0.0050529582638936055,0.05
2025-07-20,USW00023237,,",,W,2400",,0.0,,,,,"STOCKTON AIRPORT, CA US",33.3,",,W",12.8,",,W",,,,,9.8,",,W",12.1,",,W",",,W",  270,",,W",4.1,  260,",,W",,,,,,,,,,,,,True,0.0,0.0,0.0,33.3,12.8,23.049999999999997,52.46827756691779,0.0,0.0,0.0,0.0,0.0,0.0,0.05,0.09611359999520343,9.895193545784807,0.0022347723173032088,0.00435378548782331,delta,USW00023237,"STOCKTON AIRPORT, CA US",0.0050529582638936055,0.05
2025-07-21,USW00023237,,",,W,2400",,0.0,,,,,"STOCKTON AIRPORT, CA US",30.0,",,W",15.6,",,W",,,,,10.7,",,W",13.0,",,W",",,W",  260,",,W",6.5,  260,",,W",,,,,,,,,,,,,True,0.0,0.0,0.0,30.0,15.6,22.8,63.854514058555644,0.0,0.0,0.0,0.0,0.0,0.0,0.05,0.08775462245120973,9.895193545784807,0.0022347723173032088,0.003969673566185294,delta,USW00023237,"STOCKTON AIRPORT, CA US",0.0050529582638936055,0.05
2025-07-22,USW00023237,,",,W,2400",,0.0,,,,,"STOCKTON AIRPORT, CA US",27.2,",,W",15.0,",,W",,,,,7.6,",,W",9.8,",,W",",,W",  270,",,W",4.8,  310,",,W",,,,,,,,,,,,,True,0.0,0.0,0.0,27.2,15.0,21.1,68.15622481037065,0.0,0.0,0.0,0.0,0.0,0.0,0.05,0.07991740763307224,9.895193545784807,0.0022347723173032088,0.003608543689817616,delta,USW00023237,"STOCKTON AIRPORT, CA US",0.0050529582638936055,0.05
2025-07-23,USW00023237,,",,W,2400",,0.0,,,,,"STOCKTON AIRPORT, CA US",29.4,",,W",12.8,",,W",,,,,7.6,",,W",10.7,",,W",",,W",  270,",,W",3.8,  270,",,W",,,,,,,,,,,,,True,0.0,0.0,0.0,29.4,12.8,21.1,59.08949518847941,0.0,0.0,0.0,0.0,0.0,0.0,0.05,0.06108255336071494,9.895193545784807,0.0022347723173032088,0.0027551266800616312,delta,USW00023237,"STOCKTON AIRPORT, CA US",0.0050529582638936055,0.05
2025-07-24,USW00023237,,",,W,2400",,0.0,,,,,"STOCKTON AIRPORT, CA US",30.6,",,W",13.3,",,W",,,,,7.2,",,W",9.4,",,W",",,W",  290,",,W",4.0,  290,",,W",,,,,,,,,,,,,True,0.0,0.0,0.0,30.6,13.3,21.950000000000003,57.956476889476,0.0,0.0,0.0,0.0,0.0,0.0,0.05,0.5584717565316496,9.895193545784807,0.0022347723173032088,0.02260612213824135,delta,USW00023237,"STOCKTON AIRPORT, CA US",0.0050529582638936055,0.05
2025-07-25,USW00023237,,",,W,2400",,0.0,,,,,"STOCKTON AIRPORT, CA US",31.1,",,W",13.3,",,W",,,,,9.8,",,W",11.6,",,W",",,W",  270,",,W",4.0,  280,",,W",,,,,,,,,,,,,True,0.0,0.0,0.0,31.1,13.3,22.200000000000003,57.080129993681375,0.0,0.0,0.0,0.0,0.0,0.0,0.05,1.2000245525594186,9.895193545784807,0.0022347723173032088,0.04986090165253233,delta,USW00023237,"STOCKTON AIRPORT, CA US",0.0050529582638936055,0.05
2025-07-26,USW00023237,,",,W,2400",,0.0,,,,,"STOCKTON AIRPORT, CA US",30.0,",,W",13.9,",,W",,,,,7.6,",,W",10.3,",,W",",,W",  300,",,W",3.9,  310,",,W",,,,,,,,,,,,,True,0.0,0.0,0.0,30.0,13.9,21.95,60.262762523995434,0.0,0.0,0.0,0.0,0.0,0.0,0.05,1.3456320060015243,9.895193545784807,0.0022347723173032088,0.0564977426032006,delta,USW00023237,"STOCKTON AIRPORT, CA US",0.0050529582638936055,0.05
2025-07-27,USW00023237,,",,W,2400",,0.0,,,,,"STOCKTON AIRPORT, CA US",30.6,",,W",12.2,",,W",,,,,7.2,",,W",9.8,",,W",",,W",  280,",,W",3.3,  290,",,W",,,,,,,,,,,,,True,0.0,0.0,0.0,30.6,12.2,21.4,55.77337498065834,0.0,0.0,0.0,0.0,0.0,0.0,0.05,1.1531004071467221,9.895193545784807,0.0022347723173032088,0.047971591765468585,delta,USW00023237,"STOCKTON AIRPORT, CA US",0.0050529582638936055,0.05
2025-07-28,USW00023237,,",,W,2400",,0.0,,,,,"STOCKTON AIRPORT, CA US",33.9,",,W",13.9,",,W",,,,,7.6,",,W",10.3,",,W",",,W",  270,",,W",3.9,  270,",,W",,,,,,,,,,,,,True,0.0,0.0,0.0,33.9,13.9,23.9,53.55067448469177,0.0,0.0,0.0,0.0,0.0,0.0,0.05,0.9531422270638644,9.895193545784807,0.0022347723173032088,0.03968091294749134,delta,USW00023237,"STOCKTON AIRPORT, CA US",0.0050529582638936055,0.05
2025-07-29,USW00023237,,",,W,2400",,0.0,,,,,"STOCKTON AIRPORT, CA US",36.1,",,W",14.4,",,W",,,,,9.4,",,W",12.5,",,W",",,W",  260,",,W",3.6,  280,",,W",,,,,,,,,,,,,True,0.0,0.0,0.0,36.1,14.4,25.25,51.02223614163061,0.0,0.0,0.0,0.0,0.0,0.0,0.05,0.7894303157005235,9.895193545784807,0.0022347723173032088,0.03289307923532114,delta,USW00023237,"STOCKTON AIRPORT, CA US",0.0050529582638936055,0.05
2025-07-30,USW00023237,,",,W,2400",,0.0,,,,,"STOCKTON AIRPORT, CA US",33.9,",,W",13.9,",,W",,,,,7.6,",,W",9.8,",,W",",,W",  290,",,W",3.8,  270,",,W",,,,,,,,,,,,,True,0.0,0.0,0.0,33.9,13.9,23.9,53.55067448469177,0.0,0.0,0.0,0.0,0.0,0.0,0.05,0.6555447671598592,9.895193545784807,0.0022347723173032088,0.027339028489302836,delta,USW00023237,"STOCKTON AIRPORT, CA US",0.0050529582638936055,0.05
2025-07-31,USW00023237,,",,W,2400",,0.0,,,,,"STOCKTON AIRPORT, CA US",36.1,",,W",13.9,",,W",,,,,6.7,",,W",8.5,",,W",",,W",  290,",,W",3.0,  280,",,W",,,,,,,,,,,,,True,0.0,0.0,0.0,36.1,13.9,25.0,50.13772727236808,0.0,0.0,0.0,0.0,0.0,0.0,0.05,0.6120285149697308,9.895193545784807,0.0022347723173032088,0.02589902503557859,delta,USW00023237,"STOCKTON AIRPORT, CA US",0.0050529582638936055,0.05
2025-08-01,USW00023237,,",,W,2400",,0.0,,,,,"STOCKTON AIRPORT, CA US",35.0,",,W",15.0,",,W",,,,,8.1,",,W",12.5,",,W",",,W",  270,",,W",3.4,  270,",,W",,,,,,,,,,,,,True,0.0,0.0,0.0,35.0,15.0,25.0,53.83064226424434,0.0,0.0,0.0,0.0,0.0,0.0,0.05,1.1417370971433112,9.895193545784807,0.0022347723173032088,0.04806940943342281,delta,USW00023237,"STOCKTON AIRPORT, CA US",0.0050529582638936055,0.05
2025-08-02,USW00023237,,",,W,2400",,0.0,,,,,"STOCKTON AIRPORT, CA US",34.4,",,W",15.6,",,W",,,,,6.7,",,W",8.9,",,W",",,W",  270,",,W",3.8,  290,",,W",,,,,,,,,,,,,True,0.0,0.0,0.0,34.4,15.6,25.0,55.94410299061008,0.0,0.0,0.0,0.0,0.0,0.0,0.05,0.9438387357073131,9.895193545784807,0.0022347723173032088,0.03976099928043983,delta,USW00023237,"STOCKTON AIRPORT, CA US",0.0050529582638936055,0.05
2025-08-03,USW00023237,,",,W,2400",,0.0,,,,,"STOCKTON AIRPORT, CA US",33.9,",,W",14.4,",,W",,,,,9.8,",,W",13.0,",,W",",,W",  260,",,W",4.0,  270,",,W",,,,,,,,,,,,,True,0.0,0.0,0.0,33.9,14.4,24.15,54.4886946818226,0.0,0.0,0.0,0.0,0.0,0.0,0.05,0.7818132612159197,9.895193545784807,0.0022347723173032088,0.032958648379007326,delta,USW00023237,"STOCKTON AIRPORT, CA US",0.0050529582638936055,0.05
2025-08-04,USW00023237,,",,W,2400",,0.0,,,,,"STOCKTON AIRPORT, CA US",32.2,",,W",15.0,",,W",,,,,8.9,",,W",12.1,",,W",",,W",  270,",,W",4.3,  240,",,W",,,,,,,,,,,,,True,0.0,0.0,0.0,32.2,15.0,23.6,58.54245083824314,0.0,0.0,0.0,0.0,0.0,0.0,0.05,0.6491580224677638,9.895193545784807,0.0022347723173032088,0.02738935450277679,delta,USW00023237,"STOCKTON AIRPORT, CA US",0.0050529582638936055,0.05
2025-08-05,USW00023237,,",,W,2400",,0.0,,,,,"STOCKTON AIRPORT, CA US",32.2,",,W",15.0,",,W",,,,,7.2,",,W",9.4,",,W",",,W",  270,",,W",3.5,  270,",,W",,,,,,,,,,,,,True,0.0,0.0,0.0,32.2,15.0,23.6,58.54245083824314,0.0,0.0,0.0,0.0,0.0,0.0,0.05,0.5405490989477466,9.895193545784807,0.0022347723173032088,0.022829602333377986,delta,USW00023237,"STOCKTON AIRPORT, CA US",0.0050529582638936055,0.05
2025-08-06,USW00023237,,",,W,2400",,0.0,,,,,"STOCKTON AIRPORT, CA US",37.2,",,W",14.4,",,W",,,,,6.7,",,W",8.5,",,W",",,W",  320,",,W",2.7,  310,",,W",,,,,,,,,,,,,True,0.0,0.0,0.0,37.2,14.4,25.8,49.38256381356927,0.0,0.0,0.0,0.0,0.0,0.0,0.05,0.45162763320321403,9.895193545784807,0.0022347723173032088,0.01909639300587714,delta,USW00023237,"STOCKTON AIRPORT, CA US",0.0050529582638936055,0.05
2025-08-07,USW00023237,,",,W,2400",,0.0,,,,,"STOCKTON AIRPORT, CA US",37.2,",,W",17.8,",,W",,,,,6.7,",,W",8.5,",,W",",,W",  290,",,W",2.7,  300,",,W",,,,,,,,,,,,,True,0.0,0.0,0.0,37.2,17.8,27.5,55.49890107943644,0.0,0.0,0.0,0.0,0.0,0.0,0.05,0.378824894589395,9.895193545784807,0.0022347723173032088,0.01603989972177462,delta,USW00023237,"STOCKTON AIRPORT, CA US",0.0050529582638936055,0.05
2025-08-08,USW00023237,,",,W,2400",,0.0,,,,,"STOCKTON AIRPORT, CA US",38.9,",,W",17.2,",,W",,,,,7.2,",,W",8.9,",,W",",,W",  300,",,W",2.9,  290,",,W",,,,,,,,,,,,,True,0.0,0.0,0.0,38.9,17.2,28.049999999999997,51.74754748677474,0.0,0.0,0.0,0.0,0.0,0.0,0.05,0.31921905357796326,9.895193545784807,0.0022347723173032088,0.013537454673503571,delta,USW00023237,"STOCKTON AIRPORT, CA US",0.0050529582638936055,0.05
2025-08-09,USW00023237,,",,W,2400",,0.0,,,,,"STOCKTON AIRPORT, CA US",40.0,",,W",17.8,",,W",,,,,7.2,",,W",9.4,",,W",",,W",  290,",,W",2.7,  310,",,W",,,,,,,,,,,,,True,0.0,0.0,0.0,40.0,17.8,28.9,51.15445423582597,0.0,0.0,0.0,0.0,0.0,0.0,0.05,0.2704179184788274,9.895193545784807,0.0022347723173032088,0.011488625954596349,delta,USW00023237,"STOCKTON AIRPORT, CA US",0.0050529582638936055,0.05
2025-08-10,USW00023237,,",,W,2400",,0.0,,,,,"STOCKTON AIRPORT, CA US",38.9,",,W",16.7,",,W",,,,,6.7,",,W",8.9,",,W",",,W",  300,",,W",3.1,  290,",,W",,,,,,,,,,,,,True,0.0,0.0,0.0,38.9,16.7,27.799999999999997,50.87017323087455,0.0,0.0,0.0,0.0,0.0,0.0,0.05,0.23046292838805163,9.895193545784807,0.0022347723173032088,0.009811186874637643,delta,USW00023237,"STOCKTON AIRPORT, CA US",0.0050529582638936055,0.05
2025-08-11,USW00023237,,",,W,2400",,0.0,,,,,"STOCKTON AIRPORT, CA US",36.7,",,W",16.7,",,W",,,,,7.2,",,W",9.8,",,W",",,W",  260,",,W",3.7,  270,",,W",,,,,,,,,,,,,True,0.0,0.0,0.0,36.7,16.7,26.700000000000003,54.25928042673147,0.0,0.0,0.0,0.0,0.0,0.0,0.05,0.1977505492618074,9.895193545784807,0.0022347723173032088,0.008437815913460616,delta,USW00023237,"STOCKTON AIRPORT, CA US",0.0050529582638936055,0.05
2025-08-12,USW00023237,,",,W,2400",,0.0,,,,,"STOCKTON AIRPORT, CA US",35.6,",,W",15.6,",,W",,,,,7.2,",,W",8.9,",,W",",,W",  270,",,W",3.4,  260,",,W",,,,,,,,,,,,,True,0.0,0.0,0.0,35.6,15.6,25.6,53.9824847505112,0.0,0.0,0.0,0.0,0.0,0.0,0.05,0.17096791846480505,9.895193545784807,0.0022347723173032088,0.007313394872160715,delta,USW00023237,"STOCKTON AIRPORT, CA US",0.0050529582638936055,0.05
2025-08-13,USW00023237,,",,W,2400",,0.0,,,,,"STOCKTON AIRPORT, CA US",32.8,",,W",14.4,",,W",,,,,7.2,",,W",9.8,",,W",",,W",  290,",,W",3.5,  280,",,W",,,,,,,,,,,,,True,0.0,0.0,0.0,32.8,14.4,23.599999999999998,56.32071866939577,0.0,0.0,0.0,0.0,0.0,0.0,0.05,0.14904015498296572,9.895193545784807,0.0022347723173032088,0.00639279678624052,delta,USW00023237,"STOCKTON AIRPORT, CA US",0.0050529582638936055,0.05
2025-08-14,USW00023237,,",,W,2400",,0.0,,,,,"STOCKTON AIRPORT, CA US",33.3,",,W",13.9,",,W",,,,,6.7,",,W",9.4,",,W",",,W",  270,",,W",3.2,  290,",,W",,,,,,,,,,,,,True,0.0,0.0,0.0,33.3,13.9,23.599999999999998,54.52629414257379,0.0,0.0,0.0,0.0,0.0,0.0,0.05,0.12346239338804998,9.895193545784807,0.0022347723173032088,0.005333594680896226,delta,USW00023237,"STOCKTON AIRPORT, CA US",0.0050529582638936055,0.05
2025-08-15,USW00023237,,",,W,2400",,0.0,,,,,"STOCKTON AIRPORT, CA US",36.7,",,W",14.4,",,W",,,,,10.3,",,W",12.5,",,W",",,W",  260,",,W",4.2,  250,",,W",,,,,,,,,,,,,True,0.0,0.0,0.0,36.7,14.4,25.55,50.1204021823529,0.0,0.0,0.0,0.0,0.0,0.0,0.05,0.09914331972421819,9.895193545784807,0.0022347723173032088,0.004307798189630146,delta,USW00023237,"STOCKTON AIRPORT, CA US",0.0050529582638936055,0.05
2025-08-16,USW00023237,,",,W,2400",,0.0,,,,,"STOCKTON AIRPORT, CA US",30.0,",,W",18.9,",,W",,,,,10.3,",,W",13.4,",,W",",,W",  250,",,W",6.8,  270,",,W",,,,,,,,,,,,,True,0.0,0.0,0.0,30.0,18.9,24.45,71.22650460183152,0.0,0.0,0.0,0.0,0.0,0.0,0.05,0.4205942916527163,9.895193545784807,0.0022347723173032088,0.01946354585228875,delta,USW00023237,"STOCKTON AIRPORT, CA US",0.0050529582638936055,0.05
2025-08-17,USW00023237,,",,W,2400",,0.0,,,,,"STOCKTON AIRPORT, CA US",30.0,",,W",16.7,",,W",,,,,10.7,",,W",13.9,",,W",",,W",  260,",,W",6.5,  250,",,W",,,,,,,,,,,,,True,0.0,0.0,0.0,30.0,16.7,23.35,66.2528714358481,0.0,0.0,0.0,0.0,0.0,0.0,0.05,0.3551515587211793,9.895193545784807,0.0022347723173032088,0.016373735953158313,delta,USW00023237,"STOCKTON AIRPORT, CA US",0.0050529582638936055,0.05
2025-08-18,USW00023237,,",,W,2400",,0.0,,,,,"STOCKTON AIRPORT, CA US",32.2,",,W",15.0,",,W",,,,,7.6,",,W",10.7,",,W",",,W",  270,",,W",4.7,  300,",,W",,,,,,,,,,,,,True,0.0,0.0,0.0,32.2,15.0,23.6,58.54245083824314,0.0,0.0,0.0,0.0,0.0,0.0,0.05,0.29983696547471117,9.895193545784807,0.0022347723173032088,0.01381077666262906,delta,USW00023237,"STOCKTON AIRPORT, CA US",0.0050529582638936055,0.05
2025-08-19,USW00023237,,",,W,2400",,0.0,,,,,"STOCKTON AIRPORT, CA US",33.9,",,W",13.9,",,W",,,,,8.1,",,W",11.2,",,W",",,W",  260,",,W",3.8,  260,",,W",,,,,,,,,,,,,True,0.0,0.0,0.0,33.9,13.9,23.9,53.55067448469177,0.0,0.0,0.0,0.0,0.0,0.0,0.05,0.254549206889828,9.895193545784807,0.0022347723173032088,0.011712403072585835,delta,USW00023237,"STOCKTON AIRPORT, CA US",0.0050529582638936055,0.05
2025-08-20,USW00023237,,",,W,2400",,0.0,,,,,"STOCKTON AIRPORT, CA US",37.2,",,W",12.2,",,W",,,,,7.6,",,W",11.2,",,W",",,W",  280,",,W",3.6,  290,",,W",,,,,,,,,,,,,True,0.0,0.0,0.0,37.2,12.2,24.700000000000003,45.67912918438928,0.0,0.0,0.0,0.0,0.0,0.0,0.05,0.21746847044471743,9.895193545784807,0.0022347723173032088,0.009994349735907723,delta,USW00023237,"STOCKTON AIRPORT, CA US",0.0050529582638936055,0.05
2025-08-21,USW00023237,,",,W,2400",,0.0,,,,,"STOCKTON AIRPORT, CA US",40.0,",,W",15.6,",,W",,,,,5.8,",,W",8.5,",,W",",,W",  260,",,W",2.4,  310,",,W",,,,,,,,,,,,,True,0.0,0.0,0.0,40.0,15.6,27.8,47.424400787873125,0.0,0.0,0.0,0.0,0.0,0.0,0.05,0.18611812408543965,9.895193545784807,0.0022347723173032088,0.008541131347305431,delta,USW00023237,"STOCKTON AIRPORT, CA US",0.0050529582638936055,0.05
2025-08-22,USW00023237,,",,W,2400",,0.0,,,,,"STOCKTON AIRPORT, CA US",37.8,",,W",16.7,",,W",,,,,5.8,",,W",8.1,",,W",",,W",  300,",,W",2.6,  290,",,W",,,,,,,,,,,,,True,0.0,0.0,0.0,37.8,16.7,27.25,52.53395821734079,0.0,0.0,0.0,0.0,0.0,0.0,0.05,0.1519730818455565,9.895193545784807,0.0022347723173032088,0.0070011996473779495,delta,USW00023237,"STOCKTON AIRPORT, CA US",0.0050529582638936055,0.05
2025-08-23,USW00023237,,",,W,2400",,0.0,,,,,"STOCKTON AIRPORT, CA US",39.4,",,W",17.2,",,W",,,,,6.7,",,W",9.4,",,W",",,W",  310,",,W",3.2,  280,",,W",,,,,,,,,,,,,True,0.0,0.0,0.0,39.4,17.2,28.299999999999997,50.999633215516205,0.0,0.0,0.0,0.0,0.0,0.0,0.05,0.13348849809309515,9.895193545784807,0.0022347723173032088,0.006137192954746775,delta,USW00023237,"STOCKTON AIRPORT, CA US",0.0050529582638936055,0.05
2025-08-24,USW00023237,,",,W,2400",,0.0,,,,,"STOCKTON AIRPORT, CA US",36.1,",,W",18.3,",,W",,,,,7.6,",,W",9.8,",,W",",,W",  300,",,W",3.8,  300,",,W",,,",,W", 1854,,,,,,,,,True,0.0,0.0,0.0,36.1,18.3,27.200000000000003,58.28586632375751,0.0,0.0,0.0,0.0,0.0,0.0,0.05,0.4010229389672774,9.895193545784807,0.0022347723173032088,0.018701809041633724,delta,USW00023237,"STOCKTON AIRPORT, CA US",0.0050529582638936055,0.05
2025-08-25,USW00023237,,",,W,2400",,0.0,,,,,"STOCKTON AIRPORT, CA US",36.7,",,W",16.1,",,W",,,,,6.3,",,W",8.5,",,W",",,W",  300,",,W",3.5,  320,",,W",,,",,W", 1811,,,,,,,,,True,0.0,0.0,0.0,36.7,16.1,26.400000000000002,53.158143497195596,0.0,0.0,0.0,0.0,0.0,0.0,0.05,0.4102687060718845,9.895193545784807,0.0022347723173032088,0.018021867311893317,delta,USW00023237,"STOCKTON AIRPORT, CA US",0.0050529582638936055,0.05
2025-08-26,USW00023237,,",,W,2400",,0.0,,,,,"STOCKTON AIRPORT, CA US",36.7,",,W",17.8,",,W",,,,,9.4,",,W",13.0,",,W",",,W",  320,",,W",2.8,  340,",,W",,,",,W", 1921,,,,,,,,,True,0.0,0.0,0.0,36.7,17.8,27.25,56.31765573818116,0.0,0.0,0.0,0.0,0.0,0.0,0.05,0.5348808586601205,9.895193545784807,0.0022347723173032088,0.02435714304906093,delta,USW00023237,"STOCKTON AIRPORT, CA US",0.0050529582638936055,0.05
2025-08-27,USW00023237,,",,1,2400",,0.0,,,,,"STOCKTON AIRPORT, CA US",33.9,",,1",16.1,",,1",,,,,7.6,",,1",10.3,",,1",",,1",  310,",,1",3.7,  320,",,1",,,,,,,,,,,,,True,0.0,0.0,0.0,33.9,16.1,25.0,57.760700022117,0.0,0.0,0.0,0.0,0.0,0.0,0.05,0.5866647797957202,9.895193545784807,0.0022347723173032088,0.024670225408142208,delta,USW00023237,"STOCKTON AIRPORT, CA US",0.0050529582638936055,0.05
2025-08-28,USW00023237,,",,1,2400",,0.0,,,,,"STOCKTON AIRPORT, CA US",35.6,",,1",15.0,",,1",,,,,7.2,",,1",9.8,",,1",",,1",  300,",,1",4.2,  310,",,1",,,,,,,,,,,,,True,0.0,0.0,0.0,35.6,15.0,25.3,52.87740994964637,0.0,0.0,0.0,0.0,0.0,0.0,0.05,0.48938395931257944,9.895193545784807,0.0022347723173032088,0.020603367722011556,delta,USW00023237,"STOCKTON AIRPORT, CA US",0.0050529582638936055,0.05
2025-08-29,USW00023237,,",,1,2400",,0.0,,,,,"STOCKTON AIRPORT, CA US",35.6,",,1",14.4,",,1",,,,,7.2,",,1",9.8,",,1",",,1",  290,",,1",3.1,  290,",,1",,,,,,,,,,,,,True,0.0,0.0,0.0,35.6,14.4,25.0,51.787726945945785,0.0,0.0,0.0,0.0,0.0,0.0,0.05,0.40973715989837356,9.895193545784807,0.0022347723173032088,0.01727370626598483,delta,USW00023237,"STOCKTON AIRPORT, CA US",0.0050529582638936055,0.05
2025-08-30,USW00023237,,",,1,2400",,0.0,,,,,"STOCKTON AIRPORT, CA US",38.9,",,1",16.1,",,1",,,,,7.2,",,1",9.8,",,1",",,1",  300,",,1",3.0,  290,",,1",,,,,,,,,,,,,True,0.0,0.0,0.0,38.9,16.1,27.5,49.83066791662694,0.0,0.0,0.0,0.0,0.0,0.0,0.05,0.3445278758337297,9.895193545784807,0.0022347723173032088,0.01454761003459734,delta,USW00023237,"STOCKTON AIRPORT, CA US",0.0050529582638936055,0.05
2025-08-31,USW00023237,,",,1,2400",,0.0,,,,,"STOCKTON AIRPORT, CA US",40.6,",,1",18.9,",,1",,,,,7.2,",,1",10.3,",,1",",,1",  300,",,1",3.7,  320,",,1",,,,,,,,,,,,,True,0.0,0.0,0.0,40.6,18.9,29.75,52.18168225121222,0.0,0.0,0.0,0.0,0.0,0.0,0.05,0.29113902958380783,9.895193545784807,0.0022347723173032088,0.01231567121411041,delta,USW00023237,"STOCKTON AIRPORT, CA US",0.0050529582638936055,0.05
2025-09-01,USW00023237,,",,1,2400",,0.0,,,,,"STOCKTON AIRPORT, CA US",39.4,",,1",16.1,",,1",,,,,6.3,",,1",8.5,",,1",",,1",  300,",,1",2.9,  300,",,1",,,,,,,,,,,,,True,0.0,0.0,0.0,39.4,16.1,27.75,49.10754997457263,0.0,0.0,0.0,0.0,0.0,0.0,0.05,0.24742793928764475,9.895193545784807,0.0022347723173032088,0.010488314262789166,delta,USW00023237,"STOCKTON AIRPORT, CA US",0.0050529582638936055,0.05
2025-09-02,USW00023237,,"T,,1,2400",,0.0,,,,,"STOCKTON AIRPORT, CA US",37.8,",,1",20.0,",,1",,,,,8.0,",,1",11.2,",,1",",,1",  290,",,1",4.0,  150,",,1",,,,,,,,,    1,",,1",,,True,0.0,0.0,0.0,37.8,20.0,28.9,58.68599567693597,0.0,0.0,0.0,0.0,0.0,0.0,0.05,0.6551498922741756,9.895193545784807,0.0022347723173032088,0.02036054057936287,delta,USW00023237,"STOCKTON AIRPORT, CA US",0.0050529582638936055,0.05
2025-09-03,USW00023237,,",,1,2400",,0.0,,,,,"STOCKTON AIRPORT, CA US",35.0,",,1",16.1,",,1",,,,,6.7,",,1",8.9,",,1",",,1",  310,",,1",3.4,  310,",,1",,,,,,,,,,,,,True,0.0,0.0,0.0,35.0,16.1,25.55,55.901073211118785,0.0,0.0,0.0,0.0,0.0,0.0,0.05,1.0023985011012833,9.895193545784807,0.0022347723173032088,0.03129396010222537,delta,USW00023237,"STOCKTON AIRPORT, CA US",0.0050529582638936055,0.05
2025-09-04,USW00023237,,",,1,2400",,0.0,,,,,"STOCKTON AIRPORT, CA US",32.2,",,1",15.0,",,1",,,,,6.7,",,1",9.8,",,1",",,1",  310,",,1",3.7,  290,",,1",,,,,,,,,,,,,True,0.0,0.0,0.0,32.2,15.0,23.6,58.54245083824314,0.0,0.0,0.0,0.0,0.0,0.0,0.05,0.8297579420369947,9.895193545784807,0.0022347723173032088,0.02602642301628702,delta,USW00023237,"STOCKTON AIRPORT, CA US",0.0050529582638936055,0.05
2025-09-05,USW00023237,,",,1,2400",,0.0,,,,,"STOCKTON AIRPORT, CA US",31.1,",,1",13.9,",,1",,,,,6.7,",,1",9.4,",,1",",,1",  280,",,1",3.7,  300,",,1",,,,,,,,,,,,,True,0.0,0.0,0.0,31.1,13.9,22.5,58.27845511111603,0.0,0.0,0.0,0.0,0.0,0.0,0.05,0.6884118071024861,9.895193545784807,0.0022347723173032088,0.021713728411050518,delta,USW00023237,"STOCKTON AIRPORT, CA US",0.0050529582638936055,0.05
2025-09-06,USW00023237,,",,1,2400",,0.0,,,,,"STOCKTON AIRPORT, CA US",31.1,",,1",15.6,",,1",,,,,7.2,",,1",9.8,",,1",",,1",  290,",,1",4.0,  300,",,1",,,,,,,,,,,,,True,0.0,0.0,0.0,31.1,15.6,23.35,61.765127357854595,0.0,0.0,0.0,0.0,0.0,0.0,0.05,0.5676538345540804,9.895193545784807,0.0022347723173032088,0.0179464548327162,delta,USW00023237,"STOCKTON AIRPORT, CA US",0.0050529582638936055,0.05
2025-09-07,USW00023237,,",,1,2400",,0.0,,,,,"STOCKTON AIRPORT, CA US",31.7,",,1",13.3,",,1",,,,,5.8,",,1",8.0,",,1",",,1",  310,",,1",3.0,  300,",,1",,,,,,,,,,,,,True,0.0,0.0,0.0,31.7,13.3,22.5,56.04810989965591,0.0,0.0,0.0,0.0,0.0,0.0,0.05,0.473783584364143,9.895193545784807,0.0022347723173032088,0.015097616979713534,delta,USW00023237,"STOCKTON AIRPORT, CA US",0.0050529582638936055,0.05
2025-09-08,USW00023237,,",,1,2400",,0.0,,,,,"STOCKTON AIRPORT, CA US",30.6,",,1",14.4,",,1",,,,,6.3,",,1",9.4,",,1",",,1",  290,",,1",2.7,  300,",,1",,,,,,,,,,,,,True,0.0,0.0,0.0,30.6,14.4,22.5,60.19636079095624,0.0,0.0,0.0,0.0,0.0,0.0,0.05,0.8772799932147248,9.895193545784807,0.0022347723173032088,0.032009273433610756,delta,USW00023237,"STOCKTON AIRPORT, CA US",0.0050529582638936055,0.05
2025-09-09,USW00023237,,",,1,2400",,0.0,,,,,"STOCKTON AIRPORT, CA US",28.3,",,1",17.8,",,1",,,,,7.6,",,1",9.8,",,1",",,1",  260,",,1",3.1,  280,",,1",,,,,,,,,,,,,True,0.0,0.0,0.0,28.3,17.8,23.05,72.32402977520597,0.0,0.0,0.0,0.0,0.0,0.0,0.05,1.2197808170478164,9.895193545784807,0.0022347723173032088,0.04806683383213222,delta,USW00023237,"STOCKTON AIRPORT, CA US",0.0050529582638936055,0.05
2025-09-10,USW00023237,,",,1,2400",,0.0,,,,,"STOCKTON AIRPORT, CA US",27.8,",,1",15.6,",,1",,,,,8.9,",,1",11.2,",,1",",,1",  270,",,1",3.2,  270,",,1",,,,,,,,,,,,,True,0.0,0.0,0.0,27.8,15.6,21.7,68.2760249716201,0.0,0.0,0.0,0.0,0.0,0.0,0.05,1.1538544488166895,9.895193545784807,0.0022347723173032088,0.04819692926945552,delta,USW00023237,"STOCKTON AIRPORT, CA US",0.0050529582638936055,0.05
2025-09-11,USW00023237,,",,1,2400",,0.0,,,,,"STOCKTON AIRPORT, CA US",28.3,",,1",13.3,",,1",,,,,6.7,",,1",10.7,",,1",",,1",  280,",,1",2.5,  320,",,1",,,,,,,,,,,,,True,0.0,0.0,0.0,28.3,13.3,20.8,62.18731412928012,0.0,0.0,0.0,0.0,0.0,0.0,0.05,1.7991750296381674,9.895193545784807,0.0022347723173032088,0.06789635620204797,delta,USW00023237,"STOCKTON AIRPORT, CA US",0.0050529582638936055,0.05
2025-09-12,USW00023237,,",,1,2400",,0.0,,,,,"STOCKTON AIRPORT, CA US",31.7,",,1",14.4,",,1",,,,,6.7,",,1",8.9,",,1",",,1",  270,",,1",3.5,  300,",,1",,,,,,,,,,,,,True,0.0,0.0,0.0,31.7,14.4,23.05,58.22229794370831,0.0,0.0,0.0,0.0,0.0,0.0,0.05,1.485415908867383,9.895193545784807,0.0022347723173032088,0.056087317333557436,delta,USW00023237,"STOCKTON AIRPORT, CA US",0.0050529582638936055,0.05
2025-09-13,USW00023237,,",,1,2400",,0.0,,,,,"STOCKTON AIRPORT, CA US",30.6,",,1",15.6,",,1",,,,,7.2,",,1",10.3,",,1",",,1",  270,",,1",3.9,  270,",,1",,,,,,,,,,,,,True,0.0,0.0,0.0,30.6,15.6,23.1,62.705167252275416,0.0,0.0,0.0,0.0,0.0,0.0,0.05,1.228531667633634,9.895193545784807,0.0022347723173032088,0.046418894047631054,delta,USW00023237,"STOCKTON AIRPORT, CA US",0.0050529582638936055,0.05
2025-09-14,USW00023237,,",,1,2400",,0.0,,,,,"STOCKTON AIRPORT, CA US",31.7,",,1",13.9,",,1",,,,,7.2,",,1",9.4,",,1",",,1",  280,",,1",3.6,  290,",,1",,,,,,,,,,,,,True,0.0,0.0,0.0,31.7,13.9,22.8,57.22712564566126,0.0,0.0,0.0,0.0,0.0,0.0,0.05,1.0106613449899868,9.895193545784807,0.0022347723173032088,0.03821065020606907,delta,USW00023237,"STOCKTON AIRPORT, CA US",0.0050529582638936055,0.05
2025-09-15,USW00023237,,",,1,2400",,0.0,,,,,"STOCKTON AIRPORT, CA US",34.4,",,1",12.8,",,1",,,,,4.5,",,1",7.6,",,1",",,1",  290,",,1",1.4,  240,",,1",,,,,,,,,,,,,True,0.0,0.0,0.0,34.4,12.8,23.6,50.754628454740974,0.0,0.0,0.0,0.0,0.0,0.0,0.05,0.8354301773141192,9.895193545784807,0.0022347723173032088,0.031654764725111355,delta,USW00023237,"STOCKTON AIRPORT, CA US",0.0050529582638936055,0.05
2025-09-16,USW00023237,,",,1,2400",,0.0,,,,,"STOCKTON AIRPORT, CA US",37.2,",,1",14.4,",,1",,,,,5.8,",,1",7.6,",,1",",,1",  300,",,1",2.0,  300,",,1",,,,,,,,,,,,,True,0.0,0.0,0.0,37.2,14.4,25.8,49.38256381356927,0.0,0.0,0.0,0.0,0.0,0.0,0.05,0.6902079137586277,9.895193545784807,0.0022347723173032088,0.02618391067846794,delta,USW00023237,"STOCKTON AIRPORT, CA US",0.0050529582638936055,0.05
2025-09-17,USW00023237,,",,1,2400",,0.0,,,,,"STOCKTON AIRPORT, CA US",37.8,",,1",17.2,",,1",,,,,7.6,",,1",9.8,",,1",",,1",  290,",,1",3.1,  290,",,1",,,,,,,,,,,,,True,0.0,0.0,0.0,37.8,17.2,27.5,53.436854521375224,0.0,0.0,0.0,0.0,0.0,0.0,0.05,0.5720633565400755,9.895193545784807,0.0022347723173032088,0.02177783970791797,delta,USW00023237,"STOCKTON AIRPORT, CA US",0.0050529582638936055,0.05
2025-09-18,USW00023237,,",,1,2400",,0.0,,,,,"STOCKTON AIRPORT, CA US",32.2,",,1",20.0,",,1",,,,,6.7,",,1",9.4,",,1",",,1",  280,",,1",2.5,  170,",,1",,,,,,,,,,,,,True,0.0,0.0,0.0,32.2,20.0,26.1,69.13606028917407,0.0,0.0,0.0,0.0,0.0,0.0,0.05,0.4774293250544749,9.895193545784807,0.0022347723173032088,0.018235282599474982,delta,USW00023237,"STOCKTON AIRPORT, CA US",0.0050529582638936055,0.05
2025-09-19,USW00023237,,"T,,1,2400",,0.0,,,,,"STOCKTON AIRPORT, CA US",30.6,",,1",20.0,",,1",,,,,7.2,",,1",10.7,",,1",",,1",  150,",,1",3.4,  140,",,1",,,,,,,,,,,,,True,0.0,0.0,0.0,30.6,20.0,25.3,72.49561826004789,0.0,0.0,0.0,0.0,0.0,0.0,0.05,0.408500402569388,9.895193545784807,0.0022347723173032088,0.015553012075039686,delta,USW00023237,"STOCKTON AIRPORT, CA US",0.0050529582638936055,0.05
2025-09-20,USW00023237,,",,1,2400",,0.0,,,,,"STOCKTON AIRPORT, CA US",33.3,",,1",16.7,",,1",,,,,6.7,",,1",8.9,",,1",",,1",  310,",,1",3.4,  310,",,1",,,,,,,,,,,,,True,0.0,0.0,0.0,33.3,16.7,25.0,60.00890181212246,0.0,0.0,0.0,0.0,0.0,0.0,0.05,0.3523486901384624,9.895193545784807,0.0022347723173032088,0.013387856767838819,delta,USW00023237,"STOCKTON AIRPORT, CA US",0.0050529582638936055,0.05
2025-09-21,USW00023237,,",,1,2400",,0.0,,,,,"STOCKTON AIRPORT, CA US",33.9,",,1",15.6,",,1",,,,,6.7,",,1",8.9,",,1",",,1",  300,",,1",2.7,  290,",,1",,,,,,,,,,,,,True,0.0,0.0,0.0,33.9,15.6,24.75,56.78501583719999,0.0,0.0,0.0,0.0,0.0,0.0,0.05,0.2975421707692047,9.895193545784807,0.0022347723173032088,0.011366145548632557,delta,USW00023237,"STOCKTON AIRPORT, CA US",0.0050529582638936055,0.05
2025-09-22,USW00023237,,",,1,2400",,0.0,,,,,"STOCKTON AIRPORT, CA US",35.0,",,1",15.0,",,1",,,,,5.8,",,1",7.6,",,1",",,1",  290,",,1",2.6,  300,",,1",,,,,,,,,,,,,True,0.0,0.0,0.0,35.0,15.0,25.0,53.83064226424434,0.0,0.0,0.0,0.0,0.0,0.0,0.05,0.2526703878924294,9.895193545784807,0.0022347723173032088,0.00971090839962561,delta,USW00023237,"STOCKTON AIRPORT, CA US",0.0050529582638936055,0.05
2025-09-23,USW00023237,,",,1,2400",,0.0,,,,,"STOCKTON AIRPORT, CA US",37.2,",,1",16.1,",,1",,,,,7.6,",,1",10.7,",,1",",,1",  260,",,1",2.1,  260,",,1",,,,,,,,,,,,,True,0.0,0.0,0.0,37.2,16.1,26.650000000000002,52.38047674124115,0.0,0.0,0.0,0.0,0.0,0.0,0.05,0.20928179752527099,9.895193545784807,0.0022347723173032088,0.008185240031561574,delta,USW00023237,"STOCKTON AIRPORT, CA US",0.0050529582638936055,0.05
2025-09-24,USW00023237,,"T,,1,2400",,0.0,,,,,"STOCKTON AIRPORT, CA US",30.0,",,1",21.7,",,1",,,,,7.6,",,1",10.3,",,1",",,1",  290,",,1",3.5,  290,",,1",,,,,,,,,    1,",,1",,,True,0.0,0.0,0.0,30.0,21.7,25.85,77.90155465070555,0.0,0.0,0.0,0.0,0.0,0.0,0.05,0.17355677207226292,9.895193545784807,0.0022347723173032088,0.006893380165352246,delta,USW00023237,"STOCKTON AIRPORT, CA US",0.0050529582638936055,0.05
2025-09-25,USW00023237,,",,1,2400",,1.0,,,,,"STOCKTON AIRPORT, CA US",32.2,",,1",17.2,",,1",,,,,9.4,",,1",12.1,",,1",",,1",  250,",,1",4.2,  250,",,1",,,,,,,,,    1,",,1",,,True,1.0,0.0,0.0,32.2,17.2,24.700000000000003,63.05991798118323,0.0,1.0,0.0,0.0,0.0,1.0,0.05,0.1603611723425123,9.895193545784807,0.0022347723173032088,0.006978808007867115,delta,USW00023237,"STOCKTON AIRPORT, CA US",0.02365076184060802,0.2340288659180781
2025-09-26,USW00023237,,",,1,2400",,0.0,,,,,"STOCKTON AIRPORT, CA US",32.8,",,1",13.3,",,1",,,,,6.3,",,1",8.9,",,1",",,1",  320,",,1",1.9,  300,",,1",,,,,,,,,,,,,True,0.0,0.0,0.0,32.8,13.3,23.049999999999997,54.210083647610425,0.0,0.0,0.0,0.0,0.0,0.0,0.05,0.14035608574255404,9.895193545784807,0.0022347723173032088,0.006118860230867419,delta,USW00023237,"STOCKTON AIRPORT, CA US",0.020279551991853384,0.200670091981195
2025-09-27,USW00023237,,",,1,2400",,0.0,,,,,"STOCKTON AIRPORT, CA US",30.6,",,1",15.6,",,1",,,,,6.7,",,1",10.7,",,1",",,1",  320,",,1",2.8,  300,",,1",,,,,,,,,,,,,True,0.0,0.0,0.0,30.6,15.6,23.1,62.705167252275416,0.0,0.0,0.0,0.0,0.0,0.0,0.05,0.12397730612517996,9.895193545784807,0.0022347723173032088,0.005414794539796723,delta,USW00023237,"STOCKTON AIRPORT, CA US",0.01751943881359859,0.1733582378740926
2025-09-28,USW00023237,,",,1,2400",,0.0,,,,,"STOCKTON AIRPORT, CA US",27.2,",,1",14.4,",,1",,,,,5.8,",,1",7.6,",,1",",,1",  330,",,1",2.7,  320,",,1",,,,,,,,,,,,,True,0.0,0.0,0.0,27.2,14.4,20.8,66.78994179551555,0.0,0.0,0.0,0.0,0.0,0.0,0.05,0.1205050543141252,9.895193545784807,0.0022347723173032088,0.005236491436380948,delta,USW00023237,"STOCKTON AIRPORT, CA US",0.015259649272585581,0.15099718299302867
2025-09-29,USW00023237,,",,1,2400",,0.0,,,,,"STOCKTON AIRPORT, CA US",25.0,",,1",16.7,",,1",,,,,7.6,",,1",10.7,",,1",",,1",  280,",,1",2.5,  280,",,1",,,,,,,,,,,,,True,0.0,0.0,0.0,25.0,16.7,20.85,77.1549726668968,0.0,0.0,0.0,0.0,0.0,0.0,0.05,0.41392139879130746,9.895193545784807,0.0022347723173032088,0.018419290081490732,delta,USW00023237,"STOCKTON AIRPORT, CA US",0.013409490079874253,0.1326894996906371
2025-09-30,USW00023237,,"T,,1,2400",,0.0,,,,,"STOCKTON AIRPORT, CA US",29.4,",,1",13.9,",,1",,,,,8.0,",,1",10.7,",,1",",,1",  280,",,1",2.4,  290,",,1",,,,,,,,,,,,,True,0.0,0.0,0.0,29.4,13.9,21.65,61.377043439905215,0.0,0.0,0.0,0.0,0.0,0.0,0.05,1.7192890474510483,9.895193545784807,0.0022347723173032088,0.06934452209824778,delta,USW00023237,"STOCKTON AIRPORT, CA US",0.011894707850711556,0.11770043635335686
2025-10-01,USW00023237,,"T,,1,2400",,0.0,,,,,"STOCKTON AIRPORT, CA US",26.7,",,1",17.2,",,1",,,,,6.3,",,1",7.6,",,1",",,1",  320,",,1",2.3,  320,",,1",,,,,,,,,,,,,True,0.0,0.0,0.0,26.7,17.2,21.95,74.44936853682141,0.0,0.0,0.0,0.0,0.0,0.0,0.05,2.4937361984066477,9.895193545784807,0.0022347723173032088,0.10028995703857273,delta,USW00023237,"STOCKTON AIRPORT, CA US",0.010654509055480038,0.10542842923929185
2025-10-02,USW00023237,,",,1,2400",,10.4,,,,,"STOCKTON AIRPORT, CA US",22.2,",,1",15.0,",,1",,,,,6.7,",,1",8.9,",,1",",,1",  300,",,1",2.5,  310,",,1",,,,,",,1",    1,,,,,,,True,10.4,0.0,0.0,22.2,15.0,18.6,79.5796620224439,0.0,10.4,0.0,0.0,0.0,10.4,0.05,3.7346690925569126,9.895193545784807,0.0022347723173032088,0.13247375054665927,delta,USW00023237,"STOCKTON AIRPORT, CA US",0.20305627735972367,2.009281165161027
2025-10-03,USW00023237,,"T,,1,2400",,0.0,,,,,"STOCKTON AIRPORT, CA US",23.3,",,1",13.9,",,1",,,,,6.7,",,1",9.8,",,1",",,1",  300,",,1",3.3,  300,",,1",,,,,,,,,,,,,True,0.0,0.0,0.0,23.3,13.9,18.6,74.1203006890137,0.0,0.0,0.0,0.0,0.0,0.0,0.05,4.126134514644286,9.895193545784807,0.0022347723173032088,0.15372743268053168,delta,USW00023237,"STOCKTON AIRPORT, CA US",0.16716436481916253,1.6541237438437937
2025-10-04,USW00023237,,",,1,2400",,0.0,,,,,"STOCKTON AIRPORT, CA US",26.7,",,1",10.6,",,1",,,,,6.3,",,1",8.5,",,1",",,1",  330,",,1",2.5,  320,",,1",,,,,,,,,,,,,True,0.0,0.0,0.0,26.7,10.6,18.65,59.48091031420599,0.0,0.0,0.0,0.0,0.0,0.0,0.05,3.514649565253177,9.895193545784807,0.0022347723173032088,0.13020556844366432,delta,USW00023237,"STOCKTON AIRPORT, CA US",0.1377785522354198,1.3633454408275008
2025-10-05,USW00023237,,",,1,2400",,0.0,,,,,"STOCKTON AIRPORT, CA US",27.8,",,1",10.6,",,1",,,,,4.5,",,1",5.8,",,1",",,1",  330,",,1",1.7,  330,",,1",,,,,,,,,,,,,True,0.0,0.0,0.0,27.8,10.6,19.2,57.47353947621389,0.0,0.0,0.0,0.0,0.0,0.0,0.05,2.8868116527502985,9.895193545784807,0.0022347723173032088,0.10701278447588199,delta,USW00023237,"STOCKTON AIRPORT, CA US",0.1137194837689237,1.1252763018202339
2025-10-06,USW00023237,,",,1,2400",,0.0,,,,,"STOCKTON AIRPORT, CA US",30.6,",,1",11.1,",,1",,,,,4.0,",,1",6.3,",,1",",,1",  340,",,1",2.0,  310,",,1",,,,,,,,,,,,,True,0.0,0.0,0.0,30.6,11.1,20.85,53.64657356861746,0.0,0.0,0.0,0.0,0.0,0.0,0.05,2.372584940796647,9.895193545784807,0.0022347723173032088,0.08801975311791035,delta,USW00023237,"STOCKTON AIRPORT, CA US",0.09402158452499461,0.9303617763561873
2025-10-07,USW00023237,,",,1,2400",,0.0,,,,,"STOCKTON AIRPORT, CA US",33.3,",,1",11.1,",,1",,,,,4.5,",,1",6.7,",,1",",,1",  300,",,1",2.1,  280,",,1",,,,,,,,,,,,,True,0.0,0.0,0.0,33.3,11.1,22.2,49.39251209813901,0.0,0.0,0.0,0.0,0.0,0.0,0.05,1.9515717176660186,9.895193545784807,0.0022347723173032088,0.07246957425096452,delta,USW00023237,"STOCKTON AIRPORT, CA US",0.07789430864295835,0.7707792601371711
2025-10-08,USW00023237,,",,1,2400",,0.0,,,,,"STOCKTON AIRPORT, CA US",27.8,",,1",13.3,",,1",,,,,6.7,",,1",8.9,",,1",",,1",  310,",,1",3.3,  310,",,1",,,,,,,,,,,,,True,0.0,0.0,0.0,27.8,13.3,20.55,63.152313758639345,0.0,0.0,0.0,0.0,0.0,0.0,0.05,1.649937999061321,9.895193545784807,0.0022347723173032088,0.06146342549361989,delta,USW00023237,"STOCKTON AIRPORT, CA US",0.06469041191496244,0.6401241464550969
2025-10-09,USW00023237,,",,1,2400",,0.0,,,,,"STOCKTON AIRPORT, CA US",26.1,",,1",11.1,",,1",,,,,6.7,",,1",8.5,",,1",",,1",  300,",,1",2.2,  300,",,1",,,,,,,,,,,,,True,0.0,0.0,0.0,26.1,11.1,18.6,61.68311177404508,0.0,0.0,0.0,0.0,0.0,0.0,0.05,1.5443157993243506,9.895193545784807,0.0022347723173032088,0.05881454566811493,delta,USW00023237,"STOCKTON AIRPORT, CA US",0.05387997560328641,0.5331527868366825
2025-10-10,USW00023237,,",,1,2400",,0.0,,,,,"STOCKTON AIRPORT, CA US",26.1,",,1",10.6,",,1",,,,,7.6,",,1",9.8,",,1",",,1",  300,",,1",2.5,  310,",,1",,,,,,,,,,,,,True,0.0,0.0,0.0,26.1,10.6,18.35,60.60892701251806,0.0,0.0,0.0,0.0,0.0,0.0,0.05,1.5123744568861666,9.895193545784807,0.0022347723173032088,0.061280873102522594,delta,USW00023237,"STOCKTON AIRPORT, CA US",0.04502913894072635,0.44557204501852266
2025-10-11,USW00023237,,",,1,2400",,0.0,,,,,"STOCKTON AIRPORT, CA US",23.9,",,1",11.7,",,1",,,,,7.6,",,1",10.7,",,1",",,1",  290,",,1",4.2,  300,",,1",,,,,,,,,,,,,True,0.0,0.0,0.0,23.9,11.7,17.799999999999997,67.48620586739507,0.0,0.0,0.0,0.0,0.0,0.0,0.05,1.8165118407920358,9.895193545784807,0.0022347723173032088,0.07540181549450477,delta,USW00023237,"STOCKTON AIRPORT, CA US",0.03778268677461835,0.37386699831461245
2025-10-12,USW00023237,,",,1,2400",,0.0,,,,,"STOCKTON AIRPORT, CA US",25.6,",,1",8.9,",,1",,,,,7.2,",,1",9.4,",,1",",,1",  340,",,1",4.2,  300,",,1",,,,,,,,,,,,,True,0.0,0.0,0.0,25.6,8.9,17.25,57.95927031784576,0.0,0.0,0.0,0.0,0.0,0.0,0.05,1.7977368521066472,9.895193545784807,0.0022347723173032088,0.07421570695647353,delta,USW00023237,"STOCKTON AIRPORT, CA US",0.031849793535517174,0.3151598714272282
2025-10-13,USW00023237,,",,1,2400",,32.0,,,,,"STOCKTON AIRPORT, CA US",21.7,",,1",10.6,",,1",,,,,9.8,",,1",12.5,",,1",",,1",  130,",,1",4.0,  130,",,1",",,1",    1,,,",,1",    1,,,,,,,True,32.0,0.0,0.0,21.7,10.6,16.15,69.65403719020524,0.0,32.0,0.0,0.0,0.0,32.0,0.05,1.946238980225273,9.895193545784807,0.0022347723173032088,0.10527514225528242,delta,USW00023237,"STOCKTON AIRPORT, CA US",0.6221220658407979,6.156018250598174
2025-10-14,USW00023237,,",,1,2400",,4.6,,,,,"STOCKTON AIRPORT, CA US",13.9,",,1",9.4,",,1",,,,,6.7,",,1",9.4,",,1",",,1",  140,",,1",2.8,  130,",,1",,,,,",,1",    1,,,,,,,True,4.6,0.0,0.0,13.9,9.4,11.65,86.0788791844925,0.030394395922462465,4.6,0.0,0.0,0.0,4.630394395922462,0.05,2.534208386914279,9.895193545784807,0.0022347723173032088,0.11985171925516348,delta,USW00023237,"STOCKTON AIRPORT, CA US",0.5963815788695758,5.901311150055179
2025-10-15,USW00023237,,",,1,2400",,0.5,,,,,"STOCKTON AIRPORT, CA US",18.9,",,1",10.0,",,1",,,,,5.4,",,1",7.6,",,1",",,1",  310,",,1",2.3,  310,",,1",,,,,,,,,,,,,True,0.5,0.0,0.0,18.9,10.0,14.45,74.63492561634185,0.0,0.5,0.0,0.0,0.0,0.5,0.05,2.707670528729278,9.895193545784807,0.0022347723173032088,0.11820959835765835,delta,USW00023237,"STOCKTON AIRPORT, CA US",0.4984907869173052,4.932662817337308
2025-10-16,USW00023237,,",,1,2400",,0.0,,,,,"STOCKTON AIRPORT, CA US",21.1,",,1",7.8,",,1",,,,,4.0,",,1",7.6,",,1",",,1",  280,",,1",1.4,  280,",,1",,,,,",,1",    1,",,1",    1,,,,,True,0.0,0.0,0.0,21.1,7.8,14.450000000000001,64.33712909409925,0.0,0.0,0.0,0.0,0.0,0.0,0.05,2.225778612469877,9.895193545784807,0.0022347723173032088,0.09717298473979977,delta,USW00023237,"STOCKTON AIRPORT, CA US",0.4087667985222387,4.044826586468375
2025-10-17,USW00023237,,",,1,2400",,0.0,,,,,"STOCKTON AIRPORT, CA US",23.9,",,1",7.8,",,1",,,,,3.6,",,1",5.4,",,1",",,1",  170,",,1",1.7,  160,",,1",,,,,",,1",    1,,,,,,,True,0.0,0.0,0.0,23.9,7.8,15.85,58.801940971968634,0.0,0.0,0.0,0.0,0.0,0.0,0.05,1.8313768619184287,9.895193545784807,0.0022347723173032088,0.07996360646985122,delta,USW00023237,"STOCKTON AIRPORT, CA US",0.3355858947266125,3.3206873795551957
2025-10-18,USW00023237,,",,1,2400",,0.0,,,,,"STOCKTON AIRPORT, CA US",26.1,",,1",11.1,",,1",,,,,2.7,",,1",4.5,",,1",",,1",  180,",,1",1.3,  340,",,1",,,,,",,1",    1,,,,,,,True,0.0,0.0,0.0,26.1,11.1,18.6,61.68311177404508,0.0,0.0,0.0,0.0,0.0,0.0,0.05,1.5084680196741669,9.895193545784807,0.0022347723173032088,0.06587375923889241,delta,USW00023237,"STOCKTON AIRPORT, CA US",0.2756704382510922,2.7278123413458766
2025-10-19,USW00023237,,",,1,2400",,0.0,,,,,"STOCKTON AIRPORT, CA US",28.3,",,1",10.0,",,1",,,,,5.4,",,1",6.7,",,1",",,1",  290,",,1",1.6,  270,",,1",",,1",    1,,,",,1",    1,,,,,,,True,0.0,0.0,0.0,28.3,10.0,19.15,55.38974218630557,0.0,0.0,0.0,0.0,0.0,0.0,0.05,1.2441678609233007,9.895193545784807,0.0022347723173032088,0.054337003062696315,delta,USW00023237,"STOCKTON AIRPORT, CA US",0.22661581144987844,2.242407314831624
2025-10-20,USW00023237,,",,1,2400",,0.0,,,,,"STOCKTON AIRPORT, CA US",26.7,",,1",10.6,",,1",,,,,4.5,",,1",7.2,",,1",",,1",  330,",,1",2.0,  340,",,1",,,,,,,,,,,,,True,0.0,0.0,0.0,26.7,10.6,18.65,59.48091031420599,0.0,0.0,0.0,0.0,0.0,0.0,0.05,1.0230023480744865,9.895193545784807,0.0022347723173032088,0.044682300690835494,delta,USW00023237,"STOCKTON AIRPORT, CA US",0.18645327990696128,1.8449912919257712
2025-10-21,USW00023237,,"T,,1,2400",,0.0,,,,,"STOCKTON AIRPORT, CA US",28.3,",,1",9.4,",,1",,,,,8.0,",,1",10.3,",,1",",,1",  290,",,1",1.4,  300,",,1",,,,,,,,,,,,,True,0.0,0.0,0.0,28.3,9.4,18.85,54.21046280290882,0.0,0.0,0.0,0.0,0.0,0.0,0.05,0.8259522413075265,9.895193545784807,0.0022347723173032088,0.03617539813150392,delta,USW00023237,"STOCKTON AIRPORT, CA US",0.1535709802113105,1.519614572206806
2025-10-22,USW00023237,,"T,,1,2400",,0.0,,,,,"STOCKTON AIRPORT, CA US",21.7,",,1",12.2,",,1",,,,,7.6,",,1",9.8,",,1",",,1",  270,",,1",3.8,  270,",,1",,,,,,,,,,,,,True,0.0,0.0,0.0,21.7,12.2,16.95,73.59329900742887,0.0,0.0,0.0,0.0,0.0,0.0,0.05,0.6768418496577812,9.895193545784807,0.0022347723173032088,0.029547163040411144,delta,USW00023237,"STOCKTON AIRPORT, CA US",0.12664923021855448,1.2532186454372545
2025-10-23,USW00023237,,",,1,2400",,0.0,,,,,"STOCKTON AIRPORT, CA US",23.3,",,1",9.4,",,1",,,,,4.5,",,1",5.8,",,1",",,1",  270,",,1",1.4,  310,",,1",,,,,",,1",    1,,,,,,,True,0.0,0.0,0.0,23.3,9.4,16.35,63.46680100892185,0.0,0.0,0.0,0.0,0.0,0.0,0.05,0.5504714265762091,9.895193545784807,0.0022347723173032088,0.02423382860265399,delta,USW00023237,"STOCKTON AIRPORT, CA US",0.10170716373364973,1.0064120701372894
2025-10-24,USW00023237,,",,1,2400",,0.0,,,,,"STOCKTON AIRPORT, CA US",23.9,",,1",8.9,",,1",,,,,5.4,",,1",8.0,",,1",",,1",  320,",,1",1.7,  320,",,1",",,1",    1,,,",,1",    1,",,1",    1,,,,,True,0.0,0.0,0.0,23.9,8.9,16.4,61.170083102047734,0.0,0.0,0.0,0.0,0.0,0.0,0.05,0.45858719564705963,9.895193545784807,0.0022347723173032088,0.020931813377053132,delta,USW00023237,"STOCKTON AIRPORT, CA US",0.08418672869630102,0.8330439744363745
2025-10-25,USW00023237,,",,1,2400",,0.8,,,,,"STOCKTON AIRPORT, CA US",18.9,",,1",10.6,",,1",,,,,4.5,",,1",6.3,",,1",",,1",   90,",,1",1.6,  100,",,1",,,,,",,1",    1,,,,,,,True,0.8,0.0,0.0,18.9,10.6,14.75,76.194859560615,0.0,0.8,0.0,0.0,0.0,0.8,0.05,1.6370283548049698,9.895193545784807,0.0022347723173032088,0.07372570378847129,delta,USW00023237,"STOCKTON AIRPORT, CA US",0.08472045258529022,0.8383252756179315
2025-10-26,USW00023237,,"T,,1,2400",,0.0,,,,,"STOCKTON AIRPORT, CA US",20.6,",,1",10.0,",,1",,,,,9.4,",,1",12.1,",,1",",,1",  240,",,1",2.2,  250,",,1",,,,,,,,,,,,,True,0.0,0.0,0.0,20.6,10.0,15.3,70.65949377212976,0.0,0.0,0.0,0.0,0.0,0.0,0.05,5.222815732838582,9.895193545784807,0.0022347723173032088,0.22589165189123667,delta,USW00023237,"STOCKTON AIRPORT, CA US",0.07027918588548648,0.6954261465770766
2025-10-27,USW00023237,,",,1,2400",,0.0,,,,,"STOCKTON AIRPORT, CA US",21.7,",,1",9.4,",,1",,,,,6.7,",,1",8.9,",,1",",,1",  340,",,1",3.7,  320,",,1",",,1",    1,,,",,1",    1,,,,,,,True,0.0,0.0,0.0,21.7,9.4,15.55,66.7935474745875,0.0,0.0,0.0,0.0,0.0,0.0,0.05,4.771024946681811,9.895193545784807,0.0022347723173032088,0.20469920127280541,delta,USW00023237,"STOCKTON AIRPORT, CA US",0.05845567672495621,0.5784302350432698
2025-10-28,USW00023237,,",,1,2400",,0.0,,,,,"STOCKTON AIRPORT, CA US",23.9,",,1",6.7,",,1",,,,,3.1,",,1",4.0,",,1",",,1",  140,",,1",0.9,   50,",,1",,,,,",,1",    1,,,,,,,True,0.0,0.0,0.0,23.9,6.7,15.299999999999999,56.496802306084895,0.0,0.0,0.0,0.0,0.0,0.0,0.05,3.915248309896739,9.895193545784807,0.0022347723173032088,0.1679986267075451,delta,USW00023237,"STOCKTON AIRPORT, CA US",0.04877540616593084,0.4826420842861513
2025-10-29,USW00023237,,",,1,2400",,0.0,,,,,"STOCKTON AIRPORT, CA US",26.7,",,1",7.8,",,1",,,,,4.0,",,1",5.8,",,1",",,1",  280,",,1",1.4,  280,",,1",,,,,",,1",    1,,,,,,,True,0.0,0.0,0.0,26.7,7.8,17.25,53.79500240405028,0.0,0.0,0.0,0.0,0.0,0.0,0.05,3.2139519087500745,9.895193545784807,0.0022347723173032088,0.13792486637302023,delta,USW00023237,"STOCKTON AIRPORT, CA US",0.04084987096114137,0.4042173794808283
2025-10-30,USW00023237,,",,1,2400",,0.0,,,,,"STOCKTON AIRPORT, CA US",27.2,",,1",9.4,",,1",,,,,6.3,",,1",8.0,",,1",",,1",  290,",,1",1.7,  310,",,1",,,,,,,,,,,,,True,0.0,0.0,0.0,27.2,9.4,18.3,56.10902188802948,0.0,0.0,0.0,0.0,0.0,0.0,0.05,2.6377187809595615,9.895193545784807,0.0022347723173032088,0.11320847041339457,delta,USW00023237,"STOCKTON AIRPORT, CA US",0.034360991554378044,0.3400086618556479
2025-10-31,USW00023237,,",,1,2400",,0.0,,,,,"STOCKTON AIRPORT, CA US",26.7,",,1",7.8,",,1",,,,,5.8,",,1",7.6,",,1",",,1",  290,",,1",1.8,   10,",,1",,,,,",,1",    1,,,,,,,True,0.0,0.0,0.0,26.7,7.8,17.25,53.79500240405028,0.0,0.0,0.0,0.0,0.0,0.0,0.05,2.165060097960232,9.895193545784807,0.0022347723173032088,0.09290152144986427,delta,USW00023237,"STOCKTON AIRPORT, CA US",0.029048346431046493,0.2874390101202124
2025-11-01,USW00023237,,",,1,2400",,0.0,,,,,"STOCKTON AIRPORT, CA US",27.2,",,1",7.8,",,1",,,,,4.0,",,1",5.4,",,1",",,1",  290,",,1",1.7,  340,",,1",,,,,",,1",    1,,,,,,,True,0.0,0.0,0.0,27.2,7.8,17.5,52.952187071348845,0.0,0.0,0.0,0.0,0.0,0.0,0.05,1.773126964728272,9.895193545784807,0.0022347723173032088,0.07609411914718156,delta,USW00023237,"STOCKTON AIRPORT, CA US",0.024698720488385183,0.24439861956581205
2025-11-02,USW00023237,,",,1,2400",,0.0,,,,,"STOCKTON AIRPORT, CA US",26.7,",,1",7.2,",,1",,,,,4.0,",,1",6.3,",,1",",,1",  310,",,1",1.0,  320,",,1",,,,,",,1",    1,,,,,,,True,0.0,0.0,0.0,26.7,7.2,16.95,52.62676021475015,0.0,0.0,0.0,0.0,0.0,0.0,0.05,1.456256781565409,9.895193545784807,0.0022347723173032088,0.06252459199297486,delta,USW00023237,"STOCKTON AIRPORT, CA US",0.02113754796474256,0.20916012819443736
2025-11-03,USW00023237,,",,1,2400",,0.0,,,,,"STOCKTON AIRPORT, CA US",25.6,",,1",9.4,",,1",,,,,6.7,",,1",9.4,",,1",",,1",  270,",,1",2.2,  270,",,1",",,1",    1,,,",,1",    1,,,,,,,True,0.0,0.0,0.0,25.6,9.4,17.5,59.00519066103887,0.0,0.0,0.0,0.0,0.0,0.0,0.05,1.683148703766961,9.895193545784807,0.0022347723173032088,0.07493666928366563,delta,USW00023237,"STOCKTON AIRPORT, CA US",0.009297593151363187,0.09200148374270203
2025-11-04,USW00023237,,",,1,2400",,0.0,,,,,"STOCKTON AIRPORT, CA US",25.0,",,1",7.2,",,1",,,,,6.7,",,1",9.8,",,1",",,1",  310,",,1",1.3,  300,",,1",,,,,,,,,,,,,True,0.0,0.0,0.0,25.0,7.2,16.1,55.549090865169624,0.0,0.0,0.0,0.0,0.0,0.0,0.05,3.4009694098189076,9.895193545784807,0.0022347723173032088,0.15418526732204524,delta,USW00023237,"STOCKTON AIRPORT, CA US",0.007236824802817787,0.07160978208081797
2025-11-05,USW00023237,,"T,,1,2400",,0.0,,,,,"STOCKTON AIRPORT, CA US",17.8,",,1",10.6,",,1",,,,,10.3,",,1",14.3,",,1",",,1",  150,",,1",5.1,  120,",,1",,,,,,,,,,,,,True,0.0,0.0,0.0,17.8,10.6,14.2,78.95053599451892,0.0,0.0,0.0,0.0,0.0,0.0,0.05,7.42863958329339,9.895193545784807,0.0022347723173032088,0.2917511345852743,delta,USW00023237,"STOCKTON AIRPORT, CA US",0.006701514563815418,0.06631278365884921
2025-11-06,USW00023237,,",,1,2400",,0.0,,,,,"STOCKTON AIRPORT, CA US",22.2,",,1",8.3,",,1",,,,,6.3,",,1",7.6,",,1",",,1",  290,",,1",2.5,  290,",,1",",,1",    1,,,",,1",    1,",,1",    1,,,,,True,0.0,0.0,0.0,22.2,8.3,15.25,63.21757827891448,0.0,0.0,0.0,0.0,0.0,0.0,0.05,7.7146503707730245,9.895193545784807,0.0022347723173032088,0.2947065157305139,delta,USW00023237,"STOCKTON AIRPORT, CA US",0.0064026820048200435,0.06335577764980782
2025-11-07,USW00023237,,",,1,2400",,0.0,,,,,"STOCKTON AIRPORT, CA US",23.3,",,1",12.8,",,1",,,,,6.7,",,1",8.5,",,1",",,1",  300,",,1",2.5,  320,",,1",,,,,,,,,,,,,True,0.0,0.0,0.0,23.3,12.8,18.05,71.41427624814554,0.0,0.0,0.0,0.0,0.0,0.0,0.05,6.581403943793918,9.895193545784807,0.0022347723173032088,0.25387108481960063,delta,USW00023237,"STOCKTON AIRPORT, CA US",0.006158018598749538,0.06093478589316923
2025-11-08,USW00023237,,",,1,2400",,0.0,,,,,"STOCKTON AIRPORT, CA US",23.9,",,1",7.8,",,1",,,,,4.0,",,1",5.4,",,1",",,1",  260,",,1",1.0,  260,",,1",",,1",    1,,,",,1",    1,,,,,,,True,0.0,0.0,0.0,23.9,7.8,15.85,58.801940971968634,0.0,0.0,0.0,0.0,0.0,0.0,0.05,5.397461269558893,9.895193545784807,0.0022347723173032088,0.20825715995407554,delta,USW00023237,"STOCKTON AIRPORT, CA US",0.005957705144046811,0.05895264548906094
2025-11-09,USW00023237,,",,1,2400",,0.0,,,,,"STOCKTON AIRPORT, CA US",26.1,",,1",7.2,",,1",,,,,3.1,",,1",4.5,",,1",",,1",  360,",,1",0.6,  360,",,1",,,,,,,,,,,,,True,0.0,0.0,0.0,26.1,7.2,16.650000000000002,53.638019462683914,0.0,0.0,0.0,0.0,0.0,0.0,0.05,4.428127629369321,9.895193545784807,0.0022347723173032088,0.1709115618399131,delta,USW00023237,"STOCKTON AIRPORT, CA US",0.005793702358426393,0.05732980618329906
2025-11-10,USW00023237,,",,1,2400",,0.0,,,,,"STOCKTON AIRPORT, CA US",26.7,",,1",8.9,",,1",,,,,3.6,",,1",4.0,",,1",",,1",  290,",,1",1.1,  360,",,1",",,1",    1,,,",,1",    1,,,,,,,True,0.0,0.0,0.0,26.7,8.9,17.8,55.98253992392768,0.0,0.0,0.0,0.0,0.0,0.0,0.05,3.6346105596854454,9.895193545784807,0.0022347723173032088,0.140337942302764,delta,USW00023237,"STOCKTON AIRPORT, CA US",0.005659428234248502,0.056001137736368084
2025-11-11,USW00023237,,",,1,2400",,0.0,,,,,"STOCKTON AIRPORT, CA US",25.0,",,1",8.3,",,1",,,,,3.6,",,1",4.9,",,1",",,1",  200,",,1",1.0,  180,",,1",",,1",    1,,,",,1",    1,,,,,,,True,0.0,0.0,0.0,25.0,8.3,16.65,57.810781019033996,0.0,0.0,0.0,0.0,0.0,0.0,0.05,2.9850832751315584,9.895193545784807,0.0022347723173032088,0.1153097174753392,delta,USW00023237,"STOCKTON AIRPORT, CA US",0.005549493879441451,0.05491331601822134
2025-11-12,USW00023237,,",,1,2400",,0.3,,,,,"STOCKTON AIRPORT, CA US",21.1,",,1",11.7,",,1",,,,,5.4,",,1",7.2,",,1",",,1",  110,",,1",2.0,  130,",,1",",,1",    1,,,",,1",    1,,,    1,",,1",,,True,0.3,0.0,0.0,21.1,11.7,16.4,73.73972004056994,0.0,0.3,0.0,0.0,0.0,0.3,0.05,3.1791080558248987,9.895193545784807,0.0022347723173032088,0.12393164912479339,delta,USW00023237,"STOCKTON AIRPORT, CA US",0.011038828315355458,0.10923134269913189
2025-11-13,USW00023237,,",,1,2400",,19.6,,,,,"STOCKTON AIRPORT, CA US",18.3,",,1",8.3,",,1",,,,,9.8,",,1",14.3,",,1",",,1",  140,",,1",4.4,  120,",,1",,,,,",,1",    1,,,    1,",,1",,,True,19.6,0.0,0.0,18.3,8.3,13.3,71.71795908567832,0.0,19.6,0.0,0.0,0.0,19.6,0.05,7.541240298678386,9.895193545784807,0.0022347723173032088,0.3096429884999431,delta,USW00023237,"STOCKTON AIRPORT, CA US",0.37447072426255645,3.7054602938082106
2025-11-14,USW00023237,,",,1,2400",,0.3,,,,,"STOCKTON AIRPORT, CA US",18.9,",,1",11.1,",,1",,,,,4.0,",,1",5.4,",,1",",,1",   80,",,1",1.5,   80,",,1",",,1",    1,,,,,,,,,,,True,0.3,0.0,0.0,18.9,11.1,15.0,77.51115072171147,0.0,0.3,0.0,0.0,0.0,0.3,0.05,12.43009871336367,9.895193545784807,0.0022347723173032088,0.47289993767262234,delta,USW00023237,"STOCKTON AIRPORT, CA US",0.31308598509337887,3.0980464189716805
2025-11-15,USW00023237,,",,1,2400",,13.7,,,,,"STOCKTON AIRPORT, CA US",18.3,",,1",10.0,",,1",,,,,6.7,",,1",9.8,",,1",",,1",  130,",,1",4.0,  140,",,1",",,1",    1,,,",,1",    1,,,,,,,True,13.7,0.0,0.0,18.3,10.0,14.15,76.09735987476232,0.0,13.7,0.0,0.0,0.0,13.7,0.05,10.88542150705359,9.895193545784807,0.0022347723173032088,0.421101973215756,delta,USW00023237,"STOCKTON AIRPORT, CA US",0.5118158714600943,5.064517107902152
2025-11-16,USW00023237,,",,1,2400",,42.2,,,,,"STOCKTON AIRPORT, CA US",16.7,",,1",12.8,",,1",,,,,10.7,",,1",13.9,",,1",",,1",  140,",,1",5.5,  140,",,1",,,,,",,1",    1,,,,,,,True,42.2,0.0,0.0,16.7,12.8,14.75,88.104152432373,0.040520762161864995,42.2,0.0,0.0,0.0,42.240520762161864,0.05,10.914188885360085,9.895193545784807,0.0022347723173032088,0.43839092074468744,delta,USW00023237,"STOCKTON AIRPORT, CA US",1.0,11.92901449972483
2025-11-17,USW00023237,,",,1,2400",,10.4,,,,,"STOCKTON AIRPORT, CA US",16.7,",,1",10.0,",,1",,,,,10.7,",,1",17.0,",,1",",,1",  140,",,1",5.7,  130,",,1",,,,,",,1",    1,,,,,,,True,10.4,0.0,0.0,16.7,10.0,13.35,80.15660263264553,0.0007830131632276505,10.4,0.0,0.0,0.0,10.400783013163228,0.05,10.523623446014106,9.895193545784807,0.0022347723173032088,0.44026975379403127,delta,USW00023237,"STOCKTON AIRPORT, CA US",1.0,11.689758789756418
2025-11-18,USW00023237,,",,1,2400",,0.0,,,,,"STOCKTON AIRPORT, CA US",16.7,",,1",6.1,",,1",,,,,4.5,",,1",6.7,",,1",",,1",  190,",,1",1.4,  190,",,1",",,1",    1,,,",,1",    1,,,,,,,True,0.0,0.0,0.0,16.7,6.1,11.399999999999999,69.89745917042698,0.0,0.0,0.0,0.0,0.0,0.0,0.05,10.612037276727829,9.895193545784807,0.0022347723173032088,0.45546546976956315,delta,USW00023237,"STOCKTON AIRPORT, CA US",0.968129469651878,9.57982847958333
2025-11-19,USW00023237,,",,1,2400",,0.0,,,,,"STOCKTON AIRPORT, CA US",17.8,",,1",6.7,",,1",,,,,5.4,",,1",7.2,",,1",",,1",  100,",,1",1.3,   90,",,1",",,1",    1,,,",,1",    1,,,,,,,True,0.0,0.0,0.0,17.8,6.7,12.25,68.8742635468399,0.0,0.0,0.0,0.0,0.0,0.0,0.05,9.009713421984504,9.895193545784807,0.0022347723173032088,0.3859983440427341,delta,USW00023237,"STOCKTON AIRPORT, CA US",0.7935533157042935,7.852363647793259
2025-11-20,USW00023237,,",,1,2400",,4.3,,,,,"STOCKTON AIRPORT, CA US",13.3,",,1",7.2,",,1",,,,,4.0,",,1",5.4,",,1",",,1",  310,",,1",1.6,  320,",,1",",,1",    1,,,",,1",    1,",,1",    1,,,,,True,4.3,0.0,0.0,13.3,7.2,10.25,81.37308601164808,0.006865430058240422,4.3,0.0,0.0,0.0,4.30686543005824,0.05,7.9313524981115275,9.895193545784807,0.0022347723173032088,0.3380336728893836,delta,USW00023237,"STOCKTON AIRPORT, CA US",0.7307206870128948,7.230622625901437
2025-11-21,USW00023237,,",,1,2400",,0.0,,,,,"STOCKTON AIRPORT, CA US",15.6,",,1",7.2,",,1",,,,,5.8,",,1",7.6,",,1",",,1",  310,",,1",1.7,  310,",,1",,,,,",,1",    1,",,1",    1,,,,,True,0.0,0.0,0.0,15.6,7.2,11.4,75.3849755454221,0.0,0.0,0.0,0.0,0.0,0.0,0.05,6.5303099959395965,9.895193545784807,0.0022347723173032088,0.277941884015475,delta,USW00023237,"STOCKTON AIRPORT, CA US",0.5991794443069521,5.92899657007308
2025-11-22,USW00023237,,",,1,2400",,0.0,,,,,"STOCKTON AIRPORT, CA US",15.0,",,1",3.3,",,1",,,,,4.0,",,1",5.4,",,1",",,1",  160,",,1",1.6,  260,",,1",",,1",    1,,,",,1",    1,",,1",    1,,,,,True,0.0,0.0,0.0,15.0,3.3,9.15,66.80671316542782,0.0,0.0,0.0,0.0,0.0,0.0,0.05,5.355629083154399,9.895193545784807,0.0022347723173032088,0.22796466350690264,delta,USW00023237,"STOCKTON AIRPORT, CA US",0.49148258360550207,4.863315289158805
2025-11-23,USW00023237,,",,1,2400",,0.0,,,,,"STOCKTON AIRPORT, CA US",11.1,",,1",3.3,",,1",,,,,3.6,",,1",4.5,",,1",",,1",  120,",,1",1.4,  320,",,1",,,,,",,1",    1,",,1",    1,,,,,True,0.0,0.0,0.0,11.1,3.3,7.199999999999999,76.2611485480364,0.0,0.0,0.0,0.0,0.0,0.0,0.05,4.393881694803444,9.895193545784807,0.0022347723173032088,0.18704677612317486,delta,USW00023237,"STOCKTON AIRPORT, CA US",0.4033078517392692,3.990809251494752
2025-11-24,USW00023237,,",,1,2400",,0.0,,,,,"STOCKTON AIRPORT, CA US",11.7,",,1",8.3,",,1",,,,,4.0,",,1",5.4,",,1",",,1",  300,",,1",1.8,  340,",,1",,,,,",,1",    1,",,1",    1,,,,,True,0.0,0.0,0.0,11.7,8.3,10.0,89.18120495765376,0.04590602478826881,0.0,0.0,0.0,0.0,0.04590602478826881,0.05,3.5995623848985785,9.895193545784807,0.0022347723173032088,0.15322880435546507,delta,USW00023237,"STOCKTON AIRPORT, CA US",0.3319702383479793,3.2849097598935684
2025-11-25,USW00023237,,",,1,2400",,0.0,,,,,"STOCKTON AIRPORT, CA US",14.4,",,1",7.2,",,1",,,,,3.6,",,1",4.9,",,1",",,1",  150,",,1",1.1,  160,",,1",",,1",    1,,,",,1",    1,,,,,,,True,0.0,0.0,0.0,14.4,7.2,10.8,78.44529807132248,0.0,0.0,0.0,0.0,0.0,0.0,0.05,2.9258956548667756,9.895193545784807,0.0022347723173032088,0.1244685084102554,delta,USW00023237,"STOCKTON AIRPORT, CA US",0.2727101891813426,2.698520103856975
2025-11-26,USW00023237,,",,1,2400",,0.0,,,,,"STOCKTON AIRPORT, CA US",11.1,",,1",5.6,",,1",,,,,3.6,",,1",4.9,",,1",",,1",  150,",,1",1.3,  150,",,1",,,,,",,1",    1,,,,,,,True,0.0,0.0,0.0,11.1,5.6,8.35,82.82331310548585,0.01411656552742926,0.0,0.0,0.0,0.0,0.01411656552742926,0.05,2.3355191271262714,9.895193545784807,0.0022347723173032088,0.09987002668569617,delta,USW00023237,"STOCKTON AIRPORT, CA US",0.22445470161256081,2.2210227147176664
2025-11-27,USW00023237,,",,1,2400",,0.0,,,,,"STOCKTON AIRPORT, CA US",10.6,",,1",8.3,",,1",,,,,4.5,",,1",5.8,",,1",",,1",  140,",,1",1.1,  150,",,1",",,1",    1,,,",,1",    1,,,,,,,True,0.0,0.0,0.0,10.6,8.3,9.45,92.53117971042789,0.06265589855213947,0.0,0.0,0.0,0.0,0.06265589855213947,0.05,1.898768824882779,9.895193545784807,0.0022347723173032088,0.08151991132387916,delta,USW00023237,"STOCKTON AIRPORT, CA US",0.18584917491656533,1.8390135561238288
2025-11-28,USW00023237,,",,1,2400",,0.0,,,,,"STOCKTON AIRPORT, CA US",10.6,",,1",8.3,",,1",,,,,3.6,",,1",4.5,",,1",",,1",  350,",,1",0.9,  360,",,1",",,1",    1,,,",,1",    1,,,,,,,True,0.0,0.0,0.0,10.6,8.3,9.45,92.53117971042789,0.06265589855213947,0.0,0.0,0.0,0.0,0.06265589855213947,0.05,1.5611948734507293,9.895193545784807,0.0022347723173032088,0.06709877340896223,delta,USW00023237,"STOCKTON AIRPORT, CA US",0.1542416429717807,1.5262509100256088
2025-11-29,USW00023237,,",,1,2400",,0.0,,,,,"STOCKTON AIRPORT, CA US",9.4,",,1",8.3,",,1",,,,,4.0,",,1",4.9,",,1",",,1",  120,",,1",1.4,  120,",,1",",,1",    1,,,",,1",    1,,,,,,,True,0.0,0.0,0.0,9.4,8.3,8.850000000000001,96.34707000535735,0.08173535002678677,0.0,0.0,0.0,0.0,0.08173535002678677,0.05,1.289000157274657,9.895193545784807,0.0022347723173032088,0.05550794453543866,delta,USW00023237,"STOCKTON AIRPORT, CA US",0.12871842043056778,1.2736936830681695
2025-11-30,USW00023237,,",,1,2400",,0.0,,,,,"STOCKTON AIRPORT, CA US",8.9,",,1",7.8,",,1",,,,,3.6,",,1",4.5,",,1",",,1",  350,",,1",1.0,  340,",,1",",,1",    1,,,",,1",    1,,,,,,,True,0.0,0.0,0.0,8.9,7.8,8.35,96.33277898125226,0.0816638949062613,0.0,0.0,0.0,0.0,0.0816638949062613,0.05,1.0652223870928899,9.895193545784807,0.0022347723173032088,0.045932948062123086,delta,USW00023237,"STOCKTON AIRPORT, CA US",0.10782044431012752,1.066904164641224
2025-12-01,USW00023237,,",,1,2400",,0.0,,,,,"STOCKTON AIRPORT, CA US",11.1,",,1",3.9,",,1",,,,,3.6,",,1",5.8,",,1",",,1",  150,",,1",0.8,  120,",,1",",,1",    1,,,",,1",    1,,,,,,,True,0.0,0.0,0.0,11.1,3.9,7.5,77.93825535210483,0.0,0.0,0.0,0.0,0.0,0.0,0.05,0.881192247551712,9.895193545784807,0.0022347723173032088,0.03801177823705254,delta,USW00023237,"STOCKTON AIRPORT, CA US",0.0891918595064577,0.8825707125248454
2025-12-02,USW00023237,,",,1,2400",,0.0,,,,,"STOCKTON AIRPORT, CA US",8.9,",,1",2.2,",,1",,,,,5.8,",,1",6.7,",,1",",,1",  160,",,1",2.1,  160,",,1",,,,,",,1",    1,",,1",    1,,,,,True,0.0,0.0,0.0,8.9,2.2,5.550000000000001,79.02674192248121,0.0,0.0,0.0,0.0,0.0,0.0,0.05,0.7305188703252454,9.895193545784807,0.0022347723173032088,0.031526422849869104,delta,USW00023237,"STOCKTON AIRPORT, CA US",0.07394006424137205,0.7316512464561387
2025-12-03,USW00023237,,",,1,2400",,0.0,,,,,"STOCKTON AIRPORT, CA US",14.4,",,1",3.9,",,1",,,,,5.4,",,1",7.2,",,1",",,1",  110,",,1",3.1,  120,",,1",",,1",    1,,,",,1",    1,,,,,,,True,0.0,0.0,0.0,14.4,3.9,9.15,69.6898067282379,0.0,0.0,0.0,0.0,0.0,0.0,0.05,0.5963410263598434,9.895193545784807,0.0022347723173032088,0.025781588924805983,delta,USW00023237,"STOCKTON AIRPORT, CA US",0.06136928498052926,0.6072609526487616
2025-12-04,USW00023237,,",,1,2400",,0.0,,,,,"STOCKTON AIRPORT, CA US",10.6,",,1",2.8,",,1",,,,,7.6,",,1",10.3,",,1",",,1",  150,",,1",2.4,  130,",,1",",,1",    1,,,",,1",    1,,,,,,,True,0.0,0.0,0.0,10.6,2.8,6.699999999999999,76.17769851649459,0.0,0.0,0.0,0.0,0.0,0.0,0.05,0.4241548604542422,9.895193545784807,0.0022347723173032088,0.018414720092029886,delta,USW00023237,"STOCKTON AIRPORT, CA US",0.04569472491954556,0.45215814710029933
2025-12-05,USW00023237,,",,1,2400",,0.0,,,,,"STOCKTON AIRPORT, CA US",7.8,",,1",1.7,",,1",,,,,4.0,",,1",5.4,",,1",",,1",  140,",,1",2.2,  140,",,1",",,1",    1,,,",,1",    1,,,,,,,True,0.0,0.0,0.0,7.8,1.7,4.75,80.61899794482275,0.0030949897241137597,0.0,0.0,0.0,0.0,0.0030949897241137597,0.05,0.2638420193594305,9.895193545784807,0.0022347723173032088,0.012307568467032433,delta,USW00023237,"STOCKTON AIRPORT, CA US",0.03830151705758812,0.37900092438201266
2025-12-06,USW00023237,,",,1,2400",,0.0,,,,,"STOCKTON AIRPORT, CA US",7.2,",,1",5.6,",,1",,,,,3.6,",,1",5.4,",,1",",,1",  150,",,1",1.3,  120,",,1",",,1",    1,,,",,1",    1,,,,,,,True,0.0,0.0,0.0,7.2,5.6,6.4,94.62452466823349,0.07312262334116747,0.0,0.0,0.0,0.0,0.07312262334116747,0.05,0.2149810782805625,9.895193545784807,0.0022347723173032088,0.010034390202523573,delta,USW00023237,"STOCKTON AIRPORT, CA US",0.02981377437621895,0.2950130677830462
2025-12-07,USW00023237,,",,1,2400",,0.0,,,,,"STOCKTON AIRPORT, CA US",7.2,",,1",6.1,",,1",,,,,3.1,",,1",4.0,",,1",",,1",  160,",,1",1.3,  160,",,1",,,,,",,1",    1,,,,,,,True,0.0,0.0,0.0,7.2,6.1,6.65,96.28356116645034,0.08141780583225171,0.0,0.0,0.0,0.0,0.08141780583225171,0.05,0.15656557423938025,9.895193545784807,0.0022347723173032088,0.007245324263085558,delta,USW00023237,"STOCKTON AIRPORT, CA US",0.015059353390572119,0.14901521647408178
2025-12-08,USW00023237,,",,1,2400",,0.0,,,,,"STOCKTON AIRPORT, CA US",7.8,",,1",5.6,",,1",,,,,3.6,",,1",5.8,",,1",",,1",   20,",,1",1.4,   10,",,1",",,1",    1,,,",,1",    1,,,,,,,True,0.0,0.0,0.0,7.8,5.6,6.699999999999999,92.69253029859198,0.06346265149295988,0.0,0.0,0.0,0.0,0.06346265149295988,0.05,0.11537629946524737,9.895193545784807,0.0022347723173032088,0.005241581890938195,delta,USW00023237,"STOCKTON AIRPORT, CA US",0.011525147398856692,0.11404356415538529
2025-12-09,USW00023237,,",,1,2400",,0.0,,,,,"STOCKTON AIRPORT, CA US",7.2,",,1",5.6,",,1",,,,,3.1,",,1",4.0,",,1",",,1",  130,",,1",0.9,  150,",,1",,,,,",,1",    1,,,,,,,True,0.0,0.0,0.0,7.2,5.6,6.4,94.62452466823349,0.07312262334116747,0.0,0.0,0.0,0.0,0.07312262334116747,0.05,0.0752507221123738,9.895193545784807,0.0022347723173032088,0.0035645544738024154,delta,USW00023237,"STOCKTON AIRPORT, CA US",0.011711858734338172,0.11589110895716649
2025-12-10,USW00023237,,",,1,2400",,0.0,,,,,"STOCKTON AIRPORT, CA US",11.1,",,1",5.6,",,1",,,,,4.0,",,1",5.4,",,1",",,1",  170,",,1",2.0,  180,",,1",,,,,",,1",    1,,,,,,,True,0.0,0.0,0.0,11.1,5.6,8.35,82.82331310548585,0.01411656552742926,0.0,0.0,0.0,0.0,0.01411656552742926,0.05,0.0668651760988376,9.895193545784807,0.0022347723173032088,0.003209520216968074,delta,USW00023237,"STOCKTON AIRPORT, CA US",0.01076734197358896,0.1065449328023153
2025-12-11,USW00023237,,",,1,2400",,0.0,,,,,"STOCKTON AIRPORT, CA US",6.7,",,1",4.4,",,1",,,,,4.0,",,1",4.9,",,1",",,1",  130,",,1",1.6,  120,",,1",",,1",    1,,,",,1",    1,,,,,,,True,0.0,0.0,0.0,6.7,4.4,5.550000000000001,92.30378880178777,0.06151894400893887,0.0,0.0,0.0,0.0,0.06151894400893887,0.05,0.057322234522643026,9.895193545784807,0.0022347723173032088,0.002870597058430167,delta,USW00023237,"STOCKTON AIRPORT, CA US",0.009674497908223695,0.09573102926016372
2025-12-12,USW00023237,,",,1,2400",,0.0,,,,,"STOCKTON AIRPORT, CA US",5.6,",,1",4.4,",,1",,,,,4.0,",,1",5.4,",,1",",,1",  150,",,1",1.0,  150,",,1",",,1",    1,,,",,1",    1,,,,,,,True,0.0,0.0,0.0,5.6,4.4,5.0,95.89885665002683,0.07949428325013415,0.0,0.0,0.0,0.0,0.07949428325013415,0.05,0.05753063342619741,9.895193545784807,0.0022347723173032088,0.002925857130543204,delta,USW00023237,"STOCKTON AIRPORT, CA US",0.010315173962633421,0.10207064281869771
2025-12-13,USW00023237,,",,1,2400",,0.0,,,,,"STOCKTON AIRPORT, CA US",6.1,",,1",3.3,",,1",,,,,3.6,",,1",4.9,",,1",",,1",  150,",,1",1.0,  120,",,1",",,1",    1,,,",,1",    1,,,,,,,True,0.0,0.0,0.0,6.1,3.3,4.699999999999999,90.64076504354666,0.05320382521773333,0.0,0.0,0.0,0.0,0.05320382521773333,0.05,0.05750140345952447,9.895193545784807,0.0022347723173032088,0.002925365110765763,delta,USW00023237,"STOCKTON AIRPORT, CA US",0.010350770376710883,0.1024228762255301
2025-12-14,USW00023237,,",,1,2400",,0.0,,,,,"STOCKTON AIRPORT, CA US",6.1,",,1",4.4,",,1",,,,,4.0,",,1",4.9,",,1",",,1",  130,",,1",0.8,  120,",,1",",,1",    1,,,",,1",    1,",,1",    1,,,,,True,0.0,0.0,0.0,6.1,4.4,5.25,94.24571928363225,0.07122859641816127,0.0,0.0,0.0,0.0,0.07122859641816127,0.05,0.0568064162351739,9.895193545784807,0.0022347723173032088,0.0028666260176721686,delta,USW00023237,"STOCKTON AIRPORT, CA US",0.010715135409916176,0.10602833875041279
2025-12-15,USW00023237,,",,1,2400",,0.0,,,,,"STOCKTON AIRPORT, CA US",6.7,",,1",4.4,",,1",,,,,4.0,",,1",4.9,",,1",",,1",  170,",,1",1.4,  170,",,1",",,1",    1,,,",,1",    1,,,,,,,True,0.0,0.0,0.0,6.7,4.4,5.550000000000001,92.30378880178777,0.06151894400893887,0.0,0.0,0.0,0.0,0.06151894400893887,0.05,0.7851361185390321,9.895193545784807,0.0022347723173032088,0.03202774120949552,delta,USW00023237,"STOCKTON AIRPORT, CA US",0.010820071567457708,0.10706670233923721
2025-12-16,USW00023237,,",,1,2400",,0.0,,,,,"STOCKTON AIRPORT, CA US",10.0,",,1",5.6,",,1",,,,,6.7,",,1",8.5,",,1",",,1",  140,",,1",2.3,  130,",,1",",,1",    1,,,",,1",    1,,,,,,,True,0.0,0.0,0.0,10.0,5.6,7.8,85.97625230099969,0.02988126150499845,0.0,0.0,0.0,0.0,0.02988126150499845,0.05,2.288314513623117,9.895193545784807,0.0022347723173032088,0.09804557254077192,delta,USW00023237,"STOCKTON AIRPORT, CA US",0.010330397114101088,0.10222127884884707
2025-12-17,USW00023237,,"T,,1,2400",,0.0,,,,,"STOCKTON AIRPORT, CA US",18.9,",,1",6.1,",,1",,,,,7.2,",,1",8.9,",,1",",,1",  140,",,1",3.3,  160,",,1",",,1",    1,,,",,1",    1,",,1",    1,,,,,True,0.0,0.0,0.0,18.9,6.1,12.5,65.01121509313832,0.0,0.0,0.0,0.0,0.0,0.0,0.05,6.045429435817853,9.895193545784807,0.0022347723173032088,0.22548824116285673,delta,USW00023237,"STOCKTON AIRPORT, CA US",0.009369822852602905,0.09271621061622325
2025-12-18,USW00023237,,",,1,2400",,0.0,,,,,"STOCKTON AIRPORT, CA US",14.4,",,1",10.0,",,1",,,,,5.8,",,1",6.7,",,1",",,1",  160,",,1",2.8,  160,",,1",",,1",    1,,,",,1",    1,",,1",    1,,,,,True,0.0,0.0,0.0,14.4,10.0,12.2,86.42335672108587,0.032116783605429335,0.0,0.0,0.0,0.0,0.032116783605429335,0.05,5.699788486232956,9.895193545784807,0.0022347723173032088,0.2156716239614254,delta,USW00023237,"STOCKTON AIRPORT, CA US",0.009167135915303362,0.09071058414244193
2025-12-19,USW00023237,,"T,,1,2400",,0.0,,,,,"STOCKTON AIRPORT, CA US",15.6,",,1",10.0,",,1",,,,,7.2,",,1",8.9,",,1",",,1",  140,",,1",4.4,  140,",,1",",,1",    1,,,",,1",    1,,,,,,,True,0.0,0.0,0.0,15.6,10.0,12.8,83.08791409016389,0.01543957045081946,0.0,0.0,0.0,0.0,0.01543957045081946,0.05,7.53280362931747,9.895193545784807,0.0022347723173032088,0.289176426410738,delta,USW00023237,"STOCKTON AIRPORT, CA US",0.008691030352032609,0.08599942744565292
2025-12-20,USW00023237,,"T,,1,2400",,0.0,,,,,"STOCKTON AIRPORT, CA US",15.6,",,1",11.7,",,1",,,,,7.2,",,1",9.8,",,1",",,1",  140,",,1",3.6,  140,",,1",,,,,",,1",    1,,,,,,,True,0.0,0.0,0.0,15.6,11.7,13.649999999999999,88.00799737260041,0.04003998686300207,0.0,0.0,0.0,0.0,0.04003998686300207,0.05,8.972182533150438,9.895193545784807,0.0022347723173032088,0.3410702113824879,delta,USW00023237,"STOCKTON AIRPORT, CA US",0.008753420829150172,0.08661679329214507
2025-12-21,USW00023237,,",,1,2400",,0.0,,,,,"STOCKTON AIRPORT, CA US",18.9,",,1",14.4,",,1",,,,,8.9,",,1",11.2,",,1",",,1",  150,",,1",5.4,  160,",,1",,,,,,,,,,,,,True,0.0,0.0,0.0,18.9,14.4,16.65,86.5745373802924,0.032872686901461994,0.0,0.0,0.0,0.0,0.032872686901461994,0.05,16.706160939841794,9.895193545784807,0.0022347723173032088,0.5562068170966943,delta,USW00023237,"STOCKTON AIRPORT, CA US",0.008671225722351855,0.08580345680185927
2025-12-22,USW00023237,,",,1,2400",,2.5,,,,,"STOCKTON AIRPORT, CA US",19.4,",,1",10.6,",,1",,,,,7.6,",,1",9.8,",,1",",,1",  150,",,1",3.7,  160,",,1",",,1",    1,,,",,1",    1,",,1",    1,,,,,True,2.5,0.0,0.0,19.4,10.6,15.0,74.97803395049729,0.0,2.5,0.0,0.0,0.0,2.5,0.05,23.26053638696884,9.895193545784807,0.0022347723173032088,0.7378670678808233,delta,USW00023237,"STOCKTON AIRPORT, CA US",0.05450985404678072,0.5393855559453764
2025-12-23,USW00023237,,",,1,2400",,0.5,,,,,"STOCKTON AIRPORT, CA US",17.8,",,1",9.4,",,1",,,,,8.9,",,1",12.5,",,1",",,1",  150,",,1",3.3,  150,",,1",",,1",    1,,,",,1",    1,",,1",    1,,,,,True,0.5,0.0,0.0,17.8,9.4,13.600000000000001,75.75251225246794,0.0,0.5,0.0,0.0,0.0,0.5,0.05,22.27743861862178,9.895193545784807,0.0022347723173032088,0.766905111307851,delta,USW00023237,"STOCKTON AIRPORT, CA US",0.05484374158147325,0.5426894377236839
2025-12-24,USW00023237,,",,1,2400",,14.0,,,,,"STOCKTON AIRPORT, CA US",18.3,",,1",11.1,",,1",,,,,16.5,",,1",25.0,",,1",",,1",  140,",,1",7.5,  140,",,1",,,,,",,1",    1,,,,,,,True,14.0,0.0,0.0,18.3,11.1,14.7,79.0234091320735,0.0,14.0,0.0,0.0,0.0,14.0,0.05,27.248238990444307,9.895193545784807,0.0022347723173032088,0.9526626189031998,delta,USW00023237,"STOCKTON AIRPORT, CA US",0.30618745385984,3.029784117234172
2025-12-25,USW00023237,,",,1,2400",,13.0,,,,,"STOCKTON AIRPORT, CA US",17.2,",,1",12.2,",,1",,,,,17.4,",,1",23.2,",,1",",,1",  150,",,1",9.4,  130,",,1",,,,,",,1",    1,,,,,,,True,13.0,0.0,0.0,17.2,12.2,14.7,84.97732500473977,0.024886625023698844,13.0,0.0,0.0,0.0,13.024886625023699,0.05,30.022880844038653,9.895193545784807,0.0022347723173032088,0.9698616412088389,delta,USW00023237,"STOCKTON AIRPORT, CA US",0.49383531368208655,4.886596008627598
2025-12-26,USW00023237,,"T,,1,2400",,0.0,,,,,"STOCKTON AIRPORT, CA US",16.1,",,1",7.8,",,1",,,,,11.2,",,1",14.3,",,1",",,1",  160,",,1",4.7,  170,",,1",,,,,,,,,,,,,True,0.0,0.0,0.0,16.1,7.8,11.950000000000001,75.7350022963341,0.0,0.0,0.0,0.0,0.0,0.0,0.05,27.938626689996585,9.895193545784807,0.0022347723173032088,0.9568284061894556,delta,USW00023237,"STOCKTON AIRPORT, CA US",0.4052332410610943,4.009861351485199
2025-12-27,USW00023237,,",,1,2400",,0.0,,,,,"STOCKTON AIRPORT, CA US",16.7,",,1",3.9,",,1",,,,,6.3,",,1",8.5,",,1",",,1",  320,",,1",2.5,  330,",,1",",,1",    1,,,",,1",    1,,,,,,,True,0.0,0.0,0.0,16.7,3.9,10.299999999999999,64.51841838015962,0.0,0.0,0.0,0.0,0.0,0.0,0.05,24.47367762787136,9.895193545784807,0.0022347723173032088,0.8684288542271335,delta,USW00023237,"STOCKTON AIRPORT, CA US",0.3326724697777879,3.291858475805458
2025-12-28,USW00023237,,",,1,2400",,0.0,,,,,"STOCKTON AIRPORT, CA US",12.8,",,1",1.1,",,1",,,,,3.1,",,1",4.9,",,1",",,1",   60,",,1",0.7,  140,",,1",",,1",    1,,,",,1",    1,",,1",    1,,,,,True,0.0,0.0,0.0,12.8,1.1,6.95,66.3263324477132,0.0,0.0,0.0,0.0,0.0,0.0,0.05,21.393056757591136,9.895193545784807,0.0022347723173032088,0.7759174511564172,delta,USW00023237,"STOCKTON AIRPORT, CA US",0.27326242146084173,2.703984549144849
2025-12-29,USW00023237,,",,1,2400",,0.0,,,,,"STOCKTON AIRPORT, CA US",11.7,",,1",0.6,",,1",,,,,5.8,",,1",7.2,",,1",",,1",  150,",,1",2.4,  140,",,1",",,1",    1,,,",,1",    1,",,1",    1,,,,,True,0.0,0.0,0.0,11.7,0.6,6.1499999999999995,67.59878703500173,0.0,0.0,0.0,0.0,0.0,0.0,0.05,17.96252367572441,9.895193545784807,0.0022347723173032088,0.6490899277222439,delta,USW00023237,"STOCKTON AIRPORT, CA US",0.22462659528139645,2.22272363584009
2025-12-30,USW00023237,,",,1,2400",,0.0,,,,,"STOCKTON AIRPORT, CA US",8.9,",,1",5.6,",,1",,,,,5.8,",,1",7.2,",,1",",,1",  140,",,1",1.8,  140,",,1",",,1",    1,,,",,1",    1,",,1",    1,,,,,True,0.0,0.0,0.0,8.9,5.6,7.25,89.26387434953506,0.046319371747675295,0.0,0.0,0.0,0.0,0.046319371747675295,0.05,14.74050522802865,9.895193545784807,0.0022347723173032088,0.5324296240852806,delta,USW00023237,"STOCKTON AIRPORT, CA US",0.18566569324524768,1.8371979694740366
2025-12-31,USW00023237,,",,1,2400",,8.4,,,,,"STOCKTON AIRPORT, CA US",10.0,",,1",6.1,",,1",,,,,5.4,",,1",6.3,",,1",",,1",  120,",,1",2.1,  120,",,1",,,,,",,1",    1,",,1",    1,,,,,True,8.4,0.0,0.0,10.0,6.1,8.05,87.50039713199051,0.03750198565995255,8.4,0.0,0.0,0.0,8.437501985659953,0.05,12.69686598495173,9.895193545784807,0.0022347723173032088,0.4670158566296849,delta,USW00023237,"STOCKTON AIRPORT, CA US",0.30984122650264917,3.065938904707062
2026-01-01,USW00023237,,",,1,2400",,12.2,,,,,"STOCKTON AIRPORT, CA US",17.8,",,1",9.4,",,1",,,,,12.5,",,1",15.6,",,1",",,1",  140,",,1",4.7,  130,",,1",",,1",    1,,,",,1",    1,,,,,,,True,12.2,0.0,0.0,17.8,9.4,13.600000000000001,75.75251225246794,0.0,12.2,0.0,0.0,0.0,12.2,0.05,14.94959630673266,9.895193545784807,0.0022347723173032088,0.5712618866901017,delta,USW00023237,"STOCKTON AIRPORT, CA US",0.4814685335863418,4.7642243260420445
2026-01-02,USW00023237,,"T,,1,2400",,0.0,,,,,"STOCKTON AIRPORT, CA US",16.1,",,1",10.0,",,1",,,,,13.9,",,1",17.4,",,1",",,1",  150,",,1",5.7,  150,",,1",,,,,,,,,,,,,True,0.0,0.0,0.0,16.1,10.0,13.05,81.74087798660747,0.008704389933037363,0.0,0.0,0.0,0.0,0.008704389933037363,0.05,15.513042614827047,9.895193545784807,0.0022347723173032088,0.6056309660458664,delta,USW00023237,"STOCKTON AIRPORT, CA US",0.3952487538132839,3.911062917712695
2026-01-03,USW00023237,,",,1,2400",,0.8,,,,,"STOCKTON AIRPORT, CA US",17.8,",,1",11.1,",,1",,,,,13.0,",,1",16.5,",,1",",,1",  150,",,1",6.1,  150,",,1",,,,,",,1",    1,,,    1,",,1",,,True,0.8,0.0,0.0,17.8,11.1,14.45,80.3089004023727,0.0015445020118635,0.8,0.0,0.0,0.0,0.8015445020118636,0.05,18.90080986129898,9.895193545784807,0.0022347723173032088,0.729420090716288,delta,USW00023237,"STOCKTON AIRPORT, CA US",0.3394103852705787,3.3585314537017648
2026-01-04,USW00023237,,",,1,2400",,20.3,,,,,"STOCKTON AIRPORT, CA US",13.3,",,1",8.9,",,1",,,,,9.4,",,1",12.1,",,1",",,1",  150,",,1",4.2,  150,",,1",,,,,",,1",    1,,,,,,,True,20.3,0.0,0.0,13.3,8.9,11.100000000000001,86.31354937771468,0.031567746888573396,20.3,0.0,0.0,0.0,20.331567746888574,0.05,22.227209693249197,9.895193545784807,0.0022347723173032088,0.8139012049063014,delta,USW00023237,"STOCKTON AIRPORT, CA US",0.6569043050652762,6.500195239680175
2026-01-05,USW00023237,,",,1,2400",,4.3,,,,,"STOCKTON AIRPORT, CA US",16.1,",,1",10.0,",,1",,,,,10.7,",,1",14.8,",,1",",,1",  160,",,1",5.9,  160,",,1",,,,,,,,,,,,,True,4.3,0.0,0.0,16.1,10.0,13.05,81.74087798660747,0.008704389933037363,4.3,0.0,0.0,0.0,4.3087043899330375,0.05,21.160118990688225,9.895193545784807,0.0022347723173032088,0.8068048970918135,delta,USW00023237,"STOCKTON AIRPORT, CA US",0.6188589835416702,6.123729419692481
2026-01-06,USW00023237,,",,1,2400",,0.3,,,,,"STOCKTON AIRPORT, CA US",17.8,",,1",6.1,",,1",,,,,5.4,",,1",6.3,",,1",",,1",  290,",,1",1.7,  300,",,1",",,1",    1,,,",,1",    1,",,1",    1,,,,,True,0.3,0.0,0.0,17.8,6.1,11.95,67.40481068668446,0.0,0.3,0.0,0.0,0.0,0.3,0.05,18.55946734373145,9.895193545784807,0.0022347723173032088,0.7171539986134446,delta,USW00023237,"STOCKTON AIRPORT, CA US",0.5131658352269783,5.077875260655266
2026-01-07,USW00023237,,",,1,2400",,0.0,,,,,"STOCKTON AIRPORT, CA US",16.1,",,1",5.0,",,1",,,,,11.2,",,1",15.6,",,1",",,1",  270,",,1",2.9,  260,",,1",",,1",    1,,,",,1",    1,",,1",    1,,,,,True,0.0,0.0,0.0,16.1,5.0,10.55,68.52578039122044,0.0,0.0,0.0,0.0,0.0,0.0,0.05,16.249451308629034,9.895193545784807,0.0022347723173032088,0.6379677971713135,delta,USW00023237,"STOCKTON AIRPORT, CA US",0.4210605966685,4.166476098538441
2026-01-08,USW00023237,,",,1,2400",,0.0,,,,,"STOCKTON AIRPORT, CA US",13.9,",,1",3.9,",,1",,,,,10.7,",,1",14.3,",,1",",,1",  350,",,1",5.7,  310,",,1",,,,,,,,,,,,,True,0.0,0.0,0.0,13.9,3.9,8.9,70.87436454758098,0.0,0.0,0.0,0.0,0.0,0.0,0.05,13.560020489697699,9.895193545784807,0.0022347723173032088,0.5319301192374825,delta,USW00023237,"STOCKTON AIRPORT, CA US",0.34564224845856695,3.4201969460977604
2026-01-09,USW00023237,,",,1,2400",,0.0,,,,,"STOCKTON AIRPORT, CA US",12.2,",,1",0.0,",,1",,,,,4.5,",,1",4.9,",,1",",,1",  260,",,1",1.2,  260,",,1",,,,,,,,,,,,,True,0.0,0.0,0.0,12.2,0.0,6.1,64.95116678949697,0.0,0.0,0.0,0.0,0.0,0.0,0.05,11.32991340100184,9.895193545784807,0.0022347723173032088,0.4408815002913863,delta,USW00023237,"STOCKTON AIRPORT, CA US",0.28389957845387653,2.8092412763678265
2026-01-10,USW00023237,,",,1,2400",,0.0,,,,,"STOCKTON AIRPORT, CA US",14.4,",,1",-0.6,",,1",,,,,2.7,",,1",4.0,",,1",",,1",  290,",,1",0.6,  280,",,1",",,1",    1,,,",,1",    1,,,,,,,True,0.0,0.0,0.0,14.4,-0.6,6.9,58.8495607742606,0.0,0.0,0.0,0.0,0.0,0.0,0.05,9.60214354108131,9.895193545784807,0.0022347723173032088,0.37531291293732133,delta,USW00023237,"STOCKTON AIRPORT, CA US",0.2333420950618713,2.308965193016134
2026-01-11,USW00023237,,",,1,2400",,0.0,,,,,"STOCKTON AIRPORT, CA US",15.6,",,1",0.0,",,1",,,,,2.7,",,1",3.1,",,1",",,1",  120,",,1",0.7,  300,",,1",",,1",    1,,,",,1",    1,",,1",    1,,,,,True,0.0,0.0,0.0,15.6,0.0,7.8,57.807103302051715,0.0,0.0,0.0,0.0,0.0,0.0,0.05,7.817388544331997,9.895193545784807,0.0022347723173032088,0.30588079806367885,delta,USW00023237,"STOCKTON AIRPORT, CA US",0.19195112746156787,1.899393557563823
2026-01-12,USW00023237,,",,1,2400",,0.0,,,,,"STOCKTON AIRPORT, CA US",16.1,",,1",1.1,",,1",,,,,4.0,",,1",4.9,",,1",",,1",  300,",,1",1.3,  290,",,1",",,1",    1,,,",,1",    1,,,,,,,True,0.0,0.0,0.0,16.1,1.1,8.600000000000001,59.27768901810206,0.0,0.0,0.0,0.0,0.0,0.0,0.05,6.361072778366196,9.895193545784807,0.0022347723173032088,0.248976721970657,delta,USW00023237,"STOCKTON AIRPORT, CA US",0.15737502509943457,1.5572563326316469
2026-01-13,USW00023237,,",,1,2400",,0.0,,,,,"STOCKTON AIRPORT, CA US",17.2,",,1",0.6,",,1",,,,,3.1,",,1",3.6,",,1",",,1",  250,",,1",0.8,  250,",,1",",,1",    1,,,",,1",    1,",,1",    1,,,,,True,0.0,0.0,0.0,17.2,0.6,8.9,56.03384640900954,0.0,0.0,0.0,0.0,0.0,0.0,0.05,5.577263832127198,9.895193545784807,0.0022347723173032088,0.21884464012646468,delta,USW00023237,"STOCKTON AIRPORT, CA US",0.12962427635843735,1.2826573027990353
2026-01-14,USW00023237,,",,1,2400",,0.0,,,,,"STOCKTON AIRPORT, CA US",16.7,",,1",1.1,",,1",,,,,3.1,",,1",4.0,",,1",",,1",  100,",,1",0.7,  140,",,1",",,1",    1,,,",,1",    1,",,1",    1,,,,,True,0.0,0.0,0.0,16.7,1.1,8.9,58.088232736585994,0.0,0.0,0.0,0.0,0.0,0.0,0.05,4.7731164049665535,9.895193545784807,0.0022347723173032088,0.18740991112239475,delta,USW00023237,"STOCKTON AIRPORT, CA US",0.10313894024818138,1.0205797758628892
2026-01-15,USW00023237,,",,1,2400",,0.0,,,,,"STOCKTON AIRPORT, CA US",16.7,",,1",1.1,",,1",,,,,4.0,",,1",4.5,",,1",",,1",   70,",,1",1.8,  280,",,1",",,1",    1,,,",,1",    1,",,1",    1,,,,,True,0.0,0.0,0.0,16.7,1.1,8.9,58.088232736585994,0.0,0.0,0.0,0.0,0.0,0.0,0.05,4.2913987211260665,9.895193545784807,0.0022347723173032088,0.16868967149427727,delta,USW00023237,"STOCKTON AIRPORT, CA US",0.08172652536008583,0.8086997862625397
2026-01-16,USW00023237,,",,1,2400",,0.0,,,,,"STOCKTON AIRPORT, CA US",16.7,",,1",2.2,",,1",,,,,3.6,",,1",4.9,",,1",",,1",  150,",,1",1.6,  120,",,1",",,1",    1,,,",,1",    1,",,1",    1,,,,,True,0.0,0.0,0.0,16.7,2.2,9.45,60.55946474200968,0.0,0.0,0.0,0.0,0.0,0.0,0.05,3.9968267719466977,9.895193545784807,0.0022347723173032088,0.1581303303892181,delta,USW00023237,"STOCKTON AIRPORT, CA US",0.06782796559373425,0.6711708473668331
2026-01-17,USW00023237,,",,1,2400",,0.0,,,,,"STOCKTON AIRPORT, CA US",12.8,",,1",3.9,",,1",,,,,3.6,",,1",4.0,",,1",",,1",  100,",,1",0.8,  120,",,1",",,1",    1,,,",,1",    1,",,1",    1,,,,,True,0.0,0.0,0.0,12.8,3.9,8.35,73.56042757621285,0.0,0.0,0.0,0.0,0.0,0.0,0.05,3.5374673978063154,9.895193545784807,0.0022347723173032088,0.141783138146339,delta,USW00023237,"STOCKTON AIRPORT, CA US",0.05644878728952987,0.5585716756547354
2026-01-18,USW00023237,,",,1,2400",,0.0,,,,,"STOCKTON AIRPORT, CA US",13.9,",,1",3.9,",,1",,,,,3.6,",,1",4.5,",,1",",,1",  110,",,1",0.9,  100,",,1",",,1",    1,,,",,1",    1,",,1",    1,,,,,True,0.0,0.0,0.0,13.9,3.9,8.9,70.87436454758098,0.0,0.0,0.0,0.0,0.0,0.0,0.05,2.8928412415958236,9.895193545784807,0.0022347723173032088,0.11606256860850098,delta,USW00023237,"STOCKTON AIRPORT, CA US",0.047132304067119976,0.4663832710029326
2026-01-19,USW00023237,,",,1,2400",,0.0,,,,,"STOCKTON AIRPORT, CA US",10.6,",,1",4.4,",,1",,,,,4.5,",,1",5.8,",,1",",,1",  140,",,1",2.2,  130,",,1",",,1",    1,,,",,1",    1,",,1",    1,,,,,True,0.0,0.0,0.0,10.6,4.4,7.5,80.7186083727232,0.00359304186361598,0.0,0.0,0.0,0.0,0.00359304186361598,0.05,2.3709815194535544,9.895193545784807,0.0022347723173032088,0.09528569283769184,delta,USW00023237,"STOCKTON AIRPORT, CA US",0.03957143542922039,0.39156701245666187
2026-01-20,USW00023237,,",,1,2400",,0.0,,,,,"STOCKTON AIRPORT, CA US",9.4,",,1",5.6,",,1",,,,,3.6,",,1",4.9,",,1",",,1",  150,",,1",1.4,  130,",,1",",,1",    1,,,",,1",    1,",,1",    1,,,,,True,0.0,0.0,0.0,9.4,5.6,7.5,87.75240626809607,0.03876203134048034,0.0,0.0,0.0,0.0,0.03876203134048034,0.05,1.950409090532045,9.895193545784807,0.0022347723173032088,0.0784492729108682,delta,USW00023237,"STOCKTON AIRPORT, CA US",0.0340222679453055,0.3366569261853483
2026-01-21,USW00023237,,",,1,2400",,0.0,,,,,"STOCKTON AIRPORT, CA US",9.4,",,1",6.1,",,1",,,,,4.5,",,1",5.4,",,1",",,1",  340,",,1",1.7,  330,",,1",",,1",    1,,,",,1",    1,",,1",    1,,,,,True,0.0,0.0,0.0,9.4,6.1,7.75,89.3044010817882,0.046522005408941,0.0,0.0,0.0,0.0,0.046522005408941,0.05,1.5972516631578875,9.895193545784807,0.0022347723173032088,0.06422106998169698,delta,USW00023237,"STOCKTON AIRPORT, CA US",0.027283139125911786,0.2699719421874712
2026-01-22,USW00023237,,",,1,2400",,0.0,,,,,"STOCKTON AIRPORT, CA US",16.1,",,1",5.0,",,1",,,,,4.5,",,1",6.3,",,1",",,1",  160,",,1",1.6,  160,",,1",",,1",    1,,,",,1",    1,",,1",    1,,,,,True,0.0,0.0,0.0,16.1,5.0,10.55,68.52578039122044,0.0,0.0,0.0,0.0,0.0,0.0,0.05,1.2486239689052414,9.895193545784807,0.0022347723173032088,0.050158209676091366,delta,USW00023237,"STOCKTON AIRPORT, CA US",0.019851096516946817,0.1964304421312434
2026-01-23,USW00023237,,",,1,2400",,0.0,,,,,"STOCKTON AIRPORT, CA US",8.3,",,1",2.8,",,1",,,,,4.0,",,1",4.5,",,1",",,1",  290,",,1",1.1,  280,",,1",,,,,",,1",    1,",,1",    1,,,,,True,0.0,0.0,0.0,8.3,2.8,5.550000000000001,82.4684830733805,0.012342415366902487,0.0,0.0,0.0,0.0,0.012342415366902487,0.05,0.982821503444808,9.895193545784807,0.0022347723173032088,0.039427337957324546,delta,USW00023237,"STOCKTON AIRPORT, CA US",0.017395763434645894,0.17213444606250738
2026-01-24,USW00023237,,",,1,2400",,0.0,,,,,"STOCKTON AIRPORT, CA US",15.0,",,1",3.9,",,1",,,,,6.7,",,1",8.9,",,1",",,1",  120,",,1",2.6,  120,",,1",",,1",    1,,,",,1",    1,,,,,,,True,0.0,0.0,0.0,15.0,3.9,9.45,68.2974505716331,0.0,0.0,0.0,0.0,0.0,0.0,0.05,0.7208956143299594,9.895193545784807,0.0022347723173032088,0.02917461890740101,delta,USW00023237,"STOCKTON AIRPORT, CA US",0.01493485386453434,0.14778326956757948
2026-01-25,USW00023237,,",,1,2400",,0.0,,,,,"STOCKTON AIRPORT, CA US",10.6,",,1",1.7,",,1",,,,,5.8,",,1",7.6,",,1",",,1",  130,",,1",2.0,  120,",,1",",,1",    1,,,",,1",    1,",,1",    1,,,,,True,0.0,0.0,0.0,10.6,1.7,6.1499999999999995,73.15728236427336,0.0,0.0,0.0,0.0,0.0,0.0,0.05,0.49816047056463525,9.895193545784807,0.0022347723173032088,0.020611641300173008,delta,USW00023237,"STOCKTON AIRPORT, CA US",0.007473405044108547,0.07395078935749852
2026-01-26,USW00023237,,",,1,2400",,0.0,,,,,"STOCKTON AIRPORT, CA US",12.8,",,1",2.2,",,1",,,,,4.0,",,1",5.4,",,1",",,1",  290,",,1",1.3,  190,",,1",",,1",    1,,,",,1",    1,",,1",    1,,,,,True,0.0,0.0,0.0,12.8,2.2,7.5,69.10798261933834,0.0,0.0,0.0,0.0,0.0,0.0,0.05,0.3724774336409556,9.895193545784807,0.0022347723173032088,0.015214102137528896,delta,USW00023237,"STOCKTON AIRPORT, CA US",0.005833020350491089,0.05771886532461085
2026-01-27,USW00023237,,"T,,1,2400",,0.0,,,,,"STOCKTON AIRPORT, CA US",16.1,",,1",1.7,",,1",,,,,4.0,",,1",4.9,",,1",",,1",  290,",,1",1.4,  300,",,1",",,1",    1,,,",,1",    1,",,1",    1,,,,,True,0.0,0.0,0.0,16.1,1.7,8.9,60.64138283395059,0.0,0.0,0.0,0.0,0.0,0.0,0.05,0.5488619545702544,9.895193545784807,0.0022347723173032088,0.025832112602323366,delta,USW00023237,"STOCKTON AIRPORT, CA US",0.0056079536458331115,0.05549178672130818
2026-01-28,USW00023237,,",,1,2400",,0.0,,,,,"STOCKTON AIRPORT, CA US",17.2,",,1",5.6,",,1",,,,,7.2,",,1",9.4,",,1",",,1",  300,",,1",3.2,  310,",,1",",,1",    1,,,",,1",    1,,,,,,,True,0.0,0.0,0.0,17.2,5.6,11.399999999999999,67.52205464131536,0.0,0.0,0.0,0.0,0.0,0.0,0.05,1.0286924911514568,9.895193545784807,0.0022347723173032088,0.042630738516217064,delta,USW00023237,"STOCKTON AIRPORT, CA US",0.005507350050903739,0.05449629467808031
2026-01-29,USW00023237,,",,1,2400",,0.0,,,,,"STOCKTON AIRPORT, CA US",17.2,",,1",2.2,",,1",,,,,3.6,",,1",4.5,",,1",",,1",  150,",,1",1.1,  140,",,1",",,1",    1,,,",,1",    1,",,1",    1,,,,,True,0.0,0.0,0.0,17.2,2.2,9.7,59.55167064058828,0.0,0.0,0.0,0.0,0.0,0.0,0.05,0.8474145942750492,9.895193545784807,0.0022347723173032088,0.03516332199046798,delta,USW00023237,"STOCKTON AIRPORT, CA US",0.005424982793864862,0.05368125472784521
2026-01-30,USW00023237,,",,1,2400",,0.0,,,,,"STOCKTON AIRPORT, CA US",17.2,",,1",3.9,",,1",,,,,3.6,",,1",4.5,",,1",",,1",  250,",,1",1.4,  140,",,1",",,1",    1,,,",,1",    1,",,1",    1,,,,,True,0.0,0.0,0.0,17.2,3.9,10.549999999999999,63.45187112611605,0.0,0.0,0.0,0.0,0.0,0.0,0.05,0.6989436730737872,9.895193545784807,0.0022347723173032088,0.0290946484107401,delta,USW00023237,"STOCKTON AIRPORT, CA US",0.005357546187480455,0.05301395645560059
2026-01-31,USW00023237,,",,1,2400",,0.0,,,,,"STOCKTON AIRPORT, CA US",18.3,",,1",2.8,",,1",,,,,4.0,",,1",5.8,",,1",",,1",  150,",,1",1.3,  150,",,1",",,1",    1,,,",,1",    1,",,1",    1,,,,,True,0.0,0.0,0.0,18.3,2.8,10.55,58.71321983499202,0.0,0.0,0.0,0.0,0.0,0.0,0.05,0.5759288851185765,9.895193545784807,0.0022347723173032088,0.023993305997112673,delta,USW00023237,"STOCKTON AIRPORT, CA US",0.005302333763950325,0.05246761883863812
2026-02-01,USW00023237,,",,1,2400",,0.0,,,,,"STOCKTON AIRPORT, CA US",18.3,",,1",3.9,",,1",,,,,4.5,",,1",6.3,",,1",",,1",  330,",,1",2.1,  310,",,1",",,1",    1,,,",,1",    1,",,1",    1,,,,,True,0.0,0.0,0.0,18.3,3.9,11.1,61.17417963991784,0.0,0.0,0.0,0.0,0.0,0.0,0.05,0.4792897900314955,9.895193545784807,0.0022347723173032088,0.020012380231220595,delta,USW00023237,"STOCKTON AIRPORT, CA US",0.005257129654854242,0.052020315430067604
2026-02-02,USW00023237,,",,1,2400",,0.0,,,,,"STOCKTON AIRPORT, CA US",18.9,",,1",1.7,",,1",,,,,3.1,",,1",4.0,",,1",",,1",  130,",,1",1.1,  120,",,1",",,1",    1,,,",,1",    1,",,1",    1,,,,,True,0.0,0.0,0.0,18.9,1.7,10.299999999999999,55.20312081536384,0.0,0.0,0.0,0.0,0.0,0.0,0.05,0.40004465025071406,9.895193545784807,0.0022347723173032088,0.016749585367114506,delta,USW00023237,"STOCKTON AIRPORT, CA US",0.005220119660571786,0.051654094373514314
2026-02-03,USW00023237,,",,1,2400",,0.0,,,,,"STOCKTON AIRPORT, CA US",16.7,",,1",6.1,",,1",,,,,4.0,",,1",5.8,",,1",",,1",  270,",,1",2.0,  280,",,1",",,1",    1,,,",,1",    1,",,1",    1,,,,,True,0.0,0.0,0.0,16.7,6.1,11.399999999999999,69.89745917042698,0.0,0.0,0.0,0.0,0.0,0.0,0.05,0.33046596593943284,9.895193545784807,0.0022347723173032088,0.013868123656411647,delta,USW00023237,"STOCKTON AIRPORT, CA US",0.0051898184400815,0.05135425793208943
2026-02-04,USW00023237,,",,1,2400",,0.0,,,,,"STOCKTON AIRPORT, CA US",18.3,",,1",5.0,",,1",,,,,3.6,",,1",4.5,",,1",",,1",  210,",,1",1.2,  220,",,1",",,1",    1,,,",,1",    1,",,1",    1,,,,,True,0.0,0.0,0.0,18.3,5.0,11.65,63.70448374037505,0.0,0.0,0.0,0.0,0.0,0.0,0.05,0.2746365581964808,9.895193545784807,0.0022347723173032088,0.011562784333248928,delta,USW00023237,"STOCKTON AIRPORT, CA US",0.005165009899010305,0.05110877261660141
2026-02-05,USW00023237,,",,1,2400",,0.0,,,,,"STOCKTON AIRPORT, CA US",19.4,",,1",3.9,",,1",,,,,3.6,",,1",4.9,",,1",",,1",  290,",,1",1.2,  280,",,1",",,1",    1,,,",,1",    1,",,1",    1,,,,,True,0.0,0.0,0.0,19.4,3.9,11.649999999999999,58.98756160634574,0.0,0.0,0.0,0.0,0.0,0.0,0.05,0.22656937288404103,9.895193545784807,0.0022347723173032088,0.009583997540983729,delta,USW00023237,"STOCKTON AIRPORT, CA US",0.00514469838349632,0.050907786239382316
2026-02-06,USW00023237,,",,1,2400",,0.0,,,,,"STOCKTON AIRPORT, CA US",21.7,",,1",6.7,",,1",,,,,6.7,",,1",8.5,",,1",",,1",  190,",,1",1.6,  190,",,1",",,1",    1,,,",,1",    1,,,,,,,True,0.0,0.0,0.0,21.7,6.7,14.2,60.648070661277124,0.0,0.0,0.0,0.0,0.0,0.0,0.05,0.18687474271615923,9.895193545784807,0.0022347723173032088,0.007934626611001057,delta,USW00023237,"STOCKTON AIRPORT, CA US",0.0051280687211034005,0.050743232511403315
2026-02-07,USW00023237,,",,1,2400",,0.0,,,,,"STOCKTON AIRPORT, CA US",20.6,",,1",3.9,",,1",,,,,5.4,",,1",6.7,",,1",",,1",  300,",,1",1.7,  300,",,1",",,1",    1,,,",,1",    1,,,,,,,True,0.0,0.0,0.0,20.6,3.9,12.25,56.70134377434043,0.0,0.0,0.0,0.0,0.0,0.0,0.05,0.157865878173829,9.895193545784807,0.0022347723173032088,0.006710080416109154,delta,USW00023237,"STOCKTON AIRPORT, CA US",0.005114453505089012,0.050608507313773275
2026-02-08,USW00023237,,",,1,2400",,0.0,,,,,"STOCKTON AIRPORT, CA US",22.2,",,1",4.4,",,1",,,,,8.0,",,1",11.2,",,1",",,1",  300,",,1",1.6,  300,",,1",",,1",    1,,,",,1",    1,,,,,,,True,0.0,0.0,0.0,22.2,4.4,13.3,54.82356860267885,0.0,0.0,0.0,0.0,0.0,0.0,0.05,0.14371793298026755,9.895193545784807,0.0022347723173032088,0.006402830400148888,delta,USW00023237,"STOCKTON AIRPORT, CA US",0.005103306309028233,0.05049820365125905
2026-02-09,USW00023237,,",,1,2400",,0.0,,,,,"STOCKTON AIRPORT, CA US",16.7,",,1",7.8,",,1",,,,,7.6,",,1",10.3,",,1",",,1",  320,",,1",3.7,  320,",,1",,,,,,,,,,,,,True,0.0,0.0,0.0,16.7,7.8,12.25,74.25457134672564,0.0,0.0,0.0,0.0,0.0,0.0,0.05,0.9620362804766734,9.895193545784807,0.0022347723173032088,0.040304471059997495,delta,USW00023237,"STOCKTON AIRPORT, CA US",0.005093177712069087,0.050397979224001056
2026-02-10,USW00023237,,",,1,2400",,2.3,,,,,"STOCKTON AIRPORT, CA US",14.4,",,1",5.6,",,1",,,,,7.2,",,1",8.9,",,1",",,1",  140,",,1",2.6,  120,",,1",",,1",    1,,,",,1",    1,",,1",    1,,,,,True,2.3,0.0,0.0,14.4,5.6,10.0,74.1136297468904,0.0,2.3,0.0,0.0,0.0,2.3,0.05,1.189605907658352,9.895193545784807,0.0022347723173032088,0.046413454000792255,delta,USW00023237,"STOCKTON AIRPORT, CA US",0.04785002524837317,0.4734852610033422
2026-02-11,USW00023237,,",,1,2400",,0.8,,,,,"STOCKTON AIRPORT, CA US",16.1,",,1",8.3,",,1",,,,,12.5,",,1",18.3,",,1",",,1",  140,",,1",6.3,  130,",,1",,,,,",,1",    1,,,,,,,True,0.8,0.0,0.0,16.1,8.3,12.200000000000001,77.07339088871583,0.0,0.8,0.0,0.0,0.0,0.8,0.05,3.2181740416926683,9.895193545784807,0.0022347723173032088,0.14626852871772236,delta,USW00023237,"STOCKTON AIRPORT, CA US",0.054957501727184485,0.5438151163832933
2026-02-12,USW00023237,,",,1,2400",,0.0,,,,,"STOCKTON AIRPORT, CA US",18.3,",,1",2.2,",,1",,,,,6.3,",,1",8.5,",,1",",,1",  340,",,1",2.8,  340,",,1",",,1",    1,,,",,1",    1,",,1",    1,,,,,True,0.0,0.0,0.0,18.3,2.2,10.25,57.39985807409693,0.0,0.0,0.0,0.0,0.0,0.0,0.05,3.058866611682418,9.895193545784807,0.0022347723173032088,0.13680046840349772,delta,USW00023237,"STOCKTON AIRPORT, CA US",0.04591134271560662,0.45430162211778496
2026-02-13,USW00023237,,",,1,2400",,0.0,,,,,"STOCKTON AIRPORT, CA US",19.4,",,1",3.3,",,1",,,,,6.7,",,1",8.0,",,1",",,1",  260,",,1",2.5,  260,",,1",",,1",    1,,,",,1",    1,,,,,,,True,0.0,0.0,0.0,19.4,3.3,11.35,57.6799935244102,0.0,0.0,0.0,0.0,0.0,0.0,0.05,2.5222786922382334,9.895193545784807,0.0022347723173032088,0.11265660283767298,delta,USW00023237,"STOCKTON AIRPORT, CA US",0.03850153202364913,0.38098011118323993
2026-02-14,USW00023237,,",,1,2400",,0.0,,,,,"STOCKTON AIRPORT, CA US",18.3,",,1",5.0,",,1",,,,,7.6,",,1",9.8,",,1",",,1",  150,",,1",2.9,  140,",,1",",,1",    1,,,",,1",    1,,,,,,,True,0.0,0.0,0.0,18.3,5.0,11.65,63.70448374037505,0.0,0.0,0.0,0.0,0.0,0.0,0.05,2.1096640747506417,9.895193545784807,0.0022347723173032088,0.09437220917656725,delta,USW00023237,"STOCKTON AIRPORT, CA US",0.032438334247602674,0.3209835956828882
2026-02-15,USW00023237,,",,1,2400",,4.1,,,,,"STOCKTON AIRPORT, CA US",18.9,",,1",7.8,",,1",,,,,9.8,",,1",13.4,",,1",",,1",  160,",,1",4.8,  170,",,1",,,,,",,1",    1,,,,,,,True,4.1,0.0,0.0,18.9,7.8,13.35,69.09694956796152,0.0,4.1,0.0,0.0,0.0,4.1,0.05,2.6744096297351936,9.895193545784807,0.0022347723173032088,0.13796197878390737,delta,USW00023237,"STOCKTON AIRPORT, CA US",0.10372520243088851,1.0263809536293504
2026-02-16,USW00023237,,",,1,2400",,46.0,,,,,"STOCKTON AIRPORT, CA US",11.7,",,1",6.1,",,1",,,,,6.7,",,1",8.9,",,1",",,1",  130,",,1",2.9,  300,",,1",,,,,",,1",    1,,,,,,,True,46.0,0.0,0.0,11.7,6.1,8.899999999999999,82.60631942892198,0.013031597144609892,46.0,0.0,0.0,0.0,46.01303159714461,0.05,4.330477083883278,9.895193545784807,0.0022347723173032088,0.2348173041185234,delta,USW00023237,"STOCKTON AIRPORT, CA US",0.9415802826514813,9.317119135731172
2026-02-17,USW00023237,,",,1,2400",,23.4,,,,,"STOCKTON AIRPORT, CA US",8.9,",,1",2.2,",,1",,,,,13.4,",,1",17.0,",,1",",,1",  270,",,1",5.5,  280,",,1",,,,,",,1",    1,,,,,,,True,23.4,0.0,0.0,8.9,2.2,5.550000000000001,79.02674192248121,0.0,23.4,0.0,0.0,0.0,23.4,0.05,4.108882101097182,9.895193545784807,0.0022347723173032088,0.22785938864925298,delta,USW00023237,"STOCKTON AIRPORT, CA US",1.0,11.943550891343587
2026-02-18,USW00023237,,",,1,2400",,0.8,,,,,"STOCKTON AIRPORT, CA US",10.0,",,1",1.1,",,1",,,,,8.0,",,1",10.7,",,1",",,1",  140,",,1",4.5,  140,",,1",,,,,",,1",    1,,,,,,,True,0.8,0.0,0.0,10.0,1.1,5.55,73.04584672795825,0.0,0.8,0.0,0.0,0.0,0.8,0.05,3.4007906634943685,9.895193545784807,0.0022347723173032088,0.1982328196195141,delta,USW00023237,"STOCKTON AIRPORT, CA US",1.0,9.9348389707755
2026-02-19,USW00023237,,",,1,2400",,9.4,,,,,"STOCKTON AIRPORT, CA US",13.3,",,1",2.8,",,1",,,,,17.0,",,1",21.5,",,1",",,1",  150,",,1",7.2,  150,",,1",,,,,",,1",    1,,,,,,,True,9.4,0.0,0.0,13.3,2.8,8.05,69.46681609613552,0.0,9.4,0.0,0.0,0.0,9.4,0.05,3.5958975036746565,9.895193545784807,0.0022347723173032088,0.215636155646562,delta,USW00023237,"STOCKTON AIRPORT, CA US",0.9977463248743866,9.872892994227541
2026-02-20,USW00023237,,",,1,2400",,0.0,,,,,"STOCKTON AIRPORT, CA US",12.8,",,1",-0.6,",,1",,,,,4.0,",,1",5.8,",,1",",,1",   90,",,1",2.2,  160,",,1",,,,,,,,,,,,,True,0.0,0.0,0.0,12.8,-0.6,6.1000000000000005,62.17895930134412,0.0,0.0,0.0,0.0,0.0,0.0,0.05,3.638388303479046,9.895193545784807,0.0022347723173032088,0.2019826157414828,delta,USW00023237,"STOCKTON AIRPORT, CA US",0.8178015458844197,8.092304578568347
2026-02-21,USW00023237,,",,1,2400",,0.0,,,,,"STOCKTON AIRPORT, CA US",17.2,",,1",1.7,",,1",,,,,9.4,",,1",11.2,",,1",",,1",  140,",,1",3.6,  130,",,1",,,,,,,,,,,,,True,0.0,0.0,0.0,17.2,1.7,9.45,58.4365288230098,0.0,0.0,0.0,0.0,0.0,0.0,0.05,5.4230669660079265,9.895193545784807,0.0022347723173032088,0.2530690816695409,delta,USW00023237,"STOCKTON AIRPORT, CA US",0.670475221469513,6.634482084093764
2026-02-22,USW00023237,,",,1,2400",,0.0,,,,,"STOCKTON AIRPORT, CA US",20.6,",,1",1.7,",,1",,,,,5.8,",,1",8.0,",,1",",,1",  160,",,1",2.3,  170,",,1",,,,,,,,,,,,,True,0.0,0.0,0.0,20.6,1.7,11.15,52.16847972345723,0.0,0.0,0.0,0.0,0.0,0.0,0.05,5.442148356281657,9.895193545784807,0.0022347723173032088,0.23984998758385045,delta,USW00023237,"STOCKTON AIRPORT, CA US",0.5498546289330855,5.440917975338567
2026-02-23,USW00023237,,"T,,1,2400",,0.0,,,,,"STOCKTON AIRPORT, CA US",21.1,",,1",-0.6,",,1",,,,,5.4,",,1",6.7,",,1",",,1",  160,",,1",1.4,  160,",,1",",,1",    1,,,",,1",    1,,,,,,,True,0.0,0.0,0.0,21.1,-0.6,10.25,46.91382314250938,0.0,0.0,0.0,0.0,0.0,0.0,0.05,5.65176498542316,9.895193545784807,0.0022347723173032088,0.2353892762644044,delta,USW00023237,"STOCKTON AIRPORT, CA US",0.45109884036902365,4.463710333730574
2026-02-24,USW00023237,,",,1,2400",,0.3,,,,,"STOCKTON AIRPORT, CA US",22.2,",,1",12.2,",,1",,,,,7.6,",,1",9.8,",,1",",,1",  140,",,1",2.5,  140,",,1",,,,,,,,,,,,,True,0.3,0.0,0.0,22.2,12.2,17.2,72.43766031858733,0.0,0.3,0.0,0.0,0.0,0.3,0.05,11.428278202045883,9.895193545784807,0.0022347723173032088,0.44397180986483725,delta,USW00023237,"STOCKTON AIRPORT, CA US",0.37582378030017377,3.7188490451787266
2026-02-25,USW00023237,,"T,,1,2400",,0.0,,,,,"STOCKTON AIRPORT, CA US",22.2,",,1",6.1,",,1",,,,,5.4,",,1",8.9,",,1",",,1",  290,",,1",2.4,  280,",,1",,,,,,,,,,,,,True,0.0,0.0,0.0,22.2,6.1,14.149999999999999,58.382597486141435,0.0,0.0,0.0,0.0,0.0,0.0,0.05,13.327962081315874,9.895193545784807,0.0022347723173032088,0.4926132246739523,delta,USW00023237,"STOCKTON AIRPORT, CA US",0.3086144326089996,3.0537995416886132
2026-02-26,USW00023237,,",,1,2400",,0.0,,,,,"STOCKTON AIRPORT, CA US",22.8,",,1",10.6,",,1",,,,,6.7,",,1",8.9,",,1",",,1",  290,",,1",3.1,  290,",,1",",,1",    1,,,",,1",    1,",,1",    1,,,,,True,0.0,0.0,0.0,22.8,10.6,16.7,67.25861666160748,0.0,0.0,0.0,0.0,0.0,0.0,0.05,12.661344864730939,9.895193545784807,0.0022347723173032088,0.46167764179953985,delta,USW00023237,"STOCKTON AIRPORT, CA US",0.25358807275992473,2.509303060862015
2026-02-27,USW00023237,,",,1,2400",,0.0,,,,,"STOCKTON AIRPORT, CA US",24.4,",,1",10.6,",,1",,,,,4.5,",,1",6.7,",,1",",,1",  340,",,1",1.6,  280,",,1",,,,,",,1",    1,,,,,,,True,0.0,0.0,0.0,24.4,10.6,17.5,63.93751725471262,0.0,0.0,0.0,0.0,0.0,0.0,0.05,11.248689962242272,9.895193545784807,0.0022347723173032088,0.3986665505758491,delta,USW00023237,"STOCKTON AIRPORT, CA US",0.20853629972155166,2.063507047066544
2026-02-28,USW00023237,,",,1,2400",,0.0,,,,,"STOCKTON AIRPORT, CA US",26.1,",,1",11.1,",,1",,,,,5.4,",,1",6.7,",,1",",,1",  250,",,1",1.8,  140,",,1",",,1",    1,,,",,1",    1,,,,,,,True,0.0,0.0,0.0,26.1,11.1,18.6,61.68311177404508,0.0,0.0,0.0,0.0,0.0,0.0,0.05,10.17080698410118,9.895193545784807,0.0022347723173032088,0.35186263123914624,delta,USW00023237,"STOCKTON AIRPORT, CA US",0.17165102765434612,1.6985201409726152
2026-03-01,USW00023237,,",,1,2400",,0.0,,,,,"STOCKTON AIRPORT, CA US",22.2,",,1",10.6,",,1",,,,,7.6,",,1",10.3,",,1",",,1",  310,",,1",2.1,  270,",,1",,,,,,,,,,,,,True,0.0,0.0,0.0,22.2,10.6,16.4,68.5535514262562,0.0,0.0,0.0,0.0,0.0,0.0,0.05,8.943712035280775,9.895193545784807,0.0022347723173032088,0.3062577681447562,delta,USW00023237,"STOCKTON AIRPORT, CA US",0.14145192107727667,1.39969413648273
2026-03-02,USW00023237,,",,1,2400",,0.0,,,,,"STOCKTON AIRPORT, CA US",20.6,",,1",7.8,",,1",,,,,6.3,",,1",8.5,",,1",",,1",  300,",,1",2.5,  310,",,1",,,,,,,,,,,,,True,0.0,0.0,0.0,20.6,7.8,14.200000000000001,65.38576614901149,0.0,0.0,0.0,0.0,0.0,0.0,0.05,7.8657959602636245,9.895193545784807,0.0022347723173032088,0.26641705327554405,delta,USW00023237,"STOCKTON AIRPORT, CA US",0.11672698380715035,1.1550360967874418
2026-03-03,USW00023237,,",,1,2400",,0.0,,,,,"STOCKTON AIRPORT, CA US",21.7,",,1",6.7,",,1",,,,,6.7,",,1",8.0,",,1",",,1",  300,",,1",1.8,  300,",,1",",,1",    1,,,",,1",    1,,,,,,,True,0.0,0.0,0.0,21.7,6.7,14.2,60.648070661277124,0.0,0.0,0.0,0.0,0.0,0.0,0.05,6.670508389735683,9.895193545784807,0.0022347723173032088,0.2234085402585515,delta,USW00023237,"STOCKTON AIRPORT, CA US",0.09584248227405241,0.9483799120101981
2026-03-04,USW00023237,,",,1,2400",,0.0,,,,,"STOCKTON AIRPORT, CA US",20.0,",,1",7.8,",,1",,,,,8.9,",,1",11.6,",,1",",,1",  300,",,1",4.8,  310,",,1",,,,,,,,,,,,,True,0.0,0.0,0.0,20.0,7.8,13.9,66.66948498985683,0.0,0.0,0.0,0.0,0.0,0.0,0.05,5.602522392532206,9.895193545784807,0.0022347723173032088,0.18924743075152758,delta,USW00023237,"STOCKTON AIRPORT, CA US",0.07916202579454101,0.7833235667133926
2026-03-05,USW00023237,,",,1,2400",,0.0,,,,,"STOCKTON AIRPORT, CA US",19.4,",,1",7.2,",,1",,,,,11.2,",,1",16.1,",,1",",,1",  340,",,1",5.8,  320,",,1",,,,,,,,,,,,,True,0.0,0.0,0.0,19.4,7.2,13.299999999999999,66.5413823763259,0.0,0.0,0.0,0.0,0.0,0.0,0.05,4.657152464010153,9.895193545784807,0.0022347723173032088,0.15699711702213637,delta,USW00023237,"STOCKTON AIRPORT, CA US",0.06572833093316757,0.6503945560250877
2026-03-06,USW00023237,,",,1,2400",,0.0,,,,,"STOCKTON AIRPORT, CA US",21.7,",,1",5.6,",,1",,,,,8.9,",,1",12.1,",,1",",,1",  320,",,1",3.8,  330,",,1",,,,,,,,,,,,,True,0.0,0.0,0.0,21.7,5.6,13.649999999999999,58.25822615523264,0.0,0.0,0.0,0.0,0.0,0.0,0.05,3.8218849446923016,9.895193545784807,0.0022347723173032088,0.1289397289673585,delta,USW00023237,"STOCKTON AIRPORT, CA US",0.05472975182269548,0.5415614869983406
2026-03-07,USW00023237,,",,1,2400",,0.0,,,,,"STOCKTON AIRPORT, CA US",22.8,",,1",2.8,",,1",,,,,4.5,",,1",6.3,",,1",",,1",  100,",,1",2.1,  100,",,1",,,,,,,,,,,,,True,0.0,0.0,0.0,22.8,2.8,12.8,50.607985456671784,0.0,0.0,0.0,0.0,0.0,0.0,0.05,3.137625356273851,9.895193545784807,0.0022347723173032088,0.1059460492276686,delta,USW00023237,"STOCKTON AIRPORT, CA US",0.0457248768647909,0.452456506434284
2026-03-08,USW00023237,,",,1,2400",,0.0,,,,,"STOCKTON AIRPORT, CA US",24.4,",,1",8.3,",,1",,,,,6.3,",,1",8.0,",,1",",,1",  130,",,1",2.1,  120,",,1",,,,,,,,,,,,,True,0.0,0.0,0.0,24.4,8.3,16.35,58.9242489499764,0.0,0.0,0.0,0.0,0.0,0.0,0.05,2.563866492885519,9.895193545784807,0.0022347723173032088,0.08624227904372567,delta,USW00023237,"STOCKTON AIRPORT, CA US",0.03720888116100284,0.3681890807102292
2026-03-09,USW00023237,,",,1,2400",,0.0,,,,,"STOCKTON AIRPORT, CA US",24.4,",,1",6.1,",,1",,,,,6.3,",,1",9.8,",,1",",,1",  310,",,1",2.3,  300,",,1",",,1",    1,,,",,1",    1,,,,,,,True,0.0,0.0,0.0,24.4,6.1,15.25,54.38490103933714,0.0,0.0,0.0,0.0,0.0,0.0,0.05,2.076212352987145,9.895193545784807,0.0022347723173032088,0.06919296138878875,delta,USW00023237,"STOCKTON AIRPORT, CA US",0.018547666476667616,0.1835327496092906
2026-03-10,USW00023237,,",,1,2400",,0.0,,,,,"STOCKTON AIRPORT, CA US",21.7,",,1",5.6,",,1",,,,,7.6,",,1",10.7,",,1",",,1",  290,",,1",3.8,  300,",,1",,,,,,,,,,,,,True,0.0,0.0,0.0,21.7,5.6,13.649999999999999,58.25822615523264,0.0,0.0,0.0,0.0,0.0,0.0,0.05,1.70055293490656,9.895193545784807,0.0022347723173032088,0.056369330988710734,delta,USW00023237,"STOCKTON AIRPORT, CA US",0.009575586743399138,0.09475228414038571
2026-03-11,USW00023237,,",,1,2400",,0.0,,,,,"STOCKTON AIRPORT, CA US",24.4,",,1",5.0,",,1",,,,,6.3,",,1",8.9,",,1",",,1",  300,",,1",3.1,  290,",,1",,,,,,,,,,,,,True,0.0,0.0,0.0,24.4,5.0,14.7,52.20756913372764,0.0,0.0,0.0,0.0,0.0,0.0,0.05,1.400811716320185,9.895193545784807,0.0022347723173032088,0.04650654883572738,delta,USW00023237,"STOCKTON AIRPORT, CA US",0.008532665451029675,0.08443237609936985
2026-03-12,USW00023237,,",,1,2400",,0.0,,,,,"STOCKTON AIRPORT, CA US",26.1,",,1",6.1,",,1",,,,,4.5,",,1",6.3,",,1",",,1",  280,",,1",1.3,  290,",,1",,,,,,,,,,,,,True,0.0,0.0,0.0,26.1,6.1,16.1,51.50549274056665,0.0,0.0,0.0,0.0,0.0,0.0,0.05,1.1439171112752415,9.895193545784807,0.0022347723173032088,0.03769015453480496,delta,USW00023237,"STOCKTON AIRPORT, CA US",0.005280384502776692,0.052250426651138035
2026-03-13,USW00023237,,",,1,2400",,0.0,,,,,"STOCKTON AIRPORT, CA US",25.0,",,1",5.6,",,1",,,,,4.5,",,1",8.5,",,1",",,1",  290,",,1",1.7,  340,",,1",",,1",    1,,,,,,,,,,,True,0.0,0.0,0.0,25.0,5.6,15.3,52.368315595303336,0.0,0.0,0.0,0.0,0.0,0.0,0.05,0.9353478167668009,9.895193545784807,0.0022347723173032088,0.030887851289032386,delta,USW00023237,"STOCKTON AIRPORT, CA US",0.005239159119724048,0.051842493506833
2026-03-14,USW00023237,,",,1,2400",,0.0,,,,,"STOCKTON AIRPORT, CA US",25.0,",,1",7.2,",,1",,,,,6.7,",,1",9.8,",,1",",,1",  290,",,1",3.3,  310,",,1",,,,,,,,,,,,,True,0.0,0.0,0.0,25.0,7.2,16.1,55.549090865169624,0.0,0.0,0.0,0.0,0.0,0.0,0.05,0.7383454458546691,9.895193545784807,0.0022347723173032088,0.02438490376898759,delta,USW00023237,"STOCKTON AIRPORT, CA US",0.0052054066308114275,0.051508506096390676
2026-03-15,USW00023237,,",,1,2400",,0.0,,,,,"STOCKTON AIRPORT, CA US",27.2,",,1",9.4,",,1",,,,,5.4,",,1",9.8,",,1",",,1",  340,",,1",2.6,  310,",,1",,,,,,,,,,,,,True,0.0,0.0,0.0,27.2,9.4,18.3,56.10902188802948,0.0,0.0,0.0,0.0,0.0,0.0,0.05,0.5986781798219862,9.895193545784807,0.0022347723173032088,0.01988616698254204,delta,USW00023237,"STOCKTON AIRPORT, CA US",0.005177772430145743,0.05123506033232067
2026-03-16,USW00023237,,",,1,2400",,0.0,,,,,"STOCKTON AIRPORT, CA US",28.3,",,1",9.4,",,1",,,,,4.0,",,1",5.8,",,1",",,1",  250,",,1",1.8,  240,",,1",,,,,,,,,,,,,True,0.0,0.0,0.0,28.3,9.4,18.85,54.21046280290882,0.0,0.0,0.0,0.0,0.0,0.0,0.05,0.48141924037177763,9.895193545784807,0.0022347723173032088,0.016107508453439917,delta,USW00023237,"STOCKTON AIRPORT, CA US",0.005155147460224018,0.05101118187597764
2026-03-17,USW00023237,,",,1,2400",,0.0,,,,,"STOCKTON AIRPORT, CA US",30.6,",,1",7.2,",,1",,,,,4.5,",,1",4.9,",,1",",,1",  290,",,1",1.2,  290,",,1",,,,,",,1",    1,,,,,,,True,0.0,0.0,0.0,30.6,7.2,18.900000000000002,46.55201872704068,0.0,0.0,0.0,0.0,0.0,0.0,0.05,0.3013671274815178,9.895193545784807,0.0022347723173032088,0.009831223435190129,delta,USW00023237,"STOCKTON AIRPORT, CA US",0.0050529582638936055,0.05
2026-03-18,USW00023237,,",,1,2400",,0.0,,,,,"STOCKTON AIRPORT, CA US",31.7,",,1",10.6,",,1",,,,,4.5,",,1",5.8,",,1",",,1",  300,",,1",1.4,  290,",,1",",,1",    1,,,",,1",    1,,,,,,,True,0.0,0.0,0.0,31.7,10.6,21.15,50.94559454496657,0.0,0.0,0.0,0.0,0.0,0.0,0.05,0.19638628617042161,9.895193545784807,0.0022347723173032088,0.006524068466095329,delta,USW00023237,"STOCKTON AIRPORT, CA US",0.0050529582638936055,0.05
2026-03-19,USW00023237,,",,1,2400",,0.0,,,,,"STOCKTON AIRPORT, CA US",32.2,",,1",12.2,",,1",,,,,5.8,",,1",7.2,",,1",",,1",  310,",,1",2.1,  320,",,1",",,1",    1,,,",,1",    1,,,,,,,True,0.0,0.0,0.0,32.2,12.2,22.200000000000003,53.11392661317808,0.0,0.0,0.0,0.0,0.0,0.0,0.05,0.14375461728035752,9.895193545784807,0.0022347723173032088,0.004877483080159912,delta,USW00023237,"STOCKTON AIRPORT, CA US",0.0050529582638936055,0.05
2026-03-20,USW00023237,,",,1,2400",,0.0,,,,,"STOCKTON AIRPORT, CA US",31.1,",,1",12.2,",,1",,,,,4.0,",,1",5.4,",,1",",,1",  260,",,1",1.2,  260,",,1",,,,,,,,,,,,,True,0.0,0.0,0.0,31.1,12.2,21.65,54.926555017811104,0.0,0.0,0.0,0.0,0.0,0.0,0.05,0.11366270055727962,9.895193545784807,0.0022347723173032088,0.0040944530923143554,delta,USW00023237,"STOCKTON AIRPORT, CA US",0.0050529582638936055,0.05
2026-03-21,USW00023237,,",,1,2400",,0.0,,,,,"STOCKTON AIRPORT, CA US",28.9,",,1",11.7,",,1",,,,,6.7,",,1",9.8,",,1",",,1",  290,",,1",3.2,  290,",,1",",,1",    1,,,",,1",    1,,,,,,,True,0.0,0.0,0.0,28.9,11.7,20.299999999999997,57.74401562012527,0.0,0.0,0.0,0.0,0.0,0.0,0.05,0.08784539529045211,9.895193545784807,0.0022347723173032088,0.0033816064317291165,delta,USW00023237,"STOCKTON AIRPORT, CA US",0.0050529582638936055,0.05
2026-03-22,USW00023237,,",,1,2400",,0.0,,,,,"STOCKTON AIRPORT, CA US",28.3,",,1",10.0,",,1",,,,,6.3,",,1",8.9,",,1",",,1",  290,",,1",2.9,  280,",,1",,,,,,,,,,,,,True,0.0,0.0,0.0,28.3,10.0,19.15,55.38974218630557,0.0,0.0,0.0,0.0,0.0,0.0,0.05,0.07187419291722542,9.895193545784807,0.0022347723173032088,0.0029071059955553032,delta,USW00023237,"STOCKTON AIRPORT, CA US",0.0050529582638936055,0.05
2026-03-23,USW00023237,,",,1,2400",,0.0,,,,,"STOCKTON AIRPORT, CA US",30.6,",,1",9.4,",,1",,,,,7.2,",,1",10.3,",,1",",,1",  320,",,1",2.6,  320,",,1",,,,,,,,,,,,,True,0.0,0.0,0.0,30.6,9.4,20.0,50.46925737562965,0.0,0.0,0.0,0.0,0.0,0.0,0.05,0.05970999810693788,9.895193545784807,0.0022347723173032088,0.002548467266509184,delta,USW00023237,"STOCKTON AIRPORT, CA US",0.0050529582638936055,0.05
2026-03-24,USW00023237,,",,1,2400",,0.0,,,,,"STOCKTON AIRPORT, CA US",30.0,",,1",10.6,",,1",,,,,6.7,",,1",8.5,",,1",",,1",  300,",,1",3.1,  300,",,1",,,,,,,,,,,,,True,0.0,0.0,0.0,30.0,10.6,20.3,53.682836633972705,0.0,0.0,0.0,0.0,0.0,0.0,0.05,0.05454036479284698,9.895193545784807,0.0022347723173032088,0.0024155058271168248,delta,USW00023237,"STOCKTON AIRPORT, CA US",0.0050529582638936055,0.05
2026-03-25,USW00023237,,",,1,2400",,0.0,,,,,"STOCKTON AIRPORT, CA US",28.3,",,1",8.3,",,1",,,,,7.6,",,1",11.2,",,1",",,1",  310,",,1",3.6,  310,",,1",,,,,,,,,,,,,True,0.0,0.0,0.0,28.3,8.3,18.3,52.09309310556172,0.0,0.0,0.0,0.0,0.0,0.0,0.05,0.05123367918964243,9.895193545784807,0.0022347723173032088,0.0022695521465059543,delta,USW00023237,"STOCKTON AIRPORT, CA US",0.0050529582638936055,0.05
2026-03-26,USW00023237,,",,1,2400",,0.0,,,,,"STOCKTON AIRPORT, CA US",26.1,",,1",9.4,",,1",,,,,7.6,",,1",12.5,",,1",",,1",  340,",,1",3.6,  320,",,1",,,,,,,,,,,,,True,0.0,0.0,0.0,26.1,9.4,17.75,58.082504895701874,0.0,0.0,0.0,0.0,0.0,0.0,0.05,0.05000003053943465,9.895193545784807,0.0022347723173032088,0.0022347729989249856,delta,USW00023237,"STOCKTON AIRPORT, CA US",0.0050529582638936055,0.05
2026-03-27,USW00023237,,",,1,2400",,0.0,,,,,"STOCKTON AIRPORT, CA US",27.2,",,1",8.3,",,1",,,,,4.5,",,1",5.8,",,1",",,1",  290,",,1",1.7,  280,",,1",,,,,,,,,,,,,True,0.0,0.0,0.0,27.2,8.3,17.75,53.925326685859694,0.0,0.0,0.0,0.0,0.0,0.0,0.05,0.050000025003574325,9.895193545784807,0.0022347723173032088,0.0022347728753679195,delta,USW00023237,"STOCKTON AIRPORT, CA US",0.0050529582638936055,0.05
2026-03-28,USW00023237,,",,1,2400",,0.0,,,,,"STOCKTON AIRPORT, CA US",29.4,",,1",7.2,",,1",,,,,6.3,",,1",10.7,",,1",",,1",  290,",,1",2.1,  290,",,1",,,,,,,,,,,,,True,0.0,0.0,0.0,29.4,7.2,18.3,48.33303222365314,0.0,0.0,0.0,0.0,0.0,0.0,0.05,0.05000002047119524,9.895193545784807,0.0022347723173032088,0.00223477277420795,delta,USW00023237,"STOCKTON AIRPORT, CA US",0.0050529582638936055,0.05
2026-03-29,USW00023237,,",,1,2400",,0.0,,,,,"STOCKTON AIRPORT, CA US",31.7,",,1",8.9,",,1",,,,,7.2,",,1",9.4,",,1",",,1",  340,",,1",2.5,  310,",,1",,,,,,,,,,,,,True,0.0,0.0,0.0,31.7,8.9,20.3,47.900998704438585,0.0,0.0,0.0,0.0,0.0,0.0,0.05,0.0500000167603971,9.895193545784807,0.0022347723173032088,0.0022347726913851717,delta,USW00023237,"STOCKTON AIRPORT, CA US",0.0050529582638936055,0.05
2026-03-30,USW00023237,,",,1,2400",,0.0,,,,,"STOCKTON AIRPORT, CA US",27.8,",,1",11.1,",,1",,,,,6.7,",,1",8.0,",,1",",,1",  300,",,1",1.8,  300,",,1",,,,,,,,,,,,,True,0.0,0.0,0.0,27.8,11.1,19.45,58.49808043364625,0.0,0.0,0.0,0.0,0.0,0.0,0.05,0.05000001372225254,9.895193545784807,0.0022347723173032088,0.002234772623575616,delta,USW00023237,"STOCKTON AIRPORT, CA US",0.0050529582638936055,0.05
2026-03-31,USW00023237,,",,1,2400",,5.1,,,,,"STOCKTON AIRPORT, CA US",18.9,",,1",13.3,",,1",,,,,6.3,",,1",7.6,",,1",",,1",  330,",,1",2.7,  320,",,1",,,,,",,1",    1,,,,,,,True,5.1,0.0,0.0,18.9,13.3,16.1,83.48051826006684,0.01740259130033422,5.1,0.0,0.0,0.0,5.117402591300334,0.05,1.4831643449201104,9.895193545784807,0.0022347723173032088,0.041867503727065256,delta,USW00023237,"STOCKTON AIRPORT, CA US",0.10022540647986658,0.9917497953232345
2026-04-01,USW00023237,,",,1,2400",,3.0,,,,,"STOCKTON AIRPORT, CA US",20.0,",,1",12.2,",,1",,,,,7.6,",,1",10.3,",,1",",,1",  260,",,1",3.8,  260,",,1",,,,,",,1",    1,,,,,,,True,3.0,0.0,0.0,20.0,12.2,16.1,77.67988827261068,0.0,3.0,0.0,0.0,0.0,3.0,0.05,4.735867862773499,9.895193545784807,0.0022347723173032088,0.1264363318715248,delta,USW00023237,"STOCKTON AIRPORT, CA US",0.13876697919417563,1.3731261168902613
2026-04-02,USW00023237,,",,1,2400",,0.8,,,,,"STOCKTON AIRPORT, CA US",20.0,",,1",7.8,",,1",,,,,7.6,",,1",11.6,",,1",",,1",  320,",,1",5.0,  320,",,1",,,,,",,1",    1,,,,,,,True,0.8,0.0,0.0,20.0,7.8,13.9,66.66948498985683,0.0,0.8,0.0,0.0,0.0,0.8,0.05,6.217741797562673,9.895193545784807,0.0022347723173032088,0.17908974082580256,delta,USW00023237,"STOCKTON AIRPORT, CA US",0.12940698217859997,1.280507134833172
2026-04-03,USW00023237,,",,1,2400",,0.0,,,,,"STOCKTON AIRPORT, CA US",24.4,",,1",3.9,",,1",,,,,5.4,",,1",6.7,",,1",",,1",  360,",,1",1.9,  300,",,1",,,,,,,,,,,,,True,0.0,0.0,0.0,24.4,3.9,14.149999999999999,50.09095582605928,0.0,0.0,0.0,0.0,0.0,0.0,0.05,5.099719886709033,9.895193545784807,0.0022347723173032088,0.14703137386984969,delta,USW00023237,"STOCKTON AIRPORT, CA US",0.10686542191185851,1.0574540331697926
2026-04-04,USW00023237,,",,1,2400",,0.0,,,,,"STOCKTON AIRPORT, CA US",28.3,",,1",5.6,",,1",,,,,4.5,",,1",6.3,",,1",",,1",  290,",,1",1.5,  280,",,1",,,,,,,,,,,,,True,0.0,0.0,0.0,28.3,5.6,16.95,47.137602063353754,0.0,0.0,0.0,0.0,0.0,0.0,0.05,4.184360960630013,9.895193545784807,0.0022347723173032088,0.12078420283688074,delta,USW00023237,"STOCKTON AIRPORT, CA US",0.08840995329911658,0.8748335992685545
2026-04-05,USW00023237,,",,1,2400",,0.0,,,,,"STOCKTON AIRPORT, CA US",30.0,",,1",7.8,",,1",,,,,5.4,",,1",6.3,",,1",",,1",  270,",,1",1.5,  270,",,1",,,,,,,,,,,,,True,0.0,0.0,0.0,30.0,7.8,18.9,48.49766835545284,0.0,0.0,0.0,0.0,0.0,0.0,0.05,3.4349284627928194,9.895193545784807,0.0022347723173032088,0.0992948368435628,delta,USW00023237,"STOCKTON AIRPORT, CA US",0.0732998935833993,0.725316633893166
2026-04-06,USW00023237,,",,1,2400",,0.0,,,,,"STOCKTON AIRPORT, CA US",28.3,",,1",9.4,",,1",,,,,7.2,",,1",9.8,",,1",",,1",  300,",,1",4.0,  300,",,1",,,,,,,,,,,,,True,0.0,0.0,0.0,28.3,9.4,18.85,54.21046280290882,0.0,0.0,0.0,0.0,0.0,0.0,0.05,2.8213450294574605,9.895193545784807,0.0022347723173032088,0.08170083204068523,delta,USW00023237,"STOCKTON AIRPORT, CA US",0.060928823013296836,0.6029024962334396
2026-04-07,USW00023237,,",,1,2400",,0.0,,,,,"STOCKTON AIRPORT, CA US",26.1,",,1",7.2,",,1",,,,,6.7,",,1",9.8,",,1",",,1",  300,",,1",2.5,  310,",,1",,,,,,,,,,,,,True,0.0,0.0,0.0,26.1,7.2,16.650000000000002,53.638019462683914,0.0,0.0,0.0,0.0,0.0,0.0,0.05,2.3189854030066286,9.895193545784807,0.0022347723173032088,0.06729607923876765,delta,USW00023237,"STOCKTON AIRPORT, CA US",0.050800247089055964,0.5026782771199
2026-04-08,USW00023237,,",,1,2400",,0.0,,,,,"STOCKTON AIRPORT, CA US",28.9,",,1",8.3,",,1",,,,,7.6,",,1",10.3,",,1",",,1",  290,",,1",3.4,  320,",,1",,,,,,,,,,,,,True,0.0,0.0,0.0,28.9,8.3,18.6,51.12320062672182,0.0,0.0,0.0,0.0,0.0,0.0,0.05,1.9316118802959152,9.895193545784807,0.0022347723173032088,0.057709998782597444,delta,USW00023237,"STOCKTON AIRPORT, CA US",0.04250767049499472,0.420621626728419
2026-04-09,USW00023237,,",,1,2400",,1.8,,,,,"STOCKTON AIRPORT, CA US",27.2,",,1",11.7,",,1",,,,,7.6,",,1",10.3,",,1",",,1",  310,",,1",2.2,  300,",,1",,,,,",,1",    1,,,    1,",,1",,,True,1.8,0.0,0.0,27.2,11.7,19.45,60.86715533849073,0.0,1.8,0.0,0.0,0.0,1.8,0.05,1.6534713838991346,9.895193545784807,0.0022347723173032088,0.05125274755356212,delta,USW00023237,"STOCKTON AIRPORT, CA US",0.06919432945326806,0.6846912822108857
2026-04-10,USW00023237,,",,1,2400",,14.7,,,,,"STOCKTON AIRPORT, CA US",20.0,",,1",12.2,",,1",,,,,6.3,",,1",7.6,",,1",",,1",  350,",,1",2.1,  350,",,1",,,,,",,1",    1,,,    1,",,1",,,True,14.7,0.0,0.0,20.0,12.2,16.1,77.67988827261068,0.0,14.7,0.0,0.0,0.0,14.7,0.05,3.4776026633409574,9.895193545784807,0.0022347723173032088,0.12511847835014353,delta,USW00023237,"STOCKTON AIRPORT, CA US",0.3309551839789264,3.274865600452296
2026-04-11,USW00023237,,",,1,2400",,14.5,,,,,"STOCKTON AIRPORT, CA US",20.0,",,1",10.0,",,1",,,,,13.0,",,1",18.3,",,1",",,1",  260,",,1",4.4,  250,",,1",,,,,",,1",    1,,,    1,",,1",,,True,14.5,0.0,0.0,20.0,10.0,15.0,72.03484221010554,0.0,14.5,0.0,0.0,0.0,14.5,0.05,6.667215730535313,9.895193545784807,0.0022347723173032088,0.23895912339978345,delta,USW00023237,"STOCKTON AIRPORT, CA US",0.5415472848157119,5.358715197445719
2026-04-12,USW00023237,,",,1,2400",,2.3,,,,,"STOCKTON AIRPORT, CA US",16.7,",,1",10.0,",,1",,,,,11.2,",,1",15.2,",,1",",,1",  260,",,1",4.3,  270,",,1",,,,,",,1",    1,,,,,,,True,2.3,0.0,0.0,16.7,10.0,13.35,80.15660263264553,0.0007830131632276505,2.3,0.0,0.0,0.0,2.3007830131632274,0.05,8.893721568773568,9.895193545784807,0.0022347723173032088,0.3430608602729499,delta,USW00023237,"STOCKTON AIRPORT, CA US",0.4870868728151794,4.819818880117268
2026-04-13,USW00023237,,",,1,2400",,0.3,,,,,"STOCKTON AIRPORT, CA US",20.0,",,1",9.4,",,1",,,,,7.2,",,1",11.2,",,1",",,1",  330,",,1",3.8,  280,",,1",,,,,,,,,,,,,True,0.3,0.0,0.0,20.0,9.4,14.7,70.54399897961912,0.0,0.3,0.0,0.0,0.0,0.3,0.05,11.32296143291367,9.895193545784807,0.0022347723173032088,0.4345273010748133,delta,USW00023237,"STOCKTON AIRPORT, CA US",0.40528828920660964,4.01040606353941
2026-04-14,USW00023237,,",,1,2400",,0.0,,,,,"STOCKTON AIRPORT, CA US",22.2,",,1",6.7,",,1",,,,,7.6,",,1",9.8,",,1",",,1",  280,",,1",3.4,  270,",,1",,,,,,,,,,,,,True,0.0,0.0,0.0,22.2,6.7,14.45,59.67541532740196,0.0,0.0,0.0,0.0,0.0,0.0,0.05,9.736371863030083,9.895193545784807,0.0022347723173032088,0.3681548690989108,delta,USW00023237,"STOCKTON AIRPORT, CA US",0.33273793217503883,3.2925062388962267
2026-04-15,USW00023237,,",,1,2400",,0.0,,,,,"STOCKTON AIRPORT, CA US",23.3,",,1",6.7,",,1",,,,,8.0,",,1",10.7,",,1",",,1",  260,",,1",3.1,  260,",,1",,,,,,,,,,,,,True,0.0,0.0,0.0,23.3,6.7,15.0,57.59648169315894,0.0,0.0,0.0,0.0,0.0,0.0,0.05,8.413458437084273,9.895193545784807,0.0022347723173032088,0.31189278106336,delta,USW00023237,"STOCKTON AIRPORT, CA US",0.2733387237265043,2.704739574831562
2026-04-16,USW00023237,,",,1,2400",,0.0,,,,,"STOCKTON AIRPORT, CA US",22.2,",,1",8.3,",,1",,,,,10.7,",,1",14.8,",,1",",,1",  350,",,1",5.8,  360,",,1",,,,,,,,,,,,,True,0.0,0.0,0.0,22.2,8.3,15.25,63.21757827891448,0.0,0.0,0.0,0.0,0.0,0.0,0.05,7.297223335737433,9.895193545784807,0.0022347723173032088,0.2667840496576808,delta,USW00023237,"STOCKTON AIRPORT, CA US",0.22470676506119974,2.2235169313277665
2026-04-17,USW00023237,,",,1,2400",,0.0,,,,,"STOCKTON AIRPORT, CA US",23.3,",,1",6.1,",,1",,,,,6.7,",,1",10.3,",,1",",,1",  320,",,1",3.3,  330,",,1",,,,,,,,,,,,,True,0.0,0.0,0.0,23.3,6.1,14.7,56.34404340006785,0.0,0.0,0.0,0.0,0.0,0.0,0.05,6.019594277112576,9.895193545784807,0.0022347723173032088,0.21963445440366453,delta,USW00023237,"STOCKTON AIRPORT, CA US",0.1848902849194976,1.8295251540137267
2026-04-18,USW00023237,,",,1,2400",,0.0,,,,,"STOCKTON AIRPORT, CA US",26.7,",,1",4.4,",,1",,,,,4.5,",,1",5.8,",,1",",,1",  250,",,1",1.1,  240,",,1",,,,,,,,,,,,,True,0.0,0.0,0.0,26.7,4.4,15.55,47.40469277480105,0.0,0.0,0.0,0.0,0.0,0.0,0.05,4.93749041807039,9.895193545784807,0.0022347723173032088,0.18022657775078363,delta,USW00023237,"STOCKTON AIRPORT, CA US",0.15229130814816724,1.5069519694668696
2026-04-19,USW00023237,,",,1,2400",,0.0,,,,,"STOCKTON AIRPORT, CA US",27.8,",,1",8.3,",,1",,,,,8.0,",,1",10.7,",,1",",,1",  300,",,1",2.6,  300,",,1",,,,,,,,,,,,,True,0.0,0.0,0.0,27.8,8.3,18.05,52.91712384227228,0.0,0.0,0.0,0.0,0.0,0.0,0.05,4.051538710648191,9.895193545784807,0.0022347723173032088,0.14796213722156623,delta,USW00023237,"STOCKTON AIRPORT, CA US",0.12560152334660438,1.2428513831600594
2026-04-20,USW00023237,,",,1,2400",,3.3,,,,,"STOCKTON AIRPORT, CA US",27.2,",,1",5.6,",,1",,,,,9.4,",,1",12.1,",,1",",,1",  300,",,1",3.7,  300,",,1",,,,,",,1",    1,,,,,,,True,3.3,0.0,0.0,27.2,5.6,16.4,48.813123977350315,0.0,3.3,0.0,0.0,0.0,3.3,0.05,3.9736327432419993,9.895193545784807,0.0022347723173032088,0.17103050114096569,delta,USW00023237,"STOCKTON AIRPORT, CA US",0.16512252753968906,1.6339193687744051
2026-04-21,USW00023237,,",,1,2400",,30.2,,,,,"STOCKTON AIRPORT, CA US",18.3,",,1",7.8,",,1",,,,,9.4,",,1",12.5,",,1",",,1",  250,",,1",2.7,  250,",,1",,,,,",,1",    1,,,    1,",,1",,,True,30.2,0.0,0.0,18.3,7.8,13.05,70.4626336244099,0.0,30.2,0.0,0.0,0.0,30.2,0.05,6.917925108332536,9.895193545784807,0.0022347723173032088,0.30403316873225555,delta,USW00023237,"STOCKTON AIRPORT, CA US",0.6963333395202935,6.890353166935989
2026-04-22,USW00023237,,"T,,1,2400",,0.0,,,,,"STOCKTON AIRPORT, CA US",19.4,",,1",7.8,",,1",,,,,5.8,",,1",7.6,",,1",",,1",  320,",,1",2.9,  310,",,1",,,,,,,,,,,,,True,0.0,0.0,0.0,19.4,7.8,13.6,67.98149713574207,0.0,0.0,0.0,0.0,0.0,0.0,0.05,7.739014341375106,9.895193545784807,0.0022347723173032088,0.31976206689082537,delta,USW00023237,"STOCKTON AIRPORT, CA US",0.5701888110213,5.642128642696681
2026-04-23,USW00023237,,",,1,2400",,0.0,,,,,"STOCKTON AIRPORT, CA US",23.3,",,1",7.2,",,1",,,,,6.3,",,1",8.9,",,1",",,1",  300,",,1",3.6,  290,",,1",,,,,,,,,,,,,True,0.0,0.0,0.0,23.3,7.2,15.25,58.65455602462332,0.0,0.0,0.0,0.0,0.0,0.0,0.05,6.380940733211898,9.895193545784807,0.0022347723173032088,0.2633838147566068,delta,USW00023237,"STOCKTON AIRPORT, CA US",0.4675239527495511,4.626239999747159
2026-04-24,USW00023237,,",,1,2400",,0.0,,,,,"STOCKTON AIRPORT, CA US",23.9,",,1",10.0,",,1",,,,,7.6,",,1",10.7,",,1",",,1",  270,",,1",3.5,  290,",,1",,,,,,,,,,,,,True,0.0,0.0,0.0,23.9,10.0,16.95,63.601799324005604,0.0,0.0,0.0,0.0,0.0,0.0,0.05,5.271843914388006,9.895193545784807,0.0022347723173032088,0.21713114830452562,delta,USW00023237,"STOCKTON AIRPORT, CA US",0.3836921838558591,3.7967084212585744
2026-04-25,USW00023237,,",,1,2400",,0.0,,,,,"STOCKTON AIRPORT, CA US",19.4,",,1",8.9,",,1",,,,,7.6,",,1",10.7,",,1",",,1",  280,",,1",4.3,  280,",,1",,,,,,,,,,,,,True,0.0,0.0,0.0,19.4,8.9,14.149999999999999,70.67570361414822,0.0,0.0,0.0,0.0,0.0,0.0,0.05,4.325284200482569,9.895193545784807,0.0022347723173032088,0.17817704406305096,delta,USW00023237,"STOCKTON AIRPORT, CA US",0.3150565365776674,3.1175454073006494
2026-04-26,USW00023237,,",,1,2400",,0.3,,,,,"STOCKTON AIRPORT, CA US",18.9,",,1",10.0,",,1",,,,,6.7,",,1",9.4,",,1",",,1",  260,",,1",3.0,  250,",,1",,,,,",,1",    1,,,,,,,True,0.3,0.0,0.0,18.9,10.0,14.45,74.63492561634185,0.0,0.3,0.0,0.0,0.0,0.3,0.05,4.942398360409698,9.895193545784807,0.0022347723173032088,0.19870890644126482,delta,USW00023237,"STOCKTON AIRPORT, CA US",0.2644417624666131,2.6167024211955887
2026-04-27,USW00023237,,",,1,2400",,0.0,,,,,"STOCKTON AIRPORT, CA US",21.1,",,1",7.2,",,1",,,,,6.7,",,1",9.4,",,1",",,1",  280,",,1",3.0,  290,",,1",,,,,,,,,,,,,True,0.0,0.0,0.0,21.1,7.2,14.15,62.96610400443698,0.0,0.0,0.0,0.0,0.0,0.0,0.05,4.579671204110403,9.895193545784807,0.0022347723173032088,0.17894584690456997,delta,USW00023237,"STOCKTON AIRPORT, CA US",0.2174225492687833,2.1514382062325437
2026-04-28,USW00023237,,",,1,2400",,0.0,,,,,"STOCKTON AIRPORT, CA US",24.4,",,1",7.8,",,1",,,,,6.7,",,1",9.8,",,1",",,1",  340,",,1",2.8,  320,",,1",,,,,,,,,,,,,True,0.0,0.0,0.0,24.4,7.8,16.099999999999998,57.87077467085323,0.0,0.0,0.0,0.0,0.0,0.0,0.05,3.981440072763751,9.895193545784807,0.0022347723173032088,0.15454409867500138,delta,USW00023237,"STOCKTON AIRPORT, CA US",0.17892647343818996,1.770512085135614
2026-04-29,USW00023237,,",,1,2400",,0.0,,,,,"STOCKTON AIRPORT, CA US",27.2,",,1",8.3,",,1",,,,,8.0,",,1",10.7,",,1",",,1",  300,",,1",3.3,  300,",,1",,,,,,,,,,,,,True,0.0,0.0,0.0,27.2,8.3,17.75,53.925326685859694,0.0,0.0,0.0,0.0,0.0,0.0,0.05,3.3775612584747545,9.895193545784807,0.0022347723173032088,0.13027052784482573,delta,USW00023237,"STOCKTON AIRPORT, CA US",0.14740855228286112,1.4586361551428497
2026-04-30,USW00023237,,",,1,2400",,0.0,,,,,"STOCKTON AIRPORT, CA US",28.9,",,1",8.9,",,1",,,,,7.6,",,1",10.3,",,1",",,1",  330,",,1",3.0,  330,",,1",,,,,,,,,,,,,True,0.0,0.0,0.0,28.9,8.9,18.9,52.25186995785486,0.0,0.0,0.0,0.0,0.0,0.0,0.05,2.7734329453675,9.895193545784807,0.0022347723173032088,0.10700761825953461,delta,USW00023237,"STOCKTON AIRPORT, CA US",0.12110186833389816,1.1983264259200705
2026-05-01,USW00023237,,",,1,2400",,0.0,,,,,"STOCKTON AIRPORT, CA US",28.9,",,1",10.0,",,1",,,,,5.4,",,1",7.2,",,1",",,1",  290,",,1",2.8,  310,",,1",,,,,,,,,,,,,True,0.0,0.0,0.0,28.9,10.0,19.45,54.365081080539596,0.0,0.0,0.0,0.0,0.0,0.0,0.05,2.2480457904748894,9.895193545784807,0.0022347723173032088,0.08677462166724498,delta,USW00023237,"STOCKTON AIRPORT, CA US",0.09596616335365384,0.9496037602308058
2026-05-02,USW00023237,,",,1,2400",,0.0,,,,,"STOCKTON AIRPORT, CA US",23.3,",,1",11.1,",,1",,,,,6.7,",,1",8.9,",,1",",,1",  290,",,1",3.6,  280,",,1",,,,,,,,,,,,,True,0.0,0.0,0.0,23.3,11.1,17.2,67.36233304127437,0.0,0.0,0.0,0.0,0.0,0.0,0.05,1.7925250452467922,9.895193545784807,0.0022347723173032088,0.0694104529154978,delta,USW00023237,"STOCKTON AIRPORT, CA US",0.07544256564447774,0.7465187886426827
2026-05-03,USW00023237,,",,1,2400",,0.0,,,,,"STOCKTON AIRPORT, CA US",22.8,",,1",12.2,",,1",,,,,8.0,",,1",10.7,",,1",",,1",  280,",,1",4.4,  270,",,1",,,,,,,,,,,,,True,0.0,0.0,0.0,22.8,12.2,17.5,71.07767260569338,0.0,0.0,0.0,0.0,0.0,0.0,0.05,1.469450870944743,9.895193545784807,0.0022347723173032088,0.057302170103130795,delta,USW00023237,"STOCKTON AIRPORT, CA US",0.062041441130877804,0.6139120678494501
2026-05-04,USW00023237,,",,1,2400",,1.8,,,,,"STOCKTON AIRPORT, CA US",19.4,",,1",12.2,",,1",,,,,5.8,",,1",7.6,",,1",",,1",  330,",,1",2.5,  320,",,1",,,,,",,1",    1,,,,,,,True,1.8,0.0,0.0,19.4,12.2,15.799999999999999,79.18246877292228,0.0,1.8,0.0,0.0,0.0,1.8,0.05,2.249616163887503,9.895193545784807,0.0022347723173032088,0.08035370472268831,delta,USW00023237,"STOCKTON AIRPORT, CA US",0.08510356275876917,0.8421162249338648
2026-05-05,USW00023237,,",,1,2400",,0.3,,,,,"STOCKTON AIRPORT, CA US",19.4,",,1",11.1,",,1",,,,,5.4,",,1",7.2,",,1",",,1",  260,",,1",2.3,  230,",,1",,,,,,,,,,,,,True,0.3,0.0,0.0,19.4,11.1,15.25,76.27568108528207,0.0,0.3,0.0,0.0,0.0,0.3,0.05,1.925466517608972,9.895193545784807,0.0022347723173032088,0.06929264197183446,delta,USW00023237,"STOCKTON AIRPORT, CA US",0.07617219103934508,0.7537385731408147
2026-05-06,USW00023237,,",,1,2400",,0.0,,,,,"STOCKTON AIRPORT, CA US",25.6,",,1",8.9,",,1",,,,,6.3,",,1",8.0,",,1",",,1",  300,",,1",2.5,  280,",,1",,,,,,,,,,,,,True,0.0,0.0,0.0,25.6,8.9,17.25,57.95927031784576,0.0,0.0,0.0,0.0,0.0,0.0,0.05,1.5790101106463028,9.895193545784807,0.0022347723173032088,0.056986137386686585,delta,USW00023237,"STOCKTON AIRPORT, CA US",0.0632804612724673,0.6261724119576038
2026-05-07,USW00023237,,",,1,2400",,0.0,,,,,"STOCKTON AIRPORT, CA US",29.4,",,1",7.2,",,1",,,,,6.3,",,1",9.8,",,1",",,1",  300,",,1",3.0,  340,",,1",,,,,,,,,,,,,True,0.0,0.0,0.0,29.4,7.2,18.3,48.33303222365314,0.0,0.0,0.0,0.0,0.0,0.0,0.05,1.2958523270843556,9.895193545784807,0.0022347723173032088,0.046896106288530144,delta,USW00023237,"STOCKTON AIRPORT, CA US",0.05272560565195358,0.521730072744806
2026-05-08,USW00023237,,",,1,2400",,0.0,,,,,"STOCKTON AIRPORT, CA US",28.9,",,1",9.4,",,1",,,,,6.7,",,1",9.4,",,1",",,1",  300,",,1",3.5,  290,",,1",,,,,,,,,,,,,True,0.0,0.0,0.0,28.9,9.4,19.15,53.205341194852224,0.0,0.0,0.0,0.0,0.0,0.0,0.05,1.069476728654503,9.895193545784807,0.0022347723173032088,0.03878830767857857,delta,USW00023237,"STOCKTON AIRPORT, CA US",0.044084020761141034,0.4362199177078862
2026-05-09,USW00023237,,",,1,2400",,0.0,,,,,"STOCKTON AIRPORT, CA US",32.2,",,1",10.6,",,1",,,,,7.2,",,1",9.8,",,1",",,1",  280,",,1",3.4,  310,",,1",,,,,",,1",    1,,,,,,,True,0.0,0.0,0.0,32.2,10.6,21.400000000000002,50.17062312889742,0.0,0.0,0.0,0.0,0.0,0.0,0.05,0.8846769497967786,9.895193545784807,0.0022347723173032088,0.03216227585130283,delta,USW00023237,"STOCKTON AIRPORT, CA US",0.037008889455698774,0.36621012407869385
2026-05-10,USW00023237,,",,1,2400",,0.0,,,,,"STOCKTON AIRPORT, CA US",32.2,",,1",12.2,",,1",,,,,6.7,",,1",8.5,",,1",",,1",  300,",,1",3.4,  310,",,1",,,,,,,,,,,,,True,0.0,0.0,0.0,32.2,12.2,22.200000000000003,53.11392661317808,0.0,0.0,0.0,0.0,0.0,0.0,0.05,0.7333756876839495,9.895193545784807,0.0022347723173032088,0.026737339823438684,delta,USW00023237,"STOCKTON AIRPORT, CA US",0.031216261873868417,0.3088909530178311
2026-05-11,USW00023237,,",,1,2400",,0.0,,,,,"STOCKTON AIRPORT, CA US",35.0,",,1",11.1,",,1",,,,,6.3,",,1",8.0,",,1",",,1",  310,",,1",2.4,  310,",,1",,,,,,,,,,,,,True,0.0,0.0,0.0,35.0,11.1,23.05,46.90900691189955,0.0,0.0,0.0,0.0,0.0,0.0,0.05,0.5997918060819506,9.895193545784807,0.0022347723173032088,0.02155373293750996,delta,USW00023237,"STOCKTON AIRPORT, CA US",0.025553339717147804,0.2528552422423675
2026-05-12,USW00023237,,",,1,2400",,0.0,,,,,"STOCKTON AIRPORT, CA US",31.7,",,1",13.3,",,1",,,,,10.7,",,1",14.8,",,1",",,1",  270,",,1",4.1,  260,",,1",,,,,,,,,,,,,True,0.0,0.0,0.0,31.7,13.3,22.5,56.04810989965591,0.0,0.0,0.0,0.0,0.0,0.0,0.05,0.4449924618850574,9.895193545784807,0.0022347723173032088,0.0155896088875802,delta,USW00023237,"STOCKTON AIRPORT, CA US",0.013414930284253668,0.13274333156590004
2026-05-13,USW00023237,,",,1,2400",,0.0,,,,,"STOCKTON AIRPORT, CA US",27.8,",,1",13.3,",,1",,,,,9.8,",,1",12.5,",,1",",,1",  250,",,1",4.8,  260,",,1",,,,,,,,,,,,,True,0.0,0.0,0.0,27.8,13.3,20.55,63.152313758639345,0.0,0.0,0.0,0.0,0.0,0.0,0.05,0.34162127682467075,9.895193545784807,0.0022347723173032088,0.01209193201944673,delta,USW00023237,"STOCKTON AIRPORT, CA US",0.011899161913340013,0.11774451016513049
2026-05-14,USW00023237,,",,1,2400",,0.0,,,,,"STOCKTON AIRPORT, CA US",32.2,",,1",9.4,",,1",,,,,7.6,",,1",10.3,",,1",",,1",  330,",,1",3.4,  310,",,1",,,,,,,,,,,,,True,0.0,0.0,0.0,32.2,9.4,20.8,48.03770768295168,0.0,0.0,0.0,0.0,0.0,0.0,0.05,0.28769961389373827,9.895193545784807,0.0022347723173032088,0.010270539423097453,delta,USW00023237,"STOCKTON AIRPORT, CA US",0.01065815573353009,0.10546451382439628
2026-05-15,USW00023237,,",,1,2400",,0.0,,,,,"STOCKTON AIRPORT, CA US",32.2,",,1",10.6,",,1",,,,,9.8,",,1",13.0,",,1",",,1",  300,",,1",4.8,  280,",,1",,,,,,,,,,,,,True,0.0,0.0,0.0,32.2,10.6,21.400000000000002,50.17062312889742,0.0,0.0,0.0,0.0,0.0,0.0,0.05,0.2440345336146403,9.895193545784807,0.0022347723173032088,0.008797622416218925,delta,USW00023237,"STOCKTON AIRPORT, CA US",0.009642105809359883,0.0954105031725521
2026-05-16,USW00023237,,",,1,2400",,0.0,,,,,"STOCKTON AIRPORT, CA US",28.9,",,1",12.8,",,1",,,,,10.7,",,1",15.2,",,1",",,1",  290,",,1",6.5,  290,",,1",,,,,,,,,,,,,True,0.0,0.0,0.0,28.9,12.8,20.85,60.00432534840706,0.0,0.0,0.0,0.0,0.0,0.0,0.05,0.20886237647102407,9.895193545784807,0.0022347723173032088,0.0076079870347634535,delta,USW00023237,"STOCKTON AIRPORT, CA US",0.008810234489779184,0.08717897546011368
2026-05-17,USW00023237,,",,1,2400",,0.0,,,,,"STOCKTON AIRPORT, CA US",26.1,",,1",12.8,",,1",,,,,14.3,",,1",20.6,",,1",",,1",  320,",,1",8.4,  330,",,1",,,,,,,,,,,,,True,0.0,0.0,0.0,26.1,12.8,19.450000000000003,65.43079300503878,0.0,0.0,0.0,0.0,0.0,0.0,0.05,0.1599293379340059,9.895193545784807,0.0022347723173032088,0.005864343544659304,delta,USW00023237,"STOCKTON AIRPORT, CA US",0.008045490420166869,0.07961168487830869
2026-05-18,USW00023237,,",,1,2400",,0.0,,,,,"STOCKTON AIRPORT, CA US",30.0,",,1",15.6,",,1",,,,,10.7,",,1",16.1,",,1",",,1",  350,",,1",6.7,  350,",,1",,,,,,,,,,,,,True,0.0,0.0,0.0,30.0,15.6,22.8,63.854514058555644,0.0,0.0,0.0,0.0,0.0,0.0,0.05,0.13214313473129394,9.895193545784807,0.0022347723173032088,0.004968709134425051,delta,USW00023237,"STOCKTON AIRPORT, CA US",0.007503036369809292,0.07424399706032557
2026-05-19,USW00023237,,",,1,2400",,0.0,,,,,"STOCKTON AIRPORT, CA US",31.7,",,1",9.4,",,1",,,,,6.3,",,1",8.5,",,1",",,1",  310,",,1",2.3,  300,",,1",,,,,,,,,,,,,True,0.0,0.0,0.0,31.7,9.4,20.55,48.78313897803777,0.0,0.0,0.0,0.0,0.0,0.0,0.05,0.11391121195450983,9.895193545784807,0.0022347723173032088,0.0043587061899252755,delta,USW00023237,"STOCKTON AIRPORT, CA US",0.00705891255664983,0.06984930597082073
2026-05-20,USW00023237,,",,1,2400",,0.0,,,,,"STOCKTON AIRPORT, CA US",33.9,",,1",11.1,",,1",,,,,6.7,",,1",8.5,",,1",",,1",  300,",,1",2.4,  300,",,1",,,,,,,,,,,,,True,0.0,0.0,0.0,33.9,11.1,22.5,48.499485663452916,0.0,0.0,0.0,0.0,0.0,0.0,0.05,0.1006896206289788,9.895193545784807,0.0022347723173032088,0.003923189256457242,delta,USW00023237,"STOCKTON AIRPORT, CA US",0.006695294732641919,0.06625123722556533
2026-05-21,USW00023237,,",,1,2400",,0.0,,,,,"STOCKTON AIRPORT, CA US",35.6,",,1",12.8,",,1",,,,,7.6,",,1",12.5,",,1",",,1",  290,",,1",2.9,  310,",,1",,,,,,,,,,,,,True,0.0,0.0,0.0,35.6,12.8,24.200000000000003,48.95659267969772,0.0,0.0,0.0,0.0,0.0,0.0,0.05,0.09150115127080104,9.895193545784807,0.0022347723173032088,0.003617131189406412,delta,USW00023237,"STOCKTON AIRPORT, CA US",0.006397589637759347,0.06330538769213605
2026-05-22,USW00023237,,",,1,2400",,0.0,,,,,"STOCKTON AIRPORT, CA US",33.3,",,1",11.1,",,1",,,,,6.7,",,1",9.8,",,1",",,1",  320,",,1",3.1,  270,",,1",,,,,,,,,,,,,True,0.0,0.0,0.0,33.3,11.1,22.2,49.39251209813901,0.0,0.0,0.0,0.0,0.0,0.0,0.05,0.10514158841412516,9.895193545784807,0.0022347723173032088,0.00402158049855652,delta,USW00023237,"STOCKTON AIRPORT, CA US",0.006153849321230985,0.060893530085177054
2026-05-23,USW00023237,,",,1,2400",,0.0,,,,,"STOCKTON AIRPORT, CA US",28.9,",,1",10.6,",,1",,,,,7.2,",,1",8.9,",,1",",,1",  330,",,1",3.8,  310,",,1",,,,,,,,,,,,,True,0.0,0.0,0.0,28.9,10.6,19.75,55.54189468701894,0.0,0.0,0.0,0.0,0.0,0.0,0.05,0.09514514723664896,9.895193545784807,0.0022347723173032088,0.0036976655429240635,delta,USW00023237,"STOCKTON AIRPORT, CA US",0.005954291628324254,0.058918868090314665
2026-05-24,USW00023237,,",,1,2400",,0.0,,,,,"STOCKTON AIRPORT, CA US",28.3,",,1",11.7,",,1",,,,,6.7,",,1",10.3,",,1",",,1",  290,",,1",4.0,  300,",,1",,,,,,,,,,,,,True,0.0,0.0,0.0,28.3,11.7,20.0,58.82527832700533,0.0,0.0,0.0,0.0,0.0,0.0,0.05,0.0862994118358236,9.895193545784807,0.0022347723173032088,0.003398400933838814,delta,USW00023237,"STOCKTON AIRPORT, CA US",0.005790907608128221,0.05730215158818651
2026-05-25,USW00023237,,",,1,2400",,0.0,,,,,"STOCKTON AIRPORT, CA US",25.6,",,1",10.6,",,1",,,,,10.7,",,1",14.3,",,1",",,1",  270,",,1",4.6,  270,",,1",,,,,,,,,,,,,True,0.0,0.0,0.0,25.6,10.6,18.1,61.56729502675715,0.0,0.0,0.0,0.0,0.0,0.0,0.05,0.06325527215119076,9.895193545784807,0.0022347723173032088,0.0026576531522194023,delta,USW00023237,"STOCKTON AIRPORT, CA US",0.005155147460224018,0.05101118187597764
2026-05-26,USW00023237,,"T,,1,2400",,0.0,,,,,"STOCKTON AIRPORT, CA US",23.3,",,1",12.2,",,1",,,,,10.3,",,1",12.1,",,1",",,1",  280,",,1",4.4,  270,",,1",,,,,,,,,,,,,True,0.0,0.0,0.0,23.3,12.2,17.75,69.9662050210312,0.0,0.0,0.0,0.0,0.0,0.0,0.05,0.45345327406632613,9.895193545784807,0.0022347723173032088,0.013555287398886217,delta,USW00023237,"STOCKTON AIRPORT, CA US",0.0050529582638936055,0.05
2026-05-27,USW00023237,,",,1,2400",,0.0,,,,,"STOCKTON AIRPORT, CA US",25.0,",,1",10.6,",,1",,,,,10.7,",,1",13.4,",,1",",,1",  290,",,1",3.0,  290,",,1",,,,,,,,,,,,,True,0.0,0.0,0.0,25.0,10.6,17.8,62.73985149317124,0.0,0.0,0.0,0.0,0.0,0.0,0.05,1.9115368533336605,9.895193545784807,0.0022347723173032088,0.07507882053703338,delta,USW00023237,"STOCKTON AIRPORT, CA US",0.0050529582638936055,0.05
2026-05-28,USW00023237,,",,1,2400",,2.8,,,,,"STOCKTON AIRPORT, CA US",20.6,",,1",11.7,",,1",,,,,6.3,",,1",9.4,",,1",",,1",  120,",,1",2.6,  140,",,1",,,,,",,1",    1,,,,,,,True,2.8,0.0,0.0,20.6,11.7,16.15,74.92345903663825,0.0,2.8,0.0,0.0,0.0,2.8,0.05,3.313465458338586,9.895193545784807,0.0022347723173032088,0.13676813341293795,delta,USW00023237,"STOCKTON AIRPORT, CA US",0.057126808278693965,0.5652808245706186
2026-05-29,USW00023237,,",,1,2400",,1.3,,,,,"STOCKTON AIRPORT, CA US",23.9,",,1",11.1,",,1",,,,,6.3,",,1",8.9,",,1",",,1",  270,",,1",3.0,  280,",,1",,,,,",,1",    1,,,,,,,True,1.3,0.0,0.0,23.9,11.1,17.5,66.09763254093951,0.0,1.3,0.0,0.0,0.0,1.3,0.05,5.977564951367363,9.895193545784807,0.0022347723173032088,0.24857740326871888,delta,USW00023237,"STOCKTON AIRPORT, CA US",0.07186456535190973,0.7111137832408476
2026-05-30,USW00023237,,",,1,2400",,0.0,,,,,"STOCKTON AIRPORT, CA US",28.9,",,1",10.6,",,1",,,,,7.2,",,1",9.4,",,1",",,1",  300,",,1",2.7,  290,",,1",,,,,,,,,,,,,True,0.0,0.0,0.0,28.9,10.6,19.75,55.54189468701894,0.0,0.0,0.0,0.0,0.0,0.0,0.05,5.035855778011601,9.895193545784807,0.0022347723173032088,0.21015512493970429,delta,USW00023237,"STOCKTON AIRPORT, CA US",0.05975367564941528,0.5912741856230128
2026-05-31,USW00023237,,",,1,2400",,0.0,,,,,"STOCKTON AIRPORT, CA US",32.2,",,1",10.0,",,1",,,,,6.7,",,1",9.4,",,1",",,1",  300,",,1",3.1,  290,",,1",,,,,,,,,,,,,True,0.0,0.0,0.0,32.2,10.0,21.1,49.09622899851529,0.0,0.0,0.0,0.0,0.0,0.0,0.05,4.1320734558696435,9.895193545784807,0.0022347723173032088,0.17246555920008116,delta,USW00023237,"STOCKTON AIRPORT, CA US",0.04983811780284761,0.49315782161680055
2026-06-01,USW00023237,,",,1,2400",,0.0,,,,,"STOCKTON AIRPORT, CA US",35.0,",,1",11.7,",,1",,,,,8.9,",,1",11.6,",,1",",,1",  290,",,1",2.9,  290,",,1",,,,,,,,,,,,,True,0.0,0.0,0.0,35.0,11.7,23.35,47.93184677854381,0.0,0.0,0.0,0.0,0.0,0.0,0.05,3.392119074643794,9.895193545784807,0.0022347723173032088,0.14160795265889742,delta,USW00023237,"STOCKTON AIRPORT, CA US",0.04171994565993898,0.41282693702472106
2026-06-02,USW00023237,,",,1,2400",,0.0,,,,,"STOCKTON AIRPORT, CA US",34.4,",,1",12.8,",,1",,,,,8.0,",,1",10.3,",,1",",,1",  280,",,1",3.5,  270,",,1",,,,,,,,,,,,,True,0.0,0.0,0.0,34.4,12.8,23.6,50.754628454740974,0.0,0.0,0.0,0.0,0.0,0.0,0.05,2.786295666859401,9.895193545784807,0.0022347723173032088,0.11634388121725003,delta,USW00023237,"STOCKTON AIRPORT, CA US",0.03507334846775871,0.3470575713872274
2026-06-03,USW00023237,,",,1,2400",,0.0,,,,,"STOCKTON AIRPORT, CA US",33.9,",,1",12.2,",,1",,,,,8.9,",,1",10.7,",,1",",,1",  270,",,1",4.0,  270,",,1",,,,,,,,,,,,,True,0.0,0.0,0.0,33.9,12.2,23.049999999999997,50.44330496220239,0.0,0.0,0.0,0.0,0.0,0.0,0.05,2.2902894119718162,9.895193545784807,0.0022347723173032088,0.09565940898001411,delta,USW00023237,"STOCKTON AIRPORT, CA US",0.029631574943198954,0.2932101691293811
2026-06-04,USW00023237,,",,1,2400",,0.0,,,,,"STOCKTON AIRPORT, CA US",34.4,",,1",13.9,",,1",,,,,7.6,",,1",9.8,",,1",",,1",  290,",,1",4.0,  270,",,1",,,,,,,,,,,,,True,0.0,0.0,0.0,34.4,13.9,24.15,52.75263994953973,0.0,0.0,0.0,0.0,0.0,0.0,0.05,1.8841938373763139,9.895193545784807,0.0022347723173032088,0.07872439544820134,delta,USW00023237,"STOCKTON AIRPORT, CA US",0.025176227607356317,0.24912364492752148
2026-06-05,USW00023237,,",,1,2400",,0.0,,,,,"STOCKTON AIRPORT, CA US",36.1,",,1",14.4,",,1",,,,,8.0,",,1",10.7,",,1",",,1",  270,",,1",3.4,  270,",,1",,,,,,,,,,,,,True,0.0,0.0,0.0,36.1,14.4,25.25,51.02223614163061,0.0,0.0,0.0,0.0,0.0,0.0,0.05,1.5517109017661028,9.895193545784807,0.0022347723173032088,0.06485917906591446,delta,USW00023237,"STOCKTON AIRPORT, CA US",0.021528497727857893,0.2130286517671423
2026-06-06,USW00023237,,",,1,2400",,0.0,,,,,"STOCKTON AIRPORT, CA US",29.4,",,1",12.8,",,1",,,,,9.8,",,1",12.5,",,1",",,1",  260,",,1",5.2,  260,",,1",,,,,,,,,,,,,True,0.0,0.0,0.0,29.4,12.8,21.1,59.08949518847941,0.0,0.0,0.0,0.0,0.0,0.0,0.05,1.279496892460242,9.895193545784807,0.0022347723173032088,0.053507299902984216,delta,USW00023237,"STOCKTON AIRPORT, CA US",0.018541989096591095,0.18347657083460045
2026-06-07,USW00023237,,",,1,2400",,0.0,,,,,"STOCKTON AIRPORT, CA US",30.6,",,1",11.7,",,1",,,,,8.0,",,1",11.2,",,1",",,1",  260,",,1",4.3,  280,",,1",,,,,,,,,,,,,True,0.0,0.0,0.0,30.6,11.7,21.15,54.799697475737034,0.0,0.0,0.0,0.0,0.0,0.0,0.05,1.0566158342957048,9.895193545784807,0.0022347723173032088,0.044212920087801255,delta,USW00023237,"STOCKTON AIRPORT, CA US",0.01609684263584014,0.15928137335767906
2026-06-08,USW00023237,,"T,,1,2400",,0.0,,,,,"STOCKTON AIRPORT, CA US",30.6,",,1",11.7,",,1",,,,,10.7,",,1",14.3,",,1",",,1",  270,",,1",5.0,  270,",,1",,,,,,,,,,,,,True,0.0,0.0,0.0,30.6,11.7,21.15,54.799697475737034,0.0,0.0,0.0,0.0,0.0,0.0,0.05,0.9440783091220132,9.895193545784807,0.0022347723173032088,0.03855059838167227,delta,USW00023237,"STOCKTON AIRPORT, CA US",0.014094926032643547,0.13947202110652868
2026-06-09,USW00023237,,",,1,2400",,0.0,,,,,"STOCKTON AIRPORT, CA US",30.0,",,1",15.0,",,1",,,,,8.0,",,1",14.3,",,1",",,1",  290,",,1",4.7,  300,",,1",,,,,,,,,,,,,True,0.0,0.0,0.0,30.0,15.0,22.5,62.57097877127482,0.0,0.0,0.0,0.0,0.0,0.0,0.05,0.8449472794821371,9.895193545784807,0.0022347723173032088,0.03440488150679333,delta,USW00023237,"STOCKTON AIRPORT, CA US",0.012455895344509084,0.12325349521995731
2026-06-10,USW00023237,,",,1,2400",,0.0,,,,,"STOCKTON AIRPORT, CA US",36.1,",,1",13.9,",,1",,,,,9.4,",,1",13.4,",,1",",,1",  350,",,1",4.5,  310,",,1",,,,,,,,,,,,,True,0.0,0.0,0.0,36.1,13.9,25.0,50.13772727236808,0.0,0.0,0.0,0.0,0.0,0.0,0.05,0.700847784787703,9.895193545784807,0.0022347723173032088,0.028573430040615355,delta,USW00023237,"STOCKTON AIRPORT, CA US",0.011113970514894832,0.10997488930702999
2026-06-11,USW00023237,,",,1,2400",,0.0,,,,,"STOCKTON AIRPORT, CA US",37.8,",,1",20.0,",,1",,,,,6.3,",,1",11.2,",,1",",,1",  290,",,1",3.8,  300,",,1",,,,,,,,,,,,,True,0.0,0.0,0.0,37.8,20.0,28.9,58.68599567693597,0.0,0.0,0.0,0.0,0.0,0.0,0.05,0.5828690969783724,9.895193545784807,0.0022347723173032088,0.023799041390173768,delta,USW00023237,"STOCKTON AIRPORT, CA US",0.010015295388570714,0.09910328628811327
2026-06-12,USW00023237,,",,1,2400",,0.0,,,,,"STOCKTON AIRPORT, CA US",38.9,",,1",16.7,",,1",,,,,8.9,",,1",11.2,",,1",",,1",  300,",,1",3.6,  300,",,1",,,,,,,,,,,,,True,0.0,0.0,0.0,38.9,16.7,27.799999999999997,50.87017323087455,0.0,0.0,0.0,0.0,0.0,0.0,0.05,0.48595896087654017,9.895193545784807,0.0022347723173032088,0.019880280045306148,delta,USW00023237,"STOCKTON AIRPORT, CA US",0.009115776275007322,0.09020237056127071
2026-06-13,USW00023237,,",,1,2400",,0.0,,,,,"STOCKTON AIRPORT, CA US",38.9,",,1",16.1,",,1",,,,,7.6,",,1",9.8,",,1",",,1",  300,",,1",3.0,  300,",,1",,,,,,,,,,,,,True,0.0,0.0,0.0,38.9,16.1,27.5,49.83066791662694,0.0,0.0,0.0,0.0,0.0,0.0,0.05,0.4069330083495442,9.895193545784807,0.0022347723173032088,0.016681692147894403,delta,USW00023237,"STOCKTON AIRPORT, CA US",0.008379312313751526,0.08291491712514926
2026-06-14,USW00023237,,",,1,2400",,0.0,,,,,"STOCKTON AIRPORT, CA US",35.6,",,1",15.6,",,1",,,,,7.6,",,1",9.4,",,1",",,1",  300,",,1",4.0,  300,",,1",,,,,,,,,,,,,True,0.0,0.0,0.0,35.6,15.6,25.6,53.9824847505112,0.0,0.0,0.0,0.0,0.0,0.0,0.05,0.3422320307244118,9.895193545784807,0.0022347723173032088,0.014062909869860366,delta,USW00023237,"STOCKTON AIRPORT, CA US",0.007776346620137776,0.07694845488537282
2026-06-15,USW00023237,,",,1,2400",,0.0,,,,,"STOCKTON AIRPORT, CA US",35.6,",,1",15.6,",,1",,,,,7.2,",,1",9.8,",,1",",,1",  280,",,1",3.5,  290,",,1",,,,,,,,,,,,,True,0.0,0.0,0.0,35.6,15.6,25.6,53.9824847505112,0.0,0.0,0.0,0.0,0.0,0.0,0.05,0.2892593505885056,9.895193545784807,0.0022347723173032088,0.011918832283218288,delta,USW00023237,"STOCKTON AIRPORT, CA US",0.007282680063725203,0.07206352876258931
2026-06-16,USW00023237,,",,1,2400",,0.0,,,,,"STOCKTON AIRPORT, CA US",35.0,",,1",15.6,",,1",,,,,6.3,",,1",8.9,",,1",",,1",  330,",,1",3.4,  290,",,1",,,,,,,,,,,,,True,0.0,0.0,0.0,35.0,15.6,25.3,54.95344554089824,0.0,0.0,0.0,0.0,0.0,0.0,0.05,0.23998340363670784,9.895193545784807,0.0022347723173032088,0.009998106821796977,delta,USW00023237,"STOCKTON AIRPORT, CA US",0.006878500072224122,0.06806408951935246
2026-06-17,USW00023237,,",,1,2400",,0.0,,,,,"STOCKTON AIRPORT, CA US",32.8,",,1",15.0,",,1",,,,,7.2,",,1",9.8,",,1",",,1",  310,",,1",4.0,  300,",,1",,,,,,,,,,,,,True,0.0,0.0,0.0,32.8,15.0,23.9,57.4949715118646,0.0,0.0,0.0,0.0,0.0,0.0,0.05,0.18258376922420289,9.895193545784807,0.0022347723173032088,0.007637500313104533,delta,USW00023237,"STOCKTON AIRPORT, CA US",0.00654758548340339,0.06478962561584752
2026-06-18,USW00023237,,",,1,2400",,0.0,,,,,"STOCKTON AIRPORT, CA US",30.6,",,1",15.0,",,1",,,,,7.6,",,1",9.8,",,1",",,1",  300,",,1",4.1,  310,",,1",,,,,,,,,,,,,True,0.0,0.0,0.0,30.6,15.0,22.8,61.442213200204634,0.0,0.0,0.0,0.0,0.0,0.0,0.05,0.13246758293182304,9.895193545784807,0.0022347723173032088,0.0055350776666636,delta,USW00023237,"STOCKTON AIRPORT, CA US",0.0054957781146587285,0.05438178812923644
2026-06-19,USW00023237,,",,1,2400",,0.0,,,,,"STOCKTON AIRPORT, CA US",27.8,",,1",13.9,",,1",,,,,8.9,",,1",11.2,",,1",",,1",  300,",,1",4.2,  300,",,1",,,,,,,,,,,,,True,0.0,0.0,0.0,27.8,13.9,20.85,64.46335227715217,0.0,0.0,0.0,0.0,0.0,0.0,0.05,0.07642737775419707,9.895193545784807,0.0022347723173032088,0.0030670071193775786,delta,USW00023237,"STOCKTON AIRPORT, CA US",0.0050529582638936055,0.05
2026-06-20,USW00023237,,",,1,2400",,0.0,,,,,"STOCKTON AIRPORT, CA US",28.9,",,1",14.4,",,1",,,,,8.0,",,1",10.7,",,1",",,1",  290,",,1",4.5,  290,",,1",,,,,,,,,,,,,True,0.0,0.0,0.0,28.9,14.4,21.65,63.39692162646237,0.0,0.0,0.0,0.0,0.0,0.0,0.05,0.5466486737206853,9.895193545784807,0.0022347723173032088,0.022184469254687797,delta,USW00023237,"STOCKTON AIRPORT, CA US",0.0050529582638936055,0.05
2026-06-21,USW00023237,,",,1,2400",,0.0,,,,,"STOCKTON AIRPORT, CA US",32.8,",,1",12.2,",,1",,,,,6.7,",,1",8.5,",,1",",,1",  290,",,1",3.3,  250,",,1",,,,,,,,,,,,,True,0.0,0.0,0.0,32.8,12.2,22.5,52.15361626448999,0.0,0.0,0.0,0.0,0.0,0.0,0.05,0.45662154265051763,9.895193545784807,0.0022347723173032088,0.018568202714525604,delta,USW00023237,"STOCKTON AIRPORT, CA US",0.0050529582638936055,0.05
2026-06-22,USW00023237,,",,1,2400",,0.0,,,,,"STOCKTON AIRPORT, CA US",34.4,",,1",13.9,",,1",,,,,6.3,",,1",8.5,",,1",",,1",  300,",,1",3.2,  300,",,1",,,,,,,,,,,,,True,0.0,0.0,0.0,34.4,13.9,24.15,52.75263994953973,0.0,0.0,0.0,0.0,0.0,0.0,0.05,0.38291356183198905,9.895193545784807,0.0022347723173032088,0.015607454086767898,delta,USW00023237,"STOCKTON AIRPORT, CA US",0.0050529582638936055,0.05
2026-06-23,USW00023237,,",,1,2400",,0.0,,,,,"STOCKTON AIRPORT, CA US",34.4,",,1",12.8,",,1",,,,,6.3,",,1",8.9,",,1",",,1",  300,",,1",3.9,  300,",,1",,,,,,,,,,,,,True,0.0,0.0,0.0,34.4,12.8,23.6,50.754628454740974,0.0,0.0,0.0,0.0,0.0,0.0,0.05,0.3225665711885777,9.895193545784807,0.0022347723173032088,0.013183398133089233,delta,USW00023237,"STOCKTON AIRPORT, CA US",0.0050529582638936055,0.05
2026-06-24,USW00023237,,",,1,2400",,0.0,,,,,"STOCKTON AIRPORT, CA US",32.8,",,1",13.9,",,1",,,,,6.7,",,1",9.8,",,1",",,1",  300,",,1",3.6,  310,",,1",,,,,,,,,,,,,True,0.0,0.0,0.0,32.8,13.9,23.349999999999998,55.35459404775818,0.0,0.0,0.0,0.0,0.0,0.0,0.05,0.27315863409310753,9.895193545784807,0.0022347723173032088,0.01119874897663073,delta,USW00023237,"STOCKTON AIRPORT, CA US",0.0050529582638936055,0.05
2026-06-25,USW00023237,,",,1,2400",,0.0,,,,,"STOCKTON AIRPORT, CA US",31.1,",,1",12.8,",,1",,,,,9.4,",,1",12.1,",,1",",,1",  260,",,1",4.6,  270,",,1",,,,,,,,,,,,,True,0.0,0.0,0.0,31.1,12.8,21.950000000000003,56.09429669957213,0.0,0.0,0.0,0.0,0.0,0.0,0.05,0.23270683654690372,9.895193545784807,0.0022347723173032088,0.009573855678167886,delta,USW00023237,"STOCKTON AIRPORT, CA US",0.0050529582638936055,0.05
2026-06-26,USW00023237,,,,,,,,,"STOCKTON AIRPORT, CA US",27.8,",,1",14.4,",,1",,,,,11.6,",,1",14.8,",,1",",,1",  260,",,1",6.3,  270,",,1",,,,,,,,,,,,,True,0.0,0.0,0.0,27.8,14.4,21.1,65.56964233901508,0.0,0.0,0.0,0.0,0.0,0.0,0.05,0.24398887138871955,9.895193545784807,0.0022347723173032088,0.009862797330165892,delta,USW00023237,"STOCKTON AIRPORT, CA US",0.0050529582638936055,0.05
2026-06-27,USW00023237,,",,1,2400",,0.0,,,,,"STOCKTON AIRPORT, CA US",26.7,",,1",14.4,",,1",,,,,9.8,",,1",13.0,",,1",",,1",  260,",,1",5.6,  260,",,1",,,,,,,,,,,,,True,0.0,0.0,0.0,26.7,14.4,20.55,67.82636329047845,0.0,0.0,0.0,0.0,0.0,0.0,0.05,0.3159294547251555,9.895193545784807,0.0022347723173032088,0.011499583786714175,delta,USW00023237,"STOCKTON AIRPORT, CA US",0.0050529582638936055,0.05
2026-06-28,USW00023237,,",,1,2400",,0.0,,,,,"STOCKTON AIRPORT, CA US",30.6,",,1",12.8,",,1",,,,,8.9,",,1",13.9,",,1",",,1",  320,",,1",4.7,  350,",,1",,,,,,,,,,,,,True,0.0,0.0,0.0,30.6,12.8,21.700000000000003,56.95714714101043,0.0,0.0,0.0,0.0,0.0,0.0,0.05,0.4451284494777709,9.895193545784807,0.0022347723173032088,0.015055108064382984,delta,USW00023237,"STOCKTON AIRPORT, CA US",0.0050529582638936055,0.05
2026-06-29,USW00023237,,",,1,2400",,0.0,,,,,"STOCKTON AIRPORT, CA US",32.8,",,1",13.3,",,1",,,,,10.7,",,1",13.4,",,1",",,1",  290,",,1",3.8,  290,",,1",,,,,,,,,,,,,True,0.0,0.0,0.0,32.8,13.3,23.049999999999997,54.210083647610425,0.0,0.0,0.0,0.0,0.0,0.0,0.05,0.3724551577849679,9.895193545784807,0.0022347723173032088,0.01270197868735469,delta,USW00023237,"STOCKTON AIRPORT, CA US",0.0050529582638936055,0.05
2026-06-30,USW00023237,,",,1,2400",,0.0,,,,,"STOCKTON AIRPORT, CA US",33.9,",,1",15.0,",,1",,,,,7.6,",,1",10.3,",,1",",,1",  290,",,1",3.5,  290,",,1",,,,,,,,,,,,,True,0.0,0.0,0.0,33.9,15.0,24.45,55.628879082971544,0.0,0.0,0.0,0.0,0.0,0.0,0.05,0.3130601644705138,9.895193545784807,0.0022347723173032088,0.010768048468056925,delta,USW00023237,"STOCKTON AIRPORT, CA US",0.0050529582638936055,0.05
