stage_id,frame,input_mm_day,norm,fog_baseline_mm_day,fog_baseline_norm,scaled,high_variation,variation_threshold
shasta,0,0.3260432988771171,0.015308570822699971,0.05,0.0023476285014018402,3.0617141645399943,0,0.04709076954064801
shasta,1,1.6702543770202516,0.07842273560167834,0.05,0.0023476285014018402,15.684547120335669,0,0.04709076954064801
shasta,2,3.006137232399255,0.14114586891811476,0.05,0.0023476285014018402,28.22917378362295,0,0.04709076954064801
shasta,3,4.01351796763753,0.1884449834342851,0.05,0.0023476285014018402,37.68899668685702,0,0.04709076954064801
shasta,4,4.948751129270563,0.23235658394840228,0.05,0.0023476285014018402,46.47131678968046,0,0.04709076954064801
shasta,5,4.49714759826946,0.2111526375341643,0.05,0.0023476285014018402,42.23052750683286,0,0.04709076954064801
shasta,6,4.051616236123414,0.19023379505331547,0.05,0.0023476285014018402,38.046759010663095,0,0.04709076954064801
shasta,7,3.681874537094206,0.17287347203736128,0.05,0.0023476285014018402,34.57469440747226,0,0.04709076954064801
shasta,8,3.318761466571022,0.15582438016552602,0.05,0.0023476285014018402,31.164876033105205,0,0.04709076954064801
shasta,9,3.0160425668805053,0.14161094982899677,0.05,0.0023476285014018402,28.322189965799353,0,0.04709076954064801
shasta,10,2.7201074947007533,0.12771603762872485,0.05,0.0023476285014018402,25.54320752574497,0,0.04709076954064801
shasta,11,2.4722622219861985,0.11607906510547683,0.05,0.0023476285014018402,23.215813021095364,0,0.04709076954064801
shasta,12,2.2310819031196107,0.10475502929450914,0.05,0.0023476285014018402,20.951005858901826,0,0.04709076954064801
shasta,13,2.028163356343206,0.09522748201700254,0.05,0.0023476285014018402,19.04549640340051,0,0.04709076954064801
shasta,14,1.8316110793638398,0.08599884746795876,0.05,0.0023476285014018402,17.199769493591752,0,0.04709076954064801
shasta,15,1.665475424748104,0.07819835151045969,0.05,0.0023476285014018402,15.639670302091938,0,0.04709076954064801
shasta,16,1.5052966396926277,0.07067754588813657,0.05,0.0023476285014018402,14.135509177627315,0,0.04709076954064801
shasta,17,1.3692762700759826,0.0642910399584716,0.05,0.0023476285014018402,12.85820799169432,0,0.04709076954064801
shasta,18,1.2387426067980287,0.0581621489923973,0.05,0.0023476285014018402,11.63242979847946,0,0.04709076954064801
shasta,19,1.1273785471478475,0.052933320183065694,0.05,0.0023476285014018402,10.586664036613138,0,0.04709076954064801
shasta,20,1.0210057488449935,0.047938843921672705,0.05,0.0023476285014018402,9.587768784334541,0,0.04709076954064801
shasta,21,0.9298285684217794,0.043657840972892804,0.05,0.0023476285014018402,8.73156819457856,0,0.04709076954064801
shasta,22,0.8431465370764422,0.03958789682597837,0.05,0.0023476285014018402,7.9175793651956745,0,0.04709076954064801
shasta,23,0.768496975485017,0.03608290805779474,0.05,0.0023476285014018402,7.216581611558947,0,0.04709076954064801
shasta,24,0.697862304936931,0.032766428742478426,0.05,0.0023476285014018402,6.553285748495686,0,0.04709076954064801
shasta,25,0.6367444131582425,0.029896786648773578,0.05,0.0023476285014018402,5.979357329754715,0,0.04709076954064801
shasta,26,0.5791875623776132,0.027194344581902813,0.05,0.0023476285014018402,5.438868916380563,0,0.04709076954064801
shasta,27,0.5291484648151086,0.02484488034945955,0.05,0.0023476285014018402,4.9689760698919105,0,0.04709076954064801
shasta,28,0.48224917285977015,0.02264283805966118,0.05,0.0023476285014018402,4.528567611932236,0,0.04709076954064801
shasta,29,0.4412806248290784,0.02071925943930314,0.05,0.0023476285014018402,4.143851887860627,0,0.04709076954064801
shasta,30,0.40306635045117956,0.01892500104550423,0.05,0.0023476285014018402,3.7850002091008457,0,0.04709076954064801
shasta,31,0.36952414026949965,0.017350108073053774,0.05,0.0023476285014018402,3.4700216146107548,0,0.04709076954064801
shasta,32,0.33838727253254947,0.0158881521101809,0.05,0.0023476285014018402,3.1776304220361804,0,0.04709076954064801
shasta,33,0.31092523353060286,0.014598738800829326,0.05,0.0023476285014018402,2.9197477601658655,0,0.04709076954064801
shasta,34,0.285555605349289,0.013407569557060931,0.05,0.0023476285014018402,2.6815139114121864,0,0.04709076954064801
shasta,35,0.2630715894761684,0.012351887227266743,0.05,0.0023476285014018402,2.4703774454533485,0,0.04709076954064801
shasta,36,0.24240146651861566,0.011381371831614117,0.05,0.0023476285014018402,2.2762743663228235,0,0.04709076954064801
shasta,37,0.2239931112705983,0.010517052242730604,0.05,0.0023476285014018402,2.103410448546121,0,0.04709076954064801
shasta,38,0.20715235093050025,0.009726335263536766,0.05,0.0023476285014018402,1.9452670527073532,0,0.04709076954064801
shasta,39,0.192080864375364,0.009018690235630117,0.05,0.0023476285014018402,1.8037380471260234,0,0.04709076954064801
shasta,40,0.17732406893241315,0.008325820764205552,0.05,0.0023476285014018402,1.6651641528411105,0,0.04709076954064801
shasta,41,0.16288895773747392,0.00764805519496267,0.05,0.0023476285014018402,1.529611038992534,0,0.04709076954064801
shasta,42,0.14023710848489132,0.0065844926566662534,0.05,0.0023476285014018402,1.3168985313332506,0,0.04709076954064801
shasta,43,0.10997716843819441,0.005163710702579521,0.05,0.0023476285014018402,1.032742140515904,0,0.04709076954064801
shasta,44,0.0834608849150007,0.00391870304357349,0.05,0.0023476285014018402,0.7837406087146981,0,0.04709076954064801
shasta,45,0.0600832225175723,0.0028210617127664315,0.05,0.0023476285014018402,0.5642123425532863,0,0.04709076954064801
shasta,46,0.3202076130037699,0.015034570373070013,0.05,0.0023476285014018402,3.0069140746140026,0,0.04709076954064801
shasta,47,0.7953552996384328,0.037343975403443704,0.05,0.0023476285014018402,7.468795080688741,0,0.04709076954064801
shasta,48,1.2746785212792615,0.05984943253359892,0.05,0.0023476285014018402,11.969886506719785,0,0.04709076954064801
shasta,49,1.756862757646533,0.08248922165804867,0.05,0.0023476285014018402,16.497844331609734,0,0.04709076954064801
shasta,50,1.8337261383861914,0.08609815492481915,0.05,0.0023476285014018402,17.21963098496383,0,0.04709076954064801
shasta,51,1.6601913016492227,0.0779502483506227,0.05,0.0023476285014018402,15.59004967012454,0,0.04709076954064801
shasta,52,1.506878519378713,0.07075181920487343,0.05,0.0023476285014018402,14.150363840974686,0,0.04709076954064801
shasta,53,1.3648002118117895,0.0640808775193725,0.05,0.0023476285014018402,12.816175503874499,0,0.04709076954064801
shasta,54,1.2399151074301313,0.05821720091043402,0.05,0.0023476285014018402,11.643440182086803,0,0.04709076954064801
shasta,55,1.1235912276798206,0.05275549580052462,0.05,0.0023476285014018402,10.551099160104924,0,0.04709076954064801
shasta,56,1.021865307832007,0.04797920242520368,0.05,0.0023476285014018402,9.595840485040737,0,0.04709076954064801
shasta,57,0.9266273701630815,0.043507536487477655,0.05,0.0023476285014018402,8.701507297495532,0,0.04709076954064801
shasta,58,0.9439729504247576,0.04432195605939094,0.05,0.0023476285014018402,8.864391211878187,0,0.04709076954064801
shasta,59,1.005748041593914,0.047222455353499115,0.05,0.0023476285014018402,9.444491070699822,0,0.04709076954064801
shasta,60,1.218162634864609,0.057195866419018374,0.05,0.0023476285014018402,11.439173283803674,0,0.04709076954064801
shasta,61,1.48302209182992,0.06963169861976994,0.05,0.0023476285014018402,13.926339723953987,0,0.04709076954064801
shasta,62,1.4397226119186848,0.06759867675706009,0.05,0.0023476285014018402,13.519735351412018,0,0.04709076954064801
shasta,63,1.3025395849303647,0.06115758107573293,0.05,0.0023476285014018402,12.231516215146586,0,0.04709076954064801
shasta,64,1.1850315975845838,0.05564027907102649,0.05,0.0023476285014018402,11.128055814205299,0,0.04709076954064801
shasta,65,1.0727156345889182,0.05036675595320611,0.05,0.0023476285014018402,10.073351190641223,0,0.04709076954064801
shasta,66,0.9770116241173603,0.04587320669957632,0.05,0.0023476285014018402,9.174641339915263,0,0.04709076954064801
shasta,67,0.8850550911512398,0.04155561114594908,0.05,0.0023476285014018402,8.311122229189817,0,0.04709076954064801
shasta,68,0.8071114175064945,0.037895955350901726,0.05,0.0023476285014018402,7.579191070180345,0,0.04709076954064801
shasta,69,0.7318237760207035,0.0343610070917944,0.05,0.0023476285014018402,6.8722014183588795,0,0.04709076954064801
shasta,70,0.6683463274841404,0.031380577744180314,0.05,0.0023476285014018402,6.276115548836063,0,0.04709076954064801
shasta,71,0.6067060200730137,0.028486406893909674,0.05,0.0023476285014018402,5.697281378781935,0,0.04709076954064801
shasta,72,0.5550113484911279,0.02605920920638482,0.05,0.0023476285014018402,5.211841841276963,0,0.04709076954064801
shasta,73,0.5045445331844574,0.02368966252660637,0.05,0.0023476285014018402,4.7379325053212735,0,0.04709076954064801
shasta,74,0.46244670462099885,0.0217130612829523,0.05,0.0023476285014018402,4.34261225659046,0,0.04709076954064801
shasta,75,0.4211279709195207,0.019773040545363843,0.05,0.0023476285014018402,3.9546081090727685,0,0.04709076954064801
shasta,76,0.3868463717886711,0.01816343136149954,0.05,0.0023476285014018402,3.632686272299908,0,0.04709076954064801
shasta,77,0.3530174538290318,0.016575076722026863,0.05,0.0023476285014018402,3.3150153444053725,0,0.04709076954064801
shasta,78,0.32510167326345385,0.015264359080134257,0.05,0.0023476285014018402,3.0528718160268515,0,0.04709076954064801
shasta,79,0.29740489778654494,0.013963924290003878,0.05,0.0023476285014018402,2.7927848580007755,0,0.04709076954064801
shasta,80,0.2746735248036808,0.012896627908192525,0.05,0.0023476285014018402,2.5793255816385052,0,0.04709076954064801
shasta,81,0.25205378584468485,0.011834573030704355,0.05,0.0023476285014018402,2.366914606140871,0,0.04709076954064801
shasta,82,0.23348808203196447,0.010962865522317811,0.05,0.0023476285014018402,2.192573104463562,0,0.04709076954064801
shasta,83,0.21505181634034842,0.010097235466376718,0.05,0.0023476285014018402,2.0194470932753434,0,0.04709076954064801
shasta,84,0.1998515036763371,0.009383541721571671,0.05,0.0023476285014018402,1.8767083443143342,0,0.04709076954064801
shasta,85,0.18482529274936008,0.00867802250076673,0.05,0.0023476285014018402,1.7356045001533462,0,0.04709076954064801
shasta,86,0.17238032931493333,0.00809369948361545,0.05,0.0023476285014018402,1.6187398967230902,0,0.04709076954064801
shasta,87,0.15950730218940581,0.007489277776031303,0.05,0.0023476285014018402,1.4978555552062607,0,0.04709076954064801
shasta,88,0.1421931142687074,0.006676332155206123,0.05,0.0023476285014018402,1.3352664310412246,0,0.04709076954064801
shasta,89,0.20482945213910575,0.009617269195365775,0.05,0.0023476285014018402,1.923453839073155,0,0.04709076954064801
shasta,90,0.8973199322174662,0.042131476954993814,0.05,0.0023476285014018402,8.426295390998764,0,0.04709076954064801
shasta,91,1.4764768611444554,0.06932438321766102,0.05,0.0023476285014018402,13.864876643532204,0,0.04709076954064801
shasta,92,1.3438990888407394,0.06309951607940967,0.05,0.0023476285014018402,12.619903215881934,0,0.04709076954064801
shasta,93,1.2152166574812553,0.05705754520962544,0.05,0.0023476285014018402,11.411509041925088,0,0.04709076954064801
shasta,94,1.1066711581216326,0.051961055049714544,0.05,0.0023476285014018402,10.392211009942908,0,0.04709076954064801
shasta,95,1.0018013877261505,0.04703714981139653,0.05,0.0023476285014018402,9.407429962279306,0,0.04709076954064801
shasta,96,0.9129318492922202,0.0428644965847181,0.05,0.0023476285014018402,8.572899316943621,0,0.04709076954064801
shasta,97,0.8274700504230696,0.038851845488592315,0.05,0.0023476285014018402,7.770369097718463,0,0.04709076954064801
shasta,98,0.754709826295366,0.03543556596998066,0.05,0.0023476285014018402,7.0871131939961325,0,0.04709076954064801
shasta,99,0.684570610316902,0.032142349520040234,0.05,0.0023476285014018402,6.428469904008047,0,0.04709076954064801
shasta,100,0.6229039555650566,0.029246941594409444,0.05,0.0023476285014018402,5.849388318881889,0,0.04709076954064801
shasta,101,0.5633160734640558,0.026449137387239797,0.05,0.0023476285014018402,5.289827477447959,0,0.04709076954064801
shasta,102,0.5096144002375504,0.02392770581444956,0.05,0.0023476285014018402,4.7855411628899125,0,0.04709076954064801
shasta,103,0.4602108327435016,0.021608081352050387,0.05,0.0023476285014018402,4.321616270410077,0,0.04709076954064801
shasta,104,0.42155252958059186,0.019792974665628793,0.05,0.0023476285014018402,3.9585949331257586,0,0.04709076954064801
shasta,105,0.5701735114142162,0.026771111722807626,0.05,0.0023476285014018402,5.354222344561525,0,0.04709076954064801
shasta,106,1.1347865333728935,0.05328114417506389,0.05,0.0023476285014018402,10.656228835012778,0,0.04709076954064801
shasta,107,1.4652498015091626,0.06879724391392597,0.05,0.0023476285014018402,13.759448782785194,0,0.04709076954064801
shasta,108,1.331252082555061,0.06250570663113632,0.05,0.0023476285014018402,12.501141326227264,0,0.04709076954064801
shasta,109,1.2059959740244068,0.056624610423911405,0.05,0.0023476285014018402,11.324922084782282,0,0.04709076954064801
shasta,110,1.0962879206743845,0.05147353536635489,0.05,0.0023476285014018402,10.294707073270978,0,0.04709076954064801
shasta,111,0.9942285966366828,0.0466815878074606,0.05,0.0023476285014018402,9.33631756149212,0,0.04709076954064801
shasta,112,0.9044072394986997,0.04246424424642614,0.05,0.0023476285014018402,8.492848849285227,0,0.04709076954064801
shasta,113,0.8212507054791823,0.03855983125958593,0.05,0.0023476285014018402,7.711966251917186,0,0.04709076954064801
shasta,114,0.7477111981071143,0.03510696238987158,0.05,0.0023476285014018402,7.021392477974316,0,0.04709076954064801
shasta,115,0.6799579854521227,0.031925774928063616,0.05,0.0023476285014018402,6.385154985612723,0,0.04709076954064801
shasta,116,0.6197489292004063,0.029098804998082897,0.05,0.0023476285014018402,5.819760999616579,0,0.04709076954064801
shasta,117,0.5645471432715852,0.026506939278587226,0.05,0.0023476285014018402,5.301387855717445,0,0.04709076954064801
shasta,118,0.5152521373045023,0.02419241205888527,0.05,0.0023476285014018402,4.838482411777054,0,0.04709076954064801
shasta,119,0.4702776744009523,0.022080745439933002,0.05,0.0023476285014018402,4.4161490879866,0,0.04709076954064801
shasta,120,0.4299183370425393,0.02018577082632695,0.05,0.0023476285014018402,4.03715416526539,0,0.04709076954064801
shasta,121,0.39327724896299293,0.018465377572368588,0.05,0.0023476285014018402,3.6930755144737177,0,0.04709076954064801
shasta,122,0.3602338182938111,0.01691390357990725,0.05,0.0023476285014018402,3.3827807159814505,0,0.04709076954064801
shasta,123,0.33038273106382104,0.015512318316328108,0.05,0.0023476285014018402,3.1024636632656217,0,0.04709076954064801
shasta,124,0.3033290581877615,0.014242078846099324,0.05,0.0023476285014018402,2.848415769219865,0,0.04709076954064801
shasta,125,0.304989347961784,0.014320033717980947,0.05,0.0023476285014018402,2.8640067435961893,0,0.04709076954064801
shasta,126,0.32942278052725227,0.01546724617153641,0.05,0.0023476285014018402,3.093449234307282,0,0.04709076954064801
shasta,127,0.32414584790541784,0.015219480623076495,0.05,0.0023476285014018402,3.043896124615299,0,0.04709076954064801
shasta,128,0.29756714401721407,0.013971542167511154,0.05,0.0023476285014018402,2.794308433502231,0,0.04709076954064801
shasta,129,0.27391359469492566,0.012860947236544785,0.05,0.0023476285014018402,2.572189447308957,0,0.04709076954064801
shasta,130,0.25215279244469974,0.011839221645024791,0.05,0.0023476285014018402,2.3678443290049582,0,0.04709076954064801
shasta,131,0.22617537481711386,0.01061951512471801,0.05,0.0023476285014018402,2.123903024943602,0,0.04709076954064801
shasta,132,0.197741320404457,0.009284463193726729,0.05,0.0023476285014018402,1.8568926387453457,0,0.04709076954064801
shasta,133,0.17966308085704089,0.008435643385393049,0.05,0.0023476285014018402,1.6871286770786098,0,0.04709076954064801
shasta,134,0.16700106247345456,0.007841129080541423,0.05,0.0023476285014018402,1.5682258161082845,0,0.04709076954064801
shasta,135,0.15590283025786977,0.007320038555251765,0.05,0.0023476285014018402,1.4640077110503529,0,0.04709076954064801
shasta,136,0.14553604641118875,0.006833291410724953,0.05,0.0023476285014018402,1.3666582821449906,0,0.04709076954064801
shasta,137,0.5377506396301599,0.025248774564856667,0.05,0.0023476285014018402,5.049754912971333,0,0.04709076954064801
shasta,138,1.0975769345846476,0.05153405788224363,0.05,0.0023476285014018402,10.306811576448725,0,0.04709076954064801
shasta,139,1.2904883782145913,0.060591745948488235,0.05,0.0023476285014018402,12.118349189697646,0,0.04709076954064801
shasta,140,1.3482206660933722,0.06330242523799547,0.05,0.0023476285014018402,12.660485047599094,0,0.04709076954064801
shasta,141,1.5951290110192267,0.07489540659363332,0.05,0.0023476285014018402,14.979081318726664,0,0.04709076954064801
shasta,142,1.9032616071348698,0.08936302389067384,0.05,0.0023476285014018402,17.872604778134768,0,0.04709076954064801
shasta,143,1.8334404932902844,0.08608474315345041,0.05,0.0023476285014018402,17.216948630690084,0,0.04709076954064801
shasta,144,1.65715354565407,0.0778076178995322,0.05,0.0023476285014018402,15.561523579906439,0,0.04709076954064801
shasta,145,1.506588941029884,0.07073822275717143,0.05,0.0023476285014018402,14.147644551434285,0,0.04709076954064801
shasta,146,1.3622573956338662,0.06396148576471014,0.05,0.0023476285014018402,12.792297152942028,0,0.04709076954064801
shasta,147,1.2322140605220688,0.05785561696619402,0.05,0.0023476285014018402,11.571123393238803,0,0.04709076954064801
shasta,148,1.1051040665944492,0.051887476075044126,0.05,0.0023476285014018402,10.377495215008825,0,0.04709076954064801
shasta,149,1.0053197390291215,0.04720234544733251,0.05,0.0023476285014018402,9.440469089466502,0,0.04709076954064801
shasta,150,0.9101921970496542,0.04273586287094655,0.05,0.0023476285014018402,8.547172574189311,0,0.04709076954064801
shasta,151,0.8302239499239548,0.038981148147757806,0.05,0.0023476285014018402,7.796229629551561,0,0.04709076954064801
shasta,152,0.7523401058406474,0.03532430150438361,0.05,0.0023476285014018402,7.064860300876721,0,0.04709076954064801
shasta,153,0.6872167127366774,0.03226659082920609,0.05,0.0023476285014018402,6.453318165841218,0,0.04709076954064801
shasta,154,0.6234508144177434,0.029272618022985673,0.05,0.0023476285014018402,5.8545236045971345,0,0.04709076954064801
shasta,155,0.5704180841544174,0.02678259504151887,0.05,0.0023476285014018402,5.356519008303774,0,0.04709076954064801
shasta,156,0.5182109822030626,0.02433133743118703,0.05,0.0023476285014018402,4.866267486237406,0,0.04709076954064801
shasta,157,0.4750254436939664,0.022303665410140207,0.05,0.0023476285014018402,4.4607330820280415,0,0.04709076954064801
shasta,158,0.43228188379731436,0.020296745420845065,0.05,0.0023476285014018402,4.059349084169013,0,0.04709076954064801
shasta,159,0.39711612905756,0.018645622858837987,0.05,0.0023476285014018402,3.7291245717675974,0,0.04709076954064801
shasta,160,0.36213808955201343,0.017003314009510374,0.05,0.0023476285014018402,3.4006628019020746,0,0.04709076954064801
shasta,161,0.3334862245143622,0.015658035309896196,0.05,0.0023476285014018402,3.1316070619792393,0,0.04709076954064801
shasta,162,0.3049770435975436,0.014319455996457295,0.05,0.0023476285014018402,2.863891199291459,0,0.04709076954064801
shasta,163,0.2815188805581794,0.013218034953622445,0.05,0.0023476285014018402,2.643606990724489,0,0.04709076954064801
shasta,164,0.2582826752864468,0.01212703539841558,0.05,0.0023476285014018402,2.425407079683116,0,0.04709076954064801
shasta,165,0.23907675579540189,0.01122526811855946,0.05,0.0023476285014018402,2.245053623711892,0,0.04709076954064801
shasta,166,0.22008490568974448,0.010333551946511602,0.05,0.0023476285014018402,2.06671038930232,0,0.04709076954064801
shasta,167,0.20366188820873712,0.00956244906816293,0.05,0.0023476285014018402,1.912489813632586,0,0.04709076954064801
shasta,168,0.18761248214764745,0.00880888820617122,0.05,0.0023476285014018402,1.7617776412342439,0,0.04709076954064801
shasta,169,0.17486499323015853,0.008210360840091198,0.05,0.0023476285014018402,1.6420721680182395,0,0.04709076954064801
shasta,170,0.1624095193537303,0.00762554433067582,0.05,0.0023476285014018402,1.525108866135164,0,0.04709076954064801
shasta,171,0.15197275815246117,0.007135511569507333,0.05,0.0023476285014018402,1.4271023139014667,0,0.04709076954064801
shasta,172,0.1418218554989374,0.006658900601819974,0.05,0.0023476285014018402,1.3317801203639947,0,0.04709076954064801
shasta,173,0.13327695814092752,0.006257695710235628,0.05,0.0023476285014018402,1.2515391420471256,0,0.04709076954064801
shasta,174,0.12500439961528884,0.005869277826749545,0.05,0.0023476285014018402,1.173855565349909,0,0.04709076954064801
shasta,175,0.11800842936639128,0.005540799043724121,0.05,0.0023476285014018402,1.1081598087448241,0,0.04709076954064801
shasta,176,0.11126678675724912,0.005224261597014377,0.05,0.0023476285014018402,1.0448523194028754,0,0.04709076954064801
shasta,177,0.10553897076685795,0.004955325915617826,0.05,0.0023476285014018402,0.9910651831235653,0,0.04709076954064801
shasta,178,0.226151974863606,0.010618416436762278,0.05,0.0023476285014018402,2.1236832873524554,0,0.04709076954064801
shasta,179,0.7812541407234775,0.036681889752012795,0.05,0.0023476285014018402,7.336377950402559,0,0.04709076954064801
shasta,180,1.3060753879876985,0.06132359611638774,0.05,0.0023476285014018402,12.264719223277549,0,0.04709076954064801
shasta,181,1.7400538794649232,0.08170000162813391,0.05,0.0023476285014018402,16.340000325626782,0,0.04709076954064801
shasta,182,2.042065805152124,0.09588023771826447,0.05,0.0023476285014018402,19.176047543652892,0,0.04709076954064801
shasta,183,1.995685997153583,0.09370258653532605,0.05,0.0023476285014018402,18.74051730706521,0,0.04709076954064801
shasta,184,1.9331502591139857,0.09076637291576689,0.05,0.0023476285014018402,18.15327458315338,0,0.04709076954064801
shasta,185,1.8328185379508042,0.08605554075181915,0.05,0.0023476285014018402,17.21110815036383,0,0.04709076954064801
shasta,186,1.7139914723347738,0.08047630463225636,0.05,0.0023476285014018402,16.09526092645127,0,0.04709076954064801
shasta,187,1.5566063157407595,0.07308666704590236,0.05,0.0023476285014018402,14.617333409180471,0,0.04709076954064801
shasta,188,1.4091749895840733,0.06616438738020422,0.05,0.0023476285014018402,13.232877476040844,0,0.04709076954064801
shasta,189,1.28031892180256,0.06011426383415526,0.05,0.0023476285014018402,12.022852766831052,0,0.04709076954064801
shasta,190,1.1601898852354962,0.054473896832339615,0.05,0.0023476285014018402,10.894779366467922,0,0.04709076954064801
shasta,191,1.0546914598220662,0.04952047462526792,0.05,0.0023476285014018402,9.904094925053585,0,0.04709076954064801
shasta,192,0.9568109600083439,0.04492473360338488,0.05,0.0023476285014018402,8.984946720676975,0,0.04709076954064801
shasta,193,0.8704361547210702,0.04086921450947612,0.05,0.0023476285014018402,8.173842901895224,0,0.04709076954064801
shasta,194,0.7906855053946437,0.037124716562195674,0.05,0.0023476285014018402,7.424943312439135,0,0.04709076954064801
shasta,195,0.7199677960148285,0.03380433836031754,0.05,0.0023476285014018402,6.760867672063508,0,0.04709076954064801
shasta,196,0.7509465192278693,0.035258869031357006,0.05,0.0023476285014018402,7.0517738062714015,0,0.04709076954064801
shasta,197,0.9073300458223137,0.04260147751501402,0.05,0.0023476285014018402,8.520295503002805,0,0.04709076954064801
shasta,198,1.15433119534185,0.05419881628483564,0.05,0.0023476285014018402,10.839763256967128,0,0.04709076954064801
shasta,199,1.5024869006847559,0.07054562142060897,0.05,0.0023476285014018402,14.109124284121794,0,0.04709076954064801
shasta,200,2.075790424356168,0.09746369526311122,0.05,0.0023476285014018402,19.492739052622245,0,0.04709076954064801
shasta,201,2.8767295875531027,0.13506984741131248,0.05,0.0023476285014018402,27.013969482262496,0,0.04709076954064801
shasta,202,3.105851738880968,0.1458277212665085,0.05,0.0023476285014018402,29.1655442533017,0,0.04709076954064801
shasta,203,2.8113098898655204,0.13199822447442328,0.05,0.0023476285014018402,26.399644894884656,0,0.04709076954064801
shasta,204,2.5459572838513207,0.11953923765841949,0.05,0.0023476285014018402,23.9078475316839,0,0.04709076954064801
shasta,205,2.304806813993927,0.10821660333514624,0.05,0.0023476285014018402,21.643320667029247,0,0.04709076954064801
shasta,206,2.519861766935053,0.11831398607299061,0.05,0.0023476285014018402,23.662797214598122,0,0.04709076954064801
shasta,207,3.0770707869751157,0.14447638160667542,0.05,0.0023476285014018402,28.895276321335082,0,0.04709076954064801
shasta,208,3.124180061949014,0.14668828313885743,0.05,0.0023476285014018402,29.337656627771487,0,0.04709076954064801
shasta,209,2.8257378967167432,0.13267565647647028,0.05,0.0023476285014018402,26.535131295294057,0,0.04709076954064801
shasta,210,2.560884290161282,0.1202400989674969,0.05,0.0023476285014018402,24.048019793499382,0,0.04709076954064801
shasta,211,2.3165405114704414,0.10876753058760008,0.05,0.0023476285014018402,21.753506117520015,0,0.04709076954064801
shasta,212,2.1007918509033408,0.09863757649386816,0.05,0.0023476285014018402,19.727515298773632,0,0.04709076954064801
shasta,213,1.9007400849658693,0.08924463194445659,0.05,0.0023476285014018402,17.848926388891318,0,0.04709076954064801
shasta,214,1.7249966400214896,0.08099302553873718,0.05,0.0023476285014018402,16.198605107747436,0,0.04709076954064801
shasta,215,1.5612081070409265,0.07330273297417787,0.05,0.0023476285014018402,14.660546594835575,0,0.04709076954064801
shasta,216,1.4180556330687217,0.06658135641531121,0.05,0.0023476285014018402,13.316271283062243,0,0.04709076954064801
shasta,217,1.283956924116005,0.06028507739253945,0.05,0.0023476285014018402,12.057015478507891,0,0.04709076954064801
shasta,218,1.1673546125811152,0.05481029919476658,0.05,0.0023476285014018402,10.962059838953316,0,0.04709076954064801
shasta,219,1.057563875613472,0.04965534192886355,0.05,0.0023476285014018402,9.93106838577271,0,0.04709076954064801
shasta,220,0.9562452310794498,0.0448981711762341,0.05,0.0023476285014018402,8.97963423524682,0,0.04709076954064801
shasta,221,0.857833983579844,0.04027751018646239,0.05,0.0023476285014018402,8.055502037292477,0,0.04709076954064801
shasta,222,0.7734507653463678,0.03631550122316399,0.05,0.0023476285014018402,7.263100244632797,0,0.04709076954064801
shasta,223,0.6932759558927356,0.03255108786780782,0.05,0.0023476285014018402,6.5102175735615635,0,0.04709076954064801
shasta,224,0.6293757849789976,0.029550810618177017,0.05,0.0023476285014018402,5.910162123635403,0,0.04709076954064801
shasta,225,0.5696991361776892,0.026748838586295023,0.05,0.0023476285014018402,5.349767717259005,0,0.04709076954064801
shasta,226,0.5197230609236805,0.02440233341320474,0.05,0.0023476285014018402,4.8804666826409475,0,0.04709076954064801
shasta,227,0.4718954348445772,0.022156703450450885,0.05,0.0023476285014018402,4.431340690090177,0,0.04709076954064801
shasta,228,1.8074289380468502,0.08486343378434491,0.05,0.0023476285014018402,16.97268675686898,0,0.04709076954064801
shasta,229,3.3998079929398375,0.15962972287038696,0.05,0.0023476285014018402,31.92594457407739,0,0.04709076954064801
shasta,230,3.779122699278115,0.17743952318239914,0.05,0.0023476285014018402,35.487904636479826,0,0.04709076954064801
shasta,231,3.9741744665953873,0.18659770494645572,0.05,0.0023476285014018402,37.31954098929114,0,0.04709076954064801
shasta,232,4.179249644234443,0.1962265115855656,0.05,0.0023476285014018402,39.245302317113115,0,0.04709076954064801
shasta,233,4.385527631112114,0.20591179320968186,0.05,0.0023476285014018402,41.182358641936375,0,0.04709076954064801
shasta,234,4.0360206669382865,0.1895015429990237,0.05,0.0023476285014018402,37.90030859980474,0,0.04709076954064801
shasta,235,3.636592898777759,0.17074738274332407,0.05,0.0023476285014018402,34.149476548664815,0,0.04709076954064801
shasta,236,3.30539194919371,0.1551966469646267,0.05,0.0023476285014018402,31.039329392925342,0,0.04709076954064801
shasta,237,2.978368151767403,0.13984203921513352,0.05,0.0023476285014018402,27.968407843026704,0,0.04709076954064801
shasta,238,2.705562093275287,0.12703309364970974,0.05,0.0023476285014018402,25.40661872994195,0,0.04709076954064801
shasta,239,2.4346043667922936,0.11431093202237935,0.05,0.0023476285014018402,22.86218640447587,0,0.04709076954064801
shasta,240,2.209084521303788,0.10372219568436825,0.05,0.0023476285014018402,20.74443913687365,0,0.04709076954064801
shasta,241,1.984487472304429,0.09317678701313543,0.05,0.0023476285014018402,18.635357402627086,0,0.04709076954064801
shasta,242,1.7924204733868818,0.08415874779638444,0.05,0.0023476285014018402,16.831749559276886,0,0.04709076954064801
shasta,243,1.6023754278013813,0.07523564448504977,0.05,0.0023476285014018402,15.047128897009953,0,0.04709076954064801
shasta,244,1.4593744964081945,0.06852138323973668,0.05,0.0023476285014018402,13.704276647947337,0,0.04709076954064801
shasta,245,1.3180826861892565,0.06188736962604392,0.05,0.0023476285014018402,12.377473925208784,0,0.04709076954064801
shasta,246,1.2010034259388598,0.05639019746030643,0.05,0.0023476285014018402,11.278039492061286,0,0.04709076954064801
shasta,247,1.1236756658314515,0.05275946038875211,0.05,0.0023476285014018402,10.551892077750422,0,0.04709076954064801
shasta,248,1.4450674980673757,0.06784963289824839,0.05,0.0023476285014018402,13.569926579649676,0,0.04709076954064801
shasta,249,2.056000135492195,0.09653449033935041,0.05,0.0023476285014018402,19.306898067870083,0,0.04709076954064801
shasta,250,4.886745612699411,0.22944526558947068,0.05,0.0023476285014018402,45.889053117894136,0,0.04709076954064801
shasta,251,7.297176678287507,0.34262119899425114,0.05,0.0023476285014018402,68.52423979885023,0,0.04709076954064801
shasta,252,7.1280310608004225,0.3346793775442533,0.05,0.0023476285014018402,66.93587550885066,0,0.04709076954064801
shasta,253,6.95279301983617,0.3264515011543032,0.05,0.0023476285014018402,65.29030023086064,0,0.04709076954064801
shasta,254,6.746686699920967,0.3167742797352637,0.05,0.0023476285014018402,63.354855947052734,0,0.04709076954064801
shasta,255,6.4660615190407045,0.30359820627835266,0.05,0.0023476285014018402,60.71964125567053,0,0.04709076954064801
shasta,256,5.866841207947468,0.2754632726595255,0.05,0.0023476285014018402,55.092654531905104,0,0.04709076954064801
shasta,257,5.290896657111143,0.24842119580411673,0.05,0.0023476285014018402,49.684239160823346,0,0.04709076954064801
shasta,258,4.800296560550167,0.22538626041457588,0.05,0.0023476285014018402,45.07725208291517,0,0.04709076954064801
shasta,259,4.330951880950122,0.20334932147836834,0.05,0.0023476285014018402,40.66986429567367,0,0.04709076954064801
shasta,260,3.9292824944326,0.18448991147978575,0.05,0.0023476285014018402,36.89798229595715,0,0.04709076954064801
shasta,261,3.546815826299,0.166532118460853,0.05,0.0023476285014018402,33.3064236921706,0,0.04709076954064801
shasta,262,3.21795674698715,0.15109133951010764,0.05,0.0023476285014018402,30.218267902021527,0,0.04709076954064801
shasta,263,2.906293447766738,0.13645794662829228,0.05,0.0023476285014018402,27.291589325658457,0,0.04709076954064801
shasta,264,2.6370464061052155,0.12381610604983789,0.05,0.0023476285014018402,24.76322120996758,0,0.04709076954064801
shasta,265,3.1397110336399177,0.14741750217477803,0.05,0.0023476285014018402,29.483500434955605,0,0.04709076954064801
shasta,266,5.3351644094124016,0.2504996805440254,0.05,0.0023476285014018402,50.099936108805075,0,0.04709076954064801
shasta,267,7.651108037487582,0.3592391859222109,0.05,0.0023476285014018402,71.84783718444217,0,0.04709076954064801
shasta,268,10.203134192432458,0.4790633726756417,0.05,0.0023476285014018402,95.81267453512834,0,0.04709076954064801
shasta,269,11.428818564479718,0.5366124039864609,0.05,0.0023476285014018402,107.32248079729219,1,0.04709076954064801
shasta,270,10.323356772646143,0.48470813179207606,0.05,0.0023476285014018402,96.9416263584152,1,0.04709076954064801
shasta,271,9.312783857560817,0.4372591362280949,0.05,0.0023476285014018402,87.45182724561899,1,0.04709076954064801
shasta,272,8.452283421304283,0.3968564292356038,0.05,0.0023476285014018402,79.37128584712076,1,0.04709076954064801
shasta,273,7.644659754029265,0.3589364224415736,0.05,0.0023476285014018402,71.78728448831471,1,0.04709076954064801
shasta,274,6.9124736105011655,0.32455840126401236,0.05,0.0023476285014018402,64.91168025280247,1,0.04709076954064801
shasta,275,7.584532495740526,0.3561132931361778,0.05,0.0023476285014018402,71.22265862723556,1,0.04709076954064801
shasta,276,10.067095977818688,0.4726760288774996,0.05,0.0023476285014018402,94.53520577549992,1,0.04709076954064801
shasta,277,10.924500870291958,0.5129333921337321,0.05,0.0023476285014018402,102.58667842674643,1,0.04709076954064801
shasta,278,9.885887408225841,0.46416782082401103,0.05,0.0023476285014018402,92.83356416480221,1,0.04709076954064801
shasta,279,9.020368209518267,0.4235294700360833,0.05,0.0023476285014018402,84.70589400721667,1,0.04709076954064801
shasta,280,8.337722611082105,0.3914775047711784,0.05,0.0023476285014018402,78.29550095423568,0,0.04709076954064801
shasta,281,7.630918969931343,0.35829125731397576,0.05,0.0023476285014018402,71.65825146279515,0,0.04709076954064801
shasta,282,6.900996341666601,0.3240195139953268,0.05,0.0023476285014018402,64.80390279906536,0,0.04709076954064801
shasta,283,6.241955423296615,0.29307584912421836,0.05,0.0023476285014018402,58.61516982484367,0,0.04709076954064801
shasta,284,5.644345320168763,0.26501651890764566,0.05,0.0023476285014018402,53.003303781529134,0,0.04709076954064801
shasta,285,5.1074467005650135,0.2398077488727443,0.05,0.0023476285014018402,47.961549774548864,0,0.04709076954064801
shasta,286,4.618164930784137,0.21683471231366594,0.05,0.0023476285014018402,43.366942462733185,0,0.04709076954064801
shasta,287,4.1807824472159,0.19629848062489158,0.05,0.0023476285014018402,39.25969612497832,0,0.04709076954064801
shasta,288,3.7801924153758746,0.17748974910238932,0.05,0.0023476285014018402,35.497949820477864,0,0.04709076954064801
shasta,289,3.4199698391111486,0.16057637336463995,0.05,0.0023476285014018402,32.11527467292799,0,0.04709076954064801
shasta,290,3.085567887583779,0.14487534231803897,0.05,0.0023476285014018402,28.975068463607794,0,0.04709076954064801
shasta,291,2.7653074899788983,0.1298382935722889,0.05,0.0023476285014018402,25.96765871445778,0,0.04709076954064801
shasta,292,2.4531891991778956,0.11518353766642367,0.05,0.0023476285014018402,23.036707533284734,0,0.04709076954064801
shasta,293,2.2029618367468022,0.10343471990894679,0.05,0.0023476285014018402,20.68694398178936,0,0.04709076954064801
shasta,294,1.984711453973501,0.09318730352813755,0.05,0.0023476285014018402,18.63746070562751,0,0.04709076954064801
shasta,295,1.7942178040370582,0.08424313708960038,0.05,0.0023476285014018402,16.848627417920074,0,0.04709076954064801
shasta,296,1.6165435287039867,0.07590087323484365,0.05,0.0023476285014018402,15.18017464696873,0,0.04709076954064801
shasta,297,1.4662726092191338,0.06884526736455361,0.05,0.0023476285014018402,13.769053472910722,0,0.04709076954064801
shasta,298,1.327260432834723,0.062318288418114764,0.05,0.0023476285014018402,12.463657683622953,0,0.04709076954064801
shasta,299,1.2067318687703488,0.056659162573503515,0.05,0.0023476285014018402,11.331832514700704,0,0.04709076954064801
shasta,300,1.092918324912131,0.05131532418536151,0.05,0.0023476285014018402,10.263064837072303,0,0.04709076954064801
shasta,301,0.9947479874445134,0.04670597454073719,0.05,0.0023476285014018402,9.341194908147438,0,0.04709076954064801
shasta,302,0.9015653389710007,0.04233080971288664,0.05,0.0023476285014018402,8.466161942577328,0,0.04709076954064801
shasta,303,0.8216079029336751,0.03857660259808184,0.05,0.0023476285014018402,7.715320519616369,0,0.04709076954064801
shasta,304,0.7453164029751569,0.03499452060373555,0.05,0.0023476285014018402,6.99890412074711,0,0.04709076954064801
shasta,305,0.6801947244637396,0.03193689043308493,0.05,0.0023476285014018402,6.3873780866169865,0,0.04709076954064801
shasta,306,0.6177325272492519,0.029004129744266645,0.05,0.0023476285014018402,5.800825948853329,0,0.04709076954064801
shasta,307,0.5345387605832114,0.025097968588983225,0.05,0.0023476285014018402,5.019593717796645,0,0.04709076954064801
shasta,308,0.447171311618342,0.020995842323289268,0.05,0.0023476285014018402,4.199168464657854,0,0.04709076954064801
shasta,309,0.3636800810197973,0.01707571447188413,0.05,0.0023476285014018402,3.4151428943768263,0,0.04709076954064801
shasta,310,0.28083488681563706,0.013185919689526987,0.05,0.0023476285014018402,2.637183937905397,0,0.04709076954064801
shasta,311,0.2531591778226448,0.01188647402495795,0.05,0.0023476285014018402,2.37729480499159,0,0.04709076954064801
shasta,312,0.23287377370217735,0.010934022167444676,0.05,0.0023476285014018402,2.1868044334889354,0,0.04709076954064801
shasta,313,0.2155420469085668,0.010120253051460875,0.05,0.0023476285014018402,2.024050610292175,0,0.04709076954064801
shasta,314,0.1985146383849961,0.009320772460361932,0.05,0.0023476285014018402,1.8641544920723865,0,0.04709076954064801
shasta,315,0.1847384333159551,0.008673944227137189,0.05,0.0023476285014018402,1.7347888454274378,0,0.04709076954064801
shasta,316,0.17120199251347204,0.008038373542428227,0.05,0.0023476285014018402,1.6076747084856453,0,0.04709076954064801
shasta,317,0.1159483500632213,0.005444073025978723,0.05,0.0023476285014018402,1.0888146051957446,0,0.04709076954064801
shasta,318,0.058776675353301513,0.0027597159655410736,0.05,0.0023476285014018402,0.5519431931082147,0,0.04709076954064801
shasta,319,0.056937401680977204,0.002673357339640542,0.05,0.0023476285014018402,0.5346714679281084,0,0.04709076954064801
shasta,320,0.05617001105887665,0.002637326377717507,0.05,0.0023476285014018402,0.5274652755435014,0,0.04709076954064801
shasta,321,0.0530376762953745,0.002490255210382919,0.05,0.0023476285014018402,0.49805104207658374,0,0.04709076954064801
shasta,322,0.05,0.0023476285014018402,0.05,0.0023476285014018402,0.46952570028036805,0,0.04709076954064801
shasta,323,0.05,0.0023476285014018402,0.05,0.0023476285014018402,0.46952570028036805,0,0.04709076954064801
shasta,324,0.05,0.0023476285014018402,0.05,0.0023476285014018402,0.46952570028036805,0,0.04709076954064801
shasta,325,0.05,0.0023476285014018402,0.05,0.0023476285014018402,0.46952570028036805,0,0.04709076954064801
shasta,326,0.05,0.0023476285014018402,0.05,0.0023476285014018402,0.46952570028036805,0,0.04709076954064801
shasta,327,0.05,0.0023476285014018402,0.05,0.0023476285014018402,0.46952570028036805,0,0.04709076954064801
shasta,328,0.05,0.0023476285014018402,0.05,0.0023476285014018402,0.46952570028036805,0,0.04709076954064801
shasta,329,0.05,0.0023476285014018402,0.05,0.0023476285014018402,0.46952570028036805,0,0.04709076954064801
shasta,330,0.05,0.0023476285014018402,0.05,0.0023476285014018402,0.46952570028036805,0,0.04709076954064801
shasta,331,0.05,0.0023476285014018402,0.05,0.0023476285014018402,0.46952570028036805,0,0.04709076954064801
shasta,332,0.36252554723492353,0.017021506143500113,0.05,0.0023476285014018402,3.4043012287000227,0,0.04709076954064801
shasta,333,2.3939416042624533,0.11240171081716363,0.05,0.0023476285014018402,22.480342163432727,0,0.04709076954064801
shasta,334,4.005639792764573,0.18807508287686944,0.05,0.0023476285014018402,37.615016575373886,0,0.04709076954064801
shasta,335,3.6866357860491905,0.1730970249123411,0.05,0.0023476285014018402,34.61940498246822,0,0.04709076954064801
shasta,336,3.726477809512808,0.1749677103090753,0.05,0.0023476285014018402,34.993542061815056,0,0.04709076954064801
shasta,337,5.1726083296242535,0.24286725482428922,0.05,0.0023476285014018402,48.57345096485785,0,0.04709076954064801
shasta,338,6.2667802076290435,0.29424143654901763,0.05,0.0023476285014018402,58.848287309803524,0,0.04709076954064801
shasta,339,6.16938126115188,0.2896683056938916,0.05,0.0023476285014018402,57.93366113877833,0,0.04709076954064801
shasta,340,6.5732970198983285,0.30863318864186184,0.05,0.0023476285014018402,61.72663772837237,0,0.04709076954064801
shasta,341,8.45936060278472,0.39718872109466513,0.05,0.0023476285014018402,79.43774421893302,0,0.04709076954064801
shasta,342,9.850825001207633,0.4625215507031371,0.05,0.0023476285014018402,92.50431014062742,1,0.04709076954064801
shasta,343,9.954372711374177,0.46738338181597455,0.05,0.0023476285014018402,93.47667636319491,0,0.04709076954064801
shasta,344,10.200426376090249,0.478936233739211,0.05,0.0023476285014018402,95.7872467478422,0,0.04709076954064801
shasta,345,10.775539244948014,0.5059392609882805,0.05,0.0023476285014018402,101.1878521976561,0,0.04709076954064801
shasta,346,13.004274269418868,0.6028770866337972,0.05,0.0023476285014018402,120.57541732675945,0,0.04709076954064801
shasta,347,18.63752549662339,0.8437983207426241,0.05,0.0023476285014018402,168.75966414852482,1,0.04709076954064801
shasta,348,22.938327610202894,1.0,0.05,0.0023476285014018402,200.0,1,0.04709076954064801
shasta,349,24.78242667053619,1.0,0.05,0.0023476285014018402,200.0,1,0.04709076954064801
shasta,350,25.040304090393608,0.9995723595843086,0.05,0.0023476285014018402,199.91447191686171,1,0.04709076954064801
shasta,351,22.669916456323282,0.9984361470929822,0.05,0.0023476285014018402,199.68722941859644,1,0.04709076954064801
shasta,352,20.471865284899923,0.9612066883937991,0.05,0.0023476285014018402,192.2413376787598,1,0.04709076954064801
shasta,353,18.53113842071654,0.8700845743979366,0.05,0.0023476285014018402,174.01691487958732,1,0.04709076954064801
shasta,354,16.98612046806389,0.7975420107814392,0.05,0.0023476285014018402,159.50840215628784,1,0.04709076954064801
shasta,355,15.974671305797795,0.750051873160341,0.05,0.0023476285014018402,150.01037463206822,1,0.04709076954064801
shasta,356,14.783478051747483,0.6941222884826188,0.05,0.0023476285014018402,138.82445769652375,1,0.04709076954064801
shasta,357,13.373084685765178,0.6279006951992561,0.05,0.0023476285014018402,125.58013903985122,1,0.04709076954064801
shasta,358,12.084200504380545,0.5673842704147651,0.05,0.0023476285014018402,113.47685408295303,0,0.04709076954064801
shasta,359,10.929468081713615,0.5131666154758515,0.05,0.0023476285014018402,102.6333230951703,1,0.04709076954064801
shasta,360,10.083195488454326,0.4734319422780364,0.05,0.0023476285014018402,94.68638845560729,1,0.04709076954064801
shasta,361,9.545382724602769,0.44818025082132423,0.05,0.0023476285014018402,89.63605016426484,1,0.04709076954064801
shasta,362,10.620653860827451,0.4986669941440403,0.05,0.0023476285014018402,99.73339882880806,1,0.04709076954064801
shasta,363,13.15699051911075,0.6177545187067637,0.05,0.0023476285014018402,123.55090374135274,1,0.04709076954064801
shasta,364,14.507576937560064,0.6811680220979205,0.05,0.0023476285014018402,136.2336044195841,1,0.04709076954064801
shasta,365,14.885848159345151,0.6989288281283759,0.05,0.0023476285014018402,139.78576562567517,1,0.04709076954064801
shasta,366,16.888724238922983,0.7918092106346409,0.05,0.0023476285014018402,158.3618421269282,1,0.04709076954064801
shasta,367,20.096450811122704,0.9404002838287294,0.05,0.0023476285014018402,188.0800567657459,1,0.04709076954064801
shasta,368,22.16087352810916,1.0,0.05,0.0023476285014018402,200.0,1,0.04709076954064801
shasta,369,23.459597332888343,1.0,0.05,0.0023476285014018402,200.0,1,0.04709076954064801
shasta,370,22.675687790451033,0.9795301979678795,0.05,0.0023476285014018402,195.9060395935759,1,0.04709076954064801
shasta,371,20.63485856268914,0.9467063744450064,0.05,0.0023476285014018402,189.34127488900128,1,0.04709076954064801
shasta,372,18.73936457186335,0.8798613273413259,0.05,0.0023476285014018402,175.9722654682652,1,0.04709076954064801
shasta,373,16.922696472257165,0.7945640911768657,0.05,0.0023476285014018402,158.91281823537312,1,0.04709076954064801
shasta,374,16.153016102613417,0.7584256197219624,0.05,0.0023476285014018402,151.68512394439247,1,0.04709076954064801
shasta,375,15.891872630380092,0.7461642625545626,0.05,0.0023476285014018402,149.23285251091252,1,0.04709076954064801
shasta,376,14.957435343847017,0.7022900304218097,0.05,0.0023476285014018402,140.45800608436195,1,0.04709076954064801
shasta,377,13.731414121987214,0.6447251831465781,0.05,0.0023476285014018402,128.9450366293156,0,0.04709076954064801
shasta,378,12.48759567975079,0.5863247106353088,0.05,0.0023476285014018402,117.26494212706176,0,0.04709076954064801
shasta,379,11.236942563529425,0.5276033326151427,0.05,0.0023476285014018402,105.52066652302854,1,0.04709076954064801
shasta,380,10.622575552248787,0.49875722249507287,0.05,0.0023476285014018402,99.75144449901457,1,0.04709076954064801
shasta,381,10.22342295881578,0.48001598240003707,0.05,0.0023476285014018402,96.00319648000742,0,0.04709076954064801
shasta,382,9.389874699313081,0.44087874937398835,0.05,0.0023476285014018402,88.17574987479767,0,0.04709076954064801
shasta,383,8.428017399654568,0.39571707715479365,0.05,0.0023476285014018402,79.14341543095873,0,0.04709076954064801
shasta,384,7.622280671357963,0.3578856669952861,0.05,0.0023476285014018402,71.57713339905723,0,0.04709076954064801
shasta,385,6.856381606098533,0.32192473749928474,0.05,0.0023476285014018402,64.38494749985695,0,0.04709076954064801
shasta,386,6.676793546279345,0.3134926165444251,0.05,0.0023476285014018402,62.69852330888502,0,0.04709076954064801
shasta,387,6.624664400686362,0.31104501918546884,0.05,0.0023476285014018402,62.20900383709377,0,0.04709076954064801
shasta,388,6.377069945109663,0.2994198231714502,0.05,0.0023476285014018402,59.883964634290045,0,0.04709076954064801
shasta,389,6.093936342263175,0.2861259728565102,0.05,0.0023476285014018402,57.22519457130204,0,0.04709076954064801
shasta,390,6.053920709470767,0.2842471360556084,0.05,0.0023476285014018402,56.849427211121686,0,0.04709076954064801
shasta,391,6.049950958673787,0.2840607460533193,0.05,0.0023476285014018402,56.81214921066386,0,0.04709076954064801
shasta,392,6.2238973863966205,0.29222797788210253,0.05,0.0023476285014018402,58.44559557642051,0,0.04709076954064801
shasta,393,6.418582509775158,0.3013689447709503,0.05,0.0023476285014018402,60.27378895419005,0,0.04709076954064801
shasta,394,6.398583836272638,0.3004299556528554,0.05,0.0023476285014018402,60.08599113057108,0,0.04709076954064801
shasta,395,6.360000595278901,0.2986183733281883,0.05,0.0023476285014018402,59.72367466563766,0,0.04709076954064801
shasta,396,5.817974148893886,0.27316883864724795,0.05,0.0023476285014018402,54.63376772944959,0,0.04709076954064801
shasta,397,5.2466777487070395,0.24634500441070972,0.05,0.0023476285014018402,49.269000882141945,0,0.04709076954064801
shasta,398,4.768466806381683,0.22389177165300497,0.05,0.0023476285014018402,44.778354330601,0,0.04709076954064801
shasta,399,4.293156544046348,0.2015747332756606,0.05,0.0023476285014018402,40.314946655132125,0,0.04709076954064801
shasta,400,3.9035320131874816,0.1832808602058687,0.05,0.0023476285014018402,36.65617204117374,0,0.04709076954064801
shasta,401,3.515619901511186,0.16506738961766382,0.05,0.0023476285014018402,33.01347792353276,0,0.04709076954064801
shasta,402,3.1908976747465467,0.14982084652583705,0.05,0.0023476285014018402,29.96416930516741,0,0.04709076954064801
shasta,403,2.866800740825712,0.13460366254004702,0.05,0.0023476285014018402,26.920732508009404,0,0.04709076954064801
shasta,404,2.5563039262576432,0.12002503911055741,0.05,0.0023476285014018402,24.005007822111484,0,0.04709076954064801
shasta,405,2.2514218504152264,0.1057100420942731,0.05,0.0023476285014018402,21.14200841885462,0,0.04709076954064801
shasta,406,2.0226756316926915,0.09496981924105466,0.05,0.0023476285014018402,18.99396384821093,0,0.04709076954064801
shasta,407,1.7937432638049478,0.0842208562061211,0.05,0.0023476285014018402,16.84417124122422,0,0.04709076954064801
shasta,408,1.5630041540194095,0.07338706199570874,0.05,0.0023476285014018402,14.677412399141748,0,0.04709076954064801
shasta,409,1.3395576955679984,0.06289567650775205,0.05,0.0023476285014018402,12.579135301550409,0,0.04709076954064801
shasta,410,1.1705517273085941,0.05496041194789621,0.05,0.0023476285014018402,10.992082389579242,0,0.04709076954064801
shasta,411,1.0125720261414086,0.0475428589658356,0.05,0.0023476285014018402,9.50857179316712,0,0.04709076954064801
shasta,412,0.920749927527572,0.04323157545054813,0.05,0.0023476285014018402,8.646315090109626,0,0.04709076954064801
shasta,413,0.8320834987777073,0.03906845874553417,0.05,0.0023476285014018402,7.813691749106834,0,0.04709076954064801
shasta,414,0.7590919547620064,0.03564131816368245,0.05,0.0023476285014018402,7.128263632736489,0,0.04709076954064801
shasta,415,0.7620621770065896,0.03578077773162008,0.05,0.0023476285014018402,7.156155546324015,0,0.04709076954064801
shasta,416,1.0840718175445296,0.050899957928680656,0.05,0.0023476285014018402,10.179991585736131,0,0.04709076954064801
shasta,417,1.309857573381807,0.06150117944096363,0.05,0.0023476285014018402,12.300235888192725,0,0.04709076954064801
shasta,418,1.1885065299823414,0.055803436077774896,0.05,0.0023476285014018402,11.16068721555498,0,0.04709076954064801
shasta,419,1.0732756641350227,0.05039305077968736,0.05,0.0023476285014018402,10.078610155937472,0,0.04709076954064801
shasta,420,0.9772399006103882,0.04588392486760097,0.05,0.0023476285014018402,9.176784973520194,0,0.04709076954064801
shasta,421,0.8834232261649005,0.04147899089090168,0.05,0.0023476285014018402,8.295798178180336,0,0.04709076954064801
shasta,422,0.7957147659888174,0.03736085327243286,0.05,0.0023476285014018402,7.472170654486572,0,0.04709076954064801
shasta,423,0.7152806646397737,0.03358426549619968,0.05,0.0023476285014018402,6.716853099239936,0,0.04709076954064801
shasta,424,0.6525520781716392,0.03063899714729483,0.05,0.0023476285014018402,6.127799429458966,0,0.04709076954064801
shasta,425,0.5934159032897668,0.02786240175496349,0.05,0.0023476285014018402,5.572480350992698,0,0.04709076954064801
shasta,426,0.5420580804511937,0.02545101998164788,0.05,0.0023476285014018402,5.090203996329576,0,0.04709076954064801
shasta,427,0.49089710317132107,0.02304888061321186,0.05,0.0023476285014018402,4.609776122642372,0,0.04709076954064801
shasta,428,0.44011711729538505,0.02066462977034925,0.05,0.0023476285014018402,4.13292595406985,0,0.04709076954064801
shasta,429,0.393593767821659,0.0184802389462453,0.05,0.0023476285014018402,3.69604778924906,0,0.04709076954064801
shasta,430,0.3544635236780885,0.016642973417880128,0.05,0.0023476285014018402,3.328594683576026,0,0.04709076954064801
shasta,431,0.3170103415406041,0.014884450260797077,0.05,0.0023476285014018402,2.9768900521594155,0,0.04709076954064801
shasta,432,0.28217904507461505,0.013249031374310416,0.05,0.0023476285014018402,2.649806274862083,0,0.04709076954064801
shasta,433,0.2490976151045901,0.011695773217015223,0.05,0.0023476285014018402,2.339154643403045,0,0.04709076954064801
shasta,434,0.21848453986066071,0.01025841065785107,0.05,0.0023476285014018402,2.051682131570214,0,0.04709076954064801
shasta,435,0.1916156432733324,0.008996846909258458,0.05,0.0023476285014018402,1.7993693818516916,0,0.04709076954064801
shasta,436,0.16952057447317148,0.007959426644144611,0.05,0.0023476285014018402,1.5918853288289223,0,0.04709076954064801
shasta,437,0.15298231796426112,0.007182912997268362,0.05,0.0023476285014018402,1.4365825994536725,0,0.04709076954064801
shasta,438,0.14285576794525692,0.00670744544835865,0.05,0.0023476285014018402,1.34148908967173,0,0.04709076954064801
shasta,439,0.502776766243501,0.023606661325517874,0.05,0.0023476285014018402,4.721332265103575,0,0.04709076954064801
shasta,440,1.2493766633452679,0.05866144527711365,0.05,0.0023476285014018402,11.732289055422731,0,0.04709076954064801
shasta,441,1.5387605705126606,0.07224876344337756,0.05,0.0023476285014018402,14.449752688675513,0,0.04709076954064801
shasta,442,1.3953785406832184,0.06551660864704861,0.05,0.0023476285014018402,13.103321729409723,0,0.04709076954064801
shasta,443,1.6372230573755964,0.07687183025294421,0.05,0.0023476285014018402,15.374366050588842,0,0.04709076954064801
shasta,444,2.2092617568011153,0.10373051734646797,0.05,0.0023476285014018402,20.746103469293594,0,0.04709076954064801
shasta,445,2.5497509696573926,0.11971736095689345,0.05,0.0023476285014018402,23.94347219137869,0,0.04709076954064801
shasta,446,2.710648141711216,0.1272718966950637,0.05,0.0023476285014018402,25.45437933901274,0,0.04709076954064801
shasta,447,2.6298269150982003,0.12347713239276424,0.05,0.0023476285014018402,24.695426478552847,0,0.04709076954064801
shasta,448,2.379576904372906,0.1117272512396679,0.05,0.0023476285014018402,22.34545024793358,0,0.04709076954064801
shasta,449,2.185656287787127,0.10262217990954402,0.05,0.0023476285014018402,20.524435981908802,0,0.04709076954064801
shasta,450,2.027352014581043,0.09518938743609791,0.05,0.0023476285014018402,19.037877487219582,0,0.04709076954064801
shasta,451,2.221447658747016,0.10430267676093767,0.05,0.0023476285014018402,20.860535352187533,0,0.04709076954064801
shasta,452,2.61604670417642,0.12283011607445823,0.05,0.0023476285014018402,24.566023214891647,0,0.04709076954064801
shasta,453,3.745037240313746,0.17583912328343684,0.05,0.0023476285014018402,35.167824656687365,0,0.04709076954064801
shasta,454,5.24884169079596,0.2464466070531764,0.05,0.0023476285014018402,49.28932141063528,0,0.04709076954064801
shasta,455,5.36245499712282,0.2517810437746051,0.05,0.0023476285014018402,50.35620875492101,0,0.04709076954064801
shasta,456,4.842141141714462,0.22735097104198632,0.05,0.0023476285014018402,45.47019420839726,0,0.04709076954064801
shasta,457,4.3846628579080305,0.20587118988525877,0.05,0.0023476285014018402,41.17423797705175,0,0.04709076954064801
shasta,458,3.952658454480747,0.18558747288091898,0.05,0.0023476285014018402,37.117494576183795,0,0.04709076954064801
shasta,459,3.582733277746737,0.16821853511518148,0.05,0.0023476285014018402,33.6437070230363,0,0.04709076954064801
shasta,460,3.235045435947636,0.15189369737521222,0.05,0.0023476285014018402,30.378739475042444,0,0.04709076954064801
shasta,461,2.9353190127457345,0.13782077150057193,0.05,0.0023476285014018402,27.564154300114385,0,0.04709076954064801
shasta,462,2.6506562841934986,0.12445512480385104,0.05,0.0023476285014018402,24.89102496077021,0,0.04709076954064801
shasta,463,3.2849611775988725,0.1542373697305933,0.05,0.0023476285014018402,30.847473946118658,0,0.04709076954064801
shasta,464,4.169893604265498,0.19578722146373856,0.05,0.0023476285014018402,39.15744429274771,0,0.04709076954064801
shasta,465,4.0604169767920695,0.1906470124458591,0.05,0.0023476285014018402,38.129402489171824,0,0.04709076954064801
shasta,466,3.718349756994261,0.17458607735400666,0.05,0.0023476285014018402,34.91721547080133,0,0.04709076954064801
shasta,467,3.7989425951428606,0.178370118230937,0.05,0.0023476285014018402,35.6740236461874,0,0.04709076954064801
shasta,468,3.962955181570398,0.18607093068065542,0.05,0.0023476285014018402,37.21418613613108,0,0.04709076954064801
shasta,469,5.06558862851203,0.237842404813438,0.05,0.0023476285014018402,47.5684809626876,0,0.04709076954064801
shasta,470,6.321160298732295,0.296794721584674,0.05,0.0023476285014018402,59.3589443169348,0,0.04709076954064801
shasta,471,7.244343561894506,0.3401405483970093,0.05,0.0023476285014018402,68.02810967940187,0,0.04709076954064801
shasta,472,8.12417181544045,0.38145074608427054,0.05,0.0023476285014018402,76.2901492168541,0,0.04709076954064801
shasta,473,7.523495335005625,0.3532474415724598,0.05,0.0023476285014018402,70.64948831449196,0,0.04709076954064801
shasta,474,6.775215663569686,0.3181137878988075,0.05,0.0023476285014018402,63.622757579761505,0,0.04709076954064801
shasta,475,6.153632781857899,0.2889288741170059,0.05,0.0023476285014018402,57.785774823401184,0,0.04709076954064801
shasta,476,5.540993202950183,0.2601638713863944,0.05,0.0023476285014018402,52.03277427727888,0,0.04709076954064801
shasta,477,5.0348299909958225,0.23639820773149123,0.05,0.0023476285014018402,47.279641546298244,0,0.04709076954064801
shasta,478,4.53324312719133,0.21284741538356747,0.05,0.0023476285014018402,42.569483076713496,0,0.04709076954064801
shasta,479,4.395971336438322,0.2064021520153628,0.05,0.0023476285014018402,41.28043040307256,0,0.04709076954064801
shasta,480,4.262604516962621,0.20014023708451345,0.05,0.0023476285014018402,40.02804741690269,0,0.04709076954064801
shasta,481,3.8643999225320496,0.18144350797902606,0.05,0.0023476285014018402,36.288701595805215,0,0.04709076954064801
shasta,482,3.4689480293291317,0.1628760252706963,0.05,0.0023476285014018402,32.57520505413926,0,0.04709076954064801
shasta,483,3.1542420388032015,0.14809977021228488,0.05,0.0023476285014018402,29.619954042456975,0,0.04709076954064801
shasta,484,2.858355668869005,0.13420714470760792,0.05,0.0023476285014018402,26.841428941521585,0,0.04709076954064801
shasta,485,2.869856435266686,0.13474713524727117,0.05,0.0023476285014018402,26.949427049454233,0,0.04709076954064801
shasta,486,2.8585297560478446,0.1342153185480634,0.05,0.0023476285014018402,26.84306370961268,0,0.04709076954064801
shasta,487,2.59305751563156,0.12175071458941795,0.05,0.0023476285014018402,24.35014291788359,0,0.04709076954064801
shasta,488,2.333354916532758,0.10955701011876828,0.05,0.0023476285014018402,21.911402023753656,0,0.04709076954064801
shasta,489,2.121732661746338,0.09962080138141785,0.05,0.0023476285014018402,19.92416027628357,0,0.04709076954064801
shasta,490,1.9150768332726005,0.08991777912330273,0.05,0.0023476285014018402,17.983555824660545,0,0.04709076954064801
shasta,491,1.7411166446907047,0.08174990118682078,0.05,0.0023476285014018402,16.349980237364157,0,0.04709076954064801
shasta,492,1.5708634662528573,0.0737560769037219,0.05,0.0023476285014018402,14.751215380744382,0,0.04709076954064801
shasta,493,1.4205761143803308,0.0666996994905989,0.05,0.0023476285014018402,13.339939898119779,0,0.04709076954064801
shasta,494,1.2720179419357056,0.05972451149565546,0.05,0.0023476285014018402,11.944902299131092,0,0.04709076954064801
shasta,495,1.1312672766050031,0.053115906025222884,0.05,0.0023476285014018402,10.623181205044578,0,0.04709076954064801
shasta,496,1.0011853389976724,0.04700822474033198,0.05,0.0023476285014018402,9.401644948066396,0,0.04709076954064801
shasta,497,0.9122135655510863,0.04283077131706252,0.05,0.0023476285014018402,8.566154263412503,0,0.04709076954064801
shasta,498,0.8269636028052634,0.03882806647135174,0.05,0.0023476285014018402,7.765613294270348,0,0.04709076954064801
shasta,499,0.7541196757286563,0.03540785688417014,0.05,0.0023476285014018402,7.081571376834028,0,0.04709076954064801
shasta,500,0.6846493910525255,0.03214604847804645,0.05,0.0023476285014018402,6.42920969560929,0,0.04709076954064801
shasta,501,0.6250098277799373,0.029345817707048725,0.05,0.0023476285014018402,5.869163541409745,0,0.04709076954064801
shasta,502,0.5683996697533932,0.02668782529800918,0.05,0.0023476285014018402,5.337565059601836,0,0.04709076954064801
shasta,503,0.5195709252019851,0.024395190250078073,0.05,0.0023476285014018402,4.879038050015614,0,0.04709076954064801
shasta,504,0.46832889930604416,0.021989245440820433,0.05,0.0023476285014018402,4.397849088164087,0,0.04709076954064801
shasta,505,0.4115863312464356,0.01932503604043102,0.05,0.0023476285014018402,3.865007208086204,0,0.04709076954064801
shasta,506,0.3635074315537226,0.017067608135737954,0.05,0.0023476285014018402,3.4135216271475906,0,0.04709076954064801
shasta,507,0.3330446575403793,0.015637302605628196,0.05,0.0023476285014018402,3.127460521125639,0,0.04709076954064801
shasta,508,0.302178873789989,0.014188074732617751,0.05,0.0023476285014018402,2.83761494652355,0,0.04709076954064801
shasta,509,0.27057892501474534,0.012704375924865749,0.05,0.0023476285014018402,2.54087518497315,0,0.04709076954064801
shasta,510,0.2347759344102823,0.011023333501296553,0.05,0.0023476285014018402,2.2046667002593106,0,0.04709076954064801
shasta,511,0.1920897013898502,0.009019105156171619,0.05,0.0023476285014018402,1.8038210312343237,0,0.04709076954064801
shasta,512,0.15342547290113534,0.007203720260475219,0.05,0.0023476285014018402,1.4407440520950439,0,0.04709076954064801
shasta,513,0.12069848919733742,0.005667104266316227,0.05,0.0023476285014018402,1.1334208532632455,0,0.04709076954064801
shasta,514,0.09995231899839953,0.004693018257237026,0.05,0.0023476285014018402,0.9386036514474052,0,0.04709076954064801
shasta,515,0.0951805668059447,0.004468972228264353,0.05,0.0023476285014018402,0.8937944456528705,0,0.04709076954064801
shasta,516,0.09080090353618243,0.00426333578189162,0.05,0.0023476285014018402,0.852667156378324,0,0.04709076954064801
shasta,517,0.08689412327015254,0.0040799024078666995,0.05,0.0023476285014018402,0.8159804815733399,0,0.04709076954064801
shasta,518,0.08332586818628751,0.0039123636611636285,0.05,0.0023476285014018402,0.7824727322327257,0,0.04709076954064801
shasta,519,0.08012726703697028,0.003762181116708552,0.05,0.0023476285014018402,0.7524362233417103,0,0.04709076954064801
shasta,520,0.0751130267152438,0.003526749646865283,0.05,0.0023476285014018402,0.7053499293730566,0,0.04709076954064801
shasta,521,0.06830299027217193,0.003207000933878469,0.05,0.0023476285014018402,0.6414001867756938,0,0.04709076954064801
shasta,522,0.06435485808906063,0.00302162598107099,0.05,0.0023476285014018402,0.604325196214198,0,0.04709076954064801
shasta,523,0.06297051513883138,0.002956627521757532,0.05,0.0023476285014018402,0.5913255043515064,0,0.04709076954064801
shasta,524,0.061724740044695636,0.002898135179410939,0.05,0.0023476285014018402,0.5796270358821878,0,0.04709076954064801
shasta,525,0.060591335898536235,0.0028449189418683226,0.05,0.0023476285014018402,0.5689837883736645,0,0.04709076954064801
shasta,526,0.05715843636818705,0.0026837354862703877,0.05,0.0023476285014018402,0.5367470972540775,0,0.04709076954064801
shasta,527,0.0520392402227648,0.0024433760707651938,0.05,0.0023476285014018402,0.4886752141530388,0,0.04709076954064801
shasta,528,0.05,0.0023476285014018402,0.05,0.0023476285014018402,0.46952570028036805,0,0.04709076954064801
shasta,529,0.05,0.0023476285014018402,0.05,0.0023476285014018402,0.46952570028036805,0,0.04709076954064801
shasta,530,0.05,0.0023476285014018402,0.05,0.0023476285014018402,0.46952570028036805,0,0.04709076954064801
shasta,531,0.05,0.0023476285014018402,0.05,0.0023476285014018402,0.46952570028036805,0,0.04709076954064801
shasta,532,0.05,0.0023476285014018402,0.05,0.0023476285014018402,0.46952570028036805,0,0.04709076954064801
shasta,533,0.05,0.0023476285014018402,0.05,0.0023476285014018402,0.46952570028036805,0,0.04709076954064801
shasta,534,0.05,0.0023476285014018402,0.05,0.0023476285014018402,0.46952570028036805,0,0.04709076954064801
shasta,535,0.05,0.0023476285014018402,0.05,0.0023476285014018402,0.46952570028036805,0,0.04709076954064801
shasta,536,0.05,0.0023476285014018402,0.05,0.0023476285014018402,0.46952570028036805,0,0.04709076954064801
shasta,537,0.05,0.0023476285014018402,0.05,0.0023476285014018402,0.46952570028036805,0,0.04709076954064801
shasta,538,0.05,0.0023476285014018402,0.05,0.0023476285014018402,0.46952570028036805,0,0.04709076954064801
shasta,539,0.05,0.0023476285014018402,0.05,0.0023476285014018402,0.46952570028036805,0,0.04709076954064801
shasta,540,0.15626907335146242,0.007337234609750959,0.05,0.0023476285014018402,1.4674469219501918,0,0.04709076954064801
shasta,541,0.29796117115343496,0.013990042754217513,0.05,0.0023476285014018402,2.7980085508435026,0,0.04709076954064801
shasta,542,0.45433889034931774,0.021332378565586875,0.05,0.0023476285014018402,4.266475713117375,0,0.04709076954064801
shasta,543,0.6149868966171917,0.02887521532974372,0.05,0.0023476285014018402,5.775043065948744,0,0.04709076954064801
shasta,544,0.6033909082398714,0.028330753873413286,0.05,0.0023476285014018402,5.666150774682658,0,0.04709076954064801
shasta,545,0.5485859452608057,0.025757520011254746,0.05,0.0023476285014018402,5.151504002250949,0,0.04709076954064801
shasta,546,0.5019687193972375,0.02356872144938275,0.05,0.0023476285014018402,4.7137442898765505,0,0.04709076954064801
shasta,547,0.45709821078497614,0.021461935751571917,0.05,0.0023476285014018402,4.292387150314384,0,0.04709076954064801
shasta,548,0.41913236091252787,0.01967934152676186,0.05,0.0023476285014018402,3.935868305352372,0,0.04709076954064801
shasta,549,0.3823954956054191,0.017954451285819278,0.05,0.0023476285014018402,3.5908902571638555,0,0.04709076954064801
shasta,550,0.35147633887770946,0.01650271741435365,0.05,0.0023476285014018402,3.30054348287073,0,0.04709076954064801
shasta,551,0.32139873747909586,0.015090496728409864,0.05,0.0023476285014018402,3.0180993456819727,0,0.04709076954064801
shasta,552,0.29621907876895,0.013908247039539672,0.05,0.0023476285014018402,2.7816494079079344,0,0.04709076954064801
shasta,553,0.27159362152508376,0.012752018533824617,0.05,0.0023476285014018402,2.5504037067649232,0,0.04709076954064801
shasta,554,0.2510886302101765,0.011789256493187149,0.05,0.0023476285014018402,2.3578512986374296,0,0.04709076954064801
shasta,555,0.2309270110560162,0.01084261665797283,0.05,0.0023476285014018402,2.168523331594566,0,0.04709076954064801
shasta,556,0.2848718202831396,0.013375464090858429,0.05,0.0023476285014018402,2.6750928181716858,0,0.04709076954064801
shasta,557,0.34289785310227794,0.01609993546024818,0.05,0.0023476285014018402,3.2199870920496356,0,0.04709076954064801
shasta,558,0.9162133858675539,0.04301857316057102,0.05,0.0023476285014018402,8.603714632114205,0,0.04709076954064801
shasta,559,1.504085119196286,0.0706206618871917,0.05,0.0023476285014018402,14.12413237743834,0,0.04709076954064801
shasta,560,2.4316557990825753,0.1141724891905064,0.05,0.0023476285014018402,22.83449783810128,0,0.04709076954064801
shasta,561,3.391272529397611,0.1592289609206988,0.05,0.0023476285014018402,31.84579218413976,0,0.04709076954064801
shasta,562,5.735294969027367,0.2692868386647046,0.05,0.0023476285014018402,53.85736773294092,0,0.04709076954064801
shasta,563,7.958998877890338,0.3736954521672124,0.05,0.0023476285014018402,74.73909043344248,0,0.04709076954064801
shasta,564,7.726789246978232,0.3627926132106271,0.05,0.0023476285014018402,72.55852264212542,0,0.04709076954064801
shasta,565,7.465585902390069,0.350528444882294,0.05,0.0023476285014018402,70.10568897645881,0,0.04709076954064801
shasta,566,6.82746428001253,0.3205669947212081,0.05,0.0023476285014018402,64.11339894424162,0,0.04709076954064801
shasta,567,6.195985803731157,0.290917457342409,0.05,0.0023476285014018402,58.1834914684818,0,0.04709076954064801
shasta,568,5.626952900753841,0.2641999001171095,0.05,0.0023476285014018402,52.839980023421894,0,0.04709076954064801
shasta,569,5.090659787254062,0.23901956014995726,0.05,0.0023476285014018402,47.80391202999145,0,0.04709076954064801
shasta,570,4.792474233591409,0.22501898206026258,0.05,0.0023476285014018402,45.003796412052516,0,0.04709076954064801
shasta,571,4.477741131641889,0.21024145405083655,0.05,0.0023476285014018402,42.04829081016731,0,0.04709076954064801
shasta,572,4.065908265216575,0.19090484255015489,0.05,0.0023476285014018402,38.18096851003098,0,0.04709076954064801
shasta,573,3.666790957253863,0.1721652591986341,0.05,0.0023476285014018402,34.43305183972682,0,0.04709076954064801
shasta,574,3.3296107243832016,0.1563337807027046,0.05,0.0023476285014018402,31.26675614054092,0,0.04709076954064801
shasta,575,3.004352329120095,0.14106206312190672,0.05,0.0023476285014018402,28.212412624381344,0,0.04709076954064801
shasta,576,2.7282925031388885,0.12810034481059648,0.05,0.0023476285014018402,25.620068962119298,0,0.04709076954064801
shasta,577,2.4632307335886763,0.11565501351403477,0.05,0.0023476285014018402,23.131002702806956,0,0.04709076954064801
shasta,578,2.2372120643685065,0.10504285611983108,0.05,0.0023476285014018402,21.008571223966214,0,0.04709076954064801
shasta,579,2.5246411294921205,0.1185383894281407,0.05,0.0023476285014018402,23.70767788562814,0,0.04709076954064801
shasta,580,4.398566002981992,0.20652397827795393,0.05,0.0023476285014018402,41.30479565559079,0,0.04709076954064801
shasta,581,5.8170503655911565,0.2731254646470358,0.05,0.0023476285014018402,54.62509292940716,0,0.04709076954064801
shasta,582,5.999339055809268,0.28168438713982086,0.05,0.0023476285014018402,56.33687742796417,0,0.04709076954064801
shasta,583,5.963259685058953,0.2799903679580992,0.05,0.0023476285014018402,55.998073591619836,0,0.04709076954064801
shasta,584,5.402688803384257,0.25367012438058967,0.05,0.0023476285014018402,50.734024876117935,0,0.04709076954064801
shasta,585,4.8753909358804925,0.2289121343309847,0.05,0.0023476285014018402,45.78242686619694,0,0.04709076954064801
shasta,586,4.419228477983577,0.2074941345824184,0.05,0.0023476285014018402,41.49882691648368,0,0.04709076954064801
shasta,587,3.991461701823285,0.18740938506908472,0.05,0.0023476285014018402,37.48187701381694,0,0.04709076954064801
shasta,588,3.6179874691434404,0.16987381000551702,0.05,0.0023476285014018402,33.9747620011034,0,0.04709076954064801
shasta,589,3.269435540444236,0.15350840116486034,0.05,0.0023476285014018402,30.701680232972066,0,0.04709076954064801
shasta,590,2.9636607006670452,0.13915148658741006,0.05,0.0023476285014018402,27.83029731748201,0,0.04709076954064801
shasta,591,2.818744826261886,0.1323473138462276,0.05,0.0023476285014018402,26.46946276924552,0,0.04709076954064801
shasta,592,2.9224291710681602,0.13721556030655532,0.05,0.0023476285014018402,27.443112061311066,0,0.04709076954064801
shasta,593,2.8704277694514047,0.13477396085558854,0.05,0.0023476285014018402,26.95479217111771,0,0.04709076954064801
shasta,594,2.6012857215076686,0.12213705000202103,0.05,0.0023476285014018402,24.42741000040421,0,0.04709076954064801
shasta,595,2.3537226169476737,0.11051332599880968,0.05,0.0023476285014018402,22.102665199761937,0,0.04709076954064801
shasta,596,2.1333677453497657,0.10016709845908986,0.05,0.0023476285014018402,20.033419691817972,0,0.04709076954064801
shasta,597,1.93114584750689,0.09067226063941972,0.05,0.0023476285014018402,18.134452127883943,0,0.04709076954064801
shasta,598,1.749616872655054,0.08214900873557117,0.05,0.0023476285014018402,16.429801747114233,0,0.04709076954064801
shasta,599,1.5802847562592226,0.07419843068250022,0.05,0.0023476285014018402,14.839686136500044,0,0.04709076954064801
shasta,600,1.4235583315637337,0.06683972225174144,0.05,0.0023476285014018402,13.367944450348288,0,0.04709076954064801
shasta,601,1.278041505864116,0.060007333302822506,0.05,0.0023476285014018402,12.001466660564502,0,0.04709076954064801
shasta,602,1.1430187728414858,0.05366766897520055,0.05,0.0023476285014018402,10.73353379504011,0,0.04709076954064801
shasta,603,1.0083884650883643,0.04734643002252596,0.05,0.0023476285014018402,9.469286004505193,0,0.04709076954064801
shasta,604,0.8740908224114248,0.041040810550136704,0.05,0.0023476285014018402,8.208162110027342,0,0.04709076954064801
shasta,605,0.9300054016130436,0.04366614374568892,0.05,0.0023476285014018402,8.733228749137783,0,0.04709076954064801
shasta,606,1.1318109082749725,0.05314143092927658,0.05,0.0023476285014018402,10.628286185855316,0,0.04709076954064801
shasta,607,1.194912640541859,0.05610421943242801,0.05,0.0023476285014018402,11.220843886485602,0,0.04709076954064801
shasta,608,1.161889431483791,0.05455369489657857,0.05,0.0023476285014018402,10.910738979315713,0,0.04709076954064801
shasta,609,1.0871133992484723,0.05104276800663102,0.05,0.0023476285014018402,10.208553601326203,0,0.04709076954064801
shasta,610,0.9862418525273626,0.04630658964537173,0.05,0.0023476285014018402,9.261317929074346,0,0.04709076954064801
shasta,611,0.895464943316555,0.04204438045872255,0.05,0.0023476285014018402,8.40887609174451,0,0.04709076954064801
shasta,612,0.8103635599162627,0.03804865179513752,0.05,0.0023476285014018402,7.6097303590275045,0,0.04709076954064801
shasta,613,0.7371899906373458,0.03461296465936777,0.05,0.0023476285014018402,6.922592931873554,0,0.04709076954064801
shasta,614,0.6700296169072237,0.03145961250869509,0.05,0.0023476285014018402,6.291922501739018,0,0.04709076954064801
shasta,615,0.6112640280744472,0.028700417083785335,0.05,0.0023476285014018402,5.740083416757067,0,0.04709076954064801
shasta,616,0.5562777647133856,0.02611867070274502,0.05,0.0023476285014018402,5.223734140549004,0,0.04709076954064801
shasta,617,0.5084110146026912,0.0238712037661581,0.05,0.0023476285014018402,4.77424075323162,0,0.04709076954064801
shasta,618,0.4633920697921451,0.021757448607352608,0.05,0.0023476285014018402,4.3514897214705215,0,0.04709076954064801
shasta,619,0.4244038612727915,0.019926852016579958,0.05,0.0023476285014018402,3.985370403315992,0,0.04709076954064801
shasta,620,0.387545466685277,0.01819625566358867,0.05,0.0023476285014018402,3.6392511327177344,0,0.04709076954064801
shasta,621,0.33220908495472473,0.015598070325286739,0.05,0.0023476285014018402,3.119614065057348,0,0.04709076954064801
shasta,622,0.2711564913741669,0.012731494149802328,0.05,0.0023476285014018402,2.5462988299604654,0,0.04709076954064801
shasta,623,0.23478935464953113,0.011023963616019677,0.05,0.0023476285014018402,2.2047927232039353,0,0.04709076954064801
shasta,624,0.20504514537404675,0.009627396547083914,0.05,0.0023476285014018402,1.9254793094167828,0,0.04709076954064801
shasta,625,0.18833288597080475,0.008842713017126478,0.05,0.0023476285014018402,1.7685426034252956,0,0.04709076954064801
shasta,626,0.17461445288956526,0.008198597327204645,0.05,0.0023476285014018402,1.639719465440929,0,0.04709076954064801
shasta,627,0.16297968096284207,0.007652314883554938,0.05,0.0023476285014018402,1.5304629767109876,0,0.04709076954064801
shasta,628,0.1517479779151894,0.007124957559675912,0.05,0.0023476285014018402,1.4249915119351824,0,0.04709076954064801
shasta,629,0.14227257206224306,0.006680062902821379,0.05,0.0023476285014018402,1.3360125805642757,0,0.04709076954064801
shasta,630,0.13307683136768977,0.006248299243900699,0.05,0.0023476285014018402,1.2496598487801398,0,0.04709076954064801
shasta,631,0.12536023988182016,0.005885985441782652,0.05,0.0023476285014018402,1.1771970883565304,0,0.04709076954064801
shasta,632,0.11783140417785869,0.0055324872561628175,0.05,0.0023476285014018402,1.1064974512325636,0,0.04709076954064801
shasta,633,0.10670514615353754,0.005010080847125872,0.05,0.0023476285014018402,1.0020161694251744,0,0.04709076954064801
shasta,634,0.09523214862845854,0.004471394127398108,0.05,0.0023476285014018402,0.8942788254796216,0,0.04709076954064801
shasta,635,0.09068089821561269,0.004257701223673832,0.05,0.0023476285014018402,0.8515402447347664,0,0.04709076954064801
shasta,636,0.08659651051121717,0.0040659287239615495,0.05,0.0023476285014018402,0.8131857447923099,0,0.04709076954064801
shasta,637,0.08322402077154595,0.0039075816632908,0.05,0.0023476285014018402,0.78151633265816,0,0.04709076954064801
shasta,638,0.07988000695046375,0.0037505716201817157,0.05,0.0023476285014018402,0.7501143240363431,0,0.04709076954064801
shasta,639,0.077133833528472,0.003621631720276514,0.05,0.0023476285014018402,0.7243263440553028,0,0.04709076954064801
shasta,640,0.07440144028273685,0.0034933388350620004,0.05,0.0023476285014018402,0.6986677670124001,0,0.04709076954064801
shasta,641,0.07215988078424523,0.0033880918557370613,0.05,0.0023476285014018402,0.6776183711474123,0,0.04709076954064801
shasta,642,0.06993283292154723,0.0032835262350079434,0.05,0.0023476285014018402,0.6567052470015887,0,0.04709076954064801
shasta,643,0.06809759922527807,0.003197357296366053,0.05,0.0023476285014018402,0.6394714592732106,0,0.04709076954064801
shasta,644,0.06628247204401169,0.0031121324102778504,0.05,0.0023476285014018402,0.62242648205557,0,0.04709076954064801
shasta,645,0.06477990977779118,0.003041583250251646,0.05,0.0023476285014018402,0.6083166500503292,0,0.04709076954064801
shasta,646,0.0629435971694549,0.00295536365391537,0.05,0.0023476285014018402,0.591072730783074,0,0.04709076954064801
shasta,647,0.057522159918390145,0.0027008132417321445,0.05,0.0023476285014018402,0.5401626483464289,0,0.04709076954064801
shasta,648,0.05254647192874857,0.002467191902960837,0.05,0.0023476285014018402,0.4934383805921674,0,0.04709076954064801
shasta,649,0.05118135295663602,0.002403096058826121,0.05,0.0023476285014018402,0.4806192117652242,0,0.04709076954064801
shasta,650,0.16789109268677488,0.007882918286459414,0.05,0.0023476285014018402,1.576583657291883,0,0.04709076954064801
shasta,651,1.0436534955035957,0.04900221383263796,0.05,0.0023476285014018402,9.800442766527592,0,0.04709076954064801
shasta,652,2.045541452599519,0.09604342829843103,0.05,0.0023476285014018402,19.208685659686207,0,0.04709076954064801
shasta,653,3.712850437444434,0.17432787016773685,0.05,0.0023476285014018402,34.86557403354737,0,0.04709076954064801
shasta,654,5.480582242491131,0.2573274215349798,0.05,0.0023476285014018402,51.465484306995954,0,0.04709076954064801
shasta,655,7.693471922164028,0.3612282791841414,0.05,0.0023476285014018402,72.24565583682828,0,0.04709076954064801
shasta,656,9.322685668768006,0.43772405171220485,0.05,0.0023476285014018402,87.54481034244097,0,0.04709076954064801
shasta,657,8.740074826898677,0.41036897536024175,0.05,0.0023476285014018402,82.07379507204836,0,0.04709076954064801
shasta,658,8.116857988038642,0.38110734309101424,0.05,0.0023476285014018402,76.22146861820285,1,0.04709076954064801
shasta,659,7.360357935526712,0.34558772139923427,0.05,0.0023476285014018402,69.11754427984685,1,0.04709076954064801
shasta,660,6.6392706256319105,0.31173081898506994,0.05,0.0023476285014018402,62.346163797013986,1,0.04709076954064801
shasta,661,6.019900767935285,0.282649812368314,0.05,0.0023476285014018402,56.5299624736628,1,0.04709076954064801
shasta,662,5.432300385211451,0.2550604642499719,0.05,0.0023476285014018402,51.01209284999438,1,0.04709076954064801
shasta,663,4.92520323518569,0.2312509498023695,0.05,0.0023476285014018402,46.2501899604739,0,0.04709076954064801
shasta,664,4.446389506237298,0.20876941466353469,0.05,0.0023476285014018402,41.75388293270694,0,0.04709076954064801
shasta,665,4.0312134747130095,0.1892758329694281,0.05,0.0023476285014018402,37.85516659388562,0,0.04709076954064801
shasta,666,3.6410547405390212,0.17095687768107376,0.05,0.0023476285014018402,34.19137553621475,0,0.04709076954064801
shasta,667,3.301137355589212,0.1549968828604707,0.05,0.0023476285014018402,30.99937657209414,0,0.04709076954064801
shasta,668,2.983225887919952,0.1400701224120138,0.05,0.0023476285014018402,28.01402448240276,0,0.04709076954064801
shasta,669,2.7049250713556736,0.12700318383341969,0.05,0.0023476285014018402,25.400636766683938,0,0.04709076954064801
shasta,670,2.445888501334436,0.11484075113967507,0.05,0.0023476285014018402,22.968150227935013,0,0.04709076954064801
shasta,671,2.2180350642065747,0.1041424466768003,0.05,0.0023476285014018402,20.82848933536006,0,0.04709076954064801
shasta,672,2.006975081753433,0.09423263807055295,0.05,0.0023476285014018402,18.846527614110588,0,0.04709076954064801
shasta,673,1.8204244655823252,0.08547360720100558,0.05,0.0023476285014018402,17.094721440201116,0,0.04709076954064801
shasta,674,1.648459274366899,0.07739939951807855,0.05,0.0023476285014018402,15.479879903615709,0,0.04709076954064801
shasta,675,1.4957245479019665,0.07022811157802075,0.05,0.0023476285014018402,14.04562231560415,0,0.04709076954064801
shasta,676,1.389606214743086,0.06524558310911989,0.05,0.0023476285014018402,13.049116621823979,0,0.04709076954064801
shasta,677,1.3390905675757876,0.0628737436479857,0.05,0.0023476285014018402,12.57474872959714,0,0.04709076954064801
shasta,678,1.2571441333254676,0.05902614795529964,0.05,0.0023476285014018402,11.805229591059927,0,0.04709076954064801
shasta,679,1.141252449025468,0.05358473553253679,0.05,0.0023476285014018402,10.716947106507357,0,0.04709076954064801
shasta,680,1.035979990258751,0.04864192304026889,0.05,0.0023476285014018402,9.728384608053778,0,0.04709076954064801
shasta,681,0.9410959042963294,0.04418687134957202,0.05,0.0023476285014018402,8.837374269914404,0,0.04709076954064801
shasta,682,0.8553313688663515,0.04016000599387395,0.05,0.0023476285014018402,8.03200119877479,0,0.04709076954064801
shasta,683,0.7776468497112281,0.03651251816814865,0.05,0.0023476285014018402,7.30250363362973,0,0.04709076954064801
shasta,684,0.7077769637580797,0.033231947455082504,0.05,0.0023476285014018402,6.6463894910165005,0,0.04709076954064801
shasta,685,0.6441742588877046,0.03024563700068366,0.05,0.0023476285014018402,6.049127400136732,0,0.04709076954064801
shasta,686,0.5872546975375648,0.027573117310426082,0.05,0.0023476285014018402,5.514623462085217,0,0.04709076954064801
shasta,687,0.5351812070812461,0.02512813310317147,0.05,0.0023476285014018402,5.025626620634293,0,0.04709076954064801
shasta,688,0.4888128015917285,0.022951017297336493,0.05,0.0023476285014018402,4.590203459467299,0,0.04709076954064801
shasta,689,0.44617863353502757,0.02094923353606715,0.05,0.0023476285014018402,4.18984670721343,0,0.04709076954064801
shasta,690,0.408406477428666,0.01917573373137327,0.05,0.0023476285014018402,3.8351467462746545,0,0.04709076954064801
shasta,691,0.37350057290875,0.017536811805009947,0.05,0.0023476285014018402,3.5073623610019893,0,0.04709076954064801
shasta,692,0.3341451175749137,0.015688972032462726,0.05,0.0023476285014018402,3.1377944064925454,0,0.04709076954064801
shasta,693,0.2924340176925307,0.013730528694288698,0.05,0.0023476285014018402,2.7461057388577395,0,0.04709076954064801
shasta,694,0.24618375836183382,0.011558960154249294,0.05,0.0023476285014018402,2.3117920308498587,0,0.04709076954064801
shasta,695,0.19778337087141346,0.009286437571221214,0.05,0.0023476285014018402,1.8572875142442429,0,0.04709076954064801
shasta,696,0.14661203919442722,0.006883812037229621,0.05,0.0023476285014018402,1.3767624074459242,0,0.04709076954064801
shasta,697,0.09427171543873303,0.004426299320800271,0.05,0.0023476285014018402,0.8852598641600542,0,0.04709076954064801
shasta,698,0.35306916502322705,0.01657750469549355,0.05,0.0023476285014018402,3.3155009390987105,0,0.04709076954064801
shasta,699,0.7281029903084519,0.0341863066400806,0.05,0.0023476285014018402,6.83726132801612,0,0.04709076954064801
shasta,700,0.7675829193372024,0.036039990772504915,0.05,0.0023476285014018402,7.207998154500983,0,0.04709076954064801
shasta,701,0.6968444152889475,0.032718636207500665,0.05,0.0023476285014018402,6.543727241500133,0,0.04709076954064801
shasta,702,0.6360752201585278,0.029865366317592203,0.05,0.0023476285014018402,5.97307326351844,0,0.04709076954064801
shasta,703,0.5781594314674904,0.027146071193347283,0.05,0.0023476285014018402,5.429214238669457,0,0.04709076954064801
shasta,704,0.5286653971969691,0.024822199083290582,0.05,0.0023476285014018402,4.964439816658117,0,0.04709076954064801
shasta,705,0.4812479599068507,0.02259582853837625,0.05,0.0023476285014018402,4.51916570767525,0,0.04709076954064801
shasta,706,0.44093819368187676,0.02070318141688437,0.05,0.0023476285014018402,4.140636283376874,0,0.04709076954064801
shasta,707,0.4021160795403101,0.018880383384016024,0.05,0.0023476285014018402,3.776076676803205,0,0.04709076954064801
shasta,708,0.3692872323554804,0.01733898463763059,0.05,0.0023476285014018402,3.467796927526118,0,0.04709076954064801
shasta,709,0.3375023736082762,0.015846603831471226,0.05,0.0023476285014018402,3.1693207662942453,0,0.04709076954064801
shasta,710,0.35159105040315375,0.01650810341528509,0.05,0.0023476285014018402,3.3016206830570183,0,0.04709076954064801
shasta,711,0.37215091559738755,0.01747344192558435,0.05,0.0023476285014018402,3.4946883851168704,0,0.04709076954064801
shasta,712,0.34737651506967143,0.01631022014990413,0.05,0.0023476285014018402,3.262044029980826,0,0.04709076954064801
shasta,713,0.31762640245051865,0.014913375903811376,0.05,0.0023476285014018402,2.9826751807622753,0,0.04709076954064801
shasta,714,0.2928690564027333,0.013750954879794395,0.05,0.0023476285014018402,2.750190975958879,0,0.04709076954064801
shasta,715,0.2685117242939006,0.012607315538258279,0.05,0.0023476285014018402,2.521463107651656,0,0.04709076954064801
shasta,716,0.24835129162447733,0.011660731411551661,0.05,0.0023476285014018402,2.3321462823103323,0,0.04709076954064801
shasta,717,0.2284091947640414,0.010724398712206151,0.05,0.0023476285014018402,2.1448797424412303,0,0.04709076954064801
shasta,718,0.21090257735011464,0.009902418032124707,0.05,0.0023476285014018402,1.9804836064249414,0,0.04709076954064801
shasta,719,0.193457704485535,0.009083336417320332,0.05,0.0023476285014018402,1.8166672834640665,0,0.04709076954064801
mccloud,0,0.05,0.002003193841079169,0.05,0.002003193841079169,0.4006387682158338,0,0.054631297718999564
mccloud,1,0.7394299766855842,0.029624431504117515,0.05,0.002003193841079169,5.924886300823503,0,0.054631297718999564
mccloud,2,1.4087236295681917,0.05643892997067388,0.05,0.002003193841079169,11.287785994134776,0,0.054631297718999564
mccloud,3,1.2837511768889314,0.05143204902044084,0.05,0.002003193841079169,10.286409804088168,0,0.054631297718999564
mccloud,4,1.159898960261586,0.04647004906940281,0.05,0.002003193841079169,9.294009813880562,0,0.054631297718999564
mccloud,5,1.0575801699654925,0.04237076165844671,0.05,0.002003193841079169,8.474152331689341,0,0.054631297718999564
mccloud,6,0.9566371372290133,0.03832659242889534,0.05,0.002003193841079169,7.665318485779069,0,0.054631297718999564
mccloud,7,0.8728655969958647,0.03497037975984016,0.05,0.002003193841079169,6.994075951968032,0,0.054631297718999564
mccloud,8,0.7905958901264969,0.03167433635767803,0.05,0.002003193841079169,6.3348672715356065,0,0.054631297718999564
mccloud,9,0.7220095539049087,0.028926501831652622,0.05,0.002003193841079169,5.7853003663305245,0,0.054631297718999564
mccloud,10,0.6549602141344777,0.026240245342121587,0.05,0.002003193841079169,5.248049068424318,0,0.054631297718999564
mccloud,11,0.5988064714289172,0.023990508711295124,0.05,0.002003193841079169,4.798101742259025,0,0.054631297718999564
mccloud,12,0.5441627922376776,0.021801271079099183,0.05,0.002003193841079169,4.360254215819836,0,0.054631297718999564
mccloud,13,0.4981879961842068,0.01995934251311551,0.05,0.002003193841079169,3.991868502623102,0,0.054631297718999564
mccloud,14,0.45365559147539075,0.018175201736292605,0.05,0.002003193841079169,3.635040347258521,0,0.054631297718999564
mccloud,15,0.416014612079926,0.016667158174348946,0.05,0.002003193841079169,3.333431634869789,0,0.054631297718999564
mccloud,16,0.37972326714370963,0.01521318620113478,0.05,0.002003193841079169,3.042637240226956,0,0.054631297718999564
mccloud,17,0.3489054397366679,0.013978504559990244,0.05,0.002003193841079169,2.7957009119980487,0,0.054631297718999564
mccloud,18,0.31933072297147685,0.012793626750476413,0.05,0.002003193841079169,2.5587253500952825,0,0.054631297718999564
mccloud,19,0.2940992199302823,0.011782754920610589,0.05,0.002003193841079169,2.356550984122118,0,0.054631297718999564
mccloud,20,0.2699985756801563,0.010817189678052739,0.05,0.002003193841079169,2.1634379356105478,0,0.054631297718999564
mccloud,21,0.2493407681939497,0.009989557823521376,0.05,0.002003193841079169,1.9979115647042751,0,0.054631297718999564
mccloud,22,0.2297014164643431,0.009202729254970666,0.05,0.002003193841079169,1.8405458509941333,0,0.054631297718999564
mccloud,23,0.21278823418422121,0.008525121603438875,0.05,0.002003193841079169,1.705024320687775,0,0.054631297718999564
mccloud,24,0.19678469668436582,0.00788395784833508,0.05,0.002003193841079169,1.5767915696670158,0,0.054631297718999564
mccloud,25,0.18293735421921653,0.0073291796255050565,0.05,0.002003193841079169,1.4658359251010113,0,0.054631297718999564
mccloud,26,0.16989682875638004,0.006806725619673254,0.05,0.002003193841079169,1.3613451239346508,0,0.054631297718999564
mccloud,27,0.15855958363175954,0.006352511627504361,0.05,0.002003193841079169,1.2705023255008723,0,0.054631297718999564
mccloud,28,0.14793371715995418,0.005926798222055358,0.05,0.002003193841079169,1.1853596444110717,0,0.054631297718999564
mccloud,29,0.13865156592124403,0.0055549192581883676,0.05,0.002003193841079169,1.1109838516376735,0,0.054631297718999564
mccloud,30,0.12999344423268697,0.005208041337351738,0.05,0.002003193841079169,1.0416082674703475,0,0.054631297718999564
mccloud,31,0.122393861558834,0.004903572593211053,0.05,0.002003193841079169,0.9807145186422107,0,0.054631297718999564
mccloud,32,0.11533925188075683,0.0046209375800442196,0.05,0.002003193841079169,0.924187516008844,0,0.054631297718999564
mccloud,33,0.10911723983511486,0.004371659655865212,0.05,0.002003193841079169,0.8743319311730424,0,0.054631297718999564
mccloud,34,0.10336930057516391,0.0041413749253765945,0.05,0.002003193841079169,0.8282749850753189,0,0.054631297718999564
mccloud,35,0.0982751479673752,0.003937283422787799,0.05,0.002003193841079169,0.7874566845575599,0,0.054631297718999564
mccloud,36,0.09359196497365513,0.003749656956194465,0.05,0.002003193841079169,0.749931391238893,0,0.054631297718999564
mccloud,37,0.0894212255727861,0.0035825609665831237,0.05,0.002003193841079169,0.7165121933166247,0,0.054631297718999564
mccloud,38,0.08560565260362557,0.003429694321142913,0.05,0.002003193841079169,0.6859388642285826,0,0.054631297718999564
mccloud,39,0.08219093999306007,0.003292887695732109,0.05,0.002003193841079169,0.6585775391464218,0,0.054631297718999564
mccloud,40,0.07908231757207428,0.0031683442299729222,0.05,0.002003193841079169,0.6336688459945844,0,0.054631297718999564
mccloud,41,0.07628658734488108,0.003056336438524277,0.05,0.002003193841079169,0.6112672877048554,0,0.054631297718999564
mccloud,42,0.06838597736478588,0.0027398073734663706,0.05,0.002003193841079169,0.5479614746932742,0,0.054631297718999564
mccloud,43,0.055758626872744334,0.0022339067587702575,0.05,0.002003193841079169,0.4467813517540515,0,0.054631297718999564
mccloud,44,0.827912283984429,0.03316937576462792,0.05,0.002003193841079169,6.633875152925583,0,0.054631297718999564
mccloud,45,2.258013654541691,0.09046478091701163,0.05,0.002003193841079169,18.092956183402325,0,0.054631297718999564
mccloud,46,3.540693834214734,0.14185392163691882,0.05,0.002003193841079169,28.370784327383763,0,0.054631297718999564
mccloud,47,4.711561806308941,0.18876343184523825,0.05,0.002003193841079169,37.75268636904765,0,0.054631297718999564
mccloud,48,4.90785218269315,0.19662758530595745,0.05,0.002003193841079169,39.32551706119149,0,0.054631297718999564
mccloud,49,4.436376428683467,0.17773843877295037,0.05,0.002003193841079169,35.54768775459007,0,0.054631297718999564
mccloud,50,4.017728730569517,0.16096578896407365,0.05,0.002003193841079169,32.19315779281473,0,0.054631297718999564
mccloud,51,3.631717031431156,0.14550066379810425,0.05,0.002003193841079169,29.100132759620852,0,0.054631297718999564
mccloud,52,3.2906873644394468,0.1318376932272428,0.05,0.002003193841079169,26.367538645448562,0,0.054631297718999564
mccloud,53,2.9746477153069835,0.1191759196536634,0.05,0.002003193841079169,23.835183930732683,0,0.054631297718999564
mccloud,54,2.6968527074233264,0.10804637467616177,0.05,0.002003193841079169,21.609274935232353,0,0.054631297718999564
mccloud,55,2.4381013274866077,0.09767979126296236,0.05,0.002003193841079169,19.535958252592472,0,0.054631297718999564
mccloud,56,2.2118217175522292,0.08861415284331549,0.05,0.002003193841079169,17.7228305686631,0,0.054631297718999564
mccloud,57,1.9999740053966706,0.08012671219858093,0.05,0.002003193841079169,16.025342439716187,0,0.054631297718999564
mccloud,58,1.8156614169741854,0.07274243535935529,0.05,0.002003193841079169,14.548487071871058,0,0.054631297718999564
mccloud,59,1.642215180063217,0.06579350668858709,0.05,0.002003193841079169,13.15870133771742,0,0.054631297718999564
mccloud,60,2.459585459497136,0.09854052888145079,0.05,0.002003193841079169,19.708105776290157,0,0.054631297718999564
mccloud,61,3.621906674251158,0.14510762285646908,0.05,0.002003193841079169,29.021524571293817,0,0.054631297718999564
mccloud,62,3.622989974990306,0.14515102408384303,0.05,0.002003193841079169,29.030204816768606,0,0.054631297718999564
mccloud,63,3.270291115545705,0.1310205404239416,0.05,0.002003193841079169,26.20410808478832,0,0.054631297718999564
mccloud,64,2.9681769690484403,0.11891667647261737,0.05,0.002003193841079169,23.783335294523475,0,0.054631297718999564
mccloud,65,2.679411566245613,0.10734761494439002,0.05,0.002003193841079169,21.469522988878005,0,0.054631297718999564
mccloud,66,2.433355650447323,0.09748966104262544,0.05,0.002003193841079169,19.497932208525086,0,0.054631297718999564
mccloud,67,2.1969345347476965,0.08801771458521429,0.05,0.002003193841079169,17.60354291704286,0,0.054631297718999564
mccloud,68,1.9965406128541052,0.07998915718267545,0.05,0.002003193841079169,15.99783143653509,0,0.054631297718999564
mccloud,69,1.8029753747538166,0.07223418332648504,0.05,0.002003193841079169,14.446836665297008,0,0.054631297718999564
mccloud,70,1.6397742543906881,0.06569571374311226,0.05,0.002003193841079169,13.13914274862245,0,0.054631297718999564
mccloud,71,1.4812964412311198,0.059346478157733404,0.05,0.002003193841079169,11.86929563154668,0,0.054631297718999564
mccloud,72,1.3483889518239447,0.05402168887345844,0.05,0.002003193841079169,10.804337774691689,0,0.054631297718999564
mccloud,73,1.2186382925096582,0.04882337444117164,0.05,0.002003193841079169,9.764674888234328,0,0.054631297718999564
mccloud,74,1.1104043772404588,0.04448710419190874,0.05,0.002003193841079169,8.897420838381748,0,0.054631297718999564
mccloud,75,1.004173522227708,0.040231084302026404,0.05,0.002003193841079169,8.04621686040528,0,0.054631297718999564
mccloud,76,0.9160352067317453,0.036699921686734305,0.05,0.002003193841079169,7.339984337346861,0,0.054631297718999564
mccloud,77,0.8290607388070392,0.033215387317176125,0.05,0.002003193841079169,6.643077463435225,0,0.054631297718999564
mccloud,78,0.7572890030308386,0.03033993333576719,0.05,0.002003193841079169,6.067986667153439,0,0.054631297718999564
mccloud,79,0.6860803314082864,0.027487037887252687,0.05,0.002003193841079169,5.497407577450537,0,0.054631297718999564
mccloud,80,0.6276377565455187,0.025145601766814595,0.05,0.002003193841079169,5.029120353362919,0,0.054631297718999564
mccloud,81,0.5694821938136091,0.022815664465033504,0.05,0.002003193841079169,4.563132893006701,0,0.054631297718999564
mccloud,82,0.5217495937734432,0.020903311456650392,0.05,0.002003193841079169,4.180662291330078,0,0.054631297718999564
mccloud,83,0.4743497803664665,0.019004291170947242,0.05,0.002003193841079169,3.8008582341894486,0,0.054631297718999564
mccloud,84,0.43526963278921144,0.017438588952242796,0.05,0.002003193841079169,3.4877177904485595,0,0.054631297718999564
mccloud,85,0.3952820488960954,0.015836531316756264,0.05,0.002003193841079169,3.1673062633512528,0,0.054631297718999564
mccloud,86,0.34184073527650877,0.013695465110717536,0.05,0.002003193841079169,2.739093022143507,0,0.054631297718999564
mccloud,87,0.28925104949642494,0.011588518417538484,0.05,0.002003193841079169,2.317703683507697,0,0.054631297718999564
mccloud,88,0.2454970025511844,0.009835561670278591,0.05,0.002003193841079169,1.9671123340557182,0,0.054631297718999564
mccloud,89,0.20505184237027144,0.008215171754761285,0.05,0.002003193841079169,1.643034350952257,0,0.054631297718999564
mccloud,90,0.19067425352784703,0.007639149806387023,0.05,0.002003193841079169,1.5278299612774044,0,0.054631297718999564
mccloud,91,0.17665466121042553,0.007077470586693032,0.05,0.002003193841079169,1.4154941173386064,0,0.054631297718999564
mccloud,92,0.16488328707002184,0.006605863703111126,0.05,0.002003193841079169,1.3211727406222251,0,0.054631297718999564
mccloud,93,0.15345777419174544,0.006148113362532445,0.05,0.002003193841079169,1.2296226725064892,0,0.054631297718999564
mccloud,94,0.14382018817701003,0.005761994303580671,0.05,0.002003193841079169,1.1523988607161342,0,0.054631297718999564
mccloud,95,0.1345089644183585,0.005388950581855856,0.05,0.002003193841079169,1.0777901163711712,0,0.054631297718999564
mccloud,96,0.12661837636266027,0.005072823033942505,0.05,0.002003193841079169,1.014564606788501,0,0.054631297718999564
mccloud,97,0.11903035620121044,0.004768817528874488,0.05,0.002003193841079169,0.9537635057748977,0,0.054631297718999564
mccloud,98,0.11257008910014057,0.004509994183502697,0.05,0.002003193841079169,0.9019988367005395,0,0.054631297718999564
mccloud,99,0.10638649811637836,0.004262255556014194,0.05,0.002003193841079169,0.8524511112028389,0,0.054631297718999564
mccloud,100,0.10109727876763451,0.004050348923543785,0.05,0.002003193841079169,0.810069784708757,0,0.054631297718999564
mccloud,101,0.09095356916337848,0.003643952591444959,0.05,0.002003193841079169,0.7287905182889919,0,0.054631297718999564
mccloud,102,0.06706398715140774,0.00268684332039825,0.05,0.002003193841079169,0.53736866407965,0,0.054631297718999564
mccloud,103,0.05,0.002003193841079169,0.05,0.002003193841079169,0.4006387682158338,0,0.054631297718999564
mccloud,104,0.05,0.002003193841079169,0.05,0.002003193841079169,0.4006387682158338,0,0.054631297718999564
mccloud,105,0.05,0.002003193841079169,0.05,0.002003193841079169,0.4006387682158338,0,0.054631297718999564
mccloud,106,0.05,0.002003193841079169,0.05,0.002003193841079169,0.4006387682158338,0,0.054631297718999564
mccloud,107,0.05,0.002003193841079169,0.05,0.002003193841079169,0.4006387682158338,0,0.054631297718999564
mccloud,108,0.05,0.002003193841079169,0.05,0.002003193841079169,0.4006387682158338,0,0.054631297718999564
mccloud,109,0.05,0.002003193841079169,0.05,0.002003193841079169,0.4006387682158338,0,0.054631297718999564
mccloud,110,0.05,0.002003193841079169,0.05,0.002003193841079169,0.4006387682158338,0,0.054631297718999564
mccloud,111,0.05,0.002003193841079169,0.05,0.002003193841079169,0.4006387682158338,0,0.054631297718999564
mccloud,112,0.05,0.002003193841079169,0.05,0.002003193841079169,0.4006387682158338,0,0.054631297718999564
mccloud,113,0.05,0.002003193841079169,0.05,0.002003193841079169,0.4006387682158338,0,0.054631297718999564
mccloud,114,0.05,0.002003193841079169,0.05,0.002003193841079169,0.4006387682158338,0,0.054631297718999564
mccloud,115,0.05,0.002003193841079169,0.05,0.002003193841079169,0.4006387682158338,0,0.054631297718999564
mccloud,116,0.05,0.002003193841079169,0.05,0.002003193841079169,0.4006387682158338,0,0.054631297718999564
mccloud,117,0.05,0.002003193841079169,0.05,0.002003193841079169,0.4006387682158338,0,0.054631297718999564
mccloud,118,0.05,0.002003193841079169,0.05,0.002003193841079169,0.4006387682158338,0,0.054631297718999564
mccloud,119,0.05,0.002003193841079169,0.05,0.002003193841079169,0.4006387682158338,0,0.054631297718999564
mccloud,120,0.05,0.002003193841079169,0.05,0.002003193841079169,0.4006387682158338,0,0.054631297718999564
mccloud,121,0.05,0.002003193841079169,0.05,0.002003193841079169,0.4006387682158338,0,0.054631297718999564
mccloud,122,0.05,0.002003193841079169,0.05,0.002003193841079169,0.4006387682158338,0,0.054631297718999564
mccloud,123,0.1741363003758892,0.006976575288425867,0.05,0.002003193841079169,1.3953150576851734,0,0.054631297718999564
mccloud,124,0.4070518330399396,0.016308074498911862,0.05,0.002003193841079169,3.2616148997823724,0,0.054631297718999564
mccloud,125,0.48652615954767436,0.019492124126596046,0.05,0.002003193841079169,3.8984248253192093,0,0.054631297718999564
mccloud,126,0.44430573634522164,0.01780061029205786,0.05,0.002003193841079169,3.560122058411572,0,0.054631297718999564
mccloud,127,0.4065427088448316,0.016287677009872166,0.05,0.002003193841079169,3.257535401974433,0,0.054631297718999564
mccloud,128,0.3719755499610164,0.014902782614278893,0.05,0.002003193841079169,2.9805565228557787,0,0.054631297718999564
mccloud,129,0.3412127256702281,0.013670304611208738,0.05,0.002003193841079169,2.7340609222417473,0,0.054631297718999564
mccloud,130,0.3129115296455155,0.012536448979771167,0.05,0.002003193841079169,2.5072897959542333,0,0.054631297718999564
mccloud,131,0.2878519033812158,0.011532463199923348,0.05,0.002003193841079169,2.3064926399846697,0,0.054631297718999564
mccloud,132,0.26468084384689555,0.010604140724914767,0.05,0.002003193841079169,2.1208281449829536,0,0.054631297718999564
mccloud,133,0.24426760827523689,0.00978630736944187,0.05,0.002003193841079169,1.957261473888374,0,0.054631297718999564
mccloud,134,0.2252967492530881,0.009026261210378878,0.05,0.002003193841079169,1.8052522420757757,0,0.054631297718999564
mccloud,135,1.129069112344688,0.04523488584003206,0.05,0.002003193841079169,9.046977168006412,0,0.054631297718999564
mccloud,136,2.46444717610244,0.09873530809666714,0.05,0.002003193841079169,19.74706161933343,0,0.054631297718999564
mccloud,137,3.0961046613879324,0.12404195578057622,0.05,0.002003193841079169,24.808391156115245,0,0.054631297718999564
mccloud,138,3.4347734233406078,0.13761033934276634,0.05,0.002003193841079169,27.52206786855327,0,0.054631297718999564
mccloud,139,3.292848881214538,0.13192429196906785,0.05,0.002003193841079169,26.38485839381357,0,0.054631297718999564
mccloud,140,2.9738636481120793,0.1191445068821469,0.05,0.002003193841079169,23.82890137642938,0,0.054631297718999564
mccloud,141,2.698562779214356,0.10811488678175364,0.05,0.002003193841079169,21.622977356350727,0,0.054631297718999564
mccloud,142,2.437399759095622,0.09765168371336398,0.05,0.002003193841079169,19.530336742672798,0,0.054631297718999564
mccloud,143,2.2131729862586074,0.08866828990632067,0.05,0.002003193841079169,17.733657981264134,0,0.054631297718999564
mccloud,144,1.999350790120676,0.08010174377853016,0.05,0.002003193841079169,16.02034875570603,0,0.054631297718999564
mccloud,145,1.81672777206367,0.07278515767830847,0.05,0.002003193841079169,14.557031535661693,0,0.054631297718999564
mccloud,146,1.641664964394872,0.0657714629158252,0.05,0.002003193841079169,13.15429258316504,0,0.054631297718999564
mccloud,147,1.492930502879024,0.05981258377052974,0.05,0.002003193841079169,11.962516754105948,0,0.054631297718999564
mccloud,148,1.3496011985204044,0.054070256175782774,0.05,0.002003193841079169,10.814051235156555,0,0.054631297718999564
mccloud,149,1.2284701130205056,0.04921727528705014,0.05,0.002003193841079169,9.843455057410027,0,0.054631297718999564
mccloud,150,1.1111220037248297,0.04451585509098248,0.05,0.002003193841079169,8.903171018196495,0,0.054631297718999564
mccloud,151,1.012474205110253,0.04056364183856772,0.05,0.002003193841079169,8.112728367713544,0,0.054631297718999564
mccloud,152,0.9163976992143261,0.03671444454090517,0.05,0.002003193841079169,7.342888908181033,0,0.054631297718999564
mccloud,153,0.8360623211245672,0.033495897848701744,0.05,0.002003193841079169,6.699179569740349,0,0.054631297718999564
mccloud,154,0.7574015310992944,0.03034444164644078,0.05,0.002003193841079169,6.068888329288156,0,0.054631297718999564
mccloud,155,0.6919810388034657,0.027723443101493356,0.05,0.002003193841079169,5.544688620298671,0,0.054631297718999564
mccloud,156,0.6275790309483653,0.025143248991723967,0.05,0.002003193841079169,5.0286497983447935,0,0.054631297718999564
mccloud,157,0.5743059074395934,0.02300892113356753,0.05,0.002003193841079169,4.601784226713506,0,0.054631297718999564
mccloud,158,0.5215780030486522,0.020896436866988638,0.05,0.002003193841079169,4.179287373397727,0,0.054631297718999564
mccloud,159,0.47819798139775826,0.019158465023049603,0.05,0.002003193841079169,3.831693004609921,0,0.054631297718999564
mccloud,160,0.4350495228395492,0.01742977049433232,0.05,0.002003193841079169,3.485954098866464,0,0.054631297718999564
mccloud,161,0.3997049515408504,0.01601372994350958,0.05,0.002003193841079169,3.202745988701916,0,0.054631297718999564
mccloud,162,0.36453639353396816,0.014604741167529143,0.05,0.002003193841079169,2.9209482335058286,0,0.054631297718999564
mccloud,163,0.33559870605736697,0.013445385220965117,0.05,0.002003193841079169,2.689077044193023,0,0.054631297718999564
mccloud,164,0.3067525114132439,0.012289694831971551,0.05,0.002003193841079169,2.4579389663943103,0,0.054631297718999564
mccloud,165,0.27956763399044443,0.011200563251494672,0.05,0.002003193841079169,2.2401126502989346,0,0.054631297718999564
mccloud,166,0.2530304861846329,0.010137382230606487,0.05,0.002003193841079169,2.0274764461212973,0,0.054631297718999564
mccloud,167,0.23426609378267807,0.009385607924782713,0.05,0.002003193841079169,1.8771215849565426,0,0.054631297718999564
mccloud,168,0.21584744882398404,0.008647685601937119,0.05,0.002003193841079169,1.7295371203874237,0,0.054631297718999564
mccloud,169,0.20048446370168072,0.00803218485838534,0.05,0.002003193841079169,1.606436971677068,0,0.054631297718999564
mccloud,170,0.18547340849752378,0.007430783791724008,0.05,0.002003193841079169,1.4861567583448017,0,0.054631297718999564
mccloud,171,0.17289526011881426,0.006926854404435791,0.05,0.002003193841079169,1.385370880887158,0,0.054631297718999564
mccloud,172,0.16066162199185088,0.006436727433437304,0.05,0.002003193841079169,1.2873454866874607,0,0.054631297718999564
mccloud,173,0.15036350509742374,0.006024144946684709,0.05,0.002003193841079169,1.204828989336942,0,0.054631297718999564
mccloud,174,0.14530786658784908,0.005821596468182656,0.05,0.002003193841079169,1.1643192936365312,0,0.054631297718999564
mccloud,175,0.16482634550727532,0.006603582403355221,0.05,0.002003193841079169,1.3207164806710443,0,0.054631297718999564
mccloud,176,0.3349739777207482,0.01342035618183987,0.05,0.002003193841079169,2.684071236367974,0,0.054631297718999564
mccloud,177,1.105574810051707,0.04429361300695703,0.05,0.002003193841079169,8.858722601391406,0,0.054631297718999564
mccloud,178,2.0611210104860165,0.08257649827848922,0.05,0.002003193841079169,16.51529965569784,0,0.054631297718999564
mccloud,179,3.6526988426904903,0.14634127649989193,0.05,0.002003193841079169,29.268255299978385,0,0.054631297718999564
mccloud,180,4.944552107931297,0.1980979265900599,0.05,0.002003193841079169,39.61958531801198,0,0.054631297718999564
mccloud,181,5.337231672280976,0.21383019228651848,0.05,0.002003193841079169,42.766038457303694,0,0.054631297718999564
mccloud,182,5.612089137944687,0.22484204793436197,0.05,0.002003193841079169,44.96840958687239,0,0.054631297718999564
mccloud,183,5.575896263077371,0.2233920210538588,0.05,0.002003193841079169,44.67840421077176,0,0.054631297718999564
mccloud,184,5.399384744172926,0.21632028530288056,0.05,0.002003193841079169,43.264057060576114,0,0.054631297718999564
mccloud,185,4.894604837842072,0.19609684531363084,0.05,0.002003193841079169,39.219369062726166,0,0.054631297718999564
mccloud,186,4.419487367420223,0.1770617975028676,0.05,0.002003193841079169,35.41235950057352,0,0.054631297718999564
mccloud,187,4.006208534571347,0.1605042452506425,0.05,0.002003193841079169,32.1008490501285,0,0.054631297718999564
mccloud,188,3.6190675378090473,0.1449938760437727,0.05,0.002003193841079169,28.99877520875454,0,0.054631297718999564
mccloud,189,3.2807034477594974,0.13143769881918038,0.05,0.002003193841079169,26.287539763836076,0,0.054631297718999564
mccloud,190,2.965255732751891,0.11879964042146571,0.05,0.002003193841079169,23.75992808429314,0,0.054631297718999564
mccloud,191,2.688226646491066,0.10770078123351622,0.05,0.002003193841079169,21.540156246703244,0,0.054631297718999564
mccloud,192,2.431201526733245,0.09740335849548619,0.05,0.002003193841079169,19.480671699097236,0,0.054631297718999564
mccloud,193,2.204389294314428,0.08831638115423035,0.05,0.002003193841079169,17.66327623084607,0,0.054631297718999564
mccloud,194,2.0462128986276884,0.08197922152135478,0.05,0.002003193841079169,16.395844304270955,0,0.054631297718999564
mccloud,195,1.9816308257574335,0.07939181330899836,0.05,0.002003193841079169,15.878362661799672,0,0.054631297718999564
mccloud,196,1.9723556455452969,0.07902021363148133,0.05,0.002003193841079169,15.804042726296267,0,0.054631297718999564
mccloud,197,2.031280989408523,0.08138099134968707,0.05,0.002003193841079169,16.276198269937414,0,0.054631297718999564
mccloud,198,1.975099537484932,0.07913014458016261,0.05,0.002003193841079169,15.826028916032522,0,0.054631297718999564
mccloud,199,1.790426778636519,0.07173143791735781,0.05,0.002003193841079169,14.346287583471561,0,0.054631297718999564
mccloud,200,1.622399800112684,0.06499962574707606,0.05,0.002003193841079169,12.999925149415212,0,0.054631297718999564
mccloud,201,1.4712025331877339,0.058942077069234794,0.05,0.002003193841079169,11.788415413846959,0,0.054631297718999564
mccloud,202,1.7768508464434283,0.07118753344223566,0.05,0.002003193841079169,14.237506688447132,0,0.054631297718999564
mccloud,203,2.5008735331277805,0.1001946891775894,0.05,0.002003193841079169,20.03893783551788,0,0.054631297718999564
mccloud,204,2.6896433032536082,0.10775753799554919,0.05,0.002003193841079169,21.551507599109836,0,0.054631297718999564
mccloud,205,2.434610403871085,0.09753993132923651,0.05,0.002003193841079169,19.5079862658473,0,0.054631297718999564
mccloud,206,2.205994431123651,0.08838068915763685,0.05,0.002003193841079169,17.67613783152737,0,0.054631297718999564
mccloud,207,1.9971911533525366,0.08001522035707205,0.05,0.002003193841079169,16.00304407141441,0,0.054631297718999564
mccloud,208,1.8109520678969782,0.07255376057801623,0.05,0.002003193841079169,14.510752115603246,0,0.054631297718999564
mccloud,209,1.6399984030422825,0.06570469400707946,0.05,0.002003193841079169,13.140938801415892,0,0.054631297718999564
mccloud,210,1.4882849390436514,0.05962646447326257,0.05,0.002003193841079169,11.925292894652515,0,0.054631297718999564
mccloud,211,1.3483199162757256,0.054018923041758274,0.05,0.002003193841079169,10.803784608351656,0,0.054631297718999564
mccloud,212,1.2247347513486038,0.049067622217143,0.05,0.002003193841079169,9.813524443428602,0,0.054631297718999564
mccloud,213,1.110141082853243,0.04447655559801151,0.05,0.002003193841079169,8.895311119602303,0,0.054631297718999564
mccloud,214,1.0094717087249305,0.04044335019322891,0.05,0.002003193841079169,8.088670038645782,0,0.054631297718999564
mccloud,215,0.915650348219757,0.036684502762716266,0.05,0.002003193841079169,7.336900552543253,0,0.054631297718999564
mccloud,216,0.8333584222398748,0.03338756917684741,0.05,0.002003193841079169,6.677513835369482,0,0.054631297718999564
mccloud,217,0.7561248647671422,0.03029329344376717,0.05,0.002003193841079169,6.058658688753434,0,0.054631297718999564
mccloud,218,0.6806046176307754,0.027267659564960238,0.05,0.002003193841079169,5.453531912992047,0,0.054631297718999564
mccloud,219,0.6057513844421542,0.02426874885079406,0.05,0.002003193841079169,4.853749770158812,0,0.054631297718999564
mccloud,220,0.5304012572747379,0.02124993063746805,0.05,0.002003193841079169,4.24998612749361,0,0.054631297718999564
mccloud,221,0.4548806092954103,0.01822428069933811,0.05,0.002003193841079169,3.6448561398676222,0,0.054631297718999564
mccloud,222,0.40049498953025764,0.016045381928201565,0.05,0.002003193841079169,3.209076385640313,0,0.054631297718999564
mccloud,223,0.35244987822936136,0.014120508507163192,0.05,0.002003193841079169,2.8241017014326384,0,0.054631297718999564
mccloud,224,0.3155780267026939,0.012643279189415078,0.05,0.002003193841079169,2.5286558378830155,0,0.054631297718999564
mccloud,225,0.28160581006553237,0.011282220486707692,0.05,0.002003193841079169,2.2564440973415385,0,0.054631297718999564
mccloud,226,0.25850832712371025,0.010356845775237907,0.05,0.002003193841079169,2.0713691550475812,0,0.054631297718999564
mccloud,227,0.23781934224864132,0.009527964833639544,0.05,0.002003193841079169,1.9055929667279088,0,0.054631297718999564
mccloud,228,0.2202933654761004,0.008825806259046533,0.05,0.002003193841079169,1.7651612518093065,0,0.054631297718999564
mccloud,229,0.2033546573089159,0.008147175941519706,0.05,0.002003193841079169,1.629435188303941,0,0.054631297718999564
mccloud,230,4.815449470942826,0.1929255744444122,0.05,0.002003193841079169,38.58511488888244,0,0.054631297718999564
mccloud,231,10.13068861700236,0.40587466086939933,0.05,0.002003193841079169,81.17493217387987,0,0.054631297718999564
mccloud,232,9.827537776838803,0.3937292629507271,0.05,0.002003193841079169,78.74585259014542,0,0.054631297718999564
mccloud,233,8.850180138328273,0.35457252691080765,0.05,0.002003193841079169,70.91450538216154,0,0.054631297718999564
mccloud,234,8.035385881569109,0.32192871017307495,0.05,0.002003193841079169,64.38574203461499,0,0.054631297718999564
mccloud,235,7.235193126164833,0.28986988618703463,0.05,0.002003193841079169,57.97397723740693,0,0.054631297718999564
mccloud,236,6.569970995831174,0.2632185086983556,0.05,0.002003193841079169,52.64370173967112,0,0.054631297718999564
mccloud,237,5.913012373154897,0.23689819936257617,0.05,0.002003193841079169,47.379639872515234,1,0.054631297718999564
mccloud,238,5.3695929743306205,0.2151267115056215,0.05,0.002003193841079169,43.0253423011243,1,0.054631297718999564
mccloud,239,4.830044230864941,0.1935102971081724,0.05,0.002003193841079169,38.70205942163448,1,0.054631297718999564
mccloud,240,4.390956943079978,0.1759187580964325,0.05,0.002003193841079169,35.183751619286504,0,0.054631297718999564
mccloud,241,3.954013993404417,0.15841312958257153,0.05,0.002003193841079169,31.682625916514308,0,0.054631297718999564
mccloud,242,3.5952032529549602,0.14403778027494338,0.05,0.002003193841079169,28.807556054988677,0,0.054631297718999564
mccloud,243,3.238548882614805,0.12974882351375602,0.05,0.002003193841079169,25.949764702751203,0,0.054631297718999564
mccloud,244,2.9320660568177557,0.11746993333309225,0.05,0.002003193841079169,23.49398666661845,0,0.054631297718999564
mccloud,245,2.705026999052566,0.10837386848909933,0.05,0.002003193841079169,21.674773697819866,0,0.054631297718999564
mccloud,246,3.6034413217392314,0.14436782924796415,0.05,0.002003193841079169,28.87356584959283,0,0.054631297718999564
mccloud,247,4.760373827489337,0.19071903064922216,0.05,0.002003193841079169,38.143806129844435,0,0.054631297718999564
mccloud,248,8.510322048208522,0.3409564942514314,0.05,0.002003193841079169,68.19129885028627,0,0.054631297718999564
mccloud,249,11.935487021243226,0.4781818818246956,0.05,0.002003193841079169,95.63637636493912,0,0.054631297718999564
mccloud,250,12.870647095362578,0.5156480198426762,0.05,0.002003193841079169,103.12960396853524,0,0.054631297718999564
mccloud,251,13.549921144101946,0.5428623716594684,0.05,0.002003193841079169,108.57247433189367,0,0.054631297718999564
mccloud,252,12.658757429234136,0.5071588983591397,0.05,0.002003193841079169,101.43177967182795,0,0.054631297718999564
mccloud,253,11.735017319901683,0.47015028840368844,0.05,0.002003193841079169,94.03005768073768,0,0.054631297718999564
mccloud,254,10.646223478615246,0.42652898606229006,0.05,0.002003193841079169,85.30579721245802,1,0.054631297718999564
mccloud,255,9.594842203089161,0.3844065761470938,0.05,0.002003193841079169,76.88131522941876,1,0.054631297718999564
mccloud,256,8.703413201466049,0.34869247443087836,0.05,0.002003193841079169,69.73849488617567,1,0.054631297718999564
mccloud,257,7.84661034208765,0.3143656302123618,0.05,0.002003193841079169,62.87312604247236,1,0.054631297718999564
mccloud,258,7.116770004273221,0.2851253968187417,0.05,0.002003193841079169,57.02507936374835,0,0.054631297718999564
mccloud,259,6.418550248688386,0.25715200653659487,0.05,0.002003193841079169,51.430401307318974,0,0.054631297718999564
mccloud,260,5.821007519282854,0.23321212823005885,0.05,0.002003193841079169,46.64242564601177,0,0.054631297718999564
mccloud,261,5.25203167881705,0.21041675024318005,0.05,0.002003193841079169,42.08335004863601,0,0.054631297718999564
mccloud,262,4.762805069974606,0.1908164356486754,0.05,0.002003193841079169,38.16328712973508,0,0.054631297718999564
mccloud,263,4.879656905702209,0.195497973201642,0.05,0.002003193841079169,39.0995946403284,0,0.054631297718999564
mccloud,264,6.491502238036222,0.26007474605171604,0.05,0.002003193841079169,52.01494921034321,0,0.054631297718999564
mccloud,265,7.798838742563793,0.312451714733468,0.05,0.002003193841079169,62.4903429466936,0,0.054631297718999564
mccloud,266,8.438392729971856,0.33807472690573703,0.05,0.002003193841079169,67.61494538114741,0,0.054631297718999564
mccloud,267,9.038772072411208,0.36212825092745043,0.05,0.002003193841079169,72.42565018549008,0,0.054631297718999564
mccloud,268,9.562394590155815,0.3831065989793778,0.05,0.002003193841079169,76.62131979587556,0,0.054631297718999564
mccloud,269,10.051596780842418,0.40270593528789467,0.05,0.002003193841079169,80.54118705757894,0,0.054631297718999564
mccloud,270,10.480302639124043,0.4198815539867808,0.05,0.002003193841079169,83.97631079735616,0,0.054631297718999564
mccloud,271,10.847950761009058,0.43461096305566854,0.05,0.002003193841079169,86.92219261113371,0,0.054631297718999564
mccloud,272,11.119032391997298,0.4454715441281753,0.05,0.002003193841079169,89.09430882563505,0,0.054631297718999564
mccloud,273,10.853780546036242,0.434844526844894,0.05,0.002003193841079169,86.9689053689788,0,0.054631297718999564
mccloud,274,9.823359606294122,0.3935618692406854,0.05,0.002003193841079169,78.71237384813709,0,0.054631297718999564
mccloud,275,9.029173893881776,0.3617437106851357,0.05,0.002003193841079169,72.34874213702714,0,0.054631297718999564
mccloud,276,8.53956819154874,0.3421282081357202,0.05,0.002003193841079169,68.42564162714405,0,0.054631297718999564
mccloud,277,8.310389424453225,0.33294641824068316,0.05,0.002003193841079169,66.58928364813663,0,0.054631297718999564
mccloud,278,8.385042081801538,0.3359372931090898,0.05,0.002003193841079169,67.18745862181797,0,0.054631297718999564
mccloud,279,8.06333052854371,0.323048281067288,0.05,0.002003193841079169,64.6096562134576,0,0.054631297718999564
mccloud,280,7.322861306453402,0.2933822133632882,0.05,0.002003193841079169,58.676442672657636,0,0.054631297718999564
mccloud,281,6.636697152458646,0.26589181721825633,0.05,0.002003193841079169,53.178363443651264,0,0.054631297718999564
mccloud,282,6.002502364705883,0.24048351536083942,0.05,0.002003193841079169,48.096703072167884,0,0.054631297718999564
mccloud,283,5.429893297441227,0.21754257622302653,0.05,0.002003193841079169,43.508515244605306,0,0.054631297718999564
mccloud,284,4.910658521266277,0.19674001810887087,0.05,0.002003193841079169,39.348003621774176,0,0.054631297718999564
mccloud,285,4.4441730433275755,0.17805080138167728,0.05,0.002003193841079169,35.610160276335456,0,0.054631297718999564
mccloud,286,4.01905956400558,0.16101910731092614,0.05,0.002003193841079169,32.203821462185225,0,0.054631297718999564
mccloud,287,3.629065109667651,0.14539441753123075,0.05,0.002003193841079169,29.07888350624615,0,0.054631297718999564
mccloud,288,3.2639672411165517,0.13076718149777686,0.05,0.002003193841079169,26.15343629955537,0,0.054631297718999564
mccloud,289,2.911663962653858,0.1166525463456075,0.05,0.002003193841079169,23.3305092691215,0,0.054631297718999564
mccloud,290,2.5675446111846503,0.10286579103642199,0.05,0.002003193841079169,20.573158207284397,0,0.054631297718999564
mccloud,291,2.283329385412249,0.091479027240258,0.05,0.002003193841079169,18.2958054480516,0,0.054631297718999564
mccloud,292,2.0336044138289395,0.0814740767394709,0.05,0.002003193841079169,16.29481534789418,0,0.054631297718999564
mccloud,293,1.8301072991090481,0.07332119340178554,0.05,0.002003193841079169,14.664238680357109,0,0.054631297718999564
mccloud,294,1.6504945771019277,0.06612521143170297,0.05,0.002003193841079169,13.225042286340594,0,0.054631297718999564
mccloud,295,1.4968382134526172,0.05996914180560458,0.05,0.002003193841079169,11.993828361120915,0,0.054631297718999564
mccloud,296,1.355169726153302,0.054293352980944766,0.05,0.002003193841079169,10.858670596188952,0,0.054631297718999564
mccloud,297,1.2317030963302849,0.04934680113213937,0.05,0.002003193841079169,9.869360226427874,0,0.054631297718999564
mccloud,298,1.115714749036298,0.04469985827341405,0.05,0.002003193841079169,8.939971654682811,0,0.054631297718999564
mccloud,299,1.0151486740984774,0.040670791434675085,0.05,0.002003193841079169,8.134158286935017,0,0.054631297718999564
mccloud,300,0.920185447170201,0.03686619640844055,0.05,0.002003193841079169,7.37323928168811,0,0.054631297718999564
mccloud,301,0.8382745276211501,0.033584527417284744,0.05,0.002003193841079169,6.716905483456949,0,0.054631297718999564
mccloud,302,0.760525213323447,0.030469588466299,0.05,0.002003193841079169,6.0939176932598,0,0.054631297718999564
mccloud,303,0.6938106916099801,0.027796746086159813,0.05,0.002003193841079169,5.559349217231962,0,0.054631297718999564
mccloud,304,0.6301549369637263,0.02524644977302737,0.05,0.002003193841079169,5.049289954605474,0,0.054631297718999564
mccloud,305,0.5514453152241604,0.022093037182979978,0.05,0.002003193841079169,4.4186074365959955,0,0.054631297718999564
mccloud,306,0.46915143941475745,0.018796025479381376,0.05,0.002003193841079169,3.759205095876275,0,0.054631297718999564
mccloud,307,0.40776459770241236,0.01633663061455195,0.05,0.002003193841079169,3.2673261229103896,0,0.054631297718999564
mccloud,308,0.35058676285449286,0.014045864882280065,0.05,0.002003193841079169,2.809172976456013,0,0.054631297718999564
mccloud,309,0.30229285634672765,0.012111023760719895,0.05,0.002003193841079169,2.422204752143979,0,0.054631297718999564
mccloud,310,0.2554796045623202,0.010235503407611628,0.05,0.002003193841079169,2.0471006815223256,0,0.054631297718999564
mccloud,311,0.21614971192603136,0.008659795433625252,0.05,0.002003193841079169,1.7319590867250503,0,0.054631297718999564
mccloud,312,0.1778222630385558,0.007124249242511898,0.05,0.002003193841079169,1.4248498485023795,0,0.054631297718999564
mccloud,313,0.14579345143891223,0.005841050879842077,0.05,0.002003193841079169,1.1682101759684154,0,0.054631297718999564
mccloud,314,0.11441359034771215,0.00458385199040584,0.05,0.002003193841079169,0.9167703980811679,0,0.054631297718999564
mccloud,315,0.10693738628259224,0.004284326271647855,0.05,0.002003193841079169,0.856865254329571,0,0.054631297718999564
mccloud,316,0.10122398878281914,0.004055425417984203,0.05,0.002003193841079169,0.8110850835968406,0,0.054631297718999564
mccloud,317,0.09142518128811772,0.0036628472015180773,0.05,0.002003193841079169,0.7325694403036155,0,0.054631297718999564
mccloud,318,0.08143853885112057,0.0032627435890610263,0.05,0.002003193841079169,0.6525487178122052,0,0.054631297718999564
mccloud,319,0.0662339646709363,0.002653589401981497,0.05,0.002003193841079169,0.5307178803962994,0,0.054631297718999564
mccloud,320,0.051008369130842814,0.0020435930177279426,0.05,0.002003193841079169,0.40871860354558853,0,0.054631297718999564
mccloud,321,0.05049644951630059,0.0020230835333483704,0.05,0.002003193841079169,0.4046167066696741,0,0.054631297718999564
mccloud,322,0.05,0.002003193841079169,0.05,0.002003193841079169,0.4006387682158338,0,0.054631297718999564
mccloud,323,0.05,0.002003193841079169,0.05,0.002003193841079169,0.4006387682158338,0,0.054631297718999564
mccloud,324,0.05,0.002003193841079169,0.05,0.002003193841079169,0.4006387682158338,0,0.054631297718999564
mccloud,325,0.05,0.002003193841079169,0.05,0.002003193841079169,0.4006387682158338,0,0.054631297718999564
mccloud,326,0.05,0.002003193841079169,0.05,0.002003193841079169,0.4006387682158338,0,0.054631297718999564
mccloud,327,0.05,0.002003193841079169,0.05,0.002003193841079169,0.4006387682158338,0,0.054631297718999564
mccloud,328,0.26397514868911104,0.0105758678410397,0.05,0.002003193841079169,2.1151735682079402,0,0.054631297718999564
mccloud,329,2.313631836132734,0.09269306089331564,0.05,0.002003193841079169,18.53861217866313,0,0.054631297718999564
mccloud,330,4.315314987761715,0.1728882481160179,0.05,0.002003193841079169,34.577649623203584,0,0.054631297718999564
mccloud,331,5.993431951023754,0.24012011942435782,0.05,0.002003193841079169,48.02402388487156,0,0.054631297718999564
mccloud,332,7.624750299181563,0.30547705678174114,0.05,0.002003193841079169,61.09541135634823,0,0.054631297718999564
mccloud,333,8.99867626426603,0.3605218574088602,0.05,0.002003193841079169,72.10437148177205,0,0.054631297718999564
mccloud,334,10.311571717536582,0.4131215391283085,0.05,0.002003193841079169,82.6243078256617,0,0.054631297718999564
mccloud,335,11.343726816463088,0.45447367387246923,0.05,0.002003193841079169,90.89473477449384,0,0.054631297718999564
mccloud,336,12.337373812447893,0.49428302472374086,0.05,0.002003193841079169,98.85660494474817,0,0.054631297718999564
mccloud,337,13.180110675282911,0.5280463305893706,0.05,0.002003193841079169,105.60926611787411,0,0.054631297718999564
mccloud,338,13.988391567891128,0.5604291967080657,0.05,0.002003193841079169,112.08583934161314,1,0.054631297718999564
mccloud,339,14.68002032033388,0.5881385258521974,0.05,0.002003193841079169,117.62770517043948,0,0.054631297718999564
mccloud,340,15.339375639002707,0.6145548561210012,0.05,0.002003193841079169,122.91097122420025,0,0.054631297718999564
mccloud,341,15.903313849122538,0.6371484071062263,0.05,0.002003193841079169,127.42968142124526,0,0.054631297718999564
mccloud,342,16.46126289199594,0.6595020088326266,0.05,0.002003193841079169,131.9004017665253,0,0.054631297718999564
mccloud,343,17.00361638055443,0.68123079219199,0.05,0.002003193841079169,136.246158438398,0,0.054631297718999564
mccloud,344,18.224678734985897,0.7301512839514049,0.05,0.002003193841079169,146.030256790281,0,0.054631297718999564
mccloud,345,21.012941561524315,0.8418599023800399,0.05,0.002003193841079169,168.371980476008,0,0.054631297718999564
mccloud,346,23.017058545971068,0.9221525983809579,0.05,0.002003193841079169,184.43051967619158,0,0.054631297718999564
mccloud,347,23.406757620228834,0.9377654540895061,0.05,0.002003193841079169,187.55309081790122,0,0.054631297718999564
mccloud,348,23.77174276336717,0.9523881739059082,0.05,0.002003193841079169,190.47763478118165,0,0.054631297718999564
mccloud,349,24.091161596004067,0.9651853306711669,0.05,0.002003193841079169,193.03706613423338,0,0.054631297718999564
mccloud,350,24.38903511667879,0.9771192987118904,0.05,0.002003193841079169,195.42385974237808,0,0.054631297718999564
mccloud,351,24.651209470817648,0.9876230197418877,0.05,0.002003193841079169,197.52460394837755,0,0.054631297718999564
mccloud,352,24.89391420489976,0.9951495907103355,0.05,0.002003193841079169,199.0299181420671,0,0.054631297718999564
mccloud,353,25.107547862458798,0.9982308280252358,0.05,0.002003193841079169,199.64616560504714,0,0.054631297718999564
mccloud,354,25.304691388439387,1.0,0.05,0.002003193841079169,200.0,0,0.054631297718999564
mccloud,355,25.479599833775495,1.0,0.05,0.002003193841079169,200.0,0,0.054631297718999564
mccloud,356,24.52030406419916,0.9633418415797549,0.05,0.002003193841079169,192.66836831595097,0,0.054631297718999564
mccloud,357,22.177832422778213,0.8819786119153032,0.05,0.002003193841079169,176.39572238306064,0,0.054631297718999564
mccloud,358,20.037171018102104,0.8027667515222431,0.05,0.002003193841079169,160.55335030444863,0,0.054631297718999564
mccloud,359,18.119317447057643,0.7259301022900839,0.05,0.002003193841079169,145.1860204580168,0,0.054631297718999564
mccloud,360,16.377405383458115,0.6561423519400024,0.05,0.002003193841079169,131.22847038800046,0,0.054631297718999564
mccloud,361,14.811434827303678,0.5934035004720046,0.05,0.002003193841079169,118.68070009440092,0,0.054631297718999564
mccloud,362,13.394413996293466,0.5366321524447937,0.05,0.002003193841079169,107.32643048895874,0,0.054631297718999564
mccloud,363,12.112305743555249,0.4852659253351543,0.05,0.002003193841079169,97.05318506703085,0,0.054631297718999564
mccloud,364,12.34794070536134,0.49470637541981205,0.05,0.002003193841079169,98.94127508396241,0,0.054631297718999564
mccloud,365,13.828125103094225,0.5540083008038119,0.05,0.002003193841079169,110.80166016076238,1,0.054631297718999564
mccloud,366,15.947992785087179,0.6389384184932331,0.05,0.002003193841079169,127.78768369864662,1,0.054631297718999564
mccloud,367,18.542266730526784,0.7428750902847685,0.05,0.002003193841079169,148.5750180569537,1,0.054631297718999564
mccloud,368,20.85277918536141,0.8354431766699972,0.05,0.002003193841079169,167.08863533399943,1,0.054631297718999564
mccloud,369,22.973249540983616,0.9203974398014644,0.05,0.002003193841079169,184.07948796029288,1,0.054631297718999564
mccloud,370,24.83484519969153,0.9674089236090948,0.05,0.002003193841079169,193.48178472181897,1,0.054631297718999564
mccloud,371,26.54020370651733,0.9915210207763493,0.05,0.002003193841079169,198.30420415526987,1,0.054631297718999564
mccloud,372,26.90455020051242,1.0,0.05,0.002003193841079169,200.0,1,0.054631297718999564
mccloud,373,26.541568145175496,1.0,0.05,0.002003193841079169,200.0,0,0.054631297718999564
mccloud,374,25.17455173022864,0.9699556136842078,0.05,0.002003193841079169,193.99112273684156,0,0.054631297718999564
mccloud,375,23.319861483471158,0.9253182397293139,0.05,0.002003193841079169,185.06364794586278,0,0.054631297718999564
mccloud,376,21.2846672083158,0.8527462852223591,0.05,0.002003193841079169,170.5492570444718,0,0.054631297718999564
mccloud,377,19.171301897240088,0.7680766777204144,0.05,0.002003193841079169,153.61533554408288,0,0.054631297718999564
mccloud,378,17.334753429908364,0.6944974261483685,0.05,0.002003193841079169,138.8994852296737,0,0.054631297718999564
mccloud,379,15.604511050858576,0.6251772086026345,0.05,0.002003193841079169,125.03544172052689,0,0.054631297718999564
mccloud,380,14.108618288237817,0.5652459452226983,0.05,0.002003193841079169,113.04918904453967,0,0.054631297718999564
mccloud,381,12.6919908370562,0.5084903575164844,0.05,0.002003193841079169,101.69807150329689,0,0.054631297718999564
mccloud,382,11.473627238705223,0.4596779883882498,0.05,0.002003193841079169,91.93559767764997,0,0.054631297718999564
mccloud,383,10.313825561297065,0.41321183684710366,0.05,0.002003193841079169,82.64236736942074,1,0.054631297718999564
mccloud,384,9.32055649091098,0.37341762716046684,0.05,0.002003193841079169,74.68352543209336,1,0.054631297718999564
mccloud,385,8.369781947833967,0.33532591298153225,0.05,0.002003193841079169,67.06518259630644,1,0.054631297718999564
mccloud,386,7.531701847079474,0.301749175058284,0.05,0.002003193841079169,60.34983501165681,1,0.054631297718999564
mccloud,387,6.718120538134235,0.2691539537123594,0.05,0.002003193841079169,53.830790742471876,0,0.054631297718999564
mccloud,388,6.053348887005696,0.24252062416706505,0.05,0.002003193841079169,48.50412483341301,0,0.054631297718999564
mccloud,389,5.415633537298392,0.21697127494915863,0.05,0.002003193841079169,43.39425498983173,0,0.054631297718999564
mccloud,390,4.878585525820257,0.1954550495700223,0.05,0.002003193841079169,39.09100991400446,0,0.054631297718999564
mccloud,391,4.356462955656867,0.17453679523322774,0.05,0.002003193841079169,34.907359046645546,0,0.054631297718999564
mccloud,392,3.9190958385156676,0.1570141729262717,0.05,0.002003193841079169,31.40283458525434,0,0.054631297718999564
mccloud,393,3.4916081913586594,0.13988736048782485,0.05,0.002003193841079169,27.97747209756497,0,0.054631297718999564
mccloud,394,3.135451254497317,0.12561833284025958,0.05,0.002003193841079169,25.123666568051917,0,0.054631297718999564
mccloud,395,2.78546921494519,0.11159669551787663,0.05,0.002003193841079169,22.319339103575324,0,0.054631297718999564
mccloud,396,2.4954423879660586,0.09997709644683005,0.05,0.002003193841079169,19.99541928936601,0,0.054631297718999564
mccloud,397,2.208901329159777,0.08849715076248911,0.05,0.002003193841079169,17.699430152497822,0,0.054631297718999564
mccloud,398,2.0088794122672473,0.0804834973224898,0.05,0.002003193841079169,16.09669946449796,0,0.054631297718999564
mccloud,399,1.811553559287046,0.07257785865497715,0.05,0.002003193841079169,14.51557173099543,0,0.054631297718999564
mccloud,400,1.6498002815101502,0.06609739525863624,0.05,0.002003193841079169,13.219479051727248,0,0.054631297718999564
mccloud,401,1.4888054942393736,0.05964731993250282,0.05,0.002003193841079169,11.929463986500565,0,0.054631297718999564
mccloud,402,1.3564705109830575,0.054345467464135475,0.05,0.002003193841079169,10.869093492827094,0,0.054631297718999564
mccloud,403,1.2251899568588855,0.04908585951463544,0.05,0.002003193841079169,9.817171902927088,0,0.054631297718999564
mccloud,404,1.1168432363588798,0.04474506985050068,0.05,0.002003193841079169,8.949013970100136,0,0.054631297718999564
mccloud,405,1.0072398421483968,0.04035393296562445,0.05,0.002003193841079169,8.07078659312489,0,0.054631297718999564
mccloud,406,0.8805959524238194,0.035280087767492786,0.05,0.002003193841079169,7.056017553498557,0,0.054631297718999564
mccloud,407,0.7541600544529641,0.030214575525362164,0.05,0.002003193841079169,6.042915105072433,0,0.054631297718999564
mccloud,408,0.629742899974022,0.025229941973825918,0.05,0.002003193841079169,5.045988394765184,0,0.054631297718999564
mccloud,409,0.5079962475966306,0.02035229908953798,0.05,0.002003193841079169,4.0704598179075955,0,0.054631297718999564
mccloud,410,0.40618520393082724,0.016273353977034385,0.05,0.002003193841079169,3.2546707954068768,0,0.054631297718999564
mccloud,411,0.30701061900982896,0.01230003562292785,0.05,0.002003193841079169,2.4600071245855704,0,0.054631297718999564
mccloud,412,0.22365478655767046,0.00896047781920403,0.05,0.002003193841079169,1.792095563840806,0,0.054631297718999564
mccloud,413,0.19721365039571423,0.007901143396988702,0.05,0.002003193841079169,1.5802286793977403,0,0.054631297718999564
mccloud,414,0.4534799400688474,0.018168164459977314,0.05,0.002003193841079169,3.633632891995463,0,0.054631297718999564
mccloud,415,0.7053044025613686,0.028257228705939122,0.05,0.002003193841079169,5.651445741187825,0,0.054631297718999564
mccloud,416,0.9384731908953099,0.037598874320388,0.05,0.002003193841079169,7.5197748640776,0,0.054631297718999564
mccloud,417,1.0997049062102005,0.044058441902496366,0.05,0.002003193841079169,8.811688380499273,0,0.054631297718999564
mccloud,418,1.0014168011397775,0.040120639367928104,0.05,0.002003193841079169,8.024127873585622,0,0.054631297718999564
mccloud,419,0.9074360085674255,0.03635540447071461,0.05,0.002003193841079169,7.271080894142921,0,0.054631297718999564
mccloud,420,0.8269645142845102,0.03313140443611514,0.05,0.002003193841079169,6.626280887223028,0,0.054631297718999564
mccloud,421,0.7503802169665215,0.03006314058189972,0.05,0.002003193841079169,6.012628116379944,0,0.054631297718999564
mccloud,422,0.6844957298509597,0.02742355260564866,0.05,0.002003193841079169,5.484710521129732,0,0.054631297718999564
mccloud,423,0.6220891002203094,0.02492330108327611,0.05,0.002003193841079169,4.984660216655222,0,0.054631297718999564
mccloud,424,0.568147444468029,0.022762189231664495,0.05,0.002003193841079169,4.552437846332899,0,0.054631297718999564
mccloud,425,0.5172949804227083,0.020724842376078766,0.05,0.002003193841079169,4.144968475215753,0,0.054631297718999564
mccloud,426,0.47313128798637044,0.018955473642323035,0.05,0.002003193841079169,3.791094728464607,0,0.054631297718999564
mccloud,427,0.43169475046592415,0.017295365307190957,0.05,0.002003193841079169,3.4590730614381915,0,0.054631297718999564
mccloud,428,0.3955365772988169,0.015846728711330492,0.05,0.002003193841079169,3.169345742266098,0,0.054631297718999564
mccloud,429,0.3617732682005843,0.014494039654529854,0.05,0.002003193841079169,2.8988079309059707,0,0.054631297718999564
mccloud,430,0.3321694598535557,0.01330799632346474,0.05,0.002003193841079169,2.661599264692948,0,0.054631297718999564
mccloud,431,0.30465908262301516,0.012205823958785071,0.05,0.002003193841079169,2.4411647917570143,0,0.054631297718999564
mccloud,432,0.28042153432107525,0.011234773809158974,0.05,0.002003193841079169,2.2469547618317947,0,0.054631297718999564
mccloud,433,0.2580065734952814,0.01033674357967375,0.05,0.002003193841079169,2.06734871593475,0,0.054631297718999564
mccloud,434,0.23816254732127015,0.009541714959393889,0.05,0.002003193841079169,1.9083429918787778,0,0.054631297718999564
mccloud,435,0.2198996691386714,0.00881003325747867,0.05,0.002003193841079169,1.762006651495734,0,0.054631297718999564
mccloud,436,0.203652754645124,0.00815911887647839,0.05,0.002003193841079169,1.631823775295678,0,0.054631297718999564
mccloud,437,0.18877319220213618,0.007562985919603467,0.05,0.002003193841079169,1.5125971839206933,0,0.054631297718999564
mccloud,438,0.1754713436636405,0.007030062298257818,0.05,0.002003193841079169,1.4060124596515635,0,0.054631297718999564
mccloud,439,0.628053486613837,0.02516225752506273,0.05,0.002003193841079169,5.032451505012546,0,0.054631297718999564
mccloud,440,1.567458227411901,0.06279845334600784,0.05,0.002003193841079169,12.559690669201567,0,0.054631297718999564
mccloud,441,1.9311800964619794,0.07737056150494624,0.05,0.002003193841079169,15.474112300989248,0,0.054631297718999564
mccloud,442,1.750004274071289,0.07011195567363655,0.05,0.002003193841079169,14.022391134727311,0,0.054631297718999564
mccloud,443,2.032993552310125,0.08144960325882608,0.05,0.002003193841079169,16.289920651765215,0,0.054631297718999564
mccloud,444,2.7138386310887377,0.10872689662959364,0.05,0.002003193841079169,21.74537932591873,0,0.054631297718999564
mccloud,445,3.031345388677781,0.12144744825566138,0.05,0.002003193841079169,24.289489651132275,0,0.054631297718999564
mccloud,446,3.0670433995881203,0.12287764896754877,0.05,0.002003193841079169,24.575529793509755,0,0.054631297718999564
mccloud,447,2.9181843684666853,0.11691377908091935,0.05,0.002003193841079169,23.38275581618387,0,0.054631297718999564
mccloud,448,2.63996292470615,0.10576714942897418,0.05,0.002003193841079169,21.153429885794836,0,0.054631297718999564
mccloud,449,2.392638615902016,0.09585837878606211,0.05,0.002003193841079169,19.171675757212423,0,0.054631297718999564
mccloud,450,2.1648501637295094,0.08673229029684366,0.05,0.002003193841079169,17.346458059368732,0,0.054631297718999564
mccloud,451,1.9633790784647525,0.07866057755368572,0.05,0.002003193841079169,15.732115510737144,0,0.054631297718999564
mccloud,452,1.776881667475096,0.07118876825225191,0.05,0.002003193841079169,14.237753650450383,0,0.054631297718999564
mccloud,453,1.6127669628139025,0.06461369694009532,0.05,0.002003193841079169,12.922739388019064,0,0.054631297718999564
mccloud,454,1.4600757970672409,0.0584962968838771,0.05,0.002003193841079169,11.69925937677542,0,0.054631297718999564
mccloud,455,1.6032704384993155,0.06423322935972253,0.05,0.002003193841079169,12.846645871944506,0,0.054631297718999564
mccloud,456,1.8813890080049873,0.07537573747019274,0.05,0.002003193841079169,15.075147494038548,0,0.054631297718999564
mccloud,457,1.8336112033756191,0.07346157339071607,0.05,0.002003193841079169,14.692314678143214,0,0.054631297718999564
mccloud,458,1.6537132470698668,0.06625416382882782,0.05,0.002003193841079169,13.250832765765564,0,0.054631297718999564
mccloud,459,2.3699851970329195,0.0949507950029029,0.05,0.002003193841079169,18.99015900058058,0,0.054631297718999564
mccloud,460,3.4072732328236794,0.13650857509732608,0.05,0.002003193841079169,27.301715019465217,0,0.054631297718999564
mccloud,461,4.301473706412098,0.172333712724974,0.05,0.002003193841079169,34.4667425449948,0,0.054631297718999564
mccloud,462,5.150733321113848,0.20635834531793026,0.05,0.002003193841079169,41.27166906358605,0,0.054631297718999564
mccloud,463,5.881028135441637,0.2356167868025999,0.05,0.002003193841079169,47.12335736051998,0,0.054631297718999564
mccloud,464,6.57887800421288,0.2635753579850091,0.05,0.002003193841079169,52.71507159700182,0,0.054631297718999564
mccloud,465,6.472194244407094,0.2593011929732867,0.05,0.002003193841079169,51.86023859465734,0,0.054631297718999564
mccloud,466,6.177331432493382,0.24748784559751005,0.05,0.002003193841079169,49.49756911950201,0,0.054631297718999564
mccloud,467,5.666389489166967,0.22701753051710008,0.05,0.002003193841079169,45.403506103420014,0,0.054631297718999564
mccloud,468,5.11280034885118,0.20483860338972218,0.05,0.002003193841079169,40.967720677944435,0,0.054631297718999564
mccloud,469,10.180738416055107,0.40787984985359355,0.05,0.002003193841079169,81.5759699707187,0,0.054631297718999564
mccloud,470,16.16464417521912,0.647618313100704,0.05,0.002003193841079169,129.52366262014078,1,0.054631297718999564
mccloud,471,15.49468492441332,0.6207771482009401,0.05,0.002003193841079169,124.15542964018802,1,0.054631297718999564
mccloud,472,13.956830237524503,0.5591647274559318,0.05,0.002003193841079169,111.83294549118636,1,0.054631297718999564
mccloud,473,15.362617709962207,0.6154860235890011,0.05,0.002003193841079169,123.09720471780021,1,0.054631297718999564
mccloud,474,17.061880080459677,0.6835650618881634,0.05,0.002003193841079169,136.71301237763268,1,0.054631297718999564
mccloud,475,15.706084046723166,0.6292466165973527,0.05,0.002003193841079169,125.84932331947054,1,0.054631297718999564
mccloud,476,14.134636831511001,0.5662883489354722,0.05,0.002003193841079169,113.25766978709444,1,0.054631297718999564
mccloud,477,12.836306137162667,0.5142721879234198,0.05,0.002003193841079169,102.85443758468395,1,0.054631297718999564
mccloud,478,11.549713975229713,0.46272631802812325,0.05,0.002003193841079169,92.54526360562465,1,0.054631297718999564
mccloud,479,10.492497126592312,0.4203701124306119,0.05,0.002003193841079169,84.07402248612237,1,0.054631297718999564
mccloud,480,9.445264730505139,0.3784139227102038,0.05,0.002003193841079169,75.68278454204076,0,0.054631297718999564
mccloud,481,9.136899885717398,0.36605963155252097,0.05,0.002003193841079169,73.2119263105042,0,0.054631297718999564
mccloud,482,8.812111965899925,0.3530473683398155,0.05,0.002003193841079169,70.6094736679631,0,0.054631297718999564
mccloud,483,8.005580511875827,0.32073459151306155,0.05,0.002003193841079169,64.1469183026123,0,0.054631297718999564
mccloud,484,7.212141262112497,0.28894633914513396,0.05,0.002003193841079169,57.78926782902679,0,0.054631297718999564
mccloud,485,6.6325413486085125,0.2657253196047099,0.05,0.002003193841079169,53.14506392094198,0,0.054631297718999564
mccloud,486,6.0545667989198995,0.2425694184399752,0.05,0.002003193841079169,48.51388368799504,0,0.054631297718999564
mccloud,487,5.494687966375781,0.22013850185791572,0.05,0.002003193841079169,44.027700371583144,0,0.054631297718999564
mccloud,488,4.94617690333055,0.19816302219279586,0.05,0.002003193841079169,39.63260443855917,0,0.054631297718999564
mccloud,489,4.492397252776108,0.17998285016884152,0.05,0.002003193841079169,35.99657003376831,0,0.054631297718999564
mccloud,490,4.0494645862468746,0.16223725037675885,0.05,0.002003193841079169,32.44745007535177,0,0.054631297718999564
mccloud,491,3.6779412312169724,0.14735258444449947,0.05,0.002003193841079169,29.470516888899894,0,0.054631297718999564
mccloud,492,3.3169637779740775,0.13289042822240726,0.05,0.002003193841079169,26.578085644481455,0,0.054631297718999564
mccloud,493,3.0127861817243873,0.12070389447437435,0.05,0.002003193841079169,24.14077889487487,0,0.054631297718999564
mccloud,494,2.7186061428674777,0.10891790163424253,0.05,0.002003193841079169,21.783580326848508,0,0.054631297718999564
mccloud,495,2.4695665904205284,0.09894041168130568,0.05,0.002003193841079169,19.788082336261137,0,0.054631297718999564
mccloud,496,2.2285691359731037,0.08928511935200892,0.05,0.002003193841079169,17.857023870401783,0,0.054631297718999564
mccloud,497,2.018560565817196,0.08087136186580578,0.05,0.002003193841079169,16.174272373161156,0,0.054631297718999564
mccloud,498,1.81874745532147,0.07286607401956759,0.05,0.002003193841079169,14.573214803913517,0,0.054631297718999564
mccloud,499,1.6529192103596986,0.06622235163987983,0.05,0.002003193841079169,13.244470327975966,0,0.054631297718999564
mccloud,500,1.4902496951750628,0.05970518022089589,0.05,0.002003193841079169,11.941036044179178,0,0.054631297718999564
mccloud,501,1.336784650631331,0.05355677557987701,0.05,0.002003193841079169,10.711355115975401,0,0.054631297718999564
mccloud,502,1.1911148980970367,0.047720680557712516,0.05,0.002003193841079169,9.544136111542503,0,0.054631297718999564
mccloud,503,1.0654683466066013,0.04268679259574297,0.05,0.002003193841079169,8.537358519148594,0,0.054631297718999564
mccloud,504,0.9467555880230427,0.03793069925870092,0.05,0.002003193841079169,7.586139851740184,0,0.054631297718999564
mccloud,505,0.8438468799389498,0.03380777745415154,0.05,0.002003193841079169,6.761555490830308,0,0.054631297718999564
mccloud,506,0.7513701153726146,0.030102799749707317,0.05,0.002003193841079169,6.020559949941464,0,0.054631297718999564
mccloud,507,0.6801049692924135,0.027247641715477996,0.05,0.002003193841079169,5.449528343095599,0,0.054631297718999564
mccloud,508,0.6150769862807958,0.024642368614144525,0.05,0.002003193841079169,4.928473722828905,0,0.054631297718999564
mccloud,509,0.5614112770762886,0.02249231225103224,0.05,0.002003193841079169,4.498462450206448,0,0.054631297718999564
mccloud,510,0.474837580665936,0.01902383434205872,0.05,0.002003193841079169,3.804766868411744,0,0.054631297718999564
mccloud,511,0.3343710936141187,0.013396202307254176,0.05,0.002003193841079169,2.6792404614508354,0,0.054631297718999564
mccloud,512,0.24316968473289796,0.009742320295882087,0.05,0.002003193841079169,1.9484640591764173,0,0.054631297718999564
mccloud,513,0.22469291505590325,0.009002069271482204,0.05,0.002003193841079169,1.800413854296441,0,0.054631297718999564
mccloud,514,0.18863918223498044,0.007557616960786475,0.05,0.002003193841079169,1.511523392157295,0,0.054631297718999564
mccloud,515,0.1291494985554824,0.0051742296016961085,0.05,0.002003193841079169,1.0348459203392217,0,0.054631297718999564
mccloud,516,0.09468670178501103,0.0037935163569566806,0.05,0.002003193841079169,0.7587032713913361,0,0.054631297718999564
mccloud,517,0.09040784740785673,0.0036220888622528783,0.05,0.002003193841079169,0.7244177724505757,0,0.054631297718999564
mccloud,518,0.0864997586890831,0.0034655156772161115,0.05,0.002003193841079169,0.6931031354432223,0,0.054631297718999564
mccloud,519,0.08299652902256414,0.003325162715378979,0.05,0.002003193841079169,0.6650325430757958,0,0.054631297718999564
mccloud,520,0.07981255783964536,0.0031976004861030503,0.05,0.002003193841079169,0.6395200972206101,0,0.054631297718999564
mccloud,521,0.07694435597657139,0.003082689199961418,0.05,0.002003193841079169,0.6165378399922836,0,0.054631297718999564
mccloud,522,0.06985517233801082,0.002798669019900544,0.05,0.002003193841079169,0.5597338039801089,0,0.054631297718999564
mccloud,523,0.05898469252557583,0.00236315545570364,0.05,0.002003193841079169,0.47263109114072793,0,0.054631297718999564
mccloud,524,0.053908246681565214,0.0021597733547177593,0.05,0.002003193841079169,0.4319546709435519,0,0.054631297718999564
mccloud,525,0.053530445299512085,0.0021446371666841587,0.05,0.002003193841079169,0.42892743333683175,0,0.054631297718999564
mccloud,526,0.05238614545606235,0.0020987920787092318,0.05,0.002003193841079169,0.41975841574184636,0,0.054631297718999564
mccloud,527,0.0506797467409216,0.0020304271307773247,0.05,0.002003193841079169,0.40608542615546495,0,0.054631297718999564
mccloud,528,0.05,0.002003193841079169,0.05,0.002003193841079169,0.4006387682158338,0,0.054631297718999564
mccloud,529,0.05,0.002003193841079169,0.05,0.002003193841079169,0.4006387682158338,0,0.054631297718999564
mccloud,530,0.05,0.002003193841079169,0.05,0.002003193841079169,0.4006387682158338,0,0.054631297718999564
mccloud,531,0.05,0.002003193841079169,0.05,0.002003193841079169,0.4006387682158338,0,0.054631297718999564
mccloud,532,0.05,0.002003193841079169,0.05,0.002003193841079169,0.4006387682158338,0,0.054631297718999564
mccloud,533,0.05,0.002003193841079169,0.05,0.002003193841079169,0.4006387682158338,0,0.054631297718999564
mccloud,534,0.05,0.002003193841079169,0.05,0.002003193841079169,0.4006387682158338,0,0.054631297718999564
mccloud,535,0.05,0.002003193841079169,0.05,0.002003193841079169,0.4006387682158338,0,0.054631297718999564
mccloud,536,0.05,0.002003193841079169,0.05,0.002003193841079169,0.4006387682158338,0,0.054631297718999564
mccloud,537,0.05,0.002003193841079169,0.05,0.002003193841079169,0.4006387682158338,0,0.054631297718999564
mccloud,538,0.05,0.002003193841079169,0.05,0.002003193841079169,0.4006387682158338,0,0.054631297718999564
mccloud,539,0.05,0.002003193841079169,0.05,0.002003193841079169,0.4006387682158338,0,0.054631297718999564
mccloud,540,0.05,0.002003193841079169,0.05,0.002003193841079169,0.4006387682158338,0,0.054631297718999564
mccloud,541,0.05,0.002003193841079169,0.05,0.002003193841079169,0.4006387682158338,0,0.054631297718999564
mccloud,542,0.9666633941570183,0.03872828315144048,0.05,0.002003193841079169,7.745656630288096,0,0.054631297718999564
mccloud,543,2.1498743000903824,0.08613229914070884,0.05,0.002003193841079169,17.226459828141767,0,0.054631297718999564
mccloud,544,2.2157006432812456,0.08876955764592287,0.05,0.002003193841079169,17.753911529184574,0,0.054631297718999564
mccloud,545,2.001220893412786,0.0801766673664689,0.05,0.002003193841079169,16.035333473293782,0,0.054631297718999564
mccloud,546,1.8187839315157626,0.07286753539732264,0.05,0.002003193841079169,14.573507079464529,0,0.054631297718999564
mccloud,547,1.6431827643859815,0.06583227186770882,0.05,0.002003193841079169,13.166454373541765,0,0.054631297718999564
mccloud,548,1.4946030456605692,0.059879592318508396,0.05,0.002003193841079169,11.97591846370168,0,0.054631297718999564
mccloud,549,1.3508329698550308,0.054119605710805596,0.05,0.002003193841079169,10.823921142161119,0,0.054631297718999564
mccloud,550,1.229830552544103,0.049271779768546756,0.05,0.002003193841079169,9.854355953709351,0,0.054631297718999564
mccloud,551,1.1121215701097558,0.044555901595503156,0.05,0.002003193841079169,8.91118031910063,0,0.054631297718999564
mccloud,552,1.0135807335072722,0.040607973655965475,0.05,0.002003193841079169,8.121594731193095,0,0.054631297718999564
mccloud,553,0.9172087696747564,0.03674693916792547,0.05,0.002003193841079169,7.349387833585094,0,0.054631297718999564
mccloud,554,0.8369622888960695,0.0335319540466426,0.05,0.002003193841079169,6.7063908093285205,0,0.054631297718999564
mccloud,555,0.7580595983718698,0.030370806372589553,0.05,0.002003193841079169,6.074161274517911,0,0.054631297718999564
mccloud,556,0.6927129732200475,0.027752767231800767,0.05,0.002003193841079169,5.550553446360153,0,0.054631297718999564
mccloud,557,0.6281129139872905,0.0251646384160326,0.05,0.002003193841079169,5.03292768320652,0,0.054631297718999564
mccloud,558,0.5749011554337554,0.023032769075883933,0.05,0.002003193841079169,4.606553815176786,0,0.054631297718999564
mccloud,559,0.5220111002892379,0.020913788421487233,0.05,0.002003193841079169,4.182757684297447,0,0.054631297718999564
mccloud,560,0.47868204676299964,0.01917785855821623,0.05,0.002003193841079169,3.835571711643246,0,0.054631297718999564
mccloud,561,0.43560751454563573,0.017452125805312437,0.05,0.002003193841079169,3.4904251610624875,0,0.054631297718999564
mccloud,562,0.402687101862445,0.016133206446657392,0.05,0.002003193841079169,3.2266412893314786,0,0.054631297718999564
mccloud,563,0.7545704620143543,0.030231018043348344,0.05,0.002003193841079169,6.046203608669669,0,0.054631297718999564
mccloud,564,8.960977891231238,0.3590115144352203,0.05,0.002003193841079169,71.80230288704405,0,0.054631297718999564
mccloud,565,16.472852282618508,0.6599663247509663,0.05,0.002003193841079169,131.99326495019326,1,0.054631297718999564
mccloud,566,14.955797182205252,0.5991872160764549,0.05,0.002003193841079169,119.83744321529097,1,0.054631297718999564
mccloud,567,13.465183950598803,0.5394674711767519,0.05,0.002003193841079169,107.89349423535037,1,0.054631297718999564
mccloud,568,12.223124285776663,0.4897057457602605,0.05,0.002003193841079169,97.9411491520521,1,0.054631297718999564
mccloud,569,11.008280218985401,0.441034382710904,0.05,0.002003193841079169,88.2068765421808,1,0.054631297718999564
mccloud,570,9.991367774237787,0.40029292778620035,0.05,0.002003193841079169,80.05858555724006,1,0.054631297718999564
mccloud,571,9.001295308917049,0.3606267864911489,0.05,0.002003193841079169,72.12535729822977,1,0.054631297718999564
mccloud,572,8.168717817214462,0.32727050441915356,0.05,0.002003193841079169,65.45410088383072,1,0.054631297718999564
mccloud,573,7.361846597724392,0.29494411527062264,0.05,0.002003193841079169,58.98882305412453,1,0.054631297718999564
mccloud,574,6.680189800946956,0.2676343013299364,0.05,0.002003193841079169,53.526860265987274,1,0.054631297718999564
mccloud,575,6.022634659139265,0.24129009312515426,0.05,0.002003193841079169,48.25801862503085,0,0.054631297718999564
mccloud,576,5.46454127657295,0.2189307085910766,0.05,0.002003193841079169,43.78614171821532,0,0.054631297718999564
mccloud,577,4.928681996681344,0.19746210840779693,0.05,0.002003193841079169,39.492421681559385,0,0.054631297718999564
mccloud,578,4.471753781284986,0.17915579266985135,0.05,0.002003193841079169,35.83115853397027,0,0.054631297718999564
mccloud,579,4.454222809014771,0.17845343395625488,0.05,0.002003193841079169,35.690686791250975,0,0.054631297718999564
mccloud,580,5.794379947528127,0.23214532447521963,0.05,0.002003193841079169,46.42906489504392,0,0.054631297718999564
mccloud,581,7.0692300316525,0.2832207612115637,0.05,0.002003193841079169,56.64415224231274,0,0.054631297718999564
mccloud,582,8.16681811100638,0.3271943948236358,0.05,0.002003193841079169,65.43887896472717,0,0.054631297718999564
mccloud,583,8.718592293957403,0.3493006077227154,0.05,0.002003193841079169,69.86012154454308,0,0.054631297718999564
mccloud,584,7.959392912650556,0.31888413722701564,0.05,0.002003193841079169,63.77682744540313,0,0.054631297718999564
mccloud,585,7.225952370147735,0.28949966567622726,0.05,0.002003193841079169,57.899933135245455,0,0.054631297718999564
mccloud,586,6.547582448536298,0.2623215366973195,0.05,0.002003193841079169,52.4643073394639,0,0.054631297718999564
mccloud,587,5.91144041319719,0.23683522055246212,0.05,0.002003193841079169,47.36704411049242,0,0.054631297718999564
mccloud,588,5.356038096410807,0.21458365054631046,0.05,0.002003193841079169,42.91673010926209,0,0.054631297718999564
mccloud,589,6.031249655909096,0.24163524329455913,0.05,0.002003193841079169,48.32704865891183,0,0.054631297718999564
mccloud,590,8.818708913508873,0.35331166763621885,0.05,0.002003193841079169,70.66233352724377,0,0.054631297718999564
mccloud,591,10.133949835163373,0.40600531791209055,0.05,0.002003193841079169,81.20106358241812,0,0.054631297718999564
mccloud,592,9.173944237628683,0.3675437719044301,0.05,0.002003193841079169,73.50875438088602,0,0.054631297718999564
mccloud,593,8.395538923116044,0.3363578372665299,0.05,0.002003193841079169,67.27156745330598,0,0.054631297718999564
mccloud,594,7.870418213871081,0.31531946585487725,0.05,0.002003193841079169,63.06389317097545,0,0.054631297718999564
mccloud,595,7.272017221842661,0.29134520222033733,0.05,0.002003193841079169,58.269040444067464,0,0.054631297718999564
mccloud,596,6.581219351521988,0.26366916143519775,0.05,0.002003193841079169,52.73383228703955,0,0.054631297718999564
mccloud,597,5.948903540689831,0.23833613867767858,0.05,0.002003193841079169,47.66722773553572,0,0.054631297718999564
mccloud,598,5.383326080097521,0.21567691296344432,0.05,0.002003193841079169,43.13538259268886,0,0.054631297718999564
mccloud,599,4.868164559790966,0.1950375452706629,0.05,0.002003193841079169,39.007509054132576,0,0.054631297718999564
mccloud,600,4.405108899556291,0.17648574033748393,0.05,0.002003193841079169,35.297148067496785,0,0.054631297718999564
mccloud,601,3.985405704027597,0.15967080321019742,0.05,0.002003193841079169,31.934160642039483,0,0.054631297718999564
mccloud,602,3.60628779460664,0.1444818699863,0.05,0.002003193841079169,28.89637399726,0,0.054631297718999564
mccloud,603,3.2643425059661255,0.13078221606248563,0.05,0.002003193841079169,26.156443212497127,0,0.054631297718999564
mccloud,604,2.95390903291107,0.11834504763671158,0.05,0.002003193841079169,23.669009527342315,0,0.054631297718999564
mccloud,605,2.7003560293039683,0.10818673133245416,0.05,0.002003193841079169,21.63734626649083,0,0.054631297718999564
mccloud,606,2.490429793525874,0.09977627248062193,0.05,0.002003193841079169,19.955254496124386,0,0.054631297718999564
mccloud,607,2.277704114404256,0.09125365707550574,0.05,0.002003193841079169,18.25073141510115,0,0.054631297718999564
mccloud,608,2.0630383559422287,0.08265331457067132,0.05,0.002003193841079169,16.530662914134265,0,0.054631297718999564
mccloud,609,1.8714543081888486,0.07497771488049955,0.05,0.002003193841079169,14.99554297609991,0,0.054631297718999564
mccloud,610,1.694296329628378,0.06788007944949215,0.05,0.002003193841079169,13.576015889898429,0,0.054631297718999564
mccloud,611,1.5376943877515659,0.06160599854011879,0.05,0.002003193841079169,12.321199708023759,0,0.054631297718999564
mccloud,612,1.392649702550978,0.055794946138617116,0.05,0.002003193841079169,11.158989227723422,0,0.054631297718999564
mccloud,613,1.2650849571504905,0.050684207892115335,0.05,0.002003193841079169,10.136841578423066,0,0.054631297718999564
mccloud,614,1.146332412806255,0.04592652058325827,0.05,0.002003193841079169,9.185304116651654,0,0.054631297718999564
mccloud,615,1.0424234735585054,0.04176352564057504,0.05,0.002003193841079169,8.352705128115009,0,0.054631297718999564
mccloud,616,0.9451971134976229,0.03786826072728493,0.05,0.002003193841079169,7.573652145456985,0,0.054631297718999564
mccloud,617,0.8605594313433137,0.03447734705499036,0.05,0.002003193841079169,6.895469410998071,0,0.054631297718999564
mccloud,618,0.7809572203516364,0.031288173879094106,0.05,0.002003193841079169,6.257634775818821,0,0.054631297718999564
mccloud,619,0.7120185187937523,0.028526222231639142,0.05,0.002003193841079169,5.7052444463278285,0,0.054631297718999564
mccloud,620,0.646845740641864,0.025915148075641502,0.05,0.002003193841079169,5.183029615128301,0,0.054631297718999564
mccloud,621,0.5710627778929535,0.022878988790894512,0.05,0.002003193841079169,4.575797758178902,0,0.054631297718999564
mccloud,622,0.4919975278226614,0.019711328351210648,0.05,0.002003193841079169,3.9422656702421297,0,0.054631297718999564
mccloud,623,0.4242283270654824,0.01699623143977787,0.05,0.002003193841079169,3.3992462879555743,0,0.054631297718999564
mccloud,624,0.35948977368499296,0.014402554011534442,0.05,0.002003193841079169,2.880510802306888,0,0.054631297718999564
mccloud,625,0.3242935961922185,0.012992458691873342,0.05,0.002003193841079169,2.598491738374668,0,0.054631297718999564
mccloud,626,0.29588418072770495,0.011854267370129885,0.05,0.002003193841079169,2.370853474025977,0,0.054631297718999564
mccloud,627,0.27272631075880144,0.01092647332024549,0.05,0.002003193841079169,2.1852946640490982,0,0.054631297718999564
mccloud,628,0.2505843135251147,0.010039379070491223,0.05,0.002003193841079169,2.0078758140982447,0,0.054631297718999564
mccloud,629,0.23190465209764802,0.009290999415992316,0.05,0.002003193841079169,1.8581998831984632,0,0.054631297718999564
mccloud,630,0.21377631802786032,0.008564708072839829,0.05,0.002003193841079169,1.7129416145679657,0,0.054631297718999564
mccloud,631,0.15542178314317096,0.006226799175238844,0.05,0.002003193841079169,1.2453598350477688,0,0.054631297718999564
mccloud,632,0.0919611360807371,0.0036843196283115175,0.05,0.002003193841079169,0.7368639256623035,0,0.054631297718999564
mccloud,633,0.08333693463641292,0.0033388006839615925,0.05,0.002003193841079169,0.6677601367923185,0,0.054631297718999564
mccloud,634,0.07999817373359779,0.003205036978414488,0.05,0.002003193841079169,0.6410073956828976,0,0.054631297718999564
mccloud,635,0.0735617347122623,0.00294716827829407,0.05,0.002003193841079169,0.589433655658814,0,0.054631297718999564
mccloud,636,0.06691636138967735,0.0026809288600645916,0.05,0.002003193841079169,0.5361857720129183,0,0.054631297718999564
mccloud,637,0.06519063125168471,0.00261178942038876,0.05,0.002003193841079169,0.522357884077752,0,0.054631297718999564
mccloud,638,0.06366168684107619,0.002550533979855092,0.05,0.002003193841079169,0.5101067959710184,0,0.054631297718999564
mccloud,639,0.06240608601860196,0.0025002297431664052,0.05,0.002003193841079169,0.500045948633281,0,0.054631297718999564
mccloud,640,0.061156785745285734,0.0024501779309030933,0.05,0.002003193841079169,0.49003558618061865,0,0.054631297718999564
mccloud,641,0.06013190365758069,0.0024091171811846317,0.05,0.002003193841079169,0.4818234362369263,0,0.054631297718999564
mccloud,642,0.05911365655574071,0.0023683222547225802,0.05,0.002003193841079169,0.47366445094451604,0,0.054631297718999564
mccloud,643,0.05827455407225783,0.0023347045561836377,0.05,0.002003193841079169,0.46694091123672754,0,0.054631297718999564
mccloud,644,0.05744464465596161,0.0023014551675560736,0.05,0.002003193841079169,0.4602910335112147,0,0.054631297718999564
mccloud,645,0.056757645647750064,0.0022739313239145366,0.05,0.002003193841079169,0.4547862647829073,0,0.054631297718999564
mccloud,646,0.055867084441500126,0.002238251989445258,0.05,0.002003193841079169,0.4476503978890516,0,0.054631297718999564
mccloud,647,0.052789871236965984,0.0021149668986650523,0.05,0.002003193841079169,0.4229933797330105,0,0.054631297718999564
mccloud,648,0.08895255892956738,0.0035637843639188243,0.05,0.002003193841079169,0.7127568727837649,0,0.054631297718999564
mccloud,649,0.44295844388907785,0.017746632533052267,0.05,0.002003193841079169,3.5493265066104533,0,0.054631297718999564
mccloud,650,0.8836450462532371,0.035402246287092036,0.05,0.002003193841079169,7.080449257418407,0,0.054631297718999564
mccloud,651,1.881564831933568,0.07538278165840968,0.05,0.002003193841079169,15.076556331681937,0,0.054631297718999564
mccloud,652,2.850661140289049,0.11420853678461486,0.05,0.002003193841079169,22.84170735692297,0,0.054631297718999564
mccloud,653,3.6676887579305246,0.14694183061763466,0.05,0.002003193841079169,29.388366123526932,0,0.054631297718999564
mccloud,654,4.963343264032056,0.19885077315341587,0.05,0.002003193841079169,39.77015463068317,0,0.054631297718999564
mccloud,655,8.380672186144938,0.3357622181477806,0.05,0.002003193841079169,67.15244362955613,0,0.054631297718999564
mccloud,656,10.873213224222988,0.4356230752700812,0.05,0.002003193841079169,87.12461505401625,0,0.054631297718999564
mccloud,657,9.861294912271791,0.39508170466656384,0.05,0.002003193841079169,79.01634093331276,0,0.054631297718999564
mccloud,658,8.892045234211325,0.35624980495539005,0.05,0.002003193841079169,71.24996099107801,0,0.054631297718999564
mccloud,659,8.06284907209814,0.3230289920555577,0.05,0.002003193841079169,64.60579841111154,0,0.054631297718999564
mccloud,660,7.272468651200733,0.29136328823053276,0.05,0.002003193841079169,58.27265764610655,0,0.054631297718999564
mccloud,661,6.593580252944434,0.2641643870671903,0.05,0.002003193841079169,52.83287741343806,0,0.054631297718999564
mccloud,662,5.949514227313645,0.23836060515135166,0.05,0.002003193841079169,47.67212103027033,0,0.054631297718999564
mccloud,663,5.393687417753359,0.2160920283189947,0.05,0.002003193841079169,43.21840566379894,0,0.054631297718999564
mccloud,664,4.8688619334817,0.19506548476430707,0.05,0.002003193841079169,39.01309695286142,0,0.054631297718999564
mccloud,665,4.413789431109476,0.17683351608437659,0.05,0.002003193841079169,35.366703216875315,0,0.054631297718999564
mccloud,666,3.986138271115793,0.15970015268778243,0.05,0.002003193841079169,31.940030537556485,0,0.054631297718999564
mccloud,667,3.6135564185434994,0.14477307924036872,0.05,0.002003193841079169,28.954615848073743,0,0.054631297718999564
mccloud,668,3.265095148768553,0.13081236985101277,0.05,0.002003193841079169,26.162473970202555,0,0.054631297718999564
mccloud,669,2.9600509280288256,0.11859111576616042,0.05,0.002003193841079169,23.718223153232085,0,0.054631297718999564
mccloud,670,2.6761221576402914,0.10721582848321057,0.05,0.002003193841079169,21.443165696642115,0,0.054631297718999564
mccloud,671,2.426373073071998,0.09720991192276325,0.05,0.002003193841079169,19.44198238455265,0,0.054631297718999564
mccloud,672,2.1950312154677505,0.08794146023603037,0.05,0.002003193841079169,17.588292047206075,0,0.054631297718999564
mccloud,673,1.990553959378607,0.07974930863525959,0.05,0.002003193841079169,15.949861727051918,0,0.054631297718999564
mccloud,674,1.8020637192267168,0.07219765887174359,0.05,0.002003193841079169,14.439531774348719,0,0.054631297718999564
mccloud,675,1.6346519013615333,0.06549049242231553,0.05,0.002003193841079169,13.098098484463105,0,0.054631297718999564
mccloud,676,1.4810794734659736,0.05933778558791633,0.05,0.002003193841079169,11.867557117583265,0,0.054631297718999564
mccloud,677,1.3440142697510575,0.0538464221497567,0.05,0.002003193841079169,10.76928442995134,0,0.054631297718999564
mccloud,678,1.2188941171210501,0.04883362376689037,0.05,0.002003193841079169,9.766724753378075,0,0.054631297718999564
mccloud,679,1.10667461966275,0.04433767564374105,0.05,0.002003193841079169,8.867535128748209,0,0.054631297718999564
mccloud,680,1.0047378630235104,0.04025369398215483,0.05,0.002003193841079169,8.050738796430966,0,0.054631297718999564
mccloud,681,0.9128603093594363,0.03657272298948895,0.05,0.002003193841079169,7.3145445978977905,0,0.054631297718999564
mccloud,682,0.8298133407712273,0.03324553946956504,0.05,0.002003193841079169,6.6491078939130075,0,0.054631297718999564
mccloud,683,0.7545903620688833,0.03023181531668174,0.05,0.002003193841079169,6.046363063336348,0,0.054631297718999564
mccloud,684,0.6869343992058852,0.027521255154292962,0.05,0.002003193841079169,5.504251030858592,0,0.054631297718999564
mccloud,685,0.625347033204146,0.025053826509033515,0.05,0.002003193841079169,5.010765301806703,0,0.054631297718999564
mccloud,686,0.5702310461612378,0.022845666393246453,0.05,0.002003193841079169,4.569133278649291,0,0.054631297718999564
mccloud,687,0.5198075756145446,0.020825506680346998,0.05,0.002003193841079169,4.1651013360694,0,0.054631297718999564
mccloud,688,0.4749084165989018,0.019026672304151605,0.05,0.002003193841079169,3.805334460830321,0,0.054631297718999564
mccloud,689,0.4336251705854023,0.017372705421071635,0.05,0.002003193841079169,3.474541084214327,0,0.054631297718999564
mccloud,690,0.39370993201685184,0.015773546219757118,0.05,0.002003193841079169,3.1547092439514235,0,0.054631297718999564
mccloud,691,0.35460116071934156,0.01420669722385019,0.05,0.002003193841079169,2.8413394447700377,0,0.054631297718999564
mccloud,692,0.31318522861724585,0.012547414421660765,0.05,0.002003193841079169,2.509482884332153,0,0.054631297718999564
mccloud,693,0.2705478584421339,0.010839196074968829,0.05,0.002003193841079169,2.1678392149937658,0,0.054631297718999564
mccloud,694,0.23315506096934477,0.00934109564300459,0.05,0.002003193841079169,1.868219128600918,0,0.054631297718999564
mccloud,695,0.19824653477660925,0.007942524749595817,0.05,0.002003193841079169,1.5885049499191635,0,0.054631297718999564
mccloud,696,0.13880276438428787,0.00556097685478737,0.05,0.002003193841079169,1.112195370957474,0,0.054631297718999564
mccloud,697,0.0690081878452617,0.0027647355375132526,0.05,0.002003193841079169,0.5529471075026505,0,0.054631297718999564
mccloud,698,0.48410928737542575,0.019395294857593566,0.05,0.002003193841079169,3.879058971518713,0,0.054631297718999564
mccloud,699,1.0803600923051118,0.043283413661066444,0.05,0.002003193841079169,8.656682732213289,0,0.054631297718999564
mccloud,700,1.146424594482501,0.04593021373858058,0.05,0.002003193841079169,9.186042747716117,0,0.054631297718999564
mccloud,701,1.038340311084222,0.04159993832216283,0.05,0.002003193841079169,8.319987664432565,0,0.054631297718999564
mccloud,702,0.9454885467342006,0.037879936672576886,0.05,0.002003193841079169,7.575987334515377,0,0.054631297718999564
mccloud,703,0.8569966199916336,0.034334607019858104,0.05,0.002003193841079169,6.866921403971621,0,0.054631297718999564
mccloud,704,0.7813726398326819,0.031304817194012,0.05,0.002003193841079169,6.2609634388024,0,0.054631297718999564
mccloud,705,0.7089215780094185,0.02840214677753185,0.05,0.002003193841079169,5.68042935550637,0,0.054631297718999564
mccloud,706,0.6473306205104248,0.02593457424296879,0.05,0.002003193841079169,5.186914848593758,0,0.054631297718999564
mccloud,707,0.5880127081025648,0.023558068706946815,0.05,0.002003193841079169,4.711613741389363,0,0.054631297718999564
mccloud,708,0.53785215593223,0.021548442523491914,0.05,0.002003193841079169,4.309688504698383,0,0.054631297718999564
mccloud,709,0.48928675683552914,0.019602724356290655,0.05,0.002003193841079169,3.920544871258131,0,0.054631297718999564
mccloud,710,0.44843643699517854,0.017966102174084564,0.05,0.002003193841079169,3.593220434816913,0,0.054631297718999564
mccloud,711,0.40867445121920387,0.01637308287377437,0.05,0.002003193841079169,3.274616574754874,0,0.054631297718999564
mccloud,712,0.3754072486064624,0.015040269766098837,0.05,0.002003193841079169,3.0080539532197674,0,0.054631297718999564
mccloud,713,0.3428528880482226,0.013736015874688106,0.05,0.002003193841079169,2.747203174937621,0,0.054631297718999564
mccloud,714,0.31576191262832287,0.0126506463724887,0.05,0.002003193841079169,2.5301292744977397,0,0.054631297718999564
mccloud,715,0.28910865649250417,0.011582813601769147,0.05,0.002003193841079169,2.3165627203538297,0,0.054631297718999564
mccloud,716,0.26704789986504873,0.010698974165655845,0.05,0.002003193841079169,2.139794833131169,0,0.054631297718999564
mccloud,717,0.2452260593969887,0.009824706637123244,0.05,0.002003193841079169,1.9649413274246488,0,0.054631297718999564
mccloud,718,0.22726204351347315,0.009104998517545109,0.05,0.002003193841079169,1.8209997035090217,0,0.054631297718999564
mccloud,719,0.2093958316335086,0.008389208805517901,0.05,0.002003193841079169,1.6778417611035803,0,0.054631297718999564
cottonwood,0,0.05,0.0046136860152827894,0.05,0.0046136860152827894,0.9227372030565579,0,0.06785686271732252
cottonwood,1,0.05,0.0046136860152827894,0.05,0.0046136860152827894,0.9227372030565579,0,0.06785686271732252
cottonwood,2,0.05,0.0046136860152827894,0.05,0.0046136860152827894,0.9227372030565579,0,0.06785686271732252
cottonwood,3,0.05,0.0046136860152827894,0.05,0.0046136860152827894,0.9227372030565579,0,0.06785686271732252
cottonwood,4,0.05,0.0046136860152827894,0.05,0.0046136860152827894,0.9227372030565579,0,0.06785686271732252
cottonwood,5,0.05,0.0046136860152827894,0.05,0.0046136860152827894,0.9227372030565579,0,0.06785686271732252
cottonwood,6,0.05,0.0046136860152827894,0.05,0.0046136860152827894,0.9227372030565579,0,0.06785686271732252
cottonwood,7,0.05,0.0046136860152827894,0.05,0.0046136860152827894,0.9227372030565579,0,0.06785686271732252
cottonwood,8,0.05,0.0046136860152827894,0.05,0.0046136860152827894,0.9227372030565579,0,0.06785686271732252
cottonwood,9,0.05,0.0046136860152827894,0.05,0.0046136860152827894,0.9227372030565579,0,0.06785686271732252
cottonwood,10,0.05,0.0046136860152827894,0.05,0.0046136860152827894,0.9227372030565579,0,0.06785686271732252
cottonwood,11,0.05,0.0046136860152827894,0.05,0.0046136860152827894,0.9227372030565579,0,0.06785686271732252
cottonwood,12,0.05,0.0046136860152827894,0.05,0.0046136860152827894,0.9227372030565579,0,0.06785686271732252
cottonwood,13,0.05,0.0046136860152827894,0.05,0.0046136860152827894,0.9227372030565579,0,0.06785686271732252
cottonwood,14,0.05,0.0046136860152827894,0.05,0.0046136860152827894,0.9227372030565579,0,0.06785686271732252
cottonwood,15,0.05,0.0046136860152827894,0.05,0.0046136860152827894,0.9227372030565579,0,0.06785686271732252
cottonwood,16,0.05,0.0046136860152827894,0.05,0.0046136860152827894,0.9227372030565579,0,0.06785686271732252
cottonwood,17,0.05,0.0046136860152827894,0.05,0.0046136860152827894,0.9227372030565579,0,0.06785686271732252
cottonwood,18,0.05,0.0046136860152827894,0.05,0.0046136860152827894,0.9227372030565579,0,0.06785686271732252
cottonwood,19,0.05,0.0046136860152827894,0.05,0.0046136860152827894,0.9227372030565579,0,0.06785686271732252
cottonwood,20,0.05,0.0046136860152827894,0.05,0.0046136860152827894,0.9227372030565579,0,0.06785686271732252
cottonwood,21,0.05,0.0046136860152827894,0.05,0.0046136860152827894,0.9227372030565579,0,0.06785686271732252
cottonwood,22,0.05,0.0046136860152827894,0.05,0.0046136860152827894,0.9227372030565579,0,0.06785686271732252
cottonwood,23,0.05,0.0046136860152827894,0.05,0.0046136860152827894,0.9227372030565579,0,0.06785686271732252
cottonwood,24,0.05,0.0046136860152827894,0.05,0.0046136860152827894,0.9227372030565579,0,0.06785686271732252
cottonwood,25,0.05,0.0046136860152827894,0.05,0.0046136860152827894,0.9227372030565579,0,0.06785686271732252
cottonwood,26,0.05,0.0046136860152827894,0.05,0.0046136860152827894,0.9227372030565579,0,0.06785686271732252
cottonwood,27,0.05,0.0046136860152827894,0.05,0.0046136860152827894,0.9227372030565579,0,0.06785686271732252
cottonwood,28,0.05,0.0046136860152827894,0.05,0.0046136860152827894,0.9227372030565579,0,0.06785686271732252
cottonwood,29,0.05,0.0046136860152827894,0.05,0.0046136860152827894,0.9227372030565579,0,0.06785686271732252
cottonwood,30,0.05,0.0046136860152827894,0.05,0.0046136860152827894,0.9227372030565579,0,0.06785686271732252
cottonwood,31,0.05,0.0046136860152827894,0.05,0.0046136860152827894,0.9227372030565579,0,0.06785686271732252
cottonwood,32,0.05,0.0046136860152827894,0.05,0.0046136860152827894,0.9227372030565579,0,0.06785686271732252
cottonwood,33,0.05,0.0046136860152827894,0.05,0.0046136860152827894,0.9227372030565579,0,0.06785686271732252
cottonwood,34,0.05,0.0046136860152827894,0.05,0.0046136860152827894,0.9227372030565579,0,0.06785686271732252
cottonwood,35,0.05,0.0046136860152827894,0.05,0.0046136860152827894,0.9227372030565579,0,0.06785686271732252
cottonwood,36,0.05,0.0046136860152827894,0.05,0.0046136860152827894,0.9227372030565579,0,0.06785686271732252
cottonwood,37,0.05,0.0046136860152827894,0.05,0.0046136860152827894,0.9227372030565579,0,0.06785686271732252
cottonwood,38,0.05,0.0046136860152827894,0.05,0.0046136860152827894,0.9227372030565579,0,0.06785686271732252
cottonwood,39,0.05,0.0046136860152827894,0.05,0.0046136860152827894,0.9227372030565579,0,0.06785686271732252
cottonwood,40,0.05,0.0046136860152827894,0.05,0.0046136860152827894,0.9227372030565579,0,0.06785686271732252
cottonwood,41,0.05,0.0046136860152827894,0.05,0.0046136860152827894,0.9227372030565579,0,0.06785686271732252
cottonwood,42,0.05,0.0046136860152827894,0.05,0.0046136860152827894,0.9227372030565579,0,0.06785686271732252
cottonwood,43,0.05,0.0046136860152827894,0.05,0.0046136860152827894,0.9227372030565579,0,0.06785686271732252
cottonwood,44,0.05,0.0046136860152827894,0.05,0.0046136860152827894,0.9227372030565579,0,0.06785686271732252
cottonwood,45,0.05,0.0046136860152827894,0.05,0.0046136860152827894,0.9227372030565579,0,0.06785686271732252
cottonwood,46,0.05,0.0046136860152827894,0.05,0.0046136860152827894,0.9227372030565579,0,0.06785686271732252
cottonwood,47,0.05,0.0046136860152827894,0.05,0.0046136860152827894,0.9227372030565579,0,0.06785686271732252
cottonwood,48,0.05,0.0046136860152827894,0.05,0.0046136860152827894,0.9227372030565579,0,0.06785686271732252
cottonwood,49,0.05,0.0046136860152827894,0.05,0.0046136860152827894,0.9227372030565579,0,0.06785686271732252
cottonwood,50,0.05,0.0046136860152827894,0.05,0.0046136860152827894,0.9227372030565579,0,0.06785686271732252
cottonwood,51,0.05,0.0046136860152827894,0.05,0.0046136860152827894,0.9227372030565579,0,0.06785686271732252
cottonwood,52,0.05,0.0046136860152827894,0.05,0.0046136860152827894,0.9227372030565579,0,0.06785686271732252
cottonwood,53,0.05,0.0046136860152827894,0.05,0.0046136860152827894,0.9227372030565579,0,0.06785686271732252
cottonwood,54,0.05,0.0046136860152827894,0.05,0.0046136860152827894,0.9227372030565579,0,0.06785686271732252
cottonwood,55,0.05,0.0046136860152827894,0.05,0.0046136860152827894,0.9227372030565579,0,0.06785686271732252
cottonwood,56,0.05,0.0046136860152827894,0.05,0.0046136860152827894,0.9227372030565579,0,0.06785686271732252
cottonwood,57,0.05,0.0046136860152827894,0.05,0.0046136860152827894,0.9227372030565579,0,0.06785686271732252
cottonwood,58,0.05,0.0046136860152827894,0.05,0.0046136860152827894,0.9227372030565579,0,0.06785686271732252
cottonwood,59,0.05,0.0046136860152827894,0.05,0.0046136860152827894,0.9227372030565579,0,0.06785686271732252
cottonwood,60,0.05,0.0046136860152827894,0.05,0.0046136860152827894,0.9227372030565579,0,0.06785686271732252
cottonwood,61,0.05,0.0046136860152827894,0.05,0.0046136860152827894,0.9227372030565579,0,0.06785686271732252
cottonwood,62,0.05,0.0046136860152827894,0.05,0.0046136860152827894,0.9227372030565579,0,0.06785686271732252
cottonwood,63,0.05,0.0046136860152827894,0.05,0.0046136860152827894,0.9227372030565579,0,0.06785686271732252
cottonwood,64,0.05,0.0046136860152827894,0.05,0.0046136860152827894,0.9227372030565579,0,0.06785686271732252
cottonwood,65,0.05,0.0046136860152827894,0.05,0.0046136860152827894,0.9227372030565579,0,0.06785686271732252
cottonwood,66,0.05,0.0046136860152827894,0.05,0.0046136860152827894,0.9227372030565579,0,0.06785686271732252
cottonwood,67,0.05,0.0046136860152827894,0.05,0.0046136860152827894,0.9227372030565579,0,0.06785686271732252
cottonwood,68,0.05,0.0046136860152827894,0.05,0.0046136860152827894,0.9227372030565579,0,0.06785686271732252
cottonwood,69,0.05,0.0046136860152827894,0.05,0.0046136860152827894,0.9227372030565579,0,0.06785686271732252
cottonwood,70,0.05,0.0046136860152827894,0.05,0.0046136860152827894,0.9227372030565579,0,0.06785686271732252
cottonwood,71,0.05,0.0046136860152827894,0.05,0.0046136860152827894,0.9227372030565579,0,0.06785686271732252
cottonwood,72,0.05,0.0046136860152827894,0.05,0.0046136860152827894,0.9227372030565579,0,0.06785686271732252
cottonwood,73,0.05,0.0046136860152827894,0.05,0.0046136860152827894,0.9227372030565579,0,0.06785686271732252
cottonwood,74,0.05,0.0046136860152827894,0.05,0.0046136860152827894,0.9227372030565579,0,0.06785686271732252
cottonwood,75,0.05,0.0046136860152827894,0.05,0.0046136860152827894,0.9227372030565579,0,0.06785686271732252
cottonwood,76,0.05,0.0046136860152827894,0.05,0.0046136860152827894,0.9227372030565579,0,0.06785686271732252
cottonwood,77,0.05,0.0046136860152827894,0.05,0.0046136860152827894,0.9227372030565579,0,0.06785686271732252
cottonwood,78,0.05,0.0046136860152827894,0.05,0.0046136860152827894,0.9227372030565579,0,0.06785686271732252
cottonwood,79,0.05,0.0046136860152827894,0.05,0.0046136860152827894,0.9227372030565579,0,0.06785686271732252
cottonwood,80,0.05,0.0046136860152827894,0.05,0.0046136860152827894,0.9227372030565579,0,0.06785686271732252
cottonwood,81,0.05,0.0046136860152827894,0.05,0.0046136860152827894,0.9227372030565579,0,0.06785686271732252
cottonwood,82,0.05,0.0046136860152827894,0.05,0.0046136860152827894,0.9227372030565579,0,0.06785686271732252
cottonwood,83,0.05,0.0046136860152827894,0.05,0.0046136860152827894,0.9227372030565579,0,0.06785686271732252
cottonwood,84,0.05,0.0046136860152827894,0.05,0.0046136860152827894,0.9227372030565579,0,0.06785686271732252
cottonwood,85,0.05,0.0046136860152827894,0.05,0.0046136860152827894,0.9227372030565579,0,0.06785686271732252
cottonwood,86,0.05,0.0046136860152827894,0.05,0.0046136860152827894,0.9227372030565579,0,0.06785686271732252
cottonwood,87,0.05,0.0046136860152827894,0.05,0.0046136860152827894,0.9227372030565579,0,0.06785686271732252
cottonwood,88,0.05,0.0046136860152827894,0.05,0.0046136860152827894,0.9227372030565579,0,0.06785686271732252
cottonwood,89,0.05,0.0046136860152827894,0.05,0.0046136860152827894,0.9227372030565579,0,0.06785686271732252
cottonwood,90,0.05,0.0046136860152827894,0.05,0.0046136860152827894,0.9227372030565579,0,0.06785686271732252
cottonwood,91,0.05,0.0046136860152827894,0.05,0.0046136860152827894,0.9227372030565579,0,0.06785686271732252
cottonwood,92,0.05,0.0046136860152827894,0.05,0.0046136860152827894,0.9227372030565579,0,0.06785686271732252
cottonwood,93,0.05,0.0046136860152827894,0.05,0.0046136860152827894,0.9227372030565579,0,0.06785686271732252
cottonwood,94,0.05,0.0046136860152827894,0.05,0.0046136860152827894,0.9227372030565579,0,0.06785686271732252
cottonwood,95,0.05,0.0046136860152827894,0.05,0.0046136860152827894,0.9227372030565579,0,0.06785686271732252
cottonwood,96,0.05,0.0046136860152827894,0.05,0.0046136860152827894,0.9227372030565579,0,0.06785686271732252
cottonwood,97,0.05,0.0046136860152827894,0.05,0.0046136860152827894,0.9227372030565579,0,0.06785686271732252
cottonwood,98,0.05,0.0046136860152827894,0.05,0.0046136860152827894,0.9227372030565579,0,0.06785686271732252
cottonwood,99,0.05,0.0046136860152827894,0.05,0.0046136860152827894,0.9227372030565579,0,0.06785686271732252
cottonwood,100,0.05,0.0046136860152827894,0.05,0.0046136860152827894,0.9227372030565579,0,0.06785686271732252
cottonwood,101,0.05,0.0046136860152827894,0.05,0.0046136860152827894,0.9227372030565579,0,0.06785686271732252
cottonwood,102,0.05,0.0046136860152827894,0.05,0.0046136860152827894,0.9227372030565579,0,0.06785686271732252
cottonwood,103,0.05,0.0046136860152827894,0.05,0.0046136860152827894,0.9227372030565579,0,0.06785686271732252
cottonwood,104,0.05,0.0046136860152827894,0.05,0.0046136860152827894,0.9227372030565579,0,0.06785686271732252
cottonwood,105,0.05,0.0046136860152827894,0.05,0.0046136860152827894,0.9227372030565579,0,0.06785686271732252
cottonwood,106,0.05,0.0046136860152827894,0.05,0.0046136860152827894,0.9227372030565579,0,0.06785686271732252
cottonwood,107,0.05936781153352073,0.005478088836602977,0.05,0.0046136860152827894,1.0956177673205953,0,0.06785686271732252
cottonwood,108,0.08731767545320678,0.008057126762509227,0.05,0.0046136860152827894,1.6114253525018454,0,0.06785686271732252
cottonwood,109,0.20397409022060028,0.01882144815061627,0.05,0.0046136860152827894,3.7642896301232542,0,0.06785686271732252
cottonwood,110,0.47840627863316365,0.044144327147066176,0.05,0.0046136860152827894,8.828865429413234,0,0.06785686271732252
cottonwood,111,0.6262058688451309,0.05778234519557577,0.05,0.0046136860152827894,11.556469039115154,0,0.06785686271732252
cottonwood,112,0.5713933019361297,0.052724585727379564,0.05,0.0046136860152827894,10.544917145475912,0,0.06785686271732252
cottonwood,113,0.520647875346066,0.048042116427416834,0.05,0.0046136860152827894,9.608423285483367,0,0.06785686271732252
cottonwood,114,0.47577114116252184,0.04390117320913321,0.05,0.0046136860152827894,8.780234641826642,0,0.06785686271732252
cottonwood,115,0.4344254343029995,0.040086051018538016,0.05,0.0046136860152827894,8.017210203707602,0,0.06785686271732252
cottonwood,116,0.3976834719292264,0.03669573345897955,0.05,0.0046136860152827894,7.33914669179591,0,0.06785686271732252
cottonwood,117,0.36399714518989956,0.03358737076730997,0.05,0.0046136860152827894,6.717474153461994,0,0.06785686271732252
cottonwood,118,0.3339153706660571,0.03081161351859913,0.05,0.0046136860152827894,6.162322703719826,0,0.06785686271732252
cottonwood,119,0.30647016347206824,0.02827914214625023,0.05,0.0046136860152827894,5.655828429250046,0,0.06785686271732252
cottonwood,120,0.2818412895622409,0.026006544323651563,0.05,0.0046136860152827894,5.201308864730312,0,0.06785686271732252
cottonwood,121,0.2594814393442861,0.02394331775856364,0.05,0.0046136860152827894,4.7886635517127285,0,0.06785686271732252
cottonwood,122,0.23931702286063047,0.022082672031824048,0.05,0.0046136860152827894,4.41653440636481,0,0.06785686271732252
cottonwood,123,0.22110070139504948,0.020401784279911114,0.05,0.0046136860152827894,4.080356855982223,0,0.06785686271732252
cottonwood,124,0.20459147350200788,0.01887841640284626,0.05,0.0046136860152827894,3.7756832805692517,0,0.06785686271732252
cottonwood,125,0.18975120414580554,0.017509049539011452,0.05,0.0046136860152827894,3.5018099078022904,0,0.06785686271732252
cottonwood,126,0.1762345915601997,0.01626182140980735,0.05,0.0046136860152827894,3.25236428196147,0,0.06785686271732252
cottonwood,127,0.1641449871918404,0.015146268637715331,0.05,0.0046136860152827894,3.0292537275430664,0,0.06785686271732252
cottonwood,128,0.15307852079056403,0.014125124612232018,0.05,0.0046136860152827894,2.8250249224464037,0,0.06785686271732252
cottonwood,129,0.14322998905075204,0.013216363949051235,0.05,0.0046136860152827894,2.643272789810247,0,0.06785686271732252
cottonwood,130,0.13416953268012274,0.012380321932066191,0.05,0.0046136860152827894,2.4760643864132383,0,0.06785686271732252
cottonwood,131,0.12614684522077643,0.011640038713342776,0.05,0.0046136860152827894,2.328007742668555,0,0.06785686271732252
cottonwood,132,0.11872877095322097,0.01095554540317178,0.05,0.0046136860152827894,2.191109080634356,0,0.06785686271732252
cottonwood,133,0.11219359731183526,0.010352520618437661,0.05,0.0046136860152827894,2.0705041236875323,0,0.06785686271732252
cottonwood,134,0.1061201917803712,0.009792104895124524,0.05,0.0046136860152827894,1.9584209790249048,0,0.06785686271732252
cottonwood,135,0.10079686473363586,0.009300901704118535,0.05,0.0046136860152827894,1.860180340823707,0,0.06785686271732252
cottonwood,136,0.09582438084911224,0.008842072116933622,0.05,0.0046136860152827894,1.7684144233867243,0,0.06785686271732252
cottonwood,137,0.09148829562154863,0.008441965401423931,0.05,0.0046136860152827894,1.6883930802847864,0,0.06785686271732252
cottonwood,138,0.08741717014610455,0.008066307507973573,0.05,0.0046136860152827894,1.6132615015947145,0,0.06785686271732252
cottonwood,139,0.2540928349686983,0.023446091185572823,0.05,0.0046136860152827894,4.689218237114565,0,0.06785686271732252
cottonwood,140,0.48367521200635866,0.04463051123145352,0.05,0.0046136860152827894,8.926102246290704,0,0.06785686271732252
cottonwood,141,0.5058503548531933,0.04667669416024029,0.05,0.0046136860152827894,9.335338832048059,0,0.06785686271732252
cottonwood,142,0.4609009746346241,0.04252904762203945,0.05,0.0046136860152827894,8.505809524407889,0,0.06785686271732252
cottonwood,143,0.4223087786075927,0.038968002119860116,0.05,0.0046136860152827894,7.793600423972023,0,0.06785686271732252
cottonwood,144,0.38550733869085496,0.03557219634613767,0.05,0.0046136860152827894,7.114439269227534,0,0.06785686271732252
cottonwood,145,0.3540756625233218,0.03267187865071676,0.05,0.0046136860152827894,6.534375730143352,0,0.06785686271732252
cottonwood,146,0.3239451919059367,0.02989162803229039,0.05,0.0046136860152827894,5.978325606458077,0,0.06785686271732252
cottonwood,147,0.2983461547250964,0.02752950963537145,0.05,0.0046136860152827894,5.50590192707429,0,0.06785686271732252
cottonwood,148,0.27367741182593097,0.025253232952801727,0.05,0.0046136860152827894,5.050646590560345,0,0.06785686271732252
cottonwood,149,0.2524711584766935,0.02329645306252331,0.05,0.0046136860152827894,4.6592906125046625,0,0.06785686271732252
cottonwood,150,0.23185497569384309,0.0213941211786483,0.05,0.0046136860152827894,4.27882423572966,0,0.06785686271732252
cottonwood,151,0.21120798934500434,0.01948894693514086,0.05,0.0046136860152827894,3.897789387028172,0,0.06785686271732252
cottonwood,152,0.19055676750584177,0.01758338186718392,0.05,0.0046136860152827894,3.516676373436784,0,0.06785686271732252
cottonwood,153,0.17707727091796194,0.016339578569172855,0.05,0.0046136860152827894,3.267915713834571,0,0.06785686271732252
cottonwood,154,0.16436072382489952,0.015166175459453913,0.05,0.0046136860152827894,3.0332350918907824,0,0.06785686271732252
cottonwood,155,0.15378464429577265,0.014190281255052888,0.05,0.0046136860152827894,2.8380562510105776,0,0.06785686271732252
cottonwood,156,0.14337321611771803,0.013229580043368654,0.05,0.0046136860152827894,2.645916008673731,0,0.06785686271732252
cottonwood,157,0.13664294202359717,0.012608552614027345,0.05,0.0046136860152827894,2.521710522805469,0,0.06785686271732252
cottonwood,158,0.13009301265404932,0.012004166263359886,0.05,0.0046136860152827894,2.400833252671977,0,0.06785686271732252
cottonwood,159,0.12277345206891994,0.011328763177167356,0.05,0.0046136860152827894,2.265752635433471,0,0.06785686271732252
cottonwood,160,0.1154402500989257,0.010652101349643223,0.05,0.0046136860152827894,2.1304202699286447,0,0.06785686271732252
cottonwood,161,0.10943334073212724,0.010097821474829839,0.05,0.0046136860152827894,2.0195642949659676,0,0.06785686271732252
cottonwood,162,0.10345634531964891,0.009546301871870624,0.05,0.0046136860152827894,1.9092603743741248,0,0.06785686271732252
cottonwood,163,0.098538303890099,0.00909249589254871,0.05,0.0046136860152827894,1.818499178509742,0,0.06785686271732252
cottonwood,164,0.0936667962618101,0.008642983760189111,0.05,0.0046136860152827894,1.7285967520378223,0,0.06785686271732252
cottonwood,165,0.08964024449852594,0.008271438848987582,0.05,0.0046136860152827894,1.6542877697975165,0,0.06785686271732252
cottonwood,166,0.08566983812030507,0.007905074681343837,0.05,0.0046136860152827894,1.5810149362687673,0,0.06785686271732252
cottonwood,167,0.08237317636284398,0.0076008794363935225,0.05,0.0046136860152827894,1.5201758872787046,0,0.06785686271732252
cottonwood,168,0.07913725797236872,0.00730228920789888,0.05,0.0046136860152827894,1.460457841579776,0,0.06785686271732252
cottonwood,169,0.0764381796090392,0.007053235205917965,0.05,0.0046136860152827894,1.410647041183593,0,0.06785686271732252
cottonwood,170,0.07380093079380305,0.006809886446364442,0.05,0.0046136860152827894,1.3619772892728885,0,0.06785686271732252
cottonwood,171,0.07159111233277773,0.006605978275765518,0.05,0.0046136860152827894,1.3211956551531037,0,0.06785686271732252
cottonwood,172,0.06944181988014407,0.006407655065136141,0.05,0.0046136860152827894,1.2815310130272282,0,0.06785686271732252
cottonwood,173,0.06763257354738325,0.006240709175062936,0.05,0.0046136860152827894,1.2481418350125872,0,0.06785686271732252
cottonwood,174,0.06588099063796057,0.006079084103586701,0.05,0.0046136860152827894,1.2158168207173403,0,0.06785686271732252
cottonwood,175,0.06439970502543571,0.00594240036928379,0.05,0.0046136860152827894,1.188480073856758,0,0.06785686271732252
cottonwood,176,0.09135423901157161,0.008429595499289786,0.05,0.0046136860152827894,1.6859190998579572,0,0.06785686271732252
cottonwood,177,0.23166251961704937,0.02137636254044711,0.05,0.0046136860152827894,4.275272508089422,0,0.06785686271732252
cottonwood,178,0.3935472566010154,0.03631406948266024,0.05,0.0046136860152827894,7.262813896532048,0,0.06785686271732252
cottonwood,179,0.6296339533256519,0.05809866730411553,0.05,0.0046136860152827894,11.619733460823106,0,0.06785686271732252
cottonwood,180,0.9002648538144572,0.08307078732188732,0.05,0.0046136860152827894,16.614157464377463,0,0.06785686271732252
cottonwood,181,1.2745283655957502,0.11760547392860685,0.05,0.0046136860152827894,23.52109478572137,0,0.06785686271732252
cottonwood,182,1.5083535601286815,0.1391813945293541,0.05,0.0046136860152827894,27.83627890587082,0,0.06785686271732252
cottonwood,183,1.3714215971258519,0.1265461728743266,0.05,0.0046136860152827894,25.309234574865318,0,0.06785686271732252
cottonwood,184,1.5598619025849552,0.14393426091457226,0.05,0.0046136860152827894,28.78685218291445,0,0.06785686271732252
cottonwood,185,2.509494212244217,0.2315603670492849,0.05,0.0046136860152827894,46.31207340985698,0,0.06785686271732252
cottonwood,186,3.05901770986063,0.2822669445697275,0.05,0.0046136860152827894,56.4533889139455,0,0.06785686271732252
cottonwood,187,2.774416056947051,0.2560056912502526,0.05,0.0046136860152827894,51.20113825005051,0,0.06785686271732252
cottonwood,188,2.507814046798975,0.2314053319329234,0.05,0.0046136860152827894,46.281066386584676,0,0.06785686271732252
cottonwood,189,2.2748019211818016,0.209904436225898,0.05,0.0046136860152827894,41.9808872451796,0,0.06785686271732252
cottonwood,190,2.057571001126902,0.1898597310670119,0.05,0.0046136860152827894,37.97194621340238,0,0.06785686271732252
cottonwood,191,1.8667968080440447,0.17225628653294717,0.05,0.0046136860152827894,34.45125730658943,0,0.06785686271732252
cottonwood,192,1.689798210222958,0.15592396742311096,0.05,0.0046136860152827894,31.18479348462219,0,0.06785686271732252
cottonwood,193,1.5336055114523954,0.14151148602297053,0.05,0.0046136860152827894,28.302297204594108,0,0.06785686271732252
cottonwood,194,1.3893913612083473,0.12820430985923342,0.05,0.0046136860152827894,25.640861971846686,0,0.06785686271732252
cottonwood,195,1.2615115953186395,0.11640436810877379,0.05,0.0046136860152827894,23.280873621754758,0,0.06785686271732252
cottonwood,196,1.1440121838906914,0.10556226028259211,0.05,0.0046136860152827894,21.11245205651842,0,0.06785686271732252
cottonwood,197,1.0393130868603708,0.0959012850869616,0.05,0.0046136860152827894,19.180257017392318,0,0.06785686271732252
cottonwood,198,1.0228104417928539,0.09437852463169803,0.05,0.0046136860152827894,18.875704926339605,0,0.06785686271732252
cottonwood,199,1.104759650079164,0.10194028295637896,0.05,0.0046136860152827894,20.38805659127579,0,0.06785686271732252
cottonwood,200,1.0959480741042802,0.10112720605942048,0.05,0.0046136860152827894,20.225441211884096,0,0.06785686271732252
cottonwood,201,0.9953728322741495,0.0918467543251133,0.05,0.0046136860152827894,18.36935086502266,0,0.06785686271732252
cottonwood,202,0.9043138752947173,0.08344440559746842,0.05,0.0046136860152827894,16.688881119493683,0,0.06785686271732252
cottonwood,203,0.8219698318101325,0.0758462143601351,0.05,0.0046136860152827894,15.16924287202702,0,0.06785686271732252
cottonwood,204,1.1603537579626533,0.10707015811786247,0.05,0.0046136860152827894,21.414031623572495,0,0.06785686271732252
cottonwood,205,1.84758248306055,0.1704833092835582,0.05,0.0046136860152827894,34.09666185671164,0,0.06785686271732252
cottonwood,206,2.032399917133797,0.18753710150284197,0.05,0.0046136860152827894,37.5074203005684,0,0.06785686271732252
cottonwood,207,1.840408882938504,0.1698213745123119,0.05,0.0046136860152827894,33.964274902462385,0,0.06785686271732252
cottonwood,208,1.6969561573845777,0.1565844578374649,0.05,0.0046136860152827894,31.316891567492984,0,0.06785686271732252
cottonwood,209,1.5863842215554536,0.1463815739571134,0.05,0.0046136860152827894,29.27631479142268,0,0.06785686271732252
cottonwood,210,1.4593132074807265,0.13465625874542597,0.05,0.0046136860152827894,26.931251749085195,0,0.06785686271732252
cottonwood,211,1.3221675350082487,0.12200131732256948,0.05,0.0046136860152827894,24.4002634645139,0,0.06785686271732252
cottonwood,212,1.2010717768226096,0.1108273612015465,0.05,0.0046136860152827894,22.1654722403093,0,0.06785686271732252
cottonwood,213,1.0887863971178315,0.10046637148025345,0.05,0.0046136860152827894,20.09327429605069,0,0.06785686271732252
cottonwood,214,0.9901448312524578,0.09136434722108004,0.05,0.0046136860152827894,18.27286944421601,0,0.06785686271732252
cottonwood,215,0.8982133377671195,0.08288148630393272,0.05,0.0046136860152827894,16.576297260786543,0,0.06785686271732252
cottonwood,216,0.8178644849573351,0.07546739873288236,0.05,0.0046136860152827894,15.093479746576472,0,0.06785686271732252
cottonwood,217,0.742597344064499,0.06852221962593041,0.05,0.0046136860152827894,13.704443925186084,0,0.06785686271732252
cottonwood,218,0.6756230992218718,0.06234225688963932,0.05,0.0046136860152827894,12.468451377927863,0,0.06785686271732252
cottonwood,219,0.6118773864293264,0.056460202816735326,0.05,0.0046136860152827894,11.292040563347065,0,0.06785686271732252
cottonwood,220,0.5553812911303462,0.05124709792075555,0.05,0.0046136860152827894,10.24941958415111,0,0.06785686271732252
cottonwood,221,0.5013730719453942,0.046263558609476736,0.05,0.0046136860152827894,9.252711721895347,0,0.06785686271732252
cottonwood,222,0.45276783238115426,0.04177857232853667,0.05,0.0046136860152827894,8.355714465707335,0,0.06785686271732252
cottonwood,223,0.40578348670313075,0.03744315195669848,0.05,0.0046136860152827894,7.488630391339695,0,0.06785686271732252
cottonwood,224,0.3708811879007357,0.03422258699898186,0.05,0.0046136860152827894,6.844517399796373,0,0.06785686271732252
cottonwood,225,0.33911436839132403,0.03129134438057015,0.05,0.0046136860152827894,6.25826887611403,0,0.06785686271732252
cottonwood,226,0.36004596171872816,0.03322278036881477,0.05,0.0046136860152827894,6.6445560737629545,0,0.06785686271732252
cottonwood,227,0.3926490156073072,0.036231185444439734,0.05,0.0046136860152827894,7.246237088887947,0,0.06785686271732252
cottonwood,228,0.8526994629221145,0.07868175174645811,0.05,0.0046136860152827894,15.736350349291623,0,0.06785686271732252
cottonwood,229,1.3921131070619959,0.12845545547487608,0.05,0.0046136860152827894,25.691091094975217,0,0.06785686271732252
cottonwood,230,3.5296575289008496,0.32569463159654916,0.05,0.0046136860152827894,65.13892631930983,0,0.06785686271732252
cottonwood,231,5.909955992921875,0.5453336263096072,0.05,0.0046136860152827894,109.06672526192145,0,0.06785686271732252
cottonwood,232,5.66394588365014,0.5226333582943035,0.05,0.0046136860152827894,104.52667165886069,0,0.06785686271732252
cottonwood,233,5.102778745583181,0.4708523787515876,0.05,0.0046136860152827894,94.17047575031752,0,0.06785686271732252
cottonwood,234,4.634950242318244,0.4276841022903051,0.05,0.0046136860152827894,85.53682045806103,0,0.06785686271732252
cottonwood,235,4.175505448766048,0.38528942191418003,0.05,0.0046136860152827894,77.05788438283601,0,0.06785686271732252
cottonwood,236,3.794539066266624,0.3501362364895707,0.05,0.0046136860152827894,70.02724729791414,1,0.06785686271732252
cottonwood,237,3.4183774844438997,0.3154264078987276,0.05,0.0046136860152827894,63.08528157974552,1,0.06785686271732252
cottonwood,238,3.1081545218069246,0.2868009810119715,0.05,0.0046136860152827894,57.3601962023943,1,0.06785686271732252
cottonwood,239,2.8001794666421946,0.2583829769105823,0.05,0.0046136860152827894,51.67659538211646,1,0.06785686271732252
cottonwood,240,2.545076689992845,0.234843694648844,0.05,0.0046136860152827894,46.9687389297688,0,0.06785686271732252
cottonwood,241,2.2912156696834027,0.2114189938643021,0.05,0.0046136860152827894,42.28379877286042,0,0.06785686271732252
cottonwood,242,2.08522966263921,0.19241189866342745,0.05,0.0046136860152827894,38.48237973268549,0,0.06785686271732252
cottonwood,243,1.8807823476983154,0.17354678430732903,0.05,0.0046136860152827894,34.70935686146581,0,0.06785686271732252
cottonwood,244,1.7121352690274974,0.157985090939692,0.05,0.0046136860152827894,31.597018187938403,0,0.06785686271732252
cottonwood,245,1.5730147014839286,0.14514791860141266,0.05,0.0046136860152827894,29.02958372028253,0,0.06785686271732252
cottonwood,246,1.8521863749099188,0.17090812751238435,0.05,0.0046136860152827894,34.18162550247687,0,0.06785686271732252
cottonwood,247,2.1922526532804576,0.20228730816813273,0.05,0.0046136860152827894,40.457461633626544,0,0.06785686271732252
cottonwood,248,3.143110272155246,0.2900264781426868,0.05,0.0046136860152827894,58.005295628537354,0,0.06785686271732252
cottonwood,249,4.0087950183604075,0.3699064302868945,0.05,0.0046136860152827894,73.98128605737891,0,0.06785686271732252
cottonwood,250,4.221487740764846,0.38953237906509014,0.05,0.0046136860152827894,77.90647581301803,0,0.06785686271732252
cottonwood,251,4.352840340530151,0.40165277211725464,0.05,0.0046136860152827894,80.33055442345093,0,0.06785686271732252
cottonwood,252,3.984987873902158,0.3677096564978776,0.05,0.0046136860152827894,73.54193129957552,0,0.06785686271732252
cottonwood,253,3.638251012183437,0.33571495629998355,0.05,0.0046136860152827894,67.1429912599967,0,0.06785686271732252
cottonwood,254,3.398499882005124,0.313592227570945,0.05,0.0046136860152827894,62.718445514189,0,0.06785686271732252
cottonwood,255,3.1493263267410563,0.29060005662494254,0.05,0.0046136860152827894,58.12001132498851,0,0.06785686271732252
cottonwood,256,2.8598684903132496,0.26389070518612284,0.05,0.0046136860152827894,52.77814103722457,0,0.06785686271732252
cottonwood,257,2.5816541833193596,0.2382188360375368,0.05,0.0046136860152827894,47.64376720750736,0,0.06785686271732252
cottonwood,258,2.3446661509165025,0.2163510686198079,0.05,0.0046136860152827894,43.27021372396158,0,0.06785686271732252
cottonwood,259,2.117945706063637,0.1954307297038807,0.05,0.0046136860152827894,39.08614594077614,0,0.06785686271732252
cottonwood,260,1.9239163158239656,0.17752691601782833,0.05,0.0046136860152827894,35.505383203565664,0,0.06785686271732252
cottonwood,261,1.7391629417907575,0.16047903485676188,0.05,0.0046136860152827894,32.095806971352374,0,0.06785686271732252
cottonwood,262,1.5803051130005756,0.14582063199461287,0.05,0.0046136860152827894,29.164126398922573,0,0.06785686271732252
cottonwood,263,1.429753833919757,0.1319287053770507,0.05,0.0046136860152827894,26.38574107541014,0,0.06785686271732252
cottonwood,264,1.2996920441220388,0.11992742016280304,0.05,0.0046136860152827894,23.98548403256061,0,0.06785686271732252
cottonwood,265,2.170722114340086,0.20030060523991888,0.05,0.0046136860152827894,40.06012104798378,0,0.06785686271732252
cottonwood,266,5.237129070558208,0.4832493830613072,0.05,0.0046136860152827894,96.64987661226144,0,0.06785686271732252
cottonwood,267,7.043172771242874,0.6498997543580756,0.05,0.0046136860152827894,129.9799508716151,0,0.06785686271732252
cottonwood,268,6.379724239540964,0.5886808901066155,0.05,0.0046136860152827894,117.7361780213231,1,0.06785686271732252
cottonwood,269,5.757185955131869,0.5312369665714879,0.05,0.0046136860152827894,106.24739331429758,1,0.06785686271732252
cottonwood,270,5.20655052960106,0.48042778732567215,0.05,0.0046136860152827894,96.08555746513443,1,0.06785686271732252
cottonwood,271,5.244457216117116,0.4839255783149689,0.05,0.0046136860152827894,96.78511566299377,1,0.06785686271732252
cottonwood,272,6.213178732324598,0.5733131165555689,0.05,0.0046136860152827894,114.66262331111379,1,0.06785686271732252
cottonwood,273,7.681995918840556,0.703918302396211,0.05,0.0046136860152827894,140.7836604792422,1,0.06785686271732252
cottonwood,274,9.864282928330077,0.8933273321462581,0.05,0.0046136860152827894,178.66546642925164,1,0.06785686271732252
cottonwood,275,10.65063610613223,0.9643757996110948,0.05,0.0046136860152827894,192.87515992221896,1,0.06785686271732252
cottonwood,276,9.637200381444131,0.8828210263937205,0.05,0.0046136860152827894,176.5642052787441,1,0.06785686271732252
cottonwood,277,8.723518164239135,0.8049514751683097,0.05,0.0046136860152827894,160.99029503366194,1,0.06785686271732252
cottonwood,278,7.926215039097739,0.7313813496001873,0.05,0.0046136860152827894,146.27626992003746,1,0.06785686271732252
cottonwood,279,7.296679808300627,0.6732917917910581,0.05,0.0046136860152827894,134.65835835821161,1,0.06785686271732252
cottonwood,280,6.8443908839576135,0.631557410088885,0.05,0.0046136860152827894,126.311482017777,1,0.06785686271732252
cottonwood,281,6.314978664141959,0.5827065749912189,0.05,0.0046136860152827894,116.54131499824378,1,0.06785686271732252
cottonwood,282,5.711760279841719,0.5270453705150691,0.05,0.0046136860152827894,105.40907410301381,1,0.06785686271732252
cottonwood,283,5.167119543176269,0.476789343512935,0.05,0.0046136860152827894,95.357868702587,1,0.06785686271732252
cottonwood,284,4.67324610112765,0.4312178036549492,0.05,0.0046136860152827894,86.24356073098984,0,0.06785686271732252
cottonwood,285,4.229545487789578,0.39027589736034407,0.05,0.0046136860152827894,78.05517947206882,0,0.06785686271732252
cottonwood,286,3.825196112655897,0.352965076213492,0.05,0.0046136860152827894,70.5930152426984,0,0.06785686271732252
cottonwood,287,3.459976437152458,0.3192648980259653,0.05,0.0046136860152827894,63.85297960519306,0,0.06785686271732252
cottonwood,288,3.122496595659195,0.2881243775232189,0.05,0.0046136860152827894,57.62487550464378,0,0.06785686271732252
cottonwood,289,2.8158242790966663,0.25982658195924063,0.05,0.0046136860152827894,51.96531639184813,0,0.06785686271732252
cottonwood,290,2.5288576766790256,0.23334710595069091,0.05,0.0046136860152827894,46.66942119013818,0,0.06785686271732252
cottonwood,291,2.281009687955026,0.21047724996085324,0.05,0.0046136860152827894,42.09544999217065,0,0.06785686271732252
cottonwood,292,2.0556845374182924,0.18968566004239693,0.05,0.0046136860152827894,37.93713200847939,0,0.06785686271732252
cottonwood,293,1.8662815534929331,0.1722087420786117,0.05,0.0046136860152827894,34.44174841572234,0,0.06785686271732252
cottonwood,294,1.6954383556501207,0.1564444046247402,0.05,0.0046136860152827894,31.288880924948042,0,0.06785686271732252
cottonwood,295,1.5434244005933084,0.1424175114532714,0.05,0.0046136860152827894,28.48350229065428,0,0.06785686271732252
cottonwood,296,1.4001066821645707,0.1291930523881333,0.05,0.0046136860152827894,25.838610477626663,0,0.06785686271732252
cottonwood,297,1.2768074525573916,0.11781577376145762,0.05,0.0046136860152827894,23.563154752291524,0,0.06785686271732252
cottonwood,298,1.161732873396288,0.1071974142296549,0.05,0.0046136860152827894,21.43948284593098,0,0.06785686271732252
cottonwood,299,1.0585317845507398,0.09767466582228165,0.05,0.0046136860152827894,19.53493316445633,0,0.06785686271732252
cottonwood,300,0.9596442858198323,0.08854994842266001,0.05,0.0046136860152827894,17.709989684532,0,0.06785686271732252
cottonwood,301,0.8741049847463266,0.08065691888026205,0.05,0.0046136860152827894,16.13138377605241,0,0.06785686271732252
cottonwood,302,0.7928216307519931,0.07315660140828333,0.05,0.0046136860152827894,14.631320281656665,0,0.06785686271732252
cottonwood,303,0.723074647978171,0.06672078782764827,0.05,0.0046136860152827894,13.344157565529654,0,0.06785686271732252
cottonwood,304,0.6565254663496878,0.060580047255491314,0.05,0.0046136860152827894,12.116009451098263,0,0.06785686271732252
cottonwood,305,0.5997197355203762,0.055338371137189056,0.05,0.0046136860152827894,11.067674227437811,0,0.06785686271732252
cottonwood,306,0.5452338739289634,0.05031075798409035,0.05,0.0046136860152827894,10.062151596818069,0,0.06785686271732252
cottonwood,307,0.4593635863437863,0.0423871870848895,0.05,0.0046136860152827894,8.4774374169779,0,0.06785686271732252
cottonwood,308,0.36717498197438403,0.03388060158993852,0.05,0.0046136860152827894,6.776120317987703,0,0.06785686271732252
cottonwood,309,0.3351215865672698,0.030922915547295867,0.05,0.0046136860152827894,6.184583109459173,0,0.06785686271732252
cottonwood,310,0.31309072598720683,0.028890046080038242,0.05,0.0046136860152827894,5.778009216007648,0,0.06785686271732252
cottonwood,311,0.28940732079413817,0.026704690173367508,0.05,0.0046136860152827894,5.340938034673502,0,0.06785686271732252
cottonwood,312,0.2655025466965234,0.024498907734314318,0.05,0.0046136860152827894,4.899781546862863,0,0.06785686271732252
cottonwood,313,0.23270313037615475,0.021472383566579857,0.05,0.0046136860152827894,4.294476713315971,0,0.06785686271732252
cottonwood,314,0.1989872963722294,0.01836129812982973,0.05,0.0046136860152827894,3.6722596259659457,0,0.06785686271732252
cottonwood,315,0.15036818282683664,0.013875031645033238,0.05,0.0046136860152827894,2.7750063290066476,0,0.06785686271732252
cottonwood,316,0.10065000736835318,0.009287350628669616,0.05,0.0046136860152827894,1.8574701257339232,0,0.06785686271732252
cottonwood,317,0.09831645743500382,0.009072025294800454,0.05,0.0046136860152827894,1.8144050589600909,0,0.06785686271732252
cottonwood,318,0.09816151097407608,0.009057727808402458,0.05,0.0046136860152827894,1.8115455616804916,0,0.06785686271732252
cottonwood,319,0.0966524889321228,0.008918484730568192,0.05,0.0046136860152827894,1.7836969461136383,0,0.06785686271732252
cottonwood,320,0.09511490123636421,0.008776605793584344,0.05,0.0046136860152827894,1.755321158716869,0,0.06785686271732252
cottonwood,321,0.09321257098941024,0.008601070704447926,0.05,0.0046136860152827894,1.7202141408895852,0,0.06785686271732252
cottonwood,322,0.09143031845630585,0.008436615632694204,0.05,0.0046136860152827894,1.6873231265388409,0,0.06785686271732252
cottonwood,323,0.09350146892219632,0.00862772839149471,0.05,0.0046136860152827894,1.7255456782989418,0,0.06785686271732252
cottonwood,324,0.0954539434401232,0.008807890479065815,0.05,0.0046136860152827894,1.761578095813163,0,0.06785686271732252
cottonwood,325,0.09536519165307562,0.00879970102149116,0.05,0.0046136860152827894,1.759940204298232,0,0.06785686271732252
cottonwood,326,0.09495243045967673,0.008761614010578442,0.05,0.0046136860152827894,1.7523228021156885,0,0.06785686271732252
cottonwood,327,0.09079680198600955,0.008378158711105057,0.05,0.0046136860152827894,1.6756317422210114,0,0.06785686271732252
cottonwood,328,0.08684669730997069,0.008013667857050183,0.05,0.0046136860152827894,1.6027335714100366,0,0.06785686271732252
cottonwood,329,0.08465977047674536,0.007811871982112217,0.05,0.0046136860152827894,1.5623743964224435,0,0.06785686271732252
cottonwood,330,0.2657757937506174,0.02452412125655812,0.05,0.0046136860152827894,4.9048242513116245,0,0.06785686271732252
cottonwood,331,1.6832117145557135,0.15531620696411721,0.05,0.0046136860152827894,31.063241392823443,0,0.06785686271732252
cottonwood,332,2.9093048891064908,0.26845238562128926,0.05,0.0046136860152827894,53.69047712425785,0,0.06785686271732252
cottonwood,333,3.083012959258194,0.28448107550130275,0.05,0.0046136860152827894,56.89621510026055,0,0.06785686271732252
cottonwood,334,3.188317263762466,0.29419789544211156,0.05,0.0046136860152827894,58.83957908842231,0,0.06785686271732252
cottonwood,335,2.978964246288452,0.2748801136625693,0.05,0.0046136860152827894,54.97602273251386,0,0.06785686271732252
cottonwood,336,2.983606455160399,0.27530846754561983,0.05,0.0046136860152827894,55.06169350912396,0,0.06785686271732252
cottonwood,337,3.8268786051181065,0.3531203260523663,0.05,0.0046136860152827894,70.62406521047326,0,0.06785686271732252
cottonwood,338,4.705804193714631,0.43422205998400587,0.05,0.0046136860152827894,86.84441199680117,0,0.06785686271732252
cottonwood,339,5.705436002281164,0.5264618058963111,0.05,0.0046136860152827894,105.29236117926222,0,0.06785686271732252
cottonwood,340,6.507363663290186,0.6004586545936264,0.05,0.0046136860152827894,120.09173091872528,0,0.06785686271732252
cottonwood,341,6.724774714128991,0.6205199810900848,0.05,0.0046136860152827894,124.10399621801696,0,0.06785686271732252
cottonwood,342,6.9321446490178324,0.6396547764618198,0.05,0.0046136860152827894,127.93095529236396,0,0.06785686271732252
cottonwood,343,7.113367915640948,0.6563769214790786,0.05,0.0046136860152827894,131.2753842958157,0,0.06785686271732252
cottonwood,344,7.463887421476289,0.6887206603222055,0.05,0.0046136860152827894,137.7441320644411,0,0.06785686271732252
cottonwood,345,8.205327334219923,0.7571360794541615,0.05,0.0046136860152827894,151.42721589083231,0,0.06785686271732252
cottonwood,346,9.033559933036084,0.8335601826253501,0.05,0.0046136860152827894,166.71203652507003,0,0.06785686271732252
cottonwood,347,10.040483356119278,0.9264727529361424,0.05,0.0046136860152827894,185.29455058722849,0,0.06785686271732252
cottonwood,348,10.983678968477259,0.9890782304456092,0.05,0.0046136860152827894,197.81564608912183,0,0.06785686271732252
cottonwood,349,11.809376429810673,0.9958050056026281,0.05,0.0046136860152827894,199.1610011205256,0,0.06785686271732252
cottonwood,350,12.160831293906659,1.0,0.05,0.0046136860152827894,200.0,0,0.06785686271732252
cottonwood,351,11.726497329003228,1.0,0.05,0.0046136860152827894,200.0,0,0.06785686271732252
cottonwood,352,11.04615465192814,0.9730113835888742,0.05,0.0046136860152827894,194.60227671777483,0,0.06785686271732252
cottonwood,353,9.998483897774692,0.9057246960981098,0.05,0.0046136860152827894,181.14493921962196,0,0.06785686271732252
cottonwood,354,9.03163322819709,0.8333823984019254,0.05,0.0046136860152827894,166.67647968038509,0,0.06785686271732252
cottonwood,355,8.173759317821713,0.7542231811384285,0.05,0.0046136860152827894,150.8446362276857,0,0.06785686271732252
cottonwood,356,7.385961100621136,0.6815301087871682,0.05,0.0046136860152827894,136.30602175743365,0,0.06785686271732252
cottonwood,357,6.6836210458288665,0.6167225790118074,0.05,0.0046136860152827894,123.34451580236147,0,0.06785686271732252
cottonwood,358,6.041986330705151,0.5575165567700825,0.05,0.0046136860152827894,111.5033113540165,0,0.06785686271732252
cottonwood,359,5.467373117758877,0.5044948578747438,0.05,0.0046136860152827894,100.89897157494876,0,0.06785686271732252
cottonwood,360,5.145532306488485,0.4747974088726343,0.05,0.0046136860152827894,94.95948177452685,0,0.06785686271732252
cottonwood,361,5.076463896894021,0.4684242097637583,0.05,0.0046136860152827894,93.68484195275167,0,0.06785686271732252
cottonwood,362,5.9843625013361565,0.5521993916559472,0.05,0.0046136860152827894,110.43987833118945,0,0.06785686271732252
cottonwood,363,7.777157930010418,0.7176272956066941,0.05,0.0046136860152827894,143.52545912133883,1,0.06785686271732252
cottonwood,364,9.01615575660586,0.8319542345172775,0.05,0.0046136860152827894,166.3908469034555,1,0.06785686271732252
cottonwood,365,9.801039549496505,0.904378382094911,0.05,0.0046136860152827894,180.87567641898218,1,0.06785686271732252
cottonwood,366,9.80839387621821,0.9050569931818662,0.05,0.0046136860152827894,181.01139863637323,0,0.06785686271732252
cottonwood,367,9.239111517503392,0.8525271920388712,0.05,0.0046136860152827894,170.50543840777422,0,0.06785686271732252
cottonwood,368,8.6045653827163,0.793975259476492,0.05,0.0046136860152827894,158.7950518952984,0,0.06785686271732252
cottonwood,369,7.926310480467883,0.7313901563304817,0.05,0.0046136860152827894,146.27803126609632,0,0.06785686271732252
cottonwood,370,8.87798281028517,0.8000760902064011,0.05,0.0046136860152827894,160.01521804128024,1,0.06785686271732252
cottonwood,371,10.813355716283166,0.9479872755008486,0.05,0.0046136860152827894,189.59745510016973,1,0.06785686271732252
cottonwood,372,11.016674001314293,0.9758489525817837,0.05,0.0046136860152827894,195.16979051635676,1,0.06785686271732252
cottonwood,373,10.280572830905621,0.9385990319875839,0.05,0.0046136860152827894,187.71980639751678,0,0.06785686271732252
cottonwood,374,9.418492774417459,0.8690793679674366,0.05,0.0046136860152827894,173.8158735934873,0,0.06785686271732252
cottonwood,375,8.495222973262106,0.783885828568969,0.05,0.0046136860152827894,156.7771657137938,0,0.06785686271732252
cottonwood,376,7.692415621844472,0.7098078075649341,0.05,0.0046136860152827894,141.96156151298683,1,0.06785686271732252
cottonwood,377,6.94177704787232,0.6405435937395914,0.05,0.0046136860152827894,128.10871874791826,1,0.06785686271732252
cottonwood,378,6.278457801638302,0.5793366591392352,0.05,0.0046136860152827894,115.86733182784702,1,0.06785686271732252
cottonwood,379,5.64867183335696,0.521223964849616,0.05,0.0046136860152827894,104.2447929699232,1,0.06785686271732252
cottonwood,380,5.100727763103854,0.47066312696793833,0.05,0.0046136860152827894,94.13262539358766,1,0.06785686271732252
cottonwood,381,4.580465511301442,0.4226565934595319,0.05,0.0046136860152827894,84.53131869190638,0,0.06785686271732252
cottonwood,382,4.139964964856556,0.38200996924238795,0.05,0.0046136860152827894,76.40199384847759,0,0.06785686271732252
cottonwood,383,3.7230239256880786,0.3435372684102064,0.05,0.0046136860152827894,68.70745368204128,0,0.06785686271732252
cottonwood,384,3.366258159265692,0.31061716386471416,0.05,0.0046136860152827894,62.123432772942834,0,0.06785686271732252
cottonwood,385,3.024847462440583,0.279113928716515,0.05,0.0046136860152827894,55.82278574330301,0,0.06785686271732252
cottonwood,386,2.7269674530687933,0.25162743204709637,0.05,0.0046136860152827894,50.32548640941927,0,0.06785686271732252
cottonwood,387,2.4385506366216427,0.22501413939480433,0.05,0.0046136860152827894,45.002827878960865,0,0.06785686271732252
cottonwood,388,2.189297722128584,0.20201464567750227,0.05,0.0046136860152827894,40.40292913550046,0,0.06785686271732252
cottonwood,389,1.9471655170817275,0.17967220631201694,0.05,0.0046136860152827894,35.93444126240339,0,0.06785686271732252
cottonwood,390,1.7432402193922267,0.16085526042976836,0.05,0.0046136860152827894,32.17105208595367,0,0.06785686271732252
cottonwood,391,1.5449796682194363,0.14256102178320512,0.05,0.0046136860152827894,28.512204356641025,0,0.06785686271732252
cottonwood,392,1.3938168727419002,0.1286126682726899,0.05,0.0046136860152827894,25.722533654537983,0,0.06785686271732252
cottonwood,393,1.2481439997073744,0.1151708903301808,0.05,0.0046136860152827894,23.03417806603616,0,0.06785686271732252
cottonwood,394,1.1363257232003774,0.10485300195871367,0.05,0.0046136860152827894,20.97060039174273,0,0.06785686271732252
cottonwood,395,1.0274381431092097,0.09480553984862156,0.05,0.0046136860152827894,18.96110796972431,0,0.06785686271732252
cottonwood,396,0.937204028833829,0.08647930242594651,0.05,0.0046136860152827894,17.2958604851893,0,0.06785686271732252
cottonwood,397,0.8480544183849481,0.0782531362060283,0.05,0.0046136860152827894,15.650627241205662,0,0.06785686271732252
cottonwood,398,0.7745765365365046,0.07147305868769299,0.05,0.0046136860152827894,14.294611737538599,0,0.06785686271732252
cottonwood,399,0.7015870088370836,0.06473804342351472,0.05,0.0046136860152827894,12.947608684702944,0,0.06785686271732252
cottonwood,400,0.6417496862936847,0.05921663105930581,0.05,0.0046136860152827894,11.843326211861163,0,0.06785686271732252
cottonwood,401,0.582077618270355,0.05371046734446101,0.05,0.0046136860152827894,10.742093468892202,0,0.06785686271732252
cottonwood,402,0.5271276608094527,0.04864003033890603,0.05,0.0046136860152827894,9.728006067781205,0,0.06785686271732252
cottonwood,403,0.4713965265797049,0.04349751124667332,0.05,0.0046136860152827894,8.699502249334664,0,0.06785686271732252
cottonwood,404,0.39867479762754865,0.03678720676919835,0.05,0.0046136860152827894,7.357441353839669,0,0.06785686271732252
cottonwood,405,0.3275618019250979,0.030225346093653103,0.05,0.0046136860152827894,6.045069218730621,0,0.06785686271732252
cottonwood,406,0.2782632290886679,0.025676383372276367,0.05,0.0046136860152827894,5.135276674455273,0,0.06785686271732252
cottonwood,407,0.23149688274224056,0.0213610786097887,0.05,0.0046136860152827894,4.27221572195774,0,0.06785686271732252
cottonwood,408,0.2093080287987581,0.019313630507104752,0.05,0.0046136860152827894,3.8627261014209506,0,0.06785686271732252
cottonwood,409,0.18797027071787037,0.01734471618599917,0.05,0.0046136860152827894,3.4689432371998343,0,0.06785686271732252
cottonwood,410,0.17298604221589114,0.015962065676211504,0.05,0.0046136860152827894,3.192413135242301,0,0.06785686271732252
cottonwood,411,0.15305420049182547,0.014122880487788468,0.05,0.0046136860152827894,2.824576097557694,0,0.06785686271732252
cottonwood,412,0.10343667943522458,0.00954448722755169,0.05,0.0046136860152827894,1.908897445510338,0,0.06785686271732252
cottonwood,413,0.1360472100605133,0.012553582209488604,0.05,0.0046136860152827894,2.510716441897721,0,0.06785686271732252
cottonwood,414,0.5771019974009788,0.053251348296013225,0.05,0.0046136860152827894,10.650269659202644,0,0.06785686271732252
cottonwood,415,0.917749477070491,0.08468415855786435,0.05,0.0046136860152827894,16.936831711572868,0,0.06785686271732252
cottonwood,416,0.8366862645217819,0.07720415435606684,0.05,0.0046136860152827894,15.440830871213368,0,0.06785686271732252
cottonwood,417,0.7588121924451894,0.07001842401020886,0.05,0.0046136860152827894,14.003684802041771,0,0.06785686271732252
cottonwood,418,0.6924432473882641,0.06389431453704471,0.05,0.0046136860152827894,12.778862907408941,0,0.06785686271732252
cottonwood,419,0.6289828108057127,0.058038583961351545,0.05,0.0046136860152827894,11.60771679227031,0,0.06785686271732252
cottonwood,420,0.574644514438265,0.05302458720045585,0.05,0.0046136860152827894,10.604917440091171,0,0.06785686271732252
cottonwood,421,0.5229310439498575,0.048252792888573745,0.05,0.0046136860152827894,9.65055857771475,0,0.06785686271732252
cottonwood,422,0.47844260964396257,0.04414767954459506,0.05,0.0046136860152827894,8.829535908919011,0,0.06785686271732252
cottonwood,423,0.43630259514091674,0.04025926363266473,0.05,0.0046136860152827894,8.051852726532946,0,0.06785686271732252
cottonwood,424,0.3998785458183911,0.036898281093078585,0.05,0.0046136860152827894,7.379656218615717,0,0.06785686271732252
cottonwood,425,0.3655404701192516,0.03372977910018175,0.05,0.0046136860152827894,6.74595582003635,0,0.06785686271732252
cottonwood,426,0.33571898078727064,0.03097803933446444,0.05,0.0046136860152827894,6.195607866892888,0,0.06785686271732252
cottonwood,427,0.3077390000960844,0.02839622242200827,0.05,0.0046136860152827894,5.6792444844016545,0,0.06785686271732252
cottonwood,428,0.2833232296774046,0.026143288451347904,0.05,0.0046136860152827894,5.228657690269581,0,0.06785686271732252
cottonwood,429,0.26052458883602264,0.02403957304300113,0.05,0.0046136860152827894,4.807914608600226,0,0.06785686271732252
cottonwood,430,0.2405346467341586,0.02219502671656747,0.05,0.0046136860152827894,4.439005343313494,0,0.06785686271732252
cottonwood,431,0.22195829190871122,0.02048091734710552,0.05,0.0046136860152827894,4.096183469421104,0,0.06785686271732252
cottonwood,432,0.20559191155766615,0.01897073054417721,0.05,0.0046136860152827894,3.7941461088354416,0,0.06785686271732252
cottonwood,433,0.1904562315846486,0.017574105043711073,0.05,0.0046136860152827894,3.5148210087422145,0,0.06785686271732252
cottonwood,434,0.17705657267467684,0.016337668665261148,0.05,0.0046136860152827894,3.2675337330522294,0,0.06785686271732252
cottonwood,435,0.16472458237113238,0.015199750041179827,0.05,0.0046136860152827894,3.0399500082359654,0,0.06785686271732252
cottonwood,436,0.15375386954078307,0.014187441553918507,0.05,0.0046136860152827894,2.8374883107837015,0,0.06785686271732252
cottonwood,437,0.15668318235487233,0.014457740145213551,0.05,0.0046136860152827894,2.8915480290427102,0,0.06785686271732252
cottonwood,438,0.17565098629716394,0.016207969980997085,0.05,0.0046136860152827894,3.241593996199417,0,0.06785686271732252
cottonwood,439,0.17926964316478639,0.016541876912682215,0.05,0.0046136860152827894,3.308375382536443,0,0.06785686271732252
cottonwood,440,0.16684930365100853,0.015395805978286593,0.05,0.0046136860152827894,3.0791611956573184,0,0.06785686271732252
cottonwood,441,0.2513113275215709,0.02318943114536849,0.05,0.0046136860152827894,4.637886229073699,0,0.06785686271732252
cottonwood,442,0.42747483972920985,0.03944469379887814,0.05,0.0046136860152827894,7.888938759775628,0,0.06785686271732252
cottonwood,443,1.978010847936641,0.18251841974405866,0.05,0.0046136860152827894,36.503683948811734,0,0.06785686271732252
cottonwood,444,4.70658042414449,0.43429368565358356,0.05,0.0046136860152827894,86.85873713071672,0,0.06785686271732252
cottonwood,445,5.596188900727317,0.5163811694033278,0.05,0.0046136860152827894,103.27623388066556,0,0.06785686271732252
cottonwood,446,5.059481207357214,0.46685715381940124,0.05,0.0046136860152827894,93.37143076388024,0,0.06785686271732252
cottonwood,447,4.579970657587144,0.42261093146630657,0.05,0.0046136860152827894,84.52218629326131,0,0.06785686271732252
cottonwood,448,4.140551563611493,0.3820640968918326,0.05,0.0046136860152827894,76.41281937836652,0,0.06785686271732252
cottonwood,449,3.767426903729083,0.34763449638670024,0.05,0.0046136860152827894,69.52689927734005,0,0.06785686271732252
cottonwood,450,3.4362193523989055,0.31707274343213826,0.05,0.0046136860152827894,63.41454868642765,1,0.06785686271732252
cottonwood,451,4.467078564682135,0.41219395806086956,0.05,0.0046136860152827894,82.43879161217392,1,0.06785686271732252
cottonwood,452,6.272906797642033,0.5788244473490679,0.05,0.0046136860152827894,115.76488946981358,1,0.06785686271732252
cottonwood,453,7.160649484040823,0.6607397676972213,0.05,0.0046136860152827894,132.14795353944427,1,0.06785686271732252
cottonwood,454,7.579825688169607,0.6994187155157872,0.05,0.0046136860152827894,139.88374310315743,0,0.06785686271732252
cottonwood,455,7.908303558051578,0.7297285906078739,0.05,0.0046136860152827894,145.94571812157477,0,0.06785686271732252
cottonwood,456,8.195422987517004,0.756222168536686,0.05,0.0046136860152827894,151.2444337073372,0,0.06785686271732252
cottonwood,457,7.840400946497085,0.723462964021271,0.05,0.0046136860152827894,144.6925928042542,0,0.06785686271732252
cottonwood,458,7.2250512823073905,0.6666823612176519,0.05,0.0046136860152827894,133.33647224353038,0,0.06785686271732252
cottonwood,459,7.68645350820644,0.7092576611586677,0.05,0.0046136860152827894,141.85153223173356,0,0.06785686271732252
cottonwood,460,8.533557903689607,0.7874231352171731,0.05,0.0046136860152827894,157.4846270434346,0,0.06785686271732252
cottonwood,461,8.12943398155549,0.750133117457345,0.05,0.0046136860152827894,150.026623491469,0,0.06785686271732252
cottonwood,462,7.332324992155183,0.6765809055162972,0.05,0.0046136860152827894,135.31618110325945,0,0.06785686271732252
cottonwood,463,6.648744917644656,0.6135044289143934,0.05,0.0046136860152827894,122.70088578287867,0,0.06785686271732252
cottonwood,464,5.996127274467715,0.553284971041348,0.05,0.0046136860152827894,110.6569942082696,0,0.06785686271732252
cottonwood,465,5.614669627270885,0.5180864547954543,0.05,0.0046136860152827894,103.61729095909087,0,0.06785686271732252
cottonwood,466,5.296635843540617,0.48874029438777816,0.05,0.0046136860152827894,97.74805887755564,0,0.06785686271732252
cottonwood,467,5.066437880347914,0.467499071917203,0.05,0.0046136860152827894,93.49981438344061,0,0.06785686271732252
cottonwood,468,4.853575934366582,0.4478575082500039,0.05,0.0046136860152827894,89.57150165000078,0,0.06785686271732252
cottonwood,469,6.407016019927772,0.5911992042166712,0.05,0.0046136860152827894,118.23984084333424,0,0.06785686271732252
cottonwood,470,8.248256117018261,0.7610972779511576,0.05,0.0046136860152827894,152.21945559023152,0,0.06785686271732252
cottonwood,471,8.159657987365584,0.7529219989159821,0.05,0.0046136860152827894,150.58439978319643,0,0.06785686271732252
cottonwood,472,7.819341828137712,0.7215197608238945,0.05,0.0046136860152827894,144.3039521647789,0,0.06785686271732252
cottonwood,473,7.142716703506183,0.6590850433218652,0.05,0.0046136860152827894,131.81700866437305,0,0.06785686271732252
cottonwood,474,6.432562286251327,0.5935564532502646,0.05,0.0046136860152827894,118.71129065005293,0,0.06785686271732252
cottonwood,475,5.842649388723924,0.5391229955391221,0.05,0.0046136860152827894,107.82459910782443,0,0.06785686271732252
cottonwood,476,5.261224127883177,0.4854727236416601,0.05,0.0046136860152827894,97.09454472833202,0,0.06785686271732252
cottonwood,477,4.959504097568618,0.45763189395380044,0.05,0.0046136860152827894,91.52637879076009,0,0.06785686271732252
cottonwood,478,4.6698057820331496,0.43090035261306103,0.05,0.0046136860152827894,86.18007052261221,0,0.06785686271732252
cottonwood,479,4.2480820283668015,0.39198633292100116,0.05,0.0046136860152827894,78.39726658420022,0,0.06785686271732252
cottonwood,480,3.824782363649394,0.3529268980533893,0.05,0.0046136860152827894,70.58537961067786,0,0.06785686271732252
cottonwood,481,3.478111662225851,0.32093830271206775,0.05,0.0046136860152827894,64.18766054241355,0,0.06785686271732252
cottonwood,482,3.1334205182122274,0.2891323684975181,0.05,0.0046136860152827894,57.82647369950362,0,0.06785686271732252
cottonwood,483,2.8467963915554835,0.26268449400154087,0.05,0.0046136860152827894,52.53689880030817,0,0.06785686271732252
cottonwood,484,2.560933946680466,0.23630690271725255,0.05,0.0046136860152827894,47.26138054345051,0,0.06785686271732252
cottonwood,485,2.2875123042403227,0.21107727055721773,0.05,0.0046136860152827894,42.21545411144355,0,0.06785686271732252
cottonwood,486,2.0215997897781683,0.18654053357196324,0.05,0.0046136860152827894,37.30810671439265,0,0.06785686271732252
cottonwood,487,1.8392889001376769,0.16971802953260126,0.05,0.0046136860152827894,33.943605906520254,0,0.06785686271732252
cottonwood,488,1.6605187988190568,0.15322224720451313,0.05,0.0046136860152827894,30.644449440902626,0,0.06785686271732252
cottonwood,489,1.5112552668493802,0.1394491458037089,0.05,0.0046136860152827894,27.88982916074178,0,0.06785686271732252
cottonwood,490,1.3655032037239994,0.12600006069690523,0.05,0.0046136860152827894,25.200012139381045,0,0.06785686271732252
cottonwood,491,1.242868310490243,0.11468408285893962,0.05,0.0046136860152827894,22.936816571787926,0,0.06785686271732252
cottonwood,492,1.118837254099046,0.1032392758522833,0.05,0.0046136860152827894,20.647855170456662,0,0.06785686271732252
cottonwood,493,0.9872865119300527,0.09110059946338017,0.05,0.0046136860152827894,18.220119892676035,0,0.06785686271732252
cottonwood,494,0.8629397571597881,0.07962666179279282,0.05,0.0046136860152827894,15.925332358558563,0,0.06785686271732252
cottonwood,495,0.7711200970080819,0.07115412015339391,0.05,0.0046136860152827894,14.230824030678782,0,0.06785686271732252
cottonwood,496,0.682882380760233,0.06301209780393008,0.05,0.0046136860152827894,12.602419560786016,0,0.06785686271732252
cottonwood,497,0.6084470883552536,0.056143676451683305,0.05,0.0046136860152827894,11.228735290336662,0,0.06785686271732252
cottonwood,498,0.5400916364654053,0.04983626460263273,0.05,0.0046136860152827894,9.967252920526546,0,0.06785686271732252
cottonwood,499,0.4920023196260027,0.04539888443090363,0.05,0.0046136860152827894,9.079776886180726,0,0.06785686271732252
cottonwood,500,0.4409644526626524,0.04068943056973018,0.05,0.0046136860152827894,8.137886113946035,0,0.06785686271732252
cottonwood,501,0.38133457404779464,0.03518715982856259,0.05,0.0046136860152827894,7.037431965712518,0,0.06785686271732252
cottonwood,502,0.33099744490809463,0.030542365653336234,0.05,0.0046136860152827894,6.108473130667247,0,0.06785686271732252
cottonwood,503,0.3045299271653793,0.02810010932395994,0.05,0.0046136860152827894,5.620021864791988,0,0.06785686271732252
cottonwood,504,0.27952545864797124,0.025792853989593054,0.05,0.0046136860152827894,5.158570797918611,0,0.06785686271732252
cottonwood,505,0.2578556879143731,0.02379330362583333,0.05,0.0046136860152827894,4.758660725166666,0,0.06785686271732252
cottonwood,506,0.23641166039789313,0.02181458342855087,0.05,0.0046136860152827894,4.362916685710174,0,0.06785686271732252
cottonwood,507,0.21542664408955878,0.019878217903106,0.05,0.0046136860152827894,3.9756435806212,0,0.06785686271732252
cottonwood,508,0.1955371769032507,0.01804294277092809,0.05,0.0046136860152827894,3.6085885541856184,0,0.06785686271732252
cottonwood,509,0.17764347749737838,0.01639182455671715,0.05,0.0046136860152827894,3.2783649113434303,0,0.06785686271732252
cottonwood,510,0.1495209988200639,0.013796858824944865,0.05,0.0046136860152827894,2.759371764988973,0,0.06785686271732252
cottonwood,511,0.10464704104603735,0.00965617179629653,0.05,0.0046136860152827894,1.931234359259306,0,0.06785686271732252
cottonwood,512,0.07424815556585872,0.006851153539894867,0.05,0.0046136860152827894,1.3702307079789735,0,0.06785686271732252
cottonwood,513,0.06521723394803054,0.00601783680442909,0.05,0.0046136860152827894,1.203567360885818,0,0.06785686271732252
cottonwood,514,0.05966118075206285,0.005505159105821022,0.05,0.0046136860152827894,1.1010318211642045,0,0.06785686271732252
cottonwood,515,0.05873828545191001,0.005420000123023314,0.05,0.0046136860152827894,1.0840000246046628,0,0.06785686271732252
cottonwood,516,0.05789122330683323,0.0053418385475669915,0.05,0.0046136860152827894,1.0683677095133983,0,0.06785686271732252
cottonwood,517,0.057135620542727,0.005272116269449672,0.05,0.0046136860152827894,1.0544232538899345,0,0.06785686271732252
cottonwood,518,0.05510982032830658,0.005085188147069104,0.05,0.0046136860152827894,1.0170376294138208,0,0.06785686271732252
cottonwood,519,0.05169702289802481,0.004770276631527424,0.05,0.0046136860152827894,0.9540553263054847,0,0.06785686271732252
cottonwood,520,0.05,0.0046136860152827894,0.05,0.0046136860152827894,0.9227372030565579,0,0.06785686271732252
cottonwood,521,0.05,0.0046136860152827894,0.05,0.0046136860152827894,0.9227372030565579,0,0.06785686271732252
cottonwood,522,0.05,0.0046136860152827894,0.05,0.0046136860152827894,0.9227372030565579,0,0.06785686271732252
cottonwood,523,0.05,0.0046136860152827894,0.05,0.0046136860152827894,0.9227372030565579,0,0.06785686271732252
cottonwood,524,0.05,0.0046136860152827894,0.05,0.0046136860152827894,0.9227372030565579,0,0.06785686271732252
cottonwood,525,0.05,0.0046136860152827894,0.05,0.0046136860152827894,0.9227372030565579,0,0.06785686271732252
cottonwood,526,0.05,0.0046136860152827894,0.05,0.0046136860152827894,0.9227372030565579,0,0.06785686271732252
cottonwood,527,0.05,0.0046136860152827894,0.05,0.0046136860152827894,0.9227372030565579,0,0.06785686271732252
cottonwood,528,0.05,0.0046136860152827894,0.05,0.0046136860152827894,0.9227372030565579,0,0.06785686271732252
cottonwood,529,0.05,0.0046136860152827894,0.05,0.0046136860152827894,0.9227372030565579,0,0.06785686271732252
cottonwood,530,0.05,0.0046136860152827894,0.05,0.0046136860152827894,0.9227372030565579,0,0.06785686271732252
cottonwood,531,0.05,0.0046136860152827894,0.05,0.0046136860152827894,0.9227372030565579,0,0.06785686271732252
cottonwood,532,0.05,0.0046136860152827894,0.05,0.0046136860152827894,0.9227372030565579,0,0.06785686271732252
cottonwood,533,0.05,0.0046136860152827894,0.05,0.0046136860152827894,0.9227372030565579,0,0.06785686271732252
cottonwood,534,0.05,0.0046136860152827894,0.05,0.0046136860152827894,0.9227372030565579,0,0.06785686271732252
cottonwood,535,0.05,0.0046136860152827894,0.05,0.0046136860152827894,0.9227372030565579,0,0.06785686271732252
cottonwood,536,0.05,0.0046136860152827894,0.05,0.0046136860152827894,0.9227372030565579,0,0.06785686271732252
cottonwood,537,0.05,0.0046136860152827894,0.05,0.0046136860152827894,0.9227372030565579,0,0.06785686271732252
cottonwood,538,0.2539598030527395,0.023433815835767917,0.05,0.0046136860152827894,4.686763167153583,0,0.06785686271732252
cottonwood,539,0.5351771072618331,0.04938278270946834,0.05,0.0046136860152827894,9.876556541893668,0,0.06785686271732252
cottonwood,540,0.5672493965975779,0.05234221216519692,0.05,0.0046136860152827894,10.468442433039383,0,0.06785686271732252
cottonwood,541,0.5162733476421534,0.04763846248159666,0.05,0.0046136860152827894,9.527692496319332,0,0.06785686271732252
cottonwood,542,0.47245606237208243,0.043595278556033,0.05,0.0046136860152827894,8.7190557112066,0,0.06785686271732252
cottonwood,543,0.4307204034218677,0.03974417403528864,0.05,0.0046136860152827894,7.948834807057728,0,0.06785686271732252
cottonwood,544,0.3950329008373101,0.0364511554033938,0.05,0.0046136860152827894,7.290231080678761,0,0.06785686271732252
cottonwood,545,0.3608626333547949,0.033298137698942756,0.05,0.0046136860152827894,6.659627539788551,0,0.06785686271732252
cottonwood,546,0.33179732630113606,0.030616173685275437,0.05,0.0046136860152827894,6.123234737055087,0,0.06785686271732252
cottonwood,547,0.30382107747230036,0.02803470112564202,0.05,0.0046136860152827894,5.606940225128404,0,0.06785686271732252
cottonwood,548,0.280149804382706,0.025850464693293992,0.05,0.0046136860152827894,5.170092938658798,0,0.06785686271732252
cottonwood,549,0.2572447891107763,0.023736933720495183,0.05,0.0046136860152827894,4.747386744099036,0,0.06785686271732252
cottonwood,550,0.23796704858710857,0.021958104883289257,0.05,0.0046136860152827894,4.391620976657851,0,0.06785686271732252
cottonwood,551,0.2192140081842589,0.020227692078276044,0.05,0.0046136860152827894,4.0455384156552086,0,0.06785686271732252
cottonwood,552,0.20351477901822915,0.01877906579719542,0.05,0.0046136860152827894,3.7558131594390836,0,0.06785686271732252
cottonwood,553,0.1881610881267022,0.01736232361821117,0.05,0.0046136860152827894,3.4724647236422337,0,0.06785686271732252
cottonwood,554,0.287175916285029,0.02649879017780518,0.05,0.0046136860152827894,5.2997580355610365,0,0.06785686271732252
cottonwood,555,0.3957214543641876,0.03651469079894837,0.05,0.0046136860152827894,7.302938159789674,0,0.06785686271732252
cottonwood,556,0.37082398282595874,0.03421730847391182,0.05,0.0046136860152827894,6.8434616947823645,0,0.06785686271732252
cottonwood,557,0.33857747597545806,0.031241803319954308,0.05,0.0046136860152827894,6.248360663990861,0,0.06785686271732252
cottonwood,558,1.1184153292596186,0.10320034327765998,0.05,0.0046136860152827894,20.640068655531994,0,0.06785686271732252
cottonwood,559,1.9211934187057853,0.17727566417072427,0.05,0.0046136860152827894,35.455132834144855,0,0.06785686271732252
cottonwood,560,3.0248215631172632,0.2791115388895989,0.05,0.0046136860152827894,55.822307777919775,0,0.06785686271732252
cottonwood,561,4.132249798649815,0.3812980621537154,0.05,0.0046136860152827894,76.25961243074309,0,0.06785686271732252
cottonwood,562,5.371901021726263,0.4956852923884358,0.05,0.0046136860152827894,99.13705847768716,0,0.06785686271732252
cottonwood,563,6.525782288196592,0.6021582096366548,0.05,0.0046136860152827894,120.43164192733096,0,0.06785686271732252
cottonwood,564,5.928947381584803,0.5470860323953063,0.05,0.0046136860152827894,109.41720647906126,0,0.06785686271732252
cottonwood,565,5.339840175977164,0.4927269188750206,0.05,0.0046136860152827894,98.54538377500413,1,0.06785686271732252
cottonwood,566,4.851193083423666,0.44763763372856724,0.05,0.0046136860152827894,89.52752674571344,1,0.06785686271732252
cottonwood,567,4.371062980339177,0.40333424288622344,0.05,0.0046136860152827894,80.66684857724469,1,0.06785686271732252
cottonwood,568,3.9709925782634854,0.3664182585025198,0.05,0.0046136860152827894,73.28365170050397,1,0.06785686271732252
cottonwood,569,3.579688385698754,0.33031116488337126,0.05,0.0046136860152827894,66.06223297667425,1,0.06785686271732252
cottonwood,570,3.252138444123111,0.30008691318828656,0.05,0.0046136860152827894,60.01738263765731,0,0.06785686271732252
cottonwood,571,2.93323372440366,0.2706603882767404,0.05,0.0046136860152827894,54.13207765534808,0,0.06785686271732252
cottonwood,572,2.665058514066786,0.24591486392520523,0.05,0.0046136860152827894,49.182972785041045,0,0.06785686271732252
cottonwood,573,2.405163355768637,0.2219333707796077,0.05,0.0046136860152827894,44.38667415592154,0,0.06785686271732252
cottonwood,574,2.185600063852682,0.20167344899196576,0.05,0.0046136860152827894,40.33468979839315,0,0.06785686271732252
cottonwood,575,1.9737999729064766,0.18212986663928318,0.05,0.0046136860152827894,36.42597332785664,0,0.06785686271732252
cottonwood,576,1.7940367535678456,0.1655424456167861,0.05,0.0046136860152827894,33.108489123357224,0,0.06785686271732252
cottonwood,577,2.1252898964226037,0.1961084054709355,0.05,0.0046136860152827894,39.2216810941871,0,0.06785686271732252
cottonwood,578,4.270651125064617,0.3940688674372467,0.05,0.0046136860152827894,78.81377348744934,0,0.06785686271732252
cottonwood,579,6.158001547863958,0.5682217124693942,0.05,0.0046136860152827894,113.64434249387885,0,0.06785686271732252
cottonwood,580,7.2481275705873065,0.6688116961880854,0.05,0.0046136860152827894,133.76233923761708,0,0.06785686271732252
cottonwood,581,7.847231045116795,0.724093202630966,0.05,0.0046136860152827894,144.8186405261932,0,0.06785686271732252
cottonwood,582,7.113559031691195,0.6563945564680449,0.05,0.0046136860152827894,131.27891129360899,1,0.06785686271732252
cottonwood,583,6.418980871424016,0.5923032455771343,0.05,0.0046136860152827894,118.46064911542686,1,0.06785686271732252
cottonwood,584,5.818301031359812,0.5368762820218038,0.05,0.0046136860152827894,107.37525640436077,1,0.06785686271732252
cottonwood,585,5.252320737287253,0.4846511746680397,0.05,0.0046136860152827894,96.93023493360793,1,0.06785686271732252
cottonwood,586,4.760525679472724,0.4392714150555581,0.05,0.0046136860152827894,87.85428301111162,1,0.06785686271732252
cottonwood,587,4.299344399051734,0.39671650257578756,0.05,0.0046136860152827894,79.34330051515751,1,0.06785686271732252
cottonwood,588,3.8966966610072165,0.3595626978137627,0.05,0.0046136860152827894,71.91253956275254,1,0.06785686271732252
cottonwood,589,3.531293081072547,0.3258455500801857,0.05,0.0046136860152827894,65.16911001603714,0,0.06785686271732252
cottonwood,590,3.229816041177198,0.2980271420223052,0.05,0.0046136860152827894,59.60542840446104,0,0.06785686271732252
cottonwood,591,2.9387361502446447,0.271168117579794,0.05,0.0046136860152827894,54.2336235159588,0,0.06785686271732252
cottonwood,592,2.66372458043642,0.2457917769064905,0.05,0.0046136860152827894,49.1583553812981,0,0.06785686271732252
cottonwood,593,2.4095299702529274,0.22233629454321374,0.05,0.0046136860152827894,44.46725890864275,0,0.06785686271732252
cottonwood,594,2.184369540598663,0.20155990403339485,0.05,0.0046136860152827894,40.311980806678974,0,0.06785686271732252
cottonwood,595,1.9764584280582425,0.18237517218640237,0.05,0.0046136860152827894,36.47503443728047,0,0.06785686271732252
cottonwood,596,1.7902964544874318,0.1651973143055805,0.05,0.0046136860152827894,33.0394628611161,0,0.06785686271732252
cottonwood,597,1.6207429420499306,0.149551980922081,0.05,0.0046136860152827894,29.9103961844162,0,0.06785686271732252
cottonwood,598,1.4701426146704453,0.13565552843552614,0.05,0.0046136860152827894,27.13110568710523,0,0.06785686271732252
cottonwood,599,1.3268523650684023,0.12243360402121962,0.05,0.0046136860152827894,24.486720804243927,0,0.06785686271732252
cottonwood,600,1.191117223783829,0.10990881755867825,0.05,0.0046136860152827894,21.98176351173565,0,0.06785686271732252
cottonwood,601,1.0646264234249765,0.09823704082512695,0.05,0.0046136860152827894,19.64740816502539,0,0.06785686271732252
cottonwood,602,0.9467898996774389,0.08736382639105589,0.05,0.0046136860152827894,17.472765278211178,0,0.06785686271732252
cottonwood,603,0.8882140386341724,0.08195881377248657,0.05,0.0046136860152827894,16.391762754497314,0,0.06785686271732252
cottonwood,604,0.8798743738935241,0.08118928188076505,0.05,0.0046136860152827894,16.237856376153008,0,0.06785686271732252
cottonwood,605,0.9924593167263763,0.0915779134063519,0.05,0.0046136860152827894,18.315582681270378,0,0.06785686271732252
cottonwood,606,1.1977922595428292,0.11052474794133449,0.05,0.0046136860152827894,22.104949588266898,0,0.06785686271732252
cottonwood,607,1.2150721797108008,0.11211923046181796,0.05,0.0046136860152827894,22.423846092363593,0,0.06785686271732252
cottonwood,608,1.102026981857238,0.10168812949318078,0.05,0.0046136860152827894,20.337625898636155,0,0.06785686271732252
cottonwood,609,1.0015920103932523,0.09242062102740645,0.05,0.0046136860152827894,18.48412420548129,0,0.06785686271732252
cottonwood,610,0.909038430422755,0.08388035787592163,0.05,0.0046136860152827894,16.776071575184325,0,0.06785686271732252
cottonwood,611,0.8272240494459294,0.07633104056868566,0.05,0.0046136860152827894,15.26620811373713,0,0.06785686271732252
cottonwood,612,0.7514475872166211,0.06933886448718637,0.05,0.0046136860152827894,13.867772897437275,0,0.06785686271732252
cottonwood,613,0.6848032624124175,0.06318934470024402,0.05,0.0046136860152827894,12.637868940048804,0,0.06785686271732252
cottonwood,614,0.6227627424258306,0.057464635111384256,0.05,0.0046136860152827894,11.49292702227685,0,0.06785686271732252
cottonwood,615,0.5684770455779553,0.05245549190384578,0.05,0.0046136860152827894,10.491098380769156,0,0.06785686271732252
cottonwood,616,0.5176825639279874,0.04776849611100588,0.05,0.0046136860152827894,9.553699222201177,0,0.06785686271732252
cottonwood,617,0.47346485187550713,0.04368836331651929,0.05,0.0046136860152827894,8.737672663303858,0,0.06785686271732252
cottonwood,618,0.4318778476620232,0.039850975721374145,0.05,0.0046136860152827894,7.970195144274829,0,0.06785686271732252
cottonwood,619,0.3704561592489296,0.034183368024043204,0.05,0.0046136860152827894,6.836673604808641,0,0.06785686271732252
cottonwood,620,0.30202965671330073,0.027869400067576343,0.05,0.0046136860152827894,5.573880013515269,0,0.06785686271732252
cottonwood,621,0.2506594046494244,0.02312927579660318,0.05,0.0046136860152827894,4.625855159320636,0,0.06785686271732252
cottonwood,622,0.20456554661637896,0.01887602403265334,0.05,0.0046136860152827894,3.775204806530668,0,0.06785686271732252
cottonwood,623,0.18433663183673163,0.017009426808189218,0.05,0.0046136860152827894,3.4018853616378437,0,0.06785686271732252
cottonwood,624,0.17104709207629032,0.015783151533343365,0.05,0.0046136860152827894,3.156630306668673,0,0.06785686271732252
cottonwood,625,0.1597165070406768,0.014737636298867715,0.05,0.0046136860152827894,2.947527259773543,0,0.06785686271732252
cottonwood,626,0.14883595214455092,0.013733647019612261,0.05,0.0046136860152827894,2.746729403922452,0,0.06785686271732252
cottonwood,627,0.13960801963192768,0.012882151355942995,0.05,0.0046136860152827894,2.576430271188599,0,0.06785686271732252
cottonwood,628,0.13069977472791655,0.012060154457255988,0.05,0.0046136860152827894,2.412030891451198,0,0.06785686271732252
cottonwood,629,0.1231845087397735,0.011366692905443471,0.05,0.0046136860152827894,2.2733385810886944,0,0.06785686271732252
cottonwood,630,0.11589105468090909,0.010693698765553665,0.05,0.0046136860152827894,2.138739753110733,0,0.06785686271732252
cottonwood,631,0.10939574595185685,0.010094352464590214,0.05,0.0046136860152827894,2.018870492918043,0,0.06785686271732252
cottonwood,632,0.10300174978788983,0.009504354650920886,0.05,0.0046136860152827894,1.9008709301841773,0,0.06785686271732252
cottonwood,633,0.09805036285073658,0.009047471757556928,0.05,0.0046136860152827894,1.8094943515113857,0,0.06785686271732252
cottonwood,634,0.09323802258604742,0.008603419217957356,0.05,0.0046136860152827894,1.7206838435914713,0,0.06785686271732252
cottonwood,635,0.08924289190882533,0.008234773647262819,0.05,0.0046136860152827894,1.6469547294525637,0,0.06785686271732252
cottonwood,636,0.08530288093984886,0.00787121417711027,0.05,0.0046136860152827894,1.5742428354220541,0,0.06785686271732252
cottonwood,637,0.08204960345280587,0.007571022160194178,0.05,0.0046136860152827894,1.5142044320388357,0,0.06785686271732252
cottonwood,638,0.07882379530504029,0.0072733648414075504,0.05,0.0046136860152827894,1.45467296828151,0,0.06785686271732252
cottonwood,639,0.07617469483063749,0.007028922485170927,0.05,0.0046136860152827894,1.4057844970341853,0,0.06785686271732252
cottonwood,640,0.07353888742475193,0.006785706729820667,0.05,0.0046136860152827894,1.3571413459641335,0,0.06785686271732252
cottonwood,641,0.07137656355863956,0.00658618106218877,0.05,0.0046136860152827894,1.317236212437754,0,0.06785686271732252
cottonwood,642,0.06922823836462756,0.006387947104110913,0.05,0.0046136860152827894,1.2775894208221827,0,0.06785686271732252
cottonwood,643,0.06745787731732689,0.006224589303992263,0.05,0.0046136860152827894,1.2449178607984526,0,0.06785686271732252
cottonwood,644,0.06562247308319083,0.006055229727043776,0.05,0.0046136860152827894,1.2110459454087552,0,0.06785686271732252
cottonwood,645,0.06277594294461594,0.005792569801195297,0.05,0.0046136860152827894,1.1585139602390593,0,0.06785686271732252
cottonwood,646,0.05973327386418108,0.0055118114054845836,0.05,0.0046136860152827894,1.1023622810969167,0,0.06785686271732252
cottonwood,647,0.054583692924410954,0.005036640414156898,0.05,0.0046136860152827894,1.0073280828313798,0,0.06785686271732252
cottonwood,648,0.05,0.0046136860152827894,0.05,0.0046136860152827894,0.9227372030565579,0,0.06785686271732252
cottonwood,649,0.05,0.0046136860152827894,0.05,0.0046136860152827894,0.9227372030565579,0,0.06785686271732252
cottonwood,650,0.12274131250886108,0.011325797540391737,0.05,0.0046136860152827894,2.2651595080783475,0,0.06785686271732252
cottonwood,651,0.6631053482894527,0.061187197441245414,0.05,0.0046136860152827894,12.237439488249082,0,0.06785686271732252
cottonwood,652,1.1655939975787803,0.1075536945225356,0.05,0.0046136860152827894,21.51073890450712,0,0.06785686271732252
cottonwood,653,1.4682573319312526,0.13548156638335282,0.05,0.0046136860152827894,27.096313276670564,0,0.06785686271732252
cottonwood,654,1.7213800849717449,0.15883814450040878,0.05,0.0046136860152827894,31.767628900081757,0,0.06785686271732252
cottonwood,655,1.7548975745843136,0.16193092796226669,0.05,0.0046136860152827894,32.38618559245334,0,0.06785686271732252
cottonwood,656,1.7482419410275718,0.16131678789299495,0.05,0.0046136860152827894,32.26335757859899,0,0.06785686271732252
cottonwood,657,1.589351314408115,0.1466553586531208,0.05,0.0046136860152827894,29.33107173062416,0,0.06785686271732252
cottonwood,658,1.4371864258644078,0.13261453828729747,0.05,0.0046136860152827894,26.522907657459495,0,0.06785686271732252
cottonwood,659,1.3070977834752275,0.12061077528453577,0.05,0.0046136860152827894,24.122155056907154,0,0.06785686271732252
cottonwood,660,1.183098758125786,0.10916892390126746,0.05,0.0046136860152827894,21.83378478025349,0,0.06785686271732252
cottonwood,661,1.0765911859755999,0.09934107397824676,0.05,0.0046136860152827894,19.86821479564935,0,0.06785686271732252
cottonwood,662,0.9755467302586576,0.0900173261329844,0.05,0.0046136860152827894,18.00346522659688,0,0.06785686271732252
cottonwood,663,0.8883457055036285,0.08197096316437227,0.05,0.0046136860152827894,16.394192632874454,0,0.06785686271732252
cottonwood,664,0.8060083312372666,0.0743733873206159,0.05,0.0046136860152827894,14.87467746412318,0,0.06785686271732252
cottonwood,665,0.7346141705704098,0.06778558250778531,0.05,0.0046136860152827894,13.557116501557061,0,0.06785686271732252
cottonwood,666,0.6675220138991123,0.06159473960839477,0.05,0.0046136860152827894,12.318947921678953,0,0.06785686271732252
cottonwood,667,0.6090694189709662,0.056201101212855216,0.05,0.0046136860152827894,11.240220242571043,0,0.06785686271732252
cottonwood,668,0.554400987565413,0.051156641663790275,0.05,0.0046136860152827894,10.231328332758055,0,0.06785686271732252
cottonwood,669,0.5065440505005259,0.0467407040383795,0.05,0.0046136860152827894,9.3481408076759,0,0.06785686271732252
cottonwood,670,0.4619998160205405,0.042630441804743784,0.05,0.0046136860152827894,8.526088360948757,0,0.06785686271732252
cottonwood,671,0.42281786989740466,0.03901497786714628,0.05,0.0046136860152827894,7.802995573429255,0,0.06785686271732252
cottonwood,672,0.38652374607170886,0.03566598403651518,0.05,0.0046136860152827894,7.133196807303036,0,0.06785686271732252
cottonwood,673,0.3544442818152516,0.03270589252415956,0.05,0.0046136860152827894,6.541178504831913,0,0.06785686271732252
cottonwood,674,0.3369282429071345,0.031089622449088982,0.05,0.0046136860152827894,6.217924489817796,0,0.06785686271732252
cottonwood,675,0.3386136628977929,0.031245142421904553,0.05,0.0046136860152827894,6.2490284843809105,0,0.06785686271732252
cottonwood,676,0.32741338819192917,0.030211651406349176,0.05,0.0046136860152827894,6.042330281269835,0,0.06785686271732252
cottonwood,677,0.30084342945044773,0.027759942464904905,0.05,0.0046136860152827894,5.551988492980981,0,0.06785686271732252
cottonwood,678,0.2765890074454165,0.025521896712637306,0.05,0.0046136860152827894,5.104379342527461,0,0.06785686271732252
cottonwood,679,0.25483536511575255,0.02351460720468062,0.05,0.0046136860152827894,4.702921440936124,0,0.06785686271732252
cottonwood,680,0.23507502226623994,0.02169124685544083,0.05,0.0046136860152827894,4.338249371088166,0,0.06785686271732252
cottonwood,681,0.21726464629948367,0.02004781720494579,0.05,0.0046136860152827894,4.009563440989158,0,0.06785686271732252
cottonwood,682,0.2011660708099432,0.018562341752904443,0.05,0.0046136860152827894,3.7124683505808886,0,0.06785686271732252
cottonwood,683,0.18658416828208002,0.017216815357524062,0.05,0.0046136860152827894,3.4433630715048125,0,0.06785686271732252
cottonwood,684,0.17346912454257668,0.01600664147970869,0.05,0.0046136860152827894,3.2013282959417384,0,0.06785686271732252
cottonwood,685,0.16153047250462957,0.01490501764073261,0.05,0.0046136860152827894,2.981003528146522,0,0.06785686271732252
cottonwood,686,0.1508462910928981,0.013919148473451614,0.05,0.0046136860152827894,2.783829694690323,0,0.06785686271732252
cottonwood,687,0.14107174951913362,0.013017215158158067,0.05,0.0046136860152827894,2.6034430316316133,0,0.06785686271732252
cottonwood,688,0.1323680904558595,0.012214096156117727,0.05,0.0046136860152827894,2.4428192312235453,0,0.06785686271732252
cottonwood,689,0.12436537267217931,0.011475655613661321,0.05,0.0046136860152827894,2.2951311227322644,0,0.06785686271732252
cottonwood,690,0.11727528696912748,0.010821427028554787,0.05,0.0046136860152827894,2.1642854057109573,0,0.06785686271732252
cottonwood,691,0.11072321581142441,0.010216843047126141,0.05,0.0046136860152827894,2.043368609425228,0,0.06785686271732252
cottonwood,692,0.09964954911966098,0.009195034624052304,0.05,0.0046136860152827894,1.8390069248104608,0,0.06785686271732252
cottonwood,693,0.08618209655692355,0.007952342673048583,0.05,0.0046136860152827894,1.5904685346097167,0,0.06785686271732252
cottonwood,694,0.07579322528673471,0.0069937228711717155,0.05,0.0046136860152827894,1.3987445742343432,0,0.06785686271732252
cottonwood,695,0.06686262936564998,0.006169663560986713,0.05,0.0046136860152827894,1.2339327121973427,0,0.06785686271732252
cottonwood,696,0.061330453797202276,0.005659189139901988,0.05,0.0046136860152827894,1.1318378279803976,0,0.06785686271732252
cottonwood,697,0.05723198681502395,0.005281008343906499,0.05,0.0046136860152827894,1.0562016687812998,0,0.06785686271732252
cottonwood,698,0.0557085978051026,0.005140439572488307,0.05,0.0046136860152827894,1.0280879144976613,0,0.06785686271732252
cottonwood,699,0.05514721905651547,0.005088639066855639,0.05,0.0046136860152827894,1.0177278133711278,0,0.06785686271732252
cottonwood,700,0.054662440397545,0.005043906736467647,0.05,0.0046136860152827894,1.0087813472935294,0,0.06785686271732252
cottonwood,701,0.05420282235195228,0.005001496069481192,0.05,0.0046136860152827894,1.0002992138962383,0,0.06785686271732252
cottonwood,702,0.053807979132211116,0.0049650624166582115,0.05,0.0046136860152827894,0.9930124833316423,0,0.06785686271732252
cottonwood,703,0.05343167570361476,0.004930339499337852,0.05,0.0046136860152827894,0.9860678998675704,0,0.06785686271732252
cottonwood,704,0.053110091983320104,0.004900665773076531,0.05,0.0046136860152827894,0.9801331546153061,0,0.06785686271732252
cottonwood,705,0.052802000793839586,0.004872237052829768,0.05,0.0046136860152827894,0.9744474105659536,0,0.06785686271732252
cottonwood,706,0.0525400911560844,0.004848069676170191,0.05,0.0046136860152827894,0.9696139352340382,0,0.06785686271732252
cottonwood,707,0.05228784742450432,0.004824794208633516,0.05,0.0046136860152827894,0.9649588417267032,0,0.06785686271732252
cottonwood,708,0.05207454448878122,0.004805111953202227,0.05,0.0046136860152827894,0.9610223906404455,0,0.06785686271732252
cottonwood,709,0.05186802478846546,0.0047860556121376826,0.05,0.0046136860152827894,0.9572111224275365,0,0.06785686271732252
cottonwood,710,0.051694312722506026,0.004770026553549625,0.05,0.0046136860152827894,0.9540053107099249,0,0.06785686271732252
cottonwood,711,0.051525228692741065,0.00475442454107894,0.05,0.0046136860152827894,0.950884908215788,0,0.06785686271732252
cottonwood,712,0.051383763105271124,0.004741370985027863,0.05,0.0046136860152827894,0.9482741970055726,0,0.06785686271732252
cottonwood,713,0.0512453288102482,0.004728597137608206,0.05,0.0046136860152827894,0.9457194275216413,0,0.06785686271732252
cottonwood,714,0.051130127036371306,0.004717967041346775,0.05,0.0046136860152827894,0.943593408269355,0,0.06785686271732252
cottonwood,715,0.05101678662175537,0.004707508699629177,0.05,0.0046136860152827894,0.9415017399258353,0,0.06785686271732252
cottonwood,716,0.050524576967649115,0.004662090683674433,0.05,0.0046136860152827894,0.9324181367348866,0,0.06785686271732252
cottonwood,717,0.05001265735310689,0.004614853956343185,0.05,0.0046136860152827894,0.9229707912686369,0,0.06785686271732252
cottonwood,718,0.05,0.0046136860152827894,0.05,0.0046136860152827894,0.9227372030565579,0,0.06785686271732252
cottonwood,719,0.05,0.0046136860152827894,0.05,0.0046136860152827894,0.9227372030565579,0,0.06785686271732252
mill_creek,0,0.05,0.0014096066689532492,0.05,0.0014096066689532492,0.2819213337906498,0,0.04680434987945127
mill_creek,1,0.05,0.0014096066689532492,0.05,0.0014096066689532492,0.2819213337906498,0,0.04680434987945127
mill_creek,2,0.05,0.0014096066689532492,0.05,0.0014096066689532492,0.2819213337906498,0,0.04680434987945127
mill_creek,3,0.05,0.0014096066689532492,0.05,0.0014096066689532492,0.2819213337906498,0,0.04680434987945127
mill_creek,4,0.05,0.0014096066689532492,0.05,0.0014096066689532492,0.2819213337906498,0,0.04680434987945127
mill_creek,5,0.05,0.0014096066689532492,0.05,0.0014096066689532492,0.2819213337906498,0,0.04680434987945127
mill_creek,6,0.05,0.0014096066689532492,0.05,0.0014096066689532492,0.2819213337906498,0,0.04680434987945127
mill_creek,7,0.05,0.0014096066689532492,0.05,0.0014096066689532492,0.2819213337906498,0,0.04680434987945127
mill_creek,8,0.05,0.0014096066689532492,0.05,0.0014096066689532492,0.2819213337906498,0,0.04680434987945127
mill_creek,9,0.05,0.0014096066689532492,0.05,0.0014096066689532492,0.2819213337906498,0,0.04680434987945127
mill_creek,10,0.05,0.0014096066689532492,0.05,0.0014096066689532492,0.2819213337906498,0,0.04680434987945127
mill_creek,11,0.05,0.0014096066689532492,0.05,0.0014096066689532492,0.2819213337906498,0,0.04680434987945127
mill_creek,12,0.05,0.0014096066689532492,0.05,0.0014096066689532492,0.2819213337906498,0,0.04680434987945127
mill_creek,13,0.05,0.0014096066689532492,0.05,0.0014096066689532492,0.2819213337906498,0,0.04680434987945127
mill_creek,14,0.05,0.0014096066689532492,0.05,0.0014096066689532492,0.2819213337906498,0,0.04680434987945127
mill_creek,15,0.05,0.0014096066689532492,0.05,0.0014096066689532492,0.2819213337906498,0,0.04680434987945127
mill_creek,16,0.05,0.0014096066689532492,0.05,0.0014096066689532492,0.2819213337906498,0,0.04680434987945127
mill_creek,17,0.05,0.0014096066689532492,0.05,0.0014096066689532492,0.2819213337906498,0,0.04680434987945127
mill_creek,18,0.05,0.0014096066689532492,0.05,0.0014096066689532492,0.2819213337906498,0,0.04680434987945127
mill_creek,19,0.05,0.0014096066689532492,0.05,0.0014096066689532492,0.2819213337906498,0,0.04680434987945127
mill_creek,20,0.05,0.0014096066689532492,0.05,0.0014096066689532492,0.2819213337906498,0,0.04680434987945127
mill_creek,21,0.05,0.0014096066689532492,0.05,0.0014096066689532492,0.2819213337906498,0,0.04680434987945127
mill_creek,22,0.05,0.0014096066689532492,0.05,0.0014096066689532492,0.2819213337906498,0,0.04680434987945127
mill_creek,23,0.05,0.0014096066689532492,0.05,0.0014096066689532492,0.2819213337906498,0,0.04680434987945127
mill_creek,24,0.05,0.0014096066689532492,0.05,0.0014096066689532492,0.2819213337906498,0,0.04680434987945127
mill_creek,25,0.05,0.0014096066689532492,0.05,0.0014096066689532492,0.2819213337906498,0,0.04680434987945127
mill_creek,26,0.05,0.0014096066689532492,0.05,0.0014096066689532492,0.2819213337906498,0,0.04680434987945127
mill_creek,27,0.05,0.0014096066689532492,0.05,0.0014096066689532492,0.2819213337906498,0,0.04680434987945127
mill_creek,28,0.05,0.0014096066689532492,0.05,0.0014096066689532492,0.2819213337906498,0,0.04680434987945127
mill_creek,29,0.05,0.0014096066689532492,0.05,0.0014096066689532492,0.2819213337906498,0,0.04680434987945127
mill_creek,30,0.05,0.0014096066689532492,0.05,0.0014096066689532492,0.2819213337906498,0,0.04680434987945127
mill_creek,31,0.05,0.0014096066689532492,0.05,0.0014096066689532492,0.2819213337906498,0,0.04680434987945127
mill_creek,32,0.05,0.0014096066689532492,0.05,0.0014096066689532492,0.2819213337906498,0,0.04680434987945127
mill_creek,33,0.05,0.0014096066689532492,0.05,0.0014096066689532492,0.2819213337906498,0,0.04680434987945127
mill_creek,34,0.05,0.0014096066689532492,0.05,0.0014096066689532492,0.2819213337906498,0,0.04680434987945127
mill_creek,35,0.05,0.0014096066689532492,0.05,0.0014096066689532492,0.2819213337906498,0,0.04680434987945127
mill_creek,36,0.05,0.0014096066689532492,0.05,0.0014096066689532492,0.2819213337906498,0,0.04680434987945127
mill_creek,37,0.05,0.0014096066689532492,0.05,0.0014096066689532492,0.2819213337906498,0,0.04680434987945127
mill_creek,38,0.05,0.0014096066689532492,0.05,0.0014096066689532492,0.2819213337906498,0,0.04680434987945127
mill_creek,39,0.05,0.0014096066689532492,0.05,0.0014096066689532492,0.2819213337906498,0,0.04680434987945127
mill_creek,40,0.05,0.0014096066689532492,0.05,0.0014096066689532492,0.2819213337906498,0,0.04680434987945127
mill_creek,41,0.05,0.0014096066689532492,0.05,0.0014096066689532492,0.2819213337906498,0,0.04680434987945127
mill_creek,42,0.05,0.0014096066689532492,0.05,0.0014096066689532492,0.2819213337906498,0,0.04680434987945127
mill_creek,43,0.05,0.0014096066689532492,0.05,0.0014096066689532492,0.2819213337906498,0,0.04680434987945127
mill_creek,44,0.05,0.0014096066689532492,0.05,0.0014096066689532492,0.2819213337906498,0,0.04680434987945127
mill_creek,45,0.05,0.0014096066689532492,0.05,0.0014096066689532492,0.2819213337906498,0,0.04680434987945127
mill_creek,46,0.05,0.0014096066689532492,0.05,0.0014096066689532492,0.2819213337906498,0,0.04680434987945127
mill_creek,47,0.05,0.0014096066689532492,0.05,0.0014096066689532492,0.2819213337906498,0,0.04680434987945127
mill_creek,48,0.05,0.0014096066689532492,0.05,0.0014096066689532492,0.2819213337906498,0,0.04680434987945127
mill_creek,49,0.05,0.0014096066689532492,0.05,0.0014096066689532492,0.2819213337906498,0,0.04680434987945127
mill_creek,50,0.05,0.0014096066689532492,0.05,0.0014096066689532492,0.2819213337906498,0,0.04680434987945127
mill_creek,51,0.05,0.0014096066689532492,0.05,0.0014096066689532492,0.2819213337906498,0,0.04680434987945127
mill_creek,52,0.05,0.0014096066689532492,0.05,0.0014096066689532492,0.2819213337906498,0,0.04680434987945127
mill_creek,53,0.05,0.0014096066689532492,0.05,0.0014096066689532492,0.2819213337906498,0,0.04680434987945127
mill_creek,54,0.05,0.0014096066689532492,0.05,0.0014096066689532492,0.2819213337906498,0,0.04680434987945127
mill_creek,55,0.05,0.0014096066689532492,0.05,0.0014096066689532492,0.2819213337906498,0,0.04680434987945127
mill_creek,56,0.05,0.0014096066689532492,0.05,0.0014096066689532492,0.2819213337906498,0,0.04680434987945127
mill_creek,57,0.05,0.0014096066689532492,0.05,0.0014096066689532492,0.2819213337906498,0,0.04680434987945127
mill_creek,58,0.05,0.0014096066689532492,0.05,0.0014096066689532492,0.2819213337906498,0,0.04680434987945127
mill_creek,59,0.05,0.0014096066689532492,0.05,0.0014096066689532492,0.2819213337906498,0,0.04680434987945127
mill_creek,60,0.05,0.0014096066689532492,0.05,0.0014096066689532492,0.2819213337906498,0,0.04680434987945127
mill_creek,61,0.05,0.0014096066689532492,0.05,0.0014096066689532492,0.2819213337906498,0,0.04680434987945127
mill_creek,62,0.05,0.0014096066689532492,0.05,0.0014096066689532492,0.2819213337906498,0,0.04680434987945127
mill_creek,63,0.05,0.0014096066689532492,0.05,0.0014096066689532492,0.2819213337906498,0,0.04680434987945127
mill_creek,64,0.05,0.0014096066689532492,0.05,0.0014096066689532492,0.2819213337906498,0,0.04680434987945127
mill_creek,65,0.05,0.0014096066689532492,0.05,0.0014096066689532492,0.2819213337906498,0,0.04680434987945127
mill_creek,66,0.05,0.0014096066689532492,0.05,0.0014096066689532492,0.2819213337906498,0,0.04680434987945127
mill_creek,67,0.05,0.0014096066689532492,0.05,0.0014096066689532492,0.2819213337906498,0,0.04680434987945127
mill_creek,68,0.05,0.0014096066689532492,0.05,0.0014096066689532492,0.2819213337906498,0,0.04680434987945127
mill_creek,69,0.05,0.0014096066689532492,0.05,0.0014096066689532492,0.2819213337906498,0,0.04680434987945127
mill_creek,70,0.05,0.0014096066689532492,0.05,0.0014096066689532492,0.2819213337906498,0,0.04680434987945127
mill_creek,71,0.05,0.0014096066689532492,0.05,0.0014096066689532492,0.2819213337906498,0,0.04680434987945127
mill_creek,72,0.05,0.0014096066689532492,0.05,0.0014096066689532492,0.2819213337906498,0,0.04680434987945127
mill_creek,73,0.05,0.0014096066689532492,0.05,0.0014096066689532492,0.2819213337906498,0,0.04680434987945127
mill_creek,74,0.05,0.0014096066689532492,0.05,0.0014096066689532492,0.2819213337906498,0,0.04680434987945127
mill_creek,75,0.05,0.0014096066689532492,0.05,0.0014096066689532492,0.2819213337906498,0,0.04680434987945127
mill_creek,76,0.05,0.0014096066689532492,0.05,0.0014096066689532492,0.2819213337906498,0,0.04680434987945127
mill_creek,77,0.05,0.0014096066689532492,0.05,0.0014096066689532492,0.2819213337906498,0,0.04680434987945127
mill_creek,78,0.05,0.0014096066689532492,0.05,0.0014096066689532492,0.2819213337906498,0,0.04680434987945127
mill_creek,79,0.05,0.0014096066689532492,0.05,0.0014096066689532492,0.2819213337906498,0,0.04680434987945127
mill_creek,80,0.05,0.0014096066689532492,0.05,0.0014096066689532492,0.2819213337906498,0,0.04680434987945127
mill_creek,81,0.05,0.0014096066689532492,0.05,0.0014096066689532492,0.2819213337906498,0,0.04680434987945127
mill_creek,82,0.05,0.0014096066689532492,0.05,0.0014096066689532492,0.2819213337906498,0,0.04680434987945127
mill_creek,83,0.05,0.0014096066689532492,0.05,0.0014096066689532492,0.2819213337906498,0,0.04680434987945127
mill_creek,84,0.05,0.0014096066689532492,0.05,0.0014096066689532492,0.2819213337906498,0,0.04680434987945127
mill_creek,85,0.05,0.0014096066689532492,0.05,0.0014096066689532492,0.2819213337906498,0,0.04680434987945127
mill_creek,86,0.05,0.0014096066689532492,0.05,0.0014096066689532492,0.2819213337906498,0,0.04680434987945127
mill_creek,87,0.05,0.0014096066689532492,0.05,0.0014096066689532492,0.2819213337906498,0,0.04680434987945127
mill_creek,88,0.05,0.0014096066689532492,0.05,0.0014096066689532492,0.2819213337906498,0,0.04680434987945127
mill_creek,89,0.05,0.0014096066689532492,0.05,0.0014096066689532492,0.2819213337906498,0,0.04680434987945127
mill_creek,90,0.05,0.0014096066689532492,0.05,0.0014096066689532492,0.2819213337906498,0,0.04680434987945127
mill_creek,91,0.05,0.0014096066689532492,0.05,0.0014096066689532492,0.2819213337906498,0,0.04680434987945127
mill_creek,92,0.05,0.0014096066689532492,0.05,0.0014096066689532492,0.2819213337906498,0,0.04680434987945127
mill_creek,93,0.05,0.0014096066689532492,0.05,0.0014096066689532492,0.2819213337906498,0,0.04680434987945127
mill_creek,94,0.05,0.0014096066689532492,0.05,0.0014096066689532492,0.2819213337906498,0,0.04680434987945127
mill_creek,95,0.05,0.0014096066689532492,0.05,0.0014096066689532492,0.2819213337906498,0,0.04680434987945127
mill_creek,96,0.05,0.0014096066689532492,0.05,0.0014096066689532492,0.2819213337906498,0,0.04680434987945127
mill_creek,97,0.05,0.0014096066689532492,0.05,0.0014096066689532492,0.2819213337906498,0,0.04680434987945127
mill_creek,98,0.05,0.0014096066689532492,0.05,0.0014096066689532492,0.2819213337906498,0,0.04680434987945127
mill_creek,99,0.05,0.0014096066689532492,0.05,0.0014096066689532492,0.2819213337906498,0,0.04680434987945127
mill_creek,100,0.05,0.0014096066689532492,0.05,0.0014096066689532492,0.2819213337906498,0,0.04680434987945127
mill_creek,101,0.05,0.0014096066689532492,0.05,0.0014096066689532492,0.2819213337906498,0,0.04680434987945127
mill_creek,102,0.05,0.0014096066689532492,0.05,0.0014096066689532492,0.2819213337906498,0,0.04680434987945127
mill_creek,103,0.05,0.0014096066689532492,0.05,0.0014096066689532492,0.2819213337906498,0,0.04680434987945127
mill_creek,104,0.05,0.0014096066689532492,0.05,0.0014096066689532492,0.2819213337906498,0,0.04680434987945127
mill_creek,105,0.05,0.0014096066689532492,0.05,0.0014096066689532492,0.2819213337906498,0,0.04680434987945127
mill_creek,106,0.05,0.0014096066689532492,0.05,0.0014096066689532492,0.2819213337906498,0,0.04680434987945127
mill_creek,107,0.05,0.0014096066689532492,0.05,0.0014096066689532492,0.2819213337906498,0,0.04680434987945127
mill_creek,108,0.05,0.0014096066689532492,0.05,0.0014096066689532492,0.2819213337906498,0,0.04680434987945127
mill_creek,109,0.05,0.0014096066689532492,0.05,0.0014096066689532492,0.2819213337906498,0,0.04680434987945127
mill_creek,110,0.05,0.0014096066689532492,0.05,0.0014096066689532492,0.2819213337906498,0,0.04680434987945127
mill_creek,111,0.05,0.0014096066689532492,0.05,0.0014096066689532492,0.2819213337906498,0,0.04680434987945127
mill_creek,112,0.05,0.0014096066689532492,0.05,0.0014096066689532492,0.2819213337906498,0,0.04680434987945127
mill_creek,113,0.05,0.0014096066689532492,0.05,0.0014096066689532492,0.2819213337906498,0,0.04680434987945127
mill_creek,114,0.05,0.0014096066689532492,0.05,0.0014096066689532492,0.2819213337906498,0,0.04680434987945127
mill_creek,115,0.05,0.0014096066689532492,0.05,0.0014096066689532492,0.2819213337906498,0,0.04680434987945127
mill_creek,116,0.05,0.0014096066689532492,0.05,0.0014096066689532492,0.2819213337906498,0,0.04680434987945127
mill_creek,117,0.05,0.0014096066689532492,0.05,0.0014096066689532492,0.2819213337906498,0,0.04680434987945127
mill_creek,118,0.05,0.0014096066689532492,0.05,0.0014096066689532492,0.2819213337906498,0,0.04680434987945127
mill_creek,119,0.05,0.0014096066689532492,0.05,0.0014096066689532492,0.2819213337906498,0,0.04680434987945127
mill_creek,120,0.05,0.0014096066689532492,0.05,0.0014096066689532492,0.2819213337906498,0,0.04680434987945127
mill_creek,121,0.05,0.0014096066689532492,0.05,0.0014096066689532492,0.2819213337906498,0,0.04680434987945127
mill_creek,122,0.05,0.0014096066689532492,0.05,0.0014096066689532492,0.2819213337906498,0,0.04680434987945127
mill_creek,123,0.05,0.0014096066689532492,0.05,0.0014096066689532492,0.2819213337906498,0,0.04680434987945127
mill_creek,124,0.05,0.0014096066689532492,0.05,0.0014096066689532492,0.2819213337906498,0,0.04680434987945127
mill_creek,125,0.5228185313080007,0.014739369767682016,0.05,0.0014096066689532492,2.947873953536403,0,0.04680434987945127
mill_creek,126,1.3706310702051356,0.03864101394471376,0.05,0.0014096066689532492,7.7282027889427525,0,0.04680434987945127
mill_creek,127,1.6351553826653116,0.04609851864359651,0.05,0.0014096066689532492,9.2197037287193,0,0.04680434987945127
mill_creek,128,1.4814730422083837,0.04176588560342792,0.05,0.0014096066689532492,8.353177120685585,0,0.04680434987945127
mill_creek,129,1.3447044158956454,0.037910086248347706,0.05,0.0014096066689532492,7.5820172496695415,0,0.04680434987945127
mill_creek,130,1.2188799575585567,0.0343628263365599,0.05,0.0014096066689532492,6.8725652673119795,0,0.04680434987945127
mill_creek,131,1.1074672137974062,0.03122186340431795,0.05,0.0014096066689532492,6.24437268086359,0,0.04680434987945127
mill_creek,132,1.0044508602674536,0.02831761262537661,0.05,0.0014096066689532492,5.663522525075322,0,0.04680434987945127
mill_creek,133,0.9136955329495355,0.02575902633276917,0.05,0.0014096066689532492,5.1518052665538345,0,0.04680434987945127
mill_creek,134,0.8293528762446097,0.023381226905399212,0.05,0.0014096066689532492,4.676245381079842,0,0.04680434987945127
mill_creek,135,0.7554267168098696,0.021297090758412993,0.05,0.0014096066689532492,4.259418151682599,0,0.04680434987945127
mill_creek,136,0.6863727899692473,0.019350313242573976,0.05,0.0014096066689532492,3.870062648514795,0,0.04680434987945127
mill_creek,137,0.6919361064251188,0.019507155002127848,0.05,0.0014096066689532492,3.9014310004255695,0,0.04680434987945127
mill_creek,138,0.728565745965524,0.020539822685678027,0.05,0.0014096066689532492,4.107964537135605,0,0.04680434987945127
mill_creek,139,0.6922602022535252,0.019516291954949885,0.05,0.0014096066689532492,3.903258390989977,0,0.04680434987945127
mill_creek,140,0.6290838015537976,0.01773521444001391,0.05,0.0014096066689532492,3.547042888002782,0,0.04680434987945127
mill_creek,141,3.778237042310685,0.10651656263454683,0.05,0.0014096066689532492,21.303312526909366,0,0.04680434987945127
mill_creek,142,7.967016967030039,0.22460720496778466,0.05,0.0014096066689532492,44.921440993556935,0,0.04680434987945127
mill_creek,143,8.276660002923101,0.23333670273558046,0.05,0.0014096066689532492,46.66734054711609,0,0.04680434987945127
mill_creek,144,7.493588422245198,0.21126024428775372,0.05,0.0014096066689532492,42.25204885755075,0,0.04680434987945127
mill_creek,145,6.824776212843798,0.19240500127476234,0.05,0.0014096066689532492,38.48100025495247,0,0.04680434987945127
mill_creek,146,6.183651427881406,0.17433032582447822,0.05,0.0014096066689532492,34.866065164895645,0,0.04680434987945127
mill_creek,147,5.615758608842405,0.1583202157251175,0.05,0.0014096066689532492,31.664043145023502,0,0.04680434987945127
mill_creek,148,5.062900166913506,0.14273395679051593,0.05,0.0014096066689532492,28.546791358103185,0,0.04680434987945127
mill_creek,149,4.5956660343102325,0.12956162980491268,0.05,0.0014096066689532492,25.912325960982535,0,0.04680434987945127
mill_creek,150,4.143023825804265,0.11680068028971793,0.05,0.0014096066689532492,23.36013605794359,0,0.04680434987945127
mill_creek,151,3.762513584121153,0.10607328480408738,0.05,0.0014096066689532492,21.214656960817475,0,0.04680434987945127
mill_creek,152,3.3919214878761776,0.09562550299752175,0.05,0.0014096066689532492,19.12510059950435,0,0.04680434987945127
mill_creek,153,3.082047019698016,0.08688948065987619,0.05,0.0014096066689532492,17.377896131975238,0,0.04680434987945127
mill_creek,154,2.7786318736546227,0.07833556039339236,0.05,0.0014096066689532492,15.667112078678471,0,0.04680434987945127
mill_creek,155,2.526288002994384,0.07122144833434939,0.05,0.0014096066689532492,14.244289666869877,0,0.04680434987945127
mill_creek,156,2.2778726919790104,0.06421809075280206,0.05,0.0014096066689532492,12.843618150560413,0,0.04680434987945127
mill_creek,157,2.072384385232936,0.058424937001178526,0.05,0.0014096066689532492,11.684987400235705,0,0.04680434987945127
mill_creek,158,1.8689991305692162,0.052691072774363835,0.05,0.0014096066689532492,10.538214554872766,0,0.04680434987945127
mill_creek,159,1.7745659764949286,0.050028800699295724,0.05,0.0014096066689532492,10.005760139859145,0,0.04680434987945127
mill_creek,160,1.6824222310546353,0.04743107193779637,0.05,0.0014096066689532492,9.486214387559274,0,0.04680434987945127
mill_creek,161,1.532578482360694,0.04320665698859768,0.05,0.0014096066689532492,8.641331397719537,0,0.04680434987945127
mill_creek,162,1.3834809442019678,0.03900327930633663,0.05,0.0014096066689532492,7.800655861267327,0,0.04680434987945127
mill_creek,163,1.2607992589897528,0.0355446208736654,0.05,0.0014096066689532492,7.1089241747330805,0,0.04680434987945127
mill_creek,164,1.139278370253088,0.032118687770058836,0.05,0.0014096066689532492,6.423737554011767,0,0.04680434987945127
mill_creek,165,1.0388351017304145,0.029286977746838385,0.05,0.0014096066689532492,5.857395549367677,0,0.04680434987945127
mill_creek,166,0.938814436099056,0.026467181800696266,0.05,0.0014096066689532492,5.293436360139253,0,0.04680434987945127
mill_creek,167,0.8438650051634782,0.02379035477949414,0.05,0.0014096066689532492,4.758070955898828,0,0.04680434987945127
mill_creek,168,0.7519573858933295,0.021199282918477783,0.05,0.0014096066689532492,4.239856583695556,0,0.04680434987945127
mill_creek,169,0.6869328048555137,0.01936610125694186,0.05,0.0014096066689532492,3.8732202513883722,0,0.04680434987945127
mill_creek,170,0.6233977842969903,0.017574913483114334,0.05,0.0014096066689532492,3.5149826966228668,0,0.04680434987945127
mill_creek,171,0.570160160095318,0.01607403128083625,0.05,0.0014096066689532492,3.21480625616725,0,0.04680434987945127
mill_creek,172,0.5183806922743677,0.014614257617731014,0.05,0.0014096066689532492,2.922851523546203,0,0.04680434987945127
mill_creek,173,0.4747934121196511,0.013385439201978572,0.05,0.0014096066689532492,2.677087840395714,0,0.04680434987945127
mill_creek,174,0.4325953246592674,0.012195785091953987,0.05,0.0014096066689532492,2.439157018390797,0,0.04680434987945127
mill_creek,175,0.39690907795357505,0.011189713665028888,0.05,0.0014096066689532492,2.2379427330057777,0,0.04680434987945127
mill_creek,176,0.3625201493572353,0.010220216403277737,0.05,0.0014096066689532492,2.0440432806555475,0,0.04680434987945127
mill_creek,177,0.3333027217173566,0.009396514786261096,0.05,0.0014096066689532492,1.8793029572522193,0,0.04680434987945127
mill_creek,178,0.5547207891034133,0.015638762474543603,0.05,0.0014096066689532492,3.1277524949087208,0,0.04680434987945127
mill_creek,179,1.6380804369445845,0.04618098216397877,0.05,0.0014096066689532492,9.236196432795754,0,0.04680434987945127
mill_creek,180,2.395524924314368,0.06753495817914522,0.05,0.0014096066689532492,13.506991635829044,0,0.04680434987945127
mill_creek,181,2.175223930269902,0.061324203171503014,0.05,0.0014096066689532492,12.264840634300603,0,0.04680434987945127
mill_creek,182,1.9484243060046018,0.054930237913893856,0.05,0.0014096066689532492,10.986047582778772,0,0.04680434987945127
mill_creek,183,1.7044682979562975,0.048052597596371815,0.05,0.0014096066689532492,9.610519519274362,0,0.04680434987945127
mill_creek,184,1.4926707056864847,0.042081571625736426,0.05,0.0014096066689532492,8.416314325147285,0,0.04680434987945127
mill_creek,185,1.35610610445811,0.038231524173047274,0.05,0.0014096066689532492,7.646304834609455,0,0.04680434987945127
mill_creek,186,1.2275664635749683,0.03460771747277262,0.05,0.0014096066689532492,6.921543494554524,0,0.04680434987945127
mill_creek,187,1.1157568247674714,0.03145556522244659,0.05,0.0014096066689532492,6.291113044489317,0,0.04680434987945127
mill_creek,188,1.011164823916875,0.028506893584083294,0.05,0.0014096066689532492,5.7013787168166585,0,0.04680434987945127
mill_creek,189,0.9200419584661653,0.0259379456074143,0.05,0.0014096066689532492,5.18758912148286,0,0.04680434987945127
mill_creek,190,0.8350905687156673,0.023542984696831328,0.05,0.0014096066689532492,4.708596939366266,0,0.04680434987945127
mill_creek,191,0.7604854764625814,0.021439707985274878,0.05,0.0014096066689532492,4.287941597054975,0,0.04680434987945127
mill_creek,192,0.6912675361022002,0.019488306578410847,0.05,0.0014096066689532492,3.8976613156821696,0,0.04680434987945127
mill_creek,193,0.6301860527383822,0.017766289252426952,0.05,0.0014096066689532492,3.5532578504853904,0,0.04680434987945127
mill_creek,194,0.5737889593512031,0.016176334873464013,0.05,0.0014096066689532492,3.2352669746928027,0,0.04680434987945127
mill_creek,195,0.5237796704776233,0.01476646633134786,0.05,0.0014096066689532492,2.953293266269572,0,0.04680434987945127
mill_creek,196,0.4778297739658968,0.013471040720135035,0.05,0.0014096066689532492,2.694208144027007,0,0.04680434987945127
mill_creek,197,0.4368856312255349,0.012316737986907278,0.05,0.0014096066689532492,2.4633475973814556,0,0.04680434987945127
mill_creek,198,0.39944854671130364,0.011261306706958742,0.05,0.0014096066689532492,2.2522613413917485,0,0.04680434987945127
mill_creek,199,0.3659263178913561,0.010316243560903245,0.05,0.0014096066689532492,2.063248712180649,0,0.04680434987945127
mill_creek,200,0.3348699079075518,0.009440697108364909,0.05,0.0014096066689532492,1.8881394216729817,0,0.04680434987945127
mill_creek,201,0.30630656337686485,0.008635435489603596,0.05,0.0014096066689532492,1.7270870979207191,0,0.04680434987945127
mill_creek,202,0.2810292379642517,0.007922813760105176,0.05,0.0014096066689532492,1.5845627520210352,0,0.04680434987945127
mill_creek,203,0.2587612142702949,0.007295030666036968,0.05,0.0014096066689532492,1.4590061332073936,0,0.04680434987945127
mill_creek,204,0.23869996274448035,0.006729461187270233,0.05,0.0014096066689532492,1.3458922374540467,0,0.04680434987945127
mill_creek,205,0.22046844693596912,0.006215475861894152,0.05,0.0014096066689532492,1.2430951723788304,0,0.04680434987945127
mill_creek,206,0.20412539577937533,0.005754730383866578,0.05,0.0014096066689532492,1.1509460767733155,0,0.04680434987945127
mill_creek,207,0.18919869311171983,0.005333914791350388,0.05,0.0014096066689532492,1.0667829582700776,0,0.04680434987945127
mill_creek,208,0.1758850349959765,0.004958574365988081,0.05,0.0014096066689532492,0.9917148731976163,0,0.04680434987945127
mill_creek,209,0.16366408447991576,0.004614039699020344,0.05,0.0014096066689532492,0.9228079398040687,0,0.04680434987945127
mill_creek,210,0.1528185566129154,0.004308281130827505,0.05,0.0014096066689532492,0.861656226165501,0,0.04680434987945127
mill_creek,211,0.14281288859357225,0.004026200003479538,0.05,0.0014096066689532492,0.8052400006959075,0,0.04680434987945127
mill_creek,212,0.13397816611846602,0.0037771303290943187,0.05,0.0014096066689532492,0.7554260658188637,0,0.04680434987945127
mill_creek,213,0.12578621800594092,0.0035461818352716316,0.05,0.0014096066689532492,0.7092363670543264,0,0.04680434987945127
mill_creek,214,0.11858967477447173,0.0033432959286218453,0.05,0.0014096066689532492,0.668659185724369,0,0.04680434987945127
mill_creek,215,0.11188267492712843,0.0031542112943521742,0.05,0.0014096066689532492,0.6308422588704349,0,0.04680434987945127
mill_creek,216,0.10602070398443533,0.002988949827671567,0.05,0.0014096066689532492,0.5977899655343134,0,0.04680434987945127
mill_creek,217,0.10052947694852594,0.0028341404226604823,0.05,0.0014096066689532492,0.5668280845320964,0,0.04680434987945127
mill_creek,218,0.09575471236987752,0.002699529622805591,0.05,0.0014096066689532492,0.5399059245611182,0,0.04680434987945127
mill_creek,219,0.09125887592344525,0.0025727824020573106,0.05,0.0014096066689532492,0.5145564804114622,0,0.04680434987945127
mill_creek,220,0.0749921781048315,0.002114189487518006,0.05,0.0014096066689532492,0.4228378975036012,0,0.04680434987945127
mill_creek,221,0.054686033394656566,0.0015417159474341597,0.05,0.0014096066689532492,0.3083431894868319,0,0.04680434987945127
mill_creek,222,0.05,0.0014096066689532492,0.05,0.0014096066689532492,0.2819213337906498,0,0.04680434987945127
mill_creek,223,0.05,0.0014096066689532492,0.05,0.0014096066689532492,0.2819213337906498,0,0.04680434987945127
mill_creek,224,0.05,0.0014096066689532492,0.05,0.0014096066689532492,0.2819213337906498,0,0.04680434987945127
mill_creek,225,0.05,0.0014096066689532492,0.05,0.0014096066689532492,0.2819213337906498,0,0.04680434987945127
mill_creek,226,0.05,0.0014096066689532492,0.05,0.0014096066689532492,0.2819213337906498,0,0.04680434987945127
mill_creek,227,0.05,0.0014096066689532492,0.05,0.0014096066689532492,0.2819213337906498,0,0.04680434987945127
mill_creek,228,0.05,0.0014096066689532492,0.05,0.0014096066689532492,0.2819213337906498,0,0.04680434987945127
mill_creek,229,0.05,0.0014096066689532492,0.05,0.0014096066689532492,0.2819213337906498,0,0.04680434987945127
mill_creek,230,0.05,0.0014096066689532492,0.05,0.0014096066689532492,0.2819213337906498,0,0.04680434987945127
mill_creek,231,0.05,0.0014096066689532492,0.05,0.0014096066689532492,0.2819213337906498,0,0.04680434987945127
mill_creek,232,0.05,0.0014096066689532492,0.05,0.0014096066689532492,0.2819213337906498,0,0.04680434987945127
mill_creek,233,0.05,0.0014096066689532492,0.05,0.0014096066689532492,0.2819213337906498,0,0.04680434987945127
mill_creek,234,0.05,0.0014096066689532492,0.05,0.0014096066689532492,0.2819213337906498,0,0.04680434987945127
mill_creek,235,0.05,0.0014096066689532492,0.05,0.0014096066689532492,0.2819213337906498,0,0.04680434987945127
mill_creek,236,0.05,0.0014096066689532492,0.05,0.0014096066689532492,0.2819213337906498,0,0.04680434987945127
mill_creek,237,0.05,0.0014096066689532492,0.05,0.0014096066689532492,0.2819213337906498,0,0.04680434987945127
mill_creek,238,0.05,0.0014096066689532492,0.05,0.0014096066689532492,0.2819213337906498,0,0.04680434987945127
mill_creek,239,0.05,0.0014096066689532492,0.05,0.0014096066689532492,0.2819213337906498,0,0.04680434987945127
mill_creek,240,0.05,0.0014096066689532492,0.05,0.0014096066689532492,0.2819213337906498,0,0.04680434987945127
mill_creek,241,0.05,0.0014096066689532492,0.05,0.0014096066689532492,0.2819213337906498,0,0.04680434987945127
mill_creek,242,0.05,0.0014096066689532492,0.05,0.0014096066689532492,0.2819213337906498,0,0.04680434987945127
mill_creek,243,0.05,0.0014096066689532492,0.05,0.0014096066689532492,0.2819213337906498,0,0.04680434987945127
mill_creek,244,0.05,0.0014096066689532492,0.05,0.0014096066689532492,0.2819213337906498,0,0.04680434987945127
mill_creek,245,0.05,0.0014096066689532492,0.05,0.0014096066689532492,0.2819213337906498,0,0.04680434987945127
mill_creek,246,0.05,0.0014096066689532492,0.05,0.0014096066689532492,0.2819213337906498,0,0.04680434987945127
mill_creek,247,0.14459953942047893,0.004076569501893506,0.05,0.0014096066689532492,0.8153139003787012,0,0.04680434987945127
mill_creek,248,1.188061125755393,0.033493977719778134,0.05,0.0014096066689532492,6.698795543955627,0,0.04680434987945127
mill_creek,249,2.4741467134902924,0.0697514741460936,0.05,0.0014096066689532492,13.95029482921872,0,0.04680434987945127
mill_creek,250,5.620349645292473,0.15844964683706597,0.05,0.0014096066689532492,31.689929367413193,0,0.04680434987945127
mill_creek,251,8.279747834110232,0.23342375528426007,0.05,0.0014096066689532492,46.684751056852015,0,0.04680434987945127
mill_creek,252,7.951501227747954,0.2241697831764693,0.05,0.0014096066689532492,44.83395663529386,0,0.04680434987945127
mill_creek,253,7.597494468965031,0.21418957741577063,0.05,0.0014096066689532492,42.83791548315413,0,0.04680434987945127
mill_creek,254,7.1129696045842365,0.20052978781367392,0.05,0.0014096066689532492,40.10595756273479,0,0.04680434987945127
mill_creek,255,6.604256449893829,0.18618807870495704,0.05,0.0014096066689532492,37.23761574099141,0,0.04680434987945127
mill_creek,256,5.992129590256512,0.1689309166331536,0.05,0.0014096066689532492,33.78618332663072,0,0.04680434987945127
mill_creek,257,5.4037798252335945,0.15234408158408597,0.05,0.0014096066689532492,30.468816316817193,0,0.04680434987945127
mill_creek,258,4.902612740463483,0.1382151122850498,0.05,0.0014096066689532492,27.64302245700996,0,0.04680434987945127
mill_creek,259,4.423158891032208,0.12469828541277715,0.05,0.0014096066689532492,24.93965708255543,0,0.04680434987945127
mill_creek,260,4.012837986300454,0.11313046373836094,0.05,0.0014096066689532492,22.62609274767219,0,0.04680434987945127
mill_creek,261,3.622133405453659,0.10211566808331642,0.05,0.0014096066689532492,20.423133616663282,0,0.04680434987945127
mill_creek,262,3.2861910621190042,0.09264473673235019,0.05,0.0014096066689532492,18.528947346470037,0,0.04680434987945127
mill_creek,263,2.9678148771263153,0.08366903286031845,0.05,0.0014096066689532492,16.73380657206369,0,0.04680434987945127
mill_creek,264,2.6927685493771514,0.07591489010299199,0.05,0.0014096066689532492,15.182978020598398,0,0.04680434987945127
mill_creek,265,3.2328258792419913,0.09114025837888323,0.05,0.0014096066689532492,18.228051675776648,0,0.04680434987945127
mill_creek,266,5.560391230190644,0.15675929120131787,0.05,0.0014096066689532492,31.351858240263574,0,0.04680434987945127
mill_creek,267,8.25854248861416,0.23282593135568563,0.05,0.0014096066689532492,46.56518627113713,0,0.04680434987945127
mill_creek,268,11.682801094204086,0.3293630866888879,0.05,0.0014096066689532492,65.87261733777758,0,0.04680434987945127
mill_creek,269,13.405537528815202,0.37793070203041934,0.05,0.0014096066689532492,75.58614040608387,0,0.04680434987945127
mill_creek,270,12.137719844736067,0.34218821678052314,0.05,0.0014096066689532492,68.43764335610463,0,0.04680434987945127
mill_creek,271,10.958924430746661,0.3089554592427036,0.05,0.0014096066689532492,61.791091848540724,0,0.04680434987945127
mill_creek,272,9.920923103494905,0.2796919873771757,0.05,0.0014096066689532492,55.93839747543514,0,0.04680434987945127
mill_creek,273,8.96045929776584,0.25261446366029755,0.05,0.0014096066689532492,50.52289273205951,0,0.04680434987945127
mill_creek,274,8.1106156894091,0.22865555930215842,0.05,0.0014096066689532492,45.73111186043168,0,0.04680434987945127
mill_creek,275,8.30070328298058,0.23401453409383108,0.05,0.0014096066689532492,46.80290681876622,0,0.04680434987945127
mill_creek,276,9.831582677780457,0.2771732901792915,0.05,0.0014096066689532492,55.4346580358583,0,0.04680434987945127
mill_creek,277,10.206689527676383,0.28774835252295833,0.05,0.0014096066689532492,57.54967050459167,0,0.04680434987945127
mill_creek,278,9.233395075184113,0.26030910550119224,0.05,0.0014096066689532492,52.06182110023845,0,0.04680434987945127
mill_creek,279,8.510632469901903,0.2399328857316757,0.05,0.0014096066689532492,47.986577146335144,0,0.04680434987945127
mill_creek,280,8.052556053480007,0.2270187343021055,0.05,0.0014096066689532492,45.4037468604211,0,0.04680434987945127
mill_creek,281,7.582809167246651,0.21377556743101425,0.05,0.0014096066689532492,42.75511348620285,0,0.04680434987945127
mill_creek,282,7.101893766892647,0.20021753632018774,0.05,0.0014096066689532492,40.04350726403755,0,0.04680434987945127
mill_creek,283,6.542903173569718,0.18445839895558505,0.05,0.0014096066689532492,36.891679791117014,0,0.04680434987945127
mill_creek,284,5.916247413007037,0.16679163617104253,0.05,0.0014096066689532492,33.35832723420851,0,0.04680434987945127
mill_creek,285,5.353253897583049,0.1509196478926608,0.05,0.0014096066689532492,30.183929578532158,0,0.04680434987945127
mill_creek,286,4.8401915548169105,0.13645532589362225,0.05,0.0014096066689532492,27.29106517872445,0,0.04680434987945127
mill_creek,287,4.381550960451641,0.12352526908422294,0.05,0.0014096066689532492,24.70505381684459,0,0.04680434987945127
mill_creek,288,3.9614910421827663,0.1116828838411877,0.05,0.0014096066689532492,22.33657676823754,0,0.04680434987945127
mill_creek,289,3.5783274243003067,0.1008806840198403,0.05,0.0014096066689532492,20.17613680396806,0,0.04680434987945127
mill_creek,290,3.218764142701052,0.09074382802677981,0.05,0.0014096066689532492,18.148765605355962,0,0.04680434987945127
mill_creek,291,2.8787530882748484,0.08115819103003977,0.05,0.0014096066689532492,16.231638206007954,0,0.04680434987945127
mill_creek,292,2.5499993767664844,0.0718899225463333,0.05,0.0014096066689532492,14.37798450926666,0,0.04680434987945127
mill_creek,293,2.289251503306995,0.06453888371945582,0.05,0.0014096066689532492,12.907776743891164,0,0.04680434987945127
mill_creek,294,2.0636399795060973,0.05817841354860682,0.05,0.0014096066689532492,11.635682709721364,0,0.04680434987945127
mill_creek,295,1.868217766845651,0.05266904446405152,0.05,0.0014096066689532492,10.533808892810303,0,0.04680434987945127
mill_creek,296,1.6867384087279866,0.04755275419445123,0.05,0.0014096066689532492,9.510550838890246,0,0.04680434987945127
mill_creek,297,1.530865653720977,0.04315836869513129,0.05,0.0014096066689532492,8.631673739026258,0,0.04680434987945127
mill_creek,298,1.3855134410772705,0.0390605797293377,0.05,0.0014096066689532492,7.81211594586754,0,0.04680434987945127
mill_creek,299,1.259487837211607,0.035507649095979706,0.05,0.0014096066689532492,7.1015298191959415,0,0.04680434987945127
mill_creek,300,1.1404835106922744,0.03215266325006089,0.05,0.0014096066689532492,6.430532650012177,0,0.04680434987945127
mill_creek,301,1.037835842422995,0.029258806495163343,0.05,0.0014096066689532492,5.851761299032669,0,0.04680434987945127
mill_creek,302,0.9404033405522838,0.026511976406968254,0.05,0.0014096066689532492,5.30239528139365,0,0.04680434987945127
mill_creek,303,0.8567992236495705,0.024154997992208018,0.05,0.0014096066689532492,4.830999598441603,0,0.04680434987945127
mill_creek,304,0.7770282380186929,0.021906083725522843,0.05,0.0014096066689532492,4.3812167451045685,0,0.04680434987945127
mill_creek,305,0.7089365045540545,0.019986432493676015,0.05,0.0014096066689532492,3.9972864987352033,0,0.04680434987945127
mill_creek,306,0.6436255454147118,0.018145177222505002,0.05,0.0014096066689532492,3.6290354445010005,0,0.04680434987945127
mill_creek,307,0.5563045048689725,0.015683410800640778,0.05,0.0014096066689532492,3.1366821601281556,0,0.04680434987945127
mill_creek,308,0.4645523918288746,0.01309672299200329,0.05,0.0014096066689532492,2.619344598400658,0,0.04680434987945127
mill_creek,309,0.3675369197212146,0.010361649862511181,0.05,0.0014096066689532492,2.0723299725022364,0,0.04680434987945127
mill_creek,310,0.2696442211022899,0.007601845846209846,0.05,0.0014096066689532492,1.5203691692419692,0,0.04680434987945127
mill_creek,311,0.24124042082471106,0.00680108212031202,0.05,0.0014096066689532492,1.360216424062404,0,0.04680434987945127
mill_creek,312,0.22214510225641004,0.006262744352318741,0.05,0.0014096066689532492,1.2525488704637482,0,0.04680434987945127
mill_creek,313,0.2061878606811915,0.005812875669468219,0.05,0.0014096066689532492,1.1625751338936439,0,0.04680434987945127
mill_creek,314,0.19055393612950278,0.005372121983268772,0.05,0.0014096066689532492,1.0744243966537543,0,0.04680434987945127
mill_creek,315,0.17755932190320636,0.005005776085791528,0.05,0.0014096066689532492,1.0011552171583056,0,0.04680434987945127
mill_creek,316,0.1647593470814371,0.004644917488367536,0.05,0.0014096066689532492,0.9289834976735072,0,0.04680434987945127
mill_creek,317,0.12225508978131427,0.0034466317973843768,0.05,0.0014096066689532492,0.6893263594768754,0,0.04680434987945127
mill_creek,318,0.07838511834425452,0.0022098437112950168,0.05,0.0014096066689532492,0.44196874225900334,0,0.04680434987945127
mill_creek,319,0.0750626136366882,0.002116175215426736,0.05,0.0014096066689532492,0.4232350430853472,0,0.04680434987945127
mill_creek,320,0.07250976061164636,0.002044204842447607,0.05,0.0014096066689532492,0.4088409684895214,0,0.04680434987945127
mill_creek,321,0.06536010765185049,0.001842640872591015,0.05,0.0014096066689532492,0.368528174518203,0,0.04680434987945127
mill_creek,322,0.058297598147799876,0.0016435336626619058,0.05,0.0014096066689532492,0.32870673253238114,0,0.04680434987945127
mill_creek,323,0.054031601359948,0.001523266112224123,0.05,0.0014096066689532492,0.30465322244482457,0,0.04680434987945127
mill_creek,324,0.05,0.0014096066689532492,0.05,0.0014096066689532492,0.2819213337906498,0,0.04680434987945127
mill_creek,325,0.05,0.0014096066689532492,0.05,0.0014096066689532492,0.2819213337906498,0,0.04680434987945127
mill_creek,326,0.05,0.0014096066689532492,0.05,0.0014096066689532492,0.2819213337906498,0,0.04680434987945127
mill_creek,327,0.05,0.0014096066689532492,0.05,0.0014096066689532492,0.2819213337906498,0,0.04680434987945127
mill_creek,328,0.05,0.0014096066689532492,0.05,0.0014096066689532492,0.2819213337906498,0,0.04680434987945127
mill_creek,329,0.05,0.0014096066689532492,0.05,0.0014096066689532492,0.2819213337906498,0,0.04680434987945127
mill_creek,330,0.08608911000617811,0.0024270356717791715,0.05,0.0014096066689532492,0.48540713435583427,0,0.04680434987945127
mill_creek,331,0.3655877492030358,0.010306698587284144,0.05,0.0014096066689532492,2.061339717456829,0,0.04680434987945127
mill_creek,332,1.144993255282102,0.03227980257104282,0.05,0.0014096066689532492,6.455960514208564,0,0.04680434987945127
mill_creek,333,4.673886529214157,0.13176683243022064,0.05,0.0014096066689532492,26.353366486044127,0,0.04680434987945127
mill_creek,334,7.457662927882829,0.210247427958981,0.05,0.0014096066689532492,42.0494855917962,0,0.04680434987945127
mill_creek,335,6.813901700338844,0.1920984255677904,0.05,0.0014096066689532492,38.419685113558074,0,0.04680434987945127
mill_creek,336,6.305612266696281,0.17776866205936984,0.05,0.0014096066689532492,35.553732411873966,0,0.04680434987945127
mill_creek,337,6.3282258091539525,0.17840618606450967,0.05,0.0014096066689532492,35.681237212901934,0,0.04680434987945127
mill_creek,338,6.803369858388133,0.1918015104747887,0.05,0.0014096066689532492,38.36030209495774,0,0.04680434987945127
mill_creek,339,8.810575020926414,0.24838890613621573,0.05,0.0014096066689532492,49.677781227243145,0,0.04680434987945127
mill_creek,340,11.74680610870227,0.3311675245945497,0.05,0.0014096066689532492,66.23350491890993,0,0.04680434987945127
mill_creek,341,17.42972254065992,0.4913810626263798,0.05,0.0014096066689532492,98.27621252527597,1,0.04680434987945127
mill_creek,342,23.766525510842023,0.6623259563434919,0.05,0.0014096066689532492,132.4651912686984,1,0.04680434987945127
mill_creek,343,31.806023130064887,0.8612148752609134,0.05,0.0014096066689532492,172.2429750521827,1,0.04680434987945127
mill_creek,344,36.95246425274911,0.9953213910332197,0.05,0.0014096066689532492,199.06427820664393,1,0.04680434987945127
mill_creek,345,35.418574919788504,0.979839448634054,0.05,0.0014096066689532492,195.9678897268108,1,0.04680434987945127
mill_creek,346,35.48640383872991,0.9744803147266492,0.05,0.0014096066689532492,194.89606294532985,1,0.04680434987945127
mill_creek,347,38.85188798217621,0.9899622571258151,0.05,0.0014096066689532492,197.992451425163,1,0.04680434987945127
mill_creek,348,41.858463935341675,1.0,0.05,0.0014096066689532492,200.0,1,0.04680434987945127
mill_creek,349,44.203302912676975,1.0,0.05,0.0014096066689532492,200.0,1,0.04680434987945127
mill_creek,350,44.090526539341774,1.0,0.05,0.0014096066689532492,200.0,1,0.04680434987945127
mill_creek,351,39.90564297912829,1.0,0.05,0.0014096066689532492,200.0,1,0.04680434987945127
mill_creek,352,36.024539554810495,0.9722818694956439,0.05,0.0014096066689532492,194.45637389912878,0,0.04680434987945127
mill_creek,353,32.59702564847392,0.903176393443675,0.05,0.0014096066689532492,180.63527868873499,0,0.04680434987945127
mill_creek,354,29.434298988466946,0.8298156830021376,0.05,0.0014096066689532492,165.96313660042753,0,0.04680434987945127
mill_creek,355,26.628608034801026,0.7507172694159521,0.05,0.0014096066689532492,150.1434538831904,0,0.04680434987945127
mill_creek,356,24.05314371247184,0.6781094357278243,0.05,0.0014096066689532492,135.62188714556487,0,0.04680434987945127
mill_creek,357,21.758443574699676,0.6134169433787927,0.05,0.0014096066689532492,122.68338867575854,0,0.04680434987945127
mill_creek,358,19.66004765296987,0.5542586856713,0.05,0.0014096066689532492,110.85173713425999,0,0.04680434987945127
mill_creek,359,17.7783806634025,0.5012104789264331,0.05,0.0014096066689532492,100.24209578528662,1,0.04680434987945127
mill_creek,360,16.370048045376784,0.4615065779169643,0.05,0.0014096066689532492,92.30131558339286,1,0.04680434987945127
mill_creek,361,15.43504979889287,0.4351469826428979,0.05,0.0014096066689532492,87.02939652857958,1,0.04680434987945127
mill_creek,362,15.645843510494212,0.4410897070758311,0.05,0.0014096066689532492,88.21794141516622,1,0.04680434987945127
mill_creek,363,16.89444878622516,0.4762905535470422,0.05,0.0014096066689532492,95.25811070940844,1,0.04680434987945127
mill_creek,364,18.108752469969108,0.5105243649618415,0.05,0.0014096066689532492,102.1048729923683,1,0.04680434987945127
mill_creek,365,19.29492884828371,0.543965207630383,0.05,0.0014096066689532492,108.7930415260766,0,0.04680434987945127
mill_creek,366,22.319866655619727,0.6292446577581763,0.05,0.0014096066689532492,125.84893155163526,0,0.04680434987945127
mill_creek,367,26.70847920696737,0.7529690081548079,0.05,0.0014096066689532492,150.5938016309616,1,0.04680434987945127
mill_creek,368,27.075726282791187,0.7633224866995045,0.05,0.0014096066689532492,152.66449733990092,0,0.04680434987945127
mill_creek,369,24.749765287849996,0.6977486840956197,0.05,0.0014096066689532492,139.54973681912395,0,0.04680434987945127
mill_creek,370,22.65087385481848,0.6385764568674184,0.05,0.0014096066689532492,127.71529137348368,1,0.04680434987945127
mill_creek,371,20.689024404084783,0.5832677354826886,0.05,0.0014096066689532492,116.65354709653772,1,0.04680434987945127
mill_creek,372,18.813719493645614,0.5303988893211721,0.05,0.0014096066689532492,106.07977786423442,1,0.04680434987945127
mill_creek,373,16.985353994891625,0.4788533653146189,0.05,0.0014096066689532492,95.77067306292378,1,0.04680434987945127
mill_creek,374,15.669034000300298,0.44174349645757016,0.05,0.0014096066689532492,88.34869929151404,1,0.04680434987945127
mill_creek,375,14.601421822016599,0.411645231530282,0.05,0.0014096066689532492,82.3290463060564,1,0.04680434987945127
mill_creek,376,13.367139427122419,0.37684817762599354,0.05,0.0014096066689532492,75.3696355251987,1,0.04680434987945127
mill_creek,377,12.060677017160696,0.3400162151096179,0.05,0.0014096066689532492,68.00324302192358,0,0.04680434987945127
mill_creek,378,11.760808337809552,0.3315622773051464,0.05,0.0014096066689532492,66.31245546102929,0,0.04680434987945127
mill_creek,379,11.847502269833674,0.334006364199926,0.05,0.0014096066689532492,66.8012728399852,0,0.04680434987945127
mill_creek,380,11.482456668545664,0.32371494991897354,0.05,0.0014096066689532492,64.7429899837947,0,0.04680434987945127
mill_creek,381,10.96461681334317,0.3091159396521091,0.05,0.0014096066689532492,61.82318793042182,0,0.04680434987945127
mill_creek,382,10.571563586934362,0.29803493066812015,0.05,0.0014096066689532492,59.60698613362403,0,0.04680434987945127
mill_creek,383,10.215369044475272,0.28799304661821845,0.05,0.0014096066689532492,57.59860932364369,0,0.04680434987945127
mill_creek,384,9.92562526909587,0.2798245514569685,0.05,0.0014096066689532492,55.9649102913937,0,0.04680434987945127
mill_creek,385,9.65283789635059,0.2721340934604089,0.05,0.0014096066689532492,54.42681869208178,0,0.04680434987945127
mill_creek,386,9.778927309760403,0.27568882302094644,0.05,0.0014096066689532492,55.137764604189286,0,0.04680434987945127
mill_creek,387,9.991729067986585,0.28168815857215845,0.05,0.0014096066689532492,56.337631714431694,0,0.04680434987945127
mill_creek,388,10.123107053901458,0.2853919842741435,0.05,0.0014096066689532492,57.078396854828696,0,0.04680434987945127
mill_creek,389,10.239680717577903,0.2886784445489961,0.05,0.0014096066689532492,57.73568890979922,0,0.04680434987945127
mill_creek,390,10.85031681368804,0.3058935788166046,0.05,0.0014096066689532492,61.17871576332092,0,0.04680434987945127
mill_creek,391,11.534205068550232,0.3251738477140555,0.05,0.0014096066689532492,65.0347695428111,0,0.04680434987945127
mill_creek,392,11.949163346039862,0.33687240681979025,0.05,0.0014096066689532492,67.37448136395805,0,0.04680434987945127
mill_creek,393,12.33277395745536,0.3476872083424406,0.05,0.0014096066689532492,69.53744166848811,0,0.04680434987945127
mill_creek,394,11.482004082286482,0.3237021905467891,0.05,0.0014096066689532492,64.74043810935783,0,0.04680434987945127
mill_creek,395,10.524377388875912,0.29670465107880534,0.05,0.0014096066689532492,59.34093021576107,0,0.04680434987945127
mill_creek,396,9.567906475317503,0.2697396955105706,0.05,0.0014096066689532492,53.94793910211412,0,0.04680434987945127
mill_creek,397,8.611502758262127,0.24277663435511188,0.05,0.0014096066689532492,48.55532687102237,0,0.04680434987945127
mill_creek,398,7.823191543460355,0.2205524594432076,0.05,0.0014096066689532492,44.11049188864152,0,0.04680434987945127
mill_creek,399,7.040118338643827,0.19847595520744818,0.05,0.0014096066689532492,39.695191041489636,0,0.04680434987945127
mill_creek,400,6.398255922173406,0.1803804843513051,0.05,0.0014096066689532492,36.07609687026102,0,0.04680434987945127
mill_creek,401,5.759233819435715,0.16236508799875354,0.05,0.0014096066689532492,32.47301759975071,0,0.04680434987945127
mill_creek,402,5.225279041897912,0.14731176369201884,0.05,0.0014096066689532492,29.46235273840377,0,0.04680434987945127
mill_creek,403,4.694251153714092,0.13234095464033738,0.05,0.0014096066689532492,26.468190928067475,0,0.04680434987945127
mill_creek,404,4.226883108979447,0.11916485238606545,0.05,0.0014096066689532492,23.832970477213088,0,0.04680434987945127
mill_creek,405,3.7651648998131866,0.1061480310497072,0.05,0.0014096066689532492,21.22960620994144,0,0.04680434987945127
mill_creek,406,3.3800584609542526,0.0952910589602594,0.05,0.0014096066689532492,19.05821179205188,0,0.04680434987945127
mill_creek,407,2.996685766916874,0.08448296483606614,0.05,0.0014096066689532492,16.896592967213227,0,0.04680434987945127
mill_creek,408,2.630140596147244,0.0741492744922766,0.05,0.0014096066689532492,14.82985489845532,0,0.04680434987945127
mill_creek,409,2.281929843562609,0.06433247051138596,0.05,0.0014096066689532492,12.866494102277192,0,0.04680434987945127
mill_creek,410,2.070587654638133,0.05837428333260359,0.05,0.0014096066689532492,11.674856666520718,0,0.04680434987945127
mill_creek,411,1.864841507119613,0.05257386049953269,0.05,0.0014096066689532492,10.514772099906539,0,0.04680434987945127
mill_creek,412,1.6926716080368467,0.047720023740731185,0.05,0.0014096066689532492,9.544004748146238,0,0.04680434987945127
mill_creek,413,1.5262795083928458,0.04302907547434484,0.05,0.0014096066689532492,8.605815094868968,0,0.04680434987945127
mill_creek,414,1.3885869698955153,0.03914722906372606,0.05,0.0014096066689532492,7.829445812745211,0,0.04680434987945127
mill_creek,415,1.3134382479647737,0.03702862627178832,0.05,0.0014096066689532492,7.405725254357664,0,0.04680434987945127
mill_creek,416,1.5009735556138402,0.04231564667831479,0.05,0.0014096066689532492,8.463129335662959,0,0.04680434987945127
mill_creek,417,1.6159841033177278,0.04555803937918211,0.05,0.0014096066689532492,9.111607875836421,0,0.04680434987945127
mill_creek,418,1.469354694257232,0.041424243521655135,0.05,0.0014096066689532492,8.284848704331027,0,0.04680434987945127
mill_creek,419,1.324929126431365,0.03735257865016109,0.05,0.0014096066689532492,7.470515730032218,0,0.04680434987945127
mill_creek,420,1.1874156061141545,0.033475779143953534,0.05,0.0014096066689532492,6.695155828790707,0,0.04680434987945127
mill_creek,421,1.0587785075368021,0.029849224903364887,0.05,0.0014096066689532492,5.969844980672978,0,0.04680434987945127
mill_creek,422,0.9545744461196792,0.026911490105253073,0.05,0.0014096066689532492,5.382298021050615,0,0.04680434987945127
mill_creek,423,0.8553105305250995,0.024113028557082437,0.05,0.0014096066689532492,4.822605711416488,0,0.04680434987945127
mill_creek,424,0.7680707434419944,0.02165355284367431,0.05,0.0014096066689532492,4.330710568734862,0,0.04680434987945127
mill_creek,425,0.6854972426631768,0.019325629696141558,0.05,0.0014096066689532492,3.8651259392283115,0,0.04680434987945127
mill_creek,426,0.6130272661432088,0.01728254645211291,0.05,0.0014096066689532492,3.4565092904225816,0,0.04680434987945127
mill_creek,427,0.5434261281891111,0.015320341887576286,0.05,0.0014096066689532492,3.064068377515257,0,0.04680434987945127
mill_creek,428,0.4793775810076666,0.013514676702701664,0.05,0.0014096066689532492,2.702935340540333,0,0.04680434987945127
mill_creek,429,0.41950735187895233,0.011826807217669771,0.05,0.0014096066689532492,2.365361443533954,0,0.04680434987945127
mill_creek,430,0.36689420147340246,0.010343530263943702,0.05,0.0014096066689532492,2.06870605278874,0,0.04680434987945127
mill_creek,431,0.3145952413778442,0.008869111005343327,0.05,0.0014096066689532492,1.7738222010686655,0,0.04680434987945127
mill_creek,432,0.2627874802176359,0.007408539692643992,0.05,0.0014096066689532492,1.4817079385287983,0,0.04680434987945127
mill_creek,433,0.21654173022812784,0.0061047733407248875,0.05,0.0014096066689532492,1.2209546681449774,0,0.04680434987945127
mill_creek,434,0.17814173109530446,0.0050221954434163515,0.05,0.0014096066689532492,1.0044390886832704,0,0.04680434987945127
mill_creek,435,0.1511838840544389,0.004262196224027837,0.05,0.0014096066689532492,0.8524392448055674,0,0.04680434987945127
mill_creek,436,0.13881478093082292,0.0039134848189874465,0.05,0.0014096066689532492,0.7826969637974893,0,0.04680434987945127
mill_creek,437,0.1286866633316981,0.0036279515767540637,0.05,0.0014096066689532492,0.7255903153508128,0,0.04680434987945127
mill_creek,438,0.12114429826083295,0.003415316214682632,0.05,0.0014096066689532492,0.6830632429365264,0,0.04680434987945127
mill_creek,439,0.1142705084451336,0.0032215294153787777,0.05,0.0014096066689532492,0.6443058830757555,0,0.04680434987945127
mill_creek,440,0.10809534221067513,0.003047438305259026,0.05,0.0014096066689532492,0.6094876610518052,0,0.04680434987945127
mill_creek,441,0.10249523577308335,0.0028895593576334783,0.05,0.0014096066689532492,0.5779118715266957,0,0.04680434987945127
mill_creek,442,0.09743943727156343,0.0027470256119409516,0.05,0.0014096066689532492,0.5494051223881903,0,0.04680434987945127
mill_creek,443,0.5895246996127492,0.016619958961735844,0.05,0.0014096066689532492,3.3239917923471687,0,0.04680434987945127
mill_creek,444,1.507730871247893,0.04250614982195445,0.05,0.0014096066689532492,8.50122996439089,0,0.04680434987945127
mill_creek,445,1.8652159530621801,0.05258441692948879,0.05,0.0014096066689532492,10.516883385897758,0,0.04680434987945127
mill_creek,446,1.787800287161801,0.05040190415079617,0.05,0.0014096066689532492,10.080380830159234,0,0.04680434987945127
mill_creek,447,1.707680129735997,0.048143145986296224,0.05,0.0014096066689532492,9.628629197259245,0,0.04680434987945127
mill_creek,448,1.625664300680222,0.04583094479436123,0.05,0.0014096066689532492,9.166188958872246,0,0.04680434987945127
mill_creek,449,1.5070948367258137,0.0424882186518743,0.05,0.0014096066689532492,8.49764373037486,0,0.04680434987945127
mill_creek,450,1.3654129847861687,0.03849390498459889,0.05,0.0014096066689532492,7.698780996919778,0,0.04680434987945127
mill_creek,451,1.5431254039146363,0.04350399720778495,0.05,0.0014096066689532492,8.70079944155699,0,0.04680434987945127
mill_creek,452,1.902562149685324,0.05363728588588925,0.05,0.0014096066689532492,10.72745717717785,0,0.04680434987945127
mill_creek,453,2.2203281568531894,0.06259578754329863,0.05,0.0014096066689532492,12.519157508659726,0,0.04680434987945127
mill_creek,454,2.51682652564699,0.07095470910300866,0.05,0.0014096066689532492,14.190941820601733,0,0.04680434987945127
mill_creek,455,2.449339981153823,0.06905211943936508,0.05,0.0014096066689532492,13.810423887873016,0,0.04680434987945127
mill_creek,456,2.2158763162016917,0.06247028065786926,0.05,0.0014096066689532492,12.494056131573853,0,0.04680434987945127
mill_creek,457,2.0082222335327087,0.05661606906255791,0.05,0.0014096066689532492,11.323213812511582,0,0.04680434987945127
mill_creek,458,1.8110314950325637,0.0510568414616455,0.05,0.0014096066689532492,10.2113682923291,0,0.04680434987945127
mill_creek,459,1.646491194298367,0.046418099357115564,0.05,0.0014096066689532492,9.283619871423113,0,0.04680434987945127
mill_creek,460,1.493646572763916,0.04210908340054361,0.05,0.0014096066689532492,8.421816680108723,0,0.04680434987945127
mill_creek,461,1.3596367379257552,0.03833106026267971,0.05,0.0014096066689532492,7.6662120525359425,0,0.04680434987945127
mill_creek,462,1.2315425220138678,0.034719811042605034,0.05,0.0014096066689532492,6.943962208521007,0,0.04680434987945127
mill_creek,463,2.0542044309511924,0.05791240530524229,0.05,0.0014096066689532492,11.582481061048458,0,0.04680434987945127
mill_creek,464,3.1361634648474803,0.08841513869953074,0.05,0.0014096066689532492,17.683027739906148,0,0.04680434987945127
mill_creek,465,4.592449525566226,0.12947094956138674,0.05,0.0014096066689532492,25.894189912277348,0,0.04680434987945127
mill_creek,466,6.136290043406193,0.17299510735633583,0.05,0.0014096066689532492,34.599021471267164,0,0.04680434987945127
mill_creek,467,9.095735037165706,0.2564281753484102,0.05,0.0014096066689532492,51.285635069682044,0,0.04680434987945127
mill_creek,468,12.334575651172639,0.3477380019320263,0.05,0.0014096066689532492,69.54760038640526,0,0.04680434987945127
mill_creek,469,17.90260781788242,0.5047127074348327,0.05,0.0014096066689532492,100.94254148696653,1,0.04680434987945127
mill_creek,470,23.850156819057837,0.6723868021544949,0.05,0.0014096066689532492,134.47736043089898,1,0.04680434987945127
mill_creek,471,28.777436823248706,0.8112973372286437,0.05,0.0014096066689532492,162.25946744572875,1,0.04680434987945127
mill_creek,472,33.5716382626155,0.9464561036533777,0.05,0.0014096066689532492,189.29122073067555,1,0.04680434987945127
mill_creek,473,31.723325194354334,0.89434821510669,0.05,0.0014096066689532492,178.86964302133802,1,0.04680434987945127
mill_creek,474,29.212767477296378,0.8235702370915512,0.05,0.0014096066689532492,164.71404741831023,1,0.04680434987945127
mill_creek,475,27.605919558917726,0.7782697662567474,0.05,0.0014096066689532492,155.65395325134946,1,0.04680434987945127
mill_creek,476,26.062862920445948,0.7347677076934992,0.05,0.0014096066689532492,146.95354153869985,1,0.04680434987945127
mill_creek,477,25.413277161065622,0.7164544993239079,0.05,0.0014096066689532492,143.29089986478158,1,0.04680434987945127
mill_creek,478,24.802092728866974,0.6992239062921555,0.05,0.0014096066689532492,139.84478125843108,1,0.04680434987945127
mill_creek,479,23.908150632827848,0.6740217714874596,0.05,0.0014096066689532492,134.80435429749193,1,0.04680434987945127
mill_creek,480,22.999505549248713,0.6484051280969649,0.05,0.0014096066689532492,129.68102561939298,1,0.04680434987945127
mill_creek,481,20.89185524795031,0.5889859696863339,0.05,0.0014096066689532492,117.79719393726677,1,0.04680434987945127
mill_creek,482,18.79680007356057,0.529921894773438,0.05,0.0014096066689532492,105.9843789546876,0,0.04680434987945127
mill_creek,483,17.07120195515363,0.481273602460646,0.05,0.0014096066689532492,96.2547204921292,0,0.04680434987945127
mill_creek,484,15.362851919543207,0.43311157039858655,0.05,0.0014096066689532492,86.62231407971731,0,0.04680434987945127
mill_creek,485,13.93622056960947,0.3928917890984991,0.05,0.0014096066689532492,78.57835781969982,0,0.04680434987945127
mill_creek,486,12.578766608025155,0.354622265957574,0.05,0.0014096066689532492,70.9244531915148,0,0.04680434987945127
mill_creek,487,11.991487570064903,0.3380656169886696,0.05,0.0014096066689532492,67.61312339773391,0,0.04680434987945127
mill_creek,488,11.354753654833054,0.3201147295234791,0.05,0.0014096066689532492,64.02294590469582,0,0.04680434987945127
mill_creek,489,10.305895762337688,0.2905451879225647,0.05,0.0014096066689532492,58.10903758451293,0,0.04680434987945127
mill_creek,490,9.282256772504057,0.2616866209891637,0.05,0.0014096066689532492,52.337324197832736,0,0.04680434987945127
mill_creek,491,8.424642225193619,0.23750863728356134,0.05,0.0014096066689532492,47.50172745671227,0,0.04680434987945127
mill_creek,492,7.59025513177466,0.21398548505612366,0.05,0.0014096066689532492,42.797097011224736,0,0.04680434987945127
mill_creek,493,6.880970290016885,0.19398923219353947,0.05,0.0014096066689532492,38.79784643870789,0,0.04680434987945127
mill_creek,494,6.194991841891328,0.17465003628881975,0.05,0.0014096066689532492,34.930007257763954,0,0.04680434987945127
mill_creek,495,5.614245292287298,0.15827755210295116,0.05,0.0014096066689532492,31.655510420590232,0,0.04680434987945127
mill_creek,496,5.056660684292373,0.14255805246424458,0.05,0.0014096066689532492,28.511610492848916,0,0.04680434987945127
mill_creek,497,4.588326757964573,0.12935471994727005,0.05,0.0014096066689532492,25.87094398945401,0,0.04680434987945127
mill_creek,498,4.13958884989271,0.11670384099066548,0.05,0.0014096066689532492,23.340768198133098,0,0.04680434987945127
mill_creek,499,3.756171002673996,0.10589447390196154,0.05,0.0014096066689532492,21.17889478039231,0,0.04680434987945127
mill_creek,500,3.390495208760095,0.09558529314644539,0.05,0.0014096066689532492,19.117058629289076,0,0.04680434987945127
mill_creek,501,3.0765193766269108,0.08673364460914372,0.05,0.0014096066689532492,17.346728921828745,0,0.04680434987945127
mill_creek,502,2.7785044383412645,0.07833196772004096,0.05,0.0014096066689532492,15.666393544008193,0,0.04680434987945127
mill_creek,503,2.521487090134608,0.0710861003586653,0.05,0.0014096066689532492,14.217220071733061,0,0.04680434987945127
mill_creek,504,2.273249745906101,0.0640877600405104,0.05,0.0014096066689532492,12.817552008102078,0,0.04680434987945127
mill_creek,505,2.0450244828169906,0.05765360298302998,0.05,0.0014096066689532492,11.530720596605997,0,0.04680434987945127
mill_creek,506,1.8271848311471732,0.05151223846790543,0.05,0.0014096066689532492,10.302447693581087,0,0.04680434987945127
mill_creek,507,1.63046258936331,0.04596621878890609,0.05,0.0014096066689532492,9.193243757781218,0,0.04680434987945127
mill_creek,508,1.4358829043897812,0.04048060235727592,0.05,0.0014096066689532492,8.096120471455185,0,0.04680434987945127
mill_creek,509,1.2452063267839162,0.035105022849147745,0.05,0.0014096066689532492,7.021004569829549,0,0.04680434987945127
mill_creek,510,1.0488964749859435,0.029570629323634818,0.05,0.0014096066689532492,5.914125864726963,0,0.04680434987945127
mill_creek,511,0.843361116177706,0.023776149073999008,0.05,0.0014096066689532492,4.755229814799802,0,0.04680434987945127
mill_creek,512,0.6533275956879743,0.01841869871785921,0.05,0.0014096066689532492,3.683739743571842,0,0.04680434987945127
mill_creek,513,0.48617774128746905,0.013706387728308875,0.05,0.0014096066689532492,2.741277545661775,0,0.04680434987945127
mill_creek,514,0.3733734997327771,0.010526195504674736,0.05,0.0014096066689532492,2.105239100934947,0,0.04680434987945127
mill_creek,515,0.33303007530584994,0.009388828302262578,0.05,0.0014096066689532492,1.8777656604525155,0,0.04680434987945127
mill_creek,516,0.29251851229157094,0.008246720914369628,0.05,0.0014096066689532492,1.6493441828739255,0,0.04680434987945127
mill_creek,517,0.25180416395072813,0.007098896575502875,0.05,0.0014096066689532492,1.419779315100575,0,0.04680434987945127
mill_creek,518,0.20994289342772515,0.005918738053501253,0.05,0.0014096066689532492,1.1837476107002505,0,0.04680434987945127
mill_creek,519,0.16682923661385346,0.004703272090145348,0.05,0.0014096066689532492,0.9406544180290697,0,0.04680434987945127
mill_creek,520,0.13064730901520696,0.0036832263613726336,0.05,0.0014096066689532492,0.7366452722745267,0,0.04680434987945127
mill_creek,521,0.1013213540283389,0.0028564651269143934,0.05,0.0014096066689532492,0.5712930253828786,0,0.04680434987945127
mill_creek,522,0.08565056196805221,0.0024146720669951985,0.05,0.0014096066689532492,0.4829344133990397,0,0.04680434987945127
mill_creek,523,0.08221252002949801,0.0023177463301006593,0.05,0.0014096066689532492,0.46354926602013186,0,0.04680434987945127
mill_creek,524,0.07911861398624788,0.0022305225182670564,0.05,0.0014096066689532492,0.44610450365341126,0,0.04680434987945127
mill_creek,525,0.07630378332078172,0.0021511664367067523,0.05,0.0014096066689532492,0.43023328734135047,0,0.04680434987945127
mill_creek,526,0.0737833231754744,0.0020801092881136307,0.05,0.0014096066689532492,0.41602185762272614,0,0.04680434987945127
mill_creek,527,0.07147873474495028,0.002015138023696445,0.05,0.0014096066689532492,0.403027604739289,0,0.04680434987945127
mill_creek,528,0.06429812110214185,0.0018127012061348558,0.05,0.0014096066689532492,0.36254024122697115,0,0.04680434987945127
mill_creek,529,0.05388908893978328,0.0015192483830666656,0.05,0.0014096066689532492,0.3038496766133331,0,0.04680434987945127
mill_creek,530,0.05,0.0014096066689532492,0.05,0.0014096066689532492,0.2819213337906498,0,0.04680434987945127
mill_creek,531,0.05,0.0014096066689532492,0.05,0.0014096066689532492,0.2819213337906498,0,0.04680434987945127
mill_creek,532,0.05,0.0014096066689532492,0.05,0.0014096066689532492,0.2819213337906498,0,0.04680434987945127
mill_creek,533,0.05,0.0014096066689532492,0.05,0.0014096066689532492,0.2819213337906498,0,0.04680434987945127
mill_creek,534,0.05,0.0014096066689532492,0.05,0.0014096066689532492,0.2819213337906498,0,0.04680434987945127
mill_creek,535,0.05,0.0014096066689532492,0.05,0.0014096066689532492,0.2819213337906498,0,0.04680434987945127
mill_creek,536,0.05,0.0014096066689532492,0.05,0.0014096066689532492,0.2819213337906498,0,0.04680434987945127
mill_creek,537,0.05,0.0014096066689532492,0.05,0.0014096066689532492,0.2819213337906498,0,0.04680434987945127
mill_creek,538,0.10405687966883809,0.002933585430633198,0.05,0.0014096066689532492,0.5867170861266396,0,0.04680434987945127
mill_creek,539,0.1785898501213305,0.005034828874767773,0.05,0.0014096066689532492,1.0069657749535545,0,0.04680434987945127
mill_creek,540,2.459916273277064,0.06935028767755944,0.05,0.0014096066689532492,13.870057535511886,0,0.04680434987945127
mill_creek,541,5.4768405140010135,0.15440381826658336,0.05,0.0014096066689532492,30.880763653316674,0,0.04680434987945127
mill_creek,542,7.815500382659441,0.22033562921206837,0.05,0.0014096066689532492,44.067125842413674,0,0.04680434987945127
mill_creek,543,9.956934441000802,0.28070722380730045,0.05,0.0014096066689532492,56.14144476146009,0,0.04680434987945127
mill_creek,544,9.628069245123887,0.2714358123414061,0.05,0.0014096066689532492,54.287162468281224,0,0.04680434987945127
mill_creek,545,8.679506985473592,0.24469381859899775,0.05,0.0014096066689532492,48.93876371979955,0,0.04680434987945127
mill_creek,546,7.872657775108003,0.22194701804357778,0.05,0.0014096066689532492,44.389403608715554,0,0.04680434987945127
mill_creek,547,7.096040681923164,0.20005252536804904,0.05,0.0014096066689532492,40.01050507360981,0,0.04680434987945127
mill_creek,548,6.438929165247025,0.18152714984499566,0.05,0.0014096066689532492,36.30542996899913,0,0.04680434987945127
mill_creek,549,5.803088867690568,0.16360145536849968,0.05,0.0014096066689532492,32.72029107369994,0,0.04680434987945127
mill_creek,550,5.267941253717709,0.14851450245788844,0.05,0.0014096066689532492,29.702900491577687,0,0.04680434987945127
mill_creek,551,4.747359248061983,0.13383818511970108,0.05,0.0014096066689532492,26.767637023940217,0,0.04680434987945127
mill_creek,552,4.311550652179114,0.12155181105682819,0.05,0.0014096066689532492,24.31036221136564,0,0.04680434987945127
mill_creek,553,3.8853341546497555,0.10953585871012259,0.05,0.0014096066689532492,21.907171742024516,0,0.04680434987945127
mill_creek,554,3.5304345280738247,0.0995304811015136,0.05,0.0014096066689532492,19.906096220302718,0,0.04680434987945127
mill_creek,555,3.181477974077353,0.08969265138774618,0.05,0.0014096066689532492,17.938530277549237,0,0.04680434987945127
mill_creek,556,2.918965677516401,0.08229186970945515,0.05,0.0014096066689532492,16.45837394189103,0,0.04680434987945127
mill_creek,557,2.6612140791910583,0.0750253022707999,0.05,0.0014096066689532492,15.00506045415998,0,0.04680434987945127
mill_creek,558,2.7479034511905063,0.07746926060875572,0.05,0.0014096066689532492,15.493852121751145,0,0.04680434987945127
mill_creek,559,2.8443227941030877,0.08018752758446904,0.05,0.0014096066689532492,16.03750551689381,0,0.04680434987945127
mill_creek,560,5.394725258800465,0.15208881403951358,0.05,0.0014096066689532492,30.417762807902715,0,0.04680434987945127
mill_creek,561,7.886261410119146,0.22233053353625207,0.05,0.0014096066689532492,44.46610670725041,0,0.04680434987945127
mill_creek,562,7.457413974418769,0.21024040942971703,0.05,0.0014096066689532492,42.048081885943404,0,0.04680434987945127
mill_creek,563,7.08169165665975,0.19964799573396333,0.05,0.0014096066689532492,39.92959914679267,0,0.04680434987945127
mill_creek,564,7.790346746294637,0.21962649454070332,0.05,0.0014096066689532492,43.92529890814066,0,0.04680434987945127
mill_creek,565,8.521436274332068,0.24023746802717225,0.05,0.0014096066689532492,48.04749360543445,0,0.04680434987945127
mill_creek,566,9.544173501603076,0.2690706123501316,0.05,0.0014096066689532492,53.81412247002631,0,0.04680434987945127
mill_creek,567,10.432626923408906,0.2941180097187682,0.05,0.0014096066689532492,58.823601943753644,0,0.04680434987945127
mill_creek,568,10.058812573840335,0.28357938571672264,0.05,0.0014096066689532492,56.71587714334453,0,0.04680434987945127
mill_creek,569,9.647297081429087,0.27197788606711315,0.05,0.0014096066689532492,54.39557721342263,0,0.04680434987945127
mill_creek,570,8.961591459253057,0.2526463817079518,0.05,0.0014096066689532492,50.529276341590354,0,0.04680434987945127
mill_creek,571,8.264479309333044,0.23299330299724003,0.05,0.0014096066689532492,46.598660599448,0,0.04680434987945127
mill_creek,572,7.500434515481334,0.21145325026139242,0.05,0.0014096066689532492,42.29065005227849,0,0.04680434987945127
mill_creek,573,6.759980010400396,0.19057825809302104,0.05,0.0014096066689532492,38.115651618604204,0,0.04680434987945127
mill_creek,574,6.134433040944875,0.17294275449526111,0.05,0.0014096066689532492,34.58855089905222,0,0.04680434987945127
mill_creek,575,5.531003825315709,0.15593079756341913,0.05,0.0014096066689532492,31.186159512683826,0,0.04680434987945127
mill_creek,576,5.01884928392774,0.14149206842191564,0.05,0.0014096066689532492,28.298413684383128,0,0.04680434987945127
mill_creek,577,4.8316805199849835,0.13621538166444672,0.05,0.0014096066689532492,27.243076332889345,0,0.04680434987945127
mill_creek,578,5.79821126597319,0.1634639453703134,0.05,0.0014096066689532492,32.69278907406268,0,0.04680434987945127
mill_creek,579,6.603461372099723,0.18616566376573884,0.05,0.0014096066689532492,37.23313275314777,0,0.04680434987945127
mill_creek,580,6.910372422473691,0.1948181410333907,0.05,0.0014096066689532492,38.963628206678145,0,0.04680434987945127
mill_creek,581,7.462837819499823,0.2103933191936695,0.05,0.0014096066689532492,42.078663838733895,0,0.04680434987945127
mill_creek,582,8.68180787172459,0.24475868549107596,0.05,0.0014096066689532492,48.95173709821519,0,0.04680434987945127
mill_creek,583,9.384022351620136,0.2645556097690019,0.05,0.0014096066689532492,52.911121953800375,0,0.04680434987945127
mill_creek,584,8.845057559658997,0.24936104246741347,0.05,0.0014096066689532492,49.872208493482695,0,0.04680434987945127
mill_creek,585,8.334922403790511,0.234979244111819,0.05,0.0014096066689532492,46.9958488223638,0,0.04680434987945127
mill_creek,586,7.886423021637376,0.2223350897097296,0.05,0.0014096066689532492,44.46701794194592,0,0.04680434987945127
mill_creek,587,7.3542636041757286,0.2073323804337253,0.05,0.0014096066689532492,41.46647608674506,0,0.04680434987945127
mill_creek,588,6.662146199204137,0.18782011423879386,0.05,0.0014096066689532492,37.56402284775877,0,0.04680434987945127
mill_creek,589,6.016214471443054,0.1696099208159835,0.05,0.0014096066689532492,33.9219841631967,0,0.04680434987945127
mill_creek,590,5.449556667252284,0.15363462841994924,0.05,0.0014096066689532492,30.726925683989847,0,0.04680434987945127
mill_creek,591,4.934232522733861,0.13910654140423334,0.05,0.0014096066689532492,27.82130828084667,0,0.04680434987945127
mill_creek,592,4.498242215890922,0.1268150445217377,0.05,0.0014096066689532492,25.363008904347538,0,0.04680434987945127
mill_creek,593,4.141939617070902,0.1167701141324962,0.05,0.0014096066689532492,23.35402282649924,0,0.04680434987945127
mill_creek,594,3.8967804004934052,0.10985855279963636,0.05,0.0014096066689532492,21.97171055992727,0,0.04680434987945127
mill_creek,595,3.6218275018079256,0.10210704400693477,0.05,0.0014096066689532492,20.421408801386953,0,0.04680434987945127
mill_creek,596,3.309308656116697,0.09329647102573621,0.05,0.0014096066689532492,18.65929420514724,0,0.04680434987945127
mill_creek,597,3.0099980013170855,0.0848582651238503,0.05,0.0014096066689532492,16.97165302477006,0,0.04680434987945127
mill_creek,598,2.7257602231820286,0.07684499577129769,0.05,0.0014096066689532492,15.368999154259539,0,0.04680434987945127
mill_creek,599,2.464592397962652,0.06948211760839268,0.05,0.0014096066689532492,13.896423521678535,0,0.04680434987945127
mill_creek,600,2.2272678201700997,0.06279143145713477,0.05,0.0014096066689532492,12.558286291426954,0,0.04680434987945127
mill_creek,601,1.9929684361638695,0.05618603197259837,0.05,0.0014096066689532492,11.237206394519674,0,0.04680434987945127
mill_creek,602,1.7615011484682395,0.049660475324992764,0.05,0.0014096066689532492,9.932095064998553,0,0.04680434987945127
mill_creek,603,1.5732135936135316,0.044352247464910816,0.05,0.0014096066689532492,8.870449492982162,0,0.04680434987945127
mill_creek,604,1.421530177766112,0.04007596837394818,0.05,0.0014096066689532492,8.015193674789636,0,0.04680434987945127
mill_creek,605,1.276413714237622,0.035984825678654776,0.05,0.0014096066689532492,7.196965135730955,0,0.04680434987945127
mill_creek,606,1.1363340393809227,0.03203568080139865,0.05,0.0014096066689532492,6.40713616027973,0,0.04680434987945127
mill_creek,607,1.0073327722523735,0.0283988598724422,0.05,0.0014096066689532492,5.67977197448844,0,0.04680434987945127
mill_creek,608,0.8860090993168157,0.024978486703004902,0.05,0.0014096066689532492,4.99569734060098,0,0.04680434987945127
mill_creek,609,0.7893957680385607,0.022254750781412546,0.05,0.0014096066689532492,4.450950156282509,0,0.04680434987945127
mill_creek,610,0.7082264002961253,0.01996641313972343,0.05,0.0014096066689532492,3.993282627944686,0,0.04680434987945127
mill_creek,611,0.6401195090658599,0.01804633457812632,0.05,0.0014096066689532492,3.6092669156252635,0,0.04680434987945127
mill_creek,612,0.5793567569905084,0.016333302967138953,0.05,0.0014096066689532492,3.266660593427791,0,0.04680434987945127
mill_creek,613,0.5279369798343693,0.014883669751231279,0.05,0.0014096066689532492,2.9767339502462558,0,0.04680434987945127
mill_creek,614,0.48122729747221515,0.013566824155983672,0.05,0.0014096066689532492,2.7133648311967344,0,0.04680434987945127
mill_creek,615,0.4403561433116656,0.012414579126533131,0.05,0.0014096066689532492,2.4829158253066264,0,0.04680434987945127
mill_creek,616,0.4021134898952659,0.011336437140648636,0.05,0.0014096066689532492,2.2672874281297273,0,0.04680434987945127
mill_creek,617,0.3688224200396444,0.010397890858947184,0.05,0.0014096066689532492,2.0795781717894366,0,0.04680434987945127
mill_creek,618,0.3375119836083352,0.00951518285891898,0.05,0.0014096066689532492,1.903036571783796,0,0.04680434987945127
mill_creek,619,0.29503807510747365,0.008317752765332488,0.05,0.0014096066689532492,1.6635505530664976,0,0.04680434987945127
mill_creek,620,0.2486216764705276,0.007009175463983856,0.05,0.0014096066689532492,1.401835092796771,0,0.04680434987945127
mill_creek,621,0.21416632242877068,0.00603780552721574,0.05,0.0014096066689532492,1.207561105443148,0,0.04680434987945127
mill_creek,622,0.18341114765027444,0.005170751537763918,0.05,0.0014096066689532492,1.0341503075527836,0,0.04680434987945127
mill_creek,623,0.14508609072838916,0.00409028642126187,0.05,0.0014096066689532492,0.818057284252374,0,0.04680434987945127
mill_creek,624,0.10473008981681366,0.002952564660917066,0.05,0.0014096066689532492,0.5905129321834132,0,0.04680434987945127
mill_creek,625,0.08912505120822586,0.0025126253310783003,0.05,0.0014096066689532492,0.5025250662156601,0,0.04680434987945127
mill_creek,626,0.07920604448005589,0.0022329873704098895,0.05,0.0014096066689532492,0.4465974740819779,0,0.04680434987945127
mill_creek,627,0.07139356126449263,0.0020127368015750236,0.05,0.0014096066689532492,0.4025473603150047,0,0.04680434987945127
mill_creek,628,0.06398856948251573,0.0018039742855866508,0.05,0.0014096066689532492,0.36079485711733017,0,0.04680434987945127
mill_creek,629,0.06194453906942098,0.0017463487075498182,0.05,0.0014096066689532492,0.34926974150996365,0,0.04680434987945127
mill_creek,630,0.060754164925257495,0.0017127895209065709,0.05,0.0014096066689532492,0.34255790418131415,0,0.04680434987945127
mill_creek,631,0.059755264315620685,0.0016846283816872607,0.05,0.0014096066689532492,0.33692567633745213,0,0.04680434987945127
mill_creek,632,0.05878066839612516,0.0016571524435341502,0.05,0.0014096066689532492,0.33143048870683006,0,0.04680434987945127
mill_creek,633,0.05758492758386708,0.0016234419590681788,0.05,0.0014096066689532492,0.32468839181363573,0,0.04680434987945127
mill_creek,634,0.05636787160122223,0.0015891305544756661,0.05,0.0014096066689532492,0.31782611089513324,0,0.04680434987945127
mill_creek,635,0.053786925689740576,0.001516368183095023,0.05,0.0014096066689532492,0.3032736366190046,0,0.04680434987945127
mill_creek,636,0.05111398720241351,0.0014410123447462623,0.05,0.0014096066689532492,0.28820246894925244,0,0.04680434987945127
mill_creek,637,0.05051895147737939,0.0014242370182207917,0.05,0.0014096066689532492,0.28484740364415834,0,0.04680434987945127
mill_creek,638,0.05000703186283716,0.0014098049121682578,0.05,0.0014096066689532492,0.28196098243365153,0,0.04680434987945127
mill_creek,639,0.05,0.0014096066689532492,0.05,0.0014096066689532492,0.2819213337906498,0,0.04680434987945127
mill_creek,640,0.05,0.0014096066689532492,0.05,0.0014096066689532492,0.2819213337906498,0,0.04680434987945127
mill_creek,641,0.05,0.0014096066689532492,0.05,0.0014096066689532492,0.2819213337906498,0,0.04680434987945127
mill_creek,642,0.05,0.0014096066689532492,0.05,0.0014096066689532492,0.2819213337906498,0,0.04680434987945127
mill_creek,643,0.05,0.0014096066689532492,0.05,0.0014096066689532492,0.2819213337906498,0,0.04680434987945127
mill_creek,644,0.05,0.0014096066689532492,0.05,0.0014096066689532492,0.2819213337906498,0,0.04680434987945127
mill_creek,645,0.05,0.0014096066689532492,0.05,0.0014096066689532492,0.2819213337906498,0,0.04680434987945127
mill_creek,646,0.05,0.0014096066689532492,0.05,0.0014096066689532492,0.2819213337906498,0,0.04680434987945127
mill_creek,647,0.05,0.0014096066689532492,0.05,0.0014096066689532492,0.2819213337906498,0,0.04680434987945127
mill_creek,648,0.05,0.0014096066689532492,0.05,0.0014096066689532492,0.2819213337906498,0,0.04680434987945127
mill_creek,649,0.05,0.0014096066689532492,0.05,0.0014096066689532492,0.2819213337906498,0,0.04680434987945127
mill_creek,650,0.05,0.0014096066689532492,0.05,0.0014096066689532492,0.2819213337906498,0,0.04680434987945127
mill_creek,651,0.05,0.0014096066689532492,0.05,0.0014096066689532492,0.2819213337906498,0,0.04680434987945127
mill_creek,652,0.05,0.0014096066689532492,0.05,0.0014096066689532492,0.2819213337906498,0,0.04680434987945127
mill_creek,653,0.05,0.0014096066689532492,0.05,0.0014096066689532492,0.2819213337906498,0,0.04680434987945127
mill_creek,654,0.05,0.0014096066689532492,0.05,0.0014096066689532492,0.2819213337906498,0,0.04680434987945127
mill_creek,655,0.05,0.0014096066689532492,0.05,0.0014096066689532492,0.2819213337906498,0,0.04680434987945127
mill_creek,656,0.05,0.0014096066689532492,0.05,0.0014096066689532492,0.2819213337906498,0,0.04680434987945127
mill_creek,657,0.05,0.0014096066689532492,0.05,0.0014096066689532492,0.2819213337906498,0,0.04680434987945127
mill_creek,658,0.05,0.0014096066689532492,0.05,0.0014096066689532492,0.2819213337906498,0,0.04680434987945127
mill_creek,659,0.05,0.0014096066689532492,0.05,0.0014096066689532492,0.2819213337906498,0,0.04680434987945127
mill_creek,660,0.05,0.0014096066689532492,0.05,0.0014096066689532492,0.2819213337906498,0,0.04680434987945127
mill_creek,661,0.05,0.0014096066689532492,0.05,0.0014096066689532492,0.2819213337906498,0,0.04680434987945127
mill_creek,662,0.05,0.0014096066689532492,0.05,0.0014096066689532492,0.2819213337906498,0,0.04680434987945127
mill_creek,663,0.05,0.0014096066689532492,0.05,0.0014096066689532492,0.2819213337906498,0,0.04680434987945127
mill_creek,664,0.05,0.0014096066689532492,0.05,0.0014096066689532492,0.2819213337906498,0,0.04680434987945127
mill_creek,665,0.05,0.0014096066689532492,0.05,0.0014096066689532492,0.2819213337906498,0,0.04680434987945127
mill_creek,666,0.05,0.0014096066689532492,0.05,0.0014096066689532492,0.2819213337906498,0,0.04680434987945127
mill_creek,667,0.05,0.0014096066689532492,0.05,0.0014096066689532492,0.2819213337906498,0,0.04680434987945127
mill_creek,668,0.05,0.0014096066689532492,0.05,0.0014096066689532492,0.2819213337906498,0,0.04680434987945127
mill_creek,669,0.05,0.0014096066689532492,0.05,0.0014096066689532492,0.2819213337906498,0,0.04680434987945127
mill_creek,670,0.05,0.0014096066689532492,0.05,0.0014096066689532492,0.2819213337906498,0,0.04680434987945127
mill_creek,671,0.05,0.0014096066689532492,0.05,0.0014096066689532492,0.2819213337906498,0,0.04680434987945127
mill_creek,672,0.05,0.0014096066689532492,0.05,0.0014096066689532492,0.2819213337906498,0,0.04680434987945127
mill_creek,673,0.05,0.0014096066689532492,0.05,0.0014096066689532492,0.2819213337906498,0,0.04680434987945127
mill_creek,674,0.05,0.0014096066689532492,0.05,0.0014096066689532492,0.2819213337906498,0,0.04680434987945127
mill_creek,675,0.05,0.0014096066689532492,0.05,0.0014096066689532492,0.2819213337906498,0,0.04680434987945127
mill_creek,676,0.15621972094017123,0.004404167209185617,0.05,0.0014096066689532492,0.8808334418371234,0,0.04680434987945127
mill_creek,677,0.3891352536042193,0.010970552972106426,0.05,0.0014096066689532492,2.1941105944212853,0,0.04680434987945127
mill_creek,678,0.4897738844094057,0.013807770674852721,0.05,0.0014096066689532492,2.7615541349705444,0,0.04680434987945127
mill_creek,679,0.44755346120695294,0.012617486872608604,0.05,0.0014096066689532492,2.5234973745217206,0,0.04680434987945127
mill_creek,680,0.4092017210666677,0.01153626949925444,0.05,0.0014096066689532492,2.307253899850888,0,0.04680434987945127
mill_creek,681,0.37463456218284974,0.010561747545466514,0.05,0.0014096066689532492,2.1123495090933027,0,0.04680434987945127
mill_creek,682,0.34338974074905304,0.009680889372199849,0.05,0.0014096066689532492,1.9361778744399698,0,0.04680434987945127
mill_creek,683,0.3150885447243408,0.008883018279084096,0.05,0.0014096066689532492,1.7766036558168192,0,0.04680434987945127
mill_creek,684,0.2896342925761644,0.008165408607458359,0.05,0.0014096066689532492,1.6330817214916717,0,0.04680434987945127
mill_creek,685,0.2664632330418442,0.007512167006532546,0.05,0.0014096066689532492,1.5024334013065093,0,0.04680434987945127
mill_creek,686,0.2457269051230956,0.006927565684055158,0.05,0.0014096066689532492,1.3855131368110316,0,0.04680434987945127
mill_creek,687,0.22675604610094682,0.006392736696187302,0.05,0.0014096066689532492,1.2785473392374604,0,0.04680434987945127
mill_creek,688,0.20986360282673713,0.005916502682302492,0.05,0.0014096066689532492,1.1833005364604985,0,0.04680434987945127
mill_creek,689,0.19433157713299704,0.005478621742297507,0.05,0.0014096066689532492,1.0957243484595014,0,0.04680434987945127
mill_creek,690,0.1805708278116611,0.005090676862034526,0.05,0.0014096066689532492,1.018135372406905,0,0.04680434987945127
mill_creek,691,0.16785428071859868,0.004732170270265749,0.05,0.0014096066689532492,0.9464340540531498,0,0.04680434987945127
mill_creek,692,0.1566449267622722,0.004416154668435844,0.05,0.0014096066689532492,0.8832309336871689,0,0.04680434987945127
mill_creek,693,0.14623349858421802,0.004122634296573584,0.05,0.0014096066689532492,0.8245268593147168,0,0.04680434987945127
mill_creek,694,0.13710271909041807,0.003865218143229545,0.05,0.0014096066689532492,0.773043628645909,0,0.04680434987945127
mill_creek,695,0.12857856265758213,0.0036249039881310198,0.05,0.0014096066689532492,0.7249807976262039,0,0.04680434987945127
mill_creek,696,0.12114111737532232,0.0034152265387340534,0.05,0.0014096066689532492,0.6830453077468107,0,0.04680434987945127
mill_creek,697,0.11416212835971201,0.003218473949554938,0.05,0.0014096066689532492,0.6436947899109876,0,0.04680434987945127
mill_creek,698,0.6235897280148801,0.017580324786010352,0.05,0.0014096066689532492,3.5160649572020706,0,0.04680434987945127
mill_creek,699,1.3259390343811126,0.037381050109780954,0.05,0.0014096066689532492,7.476210021956191,0,0.04680434987945127
mill_creek,700,1.3994601856256268,0.03945376821184871,0.05,0.0014096066689532492,7.890753642369742,0,0.04680434987945127
mill_creek,701,1.2664319428519444,0.03570341824839042,0.05,0.0014096066689532492,7.140683649678084,0,0.04680434987945127
mill_creek,702,1.1521516177060216,0.03248161207927364,0.05,0.0014096066689532492,6.496322415854729,0,0.04680434987945127
mill_creek,703,1.043237304319284,0.029411085229385455,0.05,0.0014096066689532492,5.882217045877091,0,0.04680434987945127
mill_creek,704,0.9501606341893014,0.026787055330601755,0.05,0.0014096066689532492,5.357411066120351,0,0.04680434987945127
mill_creek,705,0.8609891363692065,0.02427312057044664,0.05,0.0014096066689532492,4.854624114089328,0,0.04680434987945127
mill_creek,706,0.7851840647229604,0.022136013879786094,0.05,0.0014096066689532492,4.427202775957219,0,0.04680434987945127
mill_creek,707,0.7121766171596224,0.020077778180415375,0.05,0.0014096066689532492,4.015555636083075,0,0.04680434987945127
mill_creek,708,0.6504398881738843,0.01833728808246226,0.05,0.0014096066689532492,3.667457616492452,0,0.04680434987945127
mill_creek,709,0.5906664456500513,0.016652147218304485,0.05,0.0014096066689532492,3.330429443660897,0,0.04680434987945127
mill_creek,710,0.6465315231353166,0.018227102934000886,0.05,0.0014096066689532492,3.645420586800177,0,0.04680434987945127
mill_creek,711,0.7187092445090204,0.02026194688196533,0.05,0.0014096066689532492,4.052389376393066,0,0.04680434987945127
mill_creek,712,1.4842939138097782,0.04184541199185965,0.05,0.0014096066689532492,8.36908239837193,0,0.04680434987945127
mill_creek,713,2.3259842237367248,0.06557445747318666,0.05,0.0014096066689532492,13.114891494637332,0,0.04680434987945127
mill_creek,714,2.914286968911833,0.0821599669324334,0.05,0.0014096066689532492,16.431993386486678,0,0.04680434987945127
mill_creek,715,3.4822886332314344,0.09817314561246249,0.05,0.0014096066689532492,19.6346291224925,0,0.04680434987945127
mill_creek,716,3.2085241750299414,0.09045514149239856,0.05,0.0014096066689532492,18.09102829847971,0,0.04680434987945127
mill_creek,717,2.8909684156566926,0.08150256716885765,0.05,0.0014096066689532492,16.30051343377153,0,0.04680434987945127
mill_creek,718,2.626146141616063,0.07403666229735693,0.05,0.0014096066689532492,14.807332459471386,0,0.04680434987945127
mill_creek,719,2.3626607728373754,0.06660844763731603,0.05,0.0014096066689532492,13.321689527463207,0,0.04680434987945127
feather,0,0.05,0.0015475560400111533,0.05,0.0015475560400111533,0.30951120800223064,0,0.042326043678519575
feather,1,0.05,0.0015475560400111533,0.05,0.0015475560400111533,0.30951120800223064,0,0.042326043678519575
feather,2,0.05,0.0015475560400111533,0.05,0.0015475560400111533,0.30951120800223064,0,0.042326043678519575
feather,3,0.05,0.0015475560400111533,0.05,0.0015475560400111533,0.30951120800223064,0,0.042326043678519575
feather,4,0.05,0.0015475560400111533,0.05,0.0015475560400111533,0.30951120800223064,0,0.042326043678519575
feather,5,0.05,0.0015475560400111533,0.05,0.0015475560400111533,0.30951120800223064,0,0.042326043678519575
feather,6,0.05,0.0015475560400111533,0.05,0.0015475560400111533,0.30951120800223064,0,0.042326043678519575
feather,7,0.05,0.0015475560400111533,0.05,0.0015475560400111533,0.30951120800223064,0,0.042326043678519575
feather,8,0.05,0.0015475560400111533,0.05,0.0015475560400111533,0.30951120800223064,0,0.042326043678519575
feather,9,0.05,0.0015475560400111533,0.05,0.0015475560400111533,0.30951120800223064,0,0.042326043678519575
feather,10,0.05,0.0015475560400111533,0.05,0.0015475560400111533,0.30951120800223064,0,0.042326043678519575
feather,11,0.05,0.0015475560400111533,0.05,0.0015475560400111533,0.30951120800223064,0,0.042326043678519575
feather,12,0.05,0.0015475560400111533,0.05,0.0015475560400111533,0.30951120800223064,0,0.042326043678519575
feather,13,0.05,0.0015475560400111533,0.05,0.0015475560400111533,0.30951120800223064,0,0.042326043678519575
feather,14,0.05,0.0015475560400111533,0.05,0.0015475560400111533,0.30951120800223064,0,0.042326043678519575
feather,15,0.05,0.0015475560400111533,0.05,0.0015475560400111533,0.30951120800223064,0,0.042326043678519575
feather,16,0.05,0.0015475560400111533,0.05,0.0015475560400111533,0.30951120800223064,0,0.042326043678519575
feather,17,0.05,0.0015475560400111533,0.05,0.0015475560400111533,0.30951120800223064,0,0.042326043678519575
feather,18,0.05,0.0015475560400111533,0.05,0.0015475560400111533,0.30951120800223064,0,0.042326043678519575
feather,19,0.05,0.0015475560400111533,0.05,0.0015475560400111533,0.30951120800223064,0,0.042326043678519575
feather,20,0.05,0.0015475560400111533,0.05,0.0015475560400111533,0.30951120800223064,0,0.042326043678519575
feather,21,0.05,0.0015475560400111533,0.05,0.0015475560400111533,0.30951120800223064,0,0.042326043678519575
feather,22,0.05,0.0015475560400111533,0.05,0.0015475560400111533,0.30951120800223064,0,0.042326043678519575
feather,23,0.05,0.0015475560400111533,0.05,0.0015475560400111533,0.30951120800223064,0,0.042326043678519575
feather,24,0.05,0.0015475560400111533,0.05,0.0015475560400111533,0.30951120800223064,0,0.042326043678519575
feather,25,0.05,0.0015475560400111533,0.05,0.0015475560400111533,0.30951120800223064,0,0.042326043678519575
feather,26,0.05,0.0015475560400111533,0.05,0.0015475560400111533,0.30951120800223064,0,0.042326043678519575
feather,27,0.05,0.0015475560400111533,0.05,0.0015475560400111533,0.30951120800223064,0,0.042326043678519575
feather,28,0.05,0.0015475560400111533,0.05,0.0015475560400111533,0.30951120800223064,0,0.042326043678519575
feather,29,0.05,0.0015475560400111533,0.05,0.0015475560400111533,0.30951120800223064,0,0.042326043678519575
feather,30,0.05,0.0015475560400111533,0.05,0.0015475560400111533,0.30951120800223064,0,0.042326043678519575
feather,31,0.05,0.0015475560400111533,0.05,0.0015475560400111533,0.30951120800223064,0,0.042326043678519575
feather,32,0.05,0.0015475560400111533,0.05,0.0015475560400111533,0.30951120800223064,0,0.042326043678519575
feather,33,0.05,0.0015475560400111533,0.05,0.0015475560400111533,0.30951120800223064,0,0.042326043678519575
feather,34,0.05,0.0015475560400111533,0.05,0.0015475560400111533,0.30951120800223064,0,0.042326043678519575
feather,35,0.05,0.0015475560400111533,0.05,0.0015475560400111533,0.30951120800223064,0,0.042326043678519575
feather,36,0.05,0.0015475560400111533,0.05,0.0015475560400111533,0.30951120800223064,0,0.042326043678519575
feather,37,0.05,0.0015475560400111533,0.05,0.0015475560400111533,0.30951120800223064,0,0.042326043678519575
feather,38,0.05,0.0015475560400111533,0.05,0.0015475560400111533,0.30951120800223064,0,0.042326043678519575
feather,39,0.05,0.0015475560400111533,0.05,0.0015475560400111533,0.30951120800223064,0,0.042326043678519575
feather,40,0.05,0.0015475560400111533,0.05,0.0015475560400111533,0.30951120800223064,0,0.042326043678519575
feather,41,0.05,0.0015475560400111533,0.05,0.0015475560400111533,0.30951120800223064,0,0.042326043678519575
feather,42,0.05,0.0015475560400111533,0.05,0.0015475560400111533,0.30951120800223064,0,0.042326043678519575
feather,43,0.05,0.0015475560400111533,0.05,0.0015475560400111533,0.30951120800223064,0,0.042326043678519575
feather,44,0.05,0.0015475560400111533,0.05,0.0015475560400111533,0.30951120800223064,0,0.042326043678519575
feather,45,0.05,0.0015475560400111533,0.05,0.0015475560400111533,0.30951120800223064,0,0.042326043678519575
feather,46,0.05,0.0015475560400111533,0.05,0.0015475560400111533,0.30951120800223064,0,0.042326043678519575
feather,47,0.05,0.0015475560400111533,0.05,0.0015475560400111533,0.30951120800223064,0,0.042326043678519575
feather,48,0.16057089023172388,0.004969849020561444,0.05,0.0015475560400111533,0.9939698041122889,0,0.042326043678519575
feather,49,0.3469033163629614,0.010737046450748017,0.05,0.0015475560400111533,2.1474092901496036,0,0.042326043678519575
feather,50,0.45476850591121853,0.014075594962595082,0.05,0.0015475560400111533,2.8151189925190163,0,0.042326043678519575
feather,51,0.5141583804148759,0.01591377814266787,0.05,0.0015475560400111533,3.1827556285335743,0,0.042326043678519575
feather,52,0.5067349736310186,0.015684015382551507,0.05,0.0015475560400111533,3.136803076510301,0,0.042326043678519575
feather,53,0.46219307724298486,0.014305393766774454,0.05,0.0015475560400111533,2.861078753354891,0,0.042326043678519575
feather,54,0.42304129204061386,0.013093602133431484,0.05,0.0015475560400111533,2.6187204266862967,0,0.042326043678519575
feather,55,0.3865734716673182,0.011964882219736774,0.05,0.0015475560400111533,2.392976443947355,0,0.042326043678519575
feather,56,0.35468214737276,0.010977809989016814,0.05,0.0015475560400111533,2.1955619978033627,0,0.042326043678519575
feather,57,0.3248248213354187,0.010053692284063418,0.05,0.0015475560400111533,2.0107384568126836,0,0.042326043678519575
feather,58,0.2988482318819742,0.009249687725912057,0.05,0.0015475560400111533,1.8499375451824114,0,0.042326043678519575
feather,59,0.2744031208505269,0.008493084141402867,0.05,0.0015475560400111533,1.6986168282805734,0,0.042326043678519575
feather,60,0.25324484952856,0.007838211929792773,0.05,0.0015475560400111533,1.5676423859585547,0,0.042326043678519575
feather,61,0.2332308853647082,0.007218757307266062,0.05,0.0015475560400111533,1.4437514614532123,0,0.042326043678519575
feather,62,0.2159976591764655,0.006685369641736194,0.05,0.0015475560400111533,1.3370739283472388,0,0.042326043678519575
feather,63,0.19961161122451962,0.0061782030921372685,0.05,0.0015475560400111533,1.2356406184274538,0,0.042326043678519575
feather,64,0.18557568012096878,0.0057437752930076585,0.05,0.0015475560400111533,1.1487550586015316,0,0.042326043678519575
feather,65,0.17215991874130004,0.005328542441918565,0.05,0.0015475560400111533,1.065708488383713,0,0.042326043678519575
feather,66,0.16072839882802395,0.0049747240881526005,0.05,0.0015475560400111533,0.9949448176305201,0,0.042326043678519575
feather,67,0.14974450241053325,0.004634760183277709,0.05,0.0015475560400111533,0.9269520366555418,0,0.042326043678519575
feather,68,0.14043439457917334,0.004346601911126185,0.05,0.0015475560400111533,0.869320382225237,0,0.042326043678519575
feather,69,0.13144154079355075,0.004068263007268637,0.05,0.0015475560400111533,0.8136526014537274,0,0.042326043678519575
feather,70,0.12385937455606237,0.003833586464124761,0.05,0.0015475560400111533,0.7667172928249523,0,0.042326043678519575
feather,71,0.1164966486038394,0.003605701843758571,0.05,0.0015475560400111533,0.7211403687517142,0,0.042326043678519575
feather,72,0.11032189516679071,0.003414586304216884,0.05,0.0015475560400111533,0.6829172608433768,0,0.042326043678519575
feather,73,0.10429380500322034,0.0032280101573695812,0.05,0.0015475560400111533,0.6456020314739163,0,0.042326043678519575
feather,74,0.09926536196141199,0.0030723742093455297,0.05,0.0015475560400111533,0.614474841869106,0,0.042326043678519575
feather,75,0.09432997916217002,0.0029196185801308484,0.05,0.0015475560400111533,0.5839237160261697,0,0.042326043678519575
feather,76,0.0902351582534922,0.002792879283531082,0.05,0.0015475560400111533,0.5585758567062165,0,0.042326043678519575
feather,77,0.08619440857754077,0.002667813552187247,0.05,0.0015475560400111533,0.5335627104374494,0,0.042326043678519575
feather,78,0.08285996313625082,0.002564608728532129,0.05,0.0015475560400111533,0.5129217457064258,0,0.042326043678519575
feather,79,0.07955167711105945,0.0024622135681247413,0.05,0.0015475560400111533,0.49244271362494824,0,0.042326043678519575
feather,80,0.07683649159658258,0.0023781755332711514,0.05,0.0015475560400111533,0.47563510665423026,0,0.042326043678519575
feather,81,0.07413464038816622,0.0022945502101352285,0.05,0.0015475560400111533,0.4589100420270457,0,0.042326043678519575
feather,82,0.0719170299474609,0.002225912681497122,0.05,0.0015475560400111533,0.44518253629942434,0,0.042326043678519575
feather,83,0.0697148804519307,0.002157753686440816,0.05,0.0015475560400111533,0.43155073728816323,0,0.042326043678519575
feather,84,0.06789925458577842,0.0021015580309295275,0.05,0.0015475560400111533,0.4203116061859055,0,0.042326043678519575
feather,85,0.06610442458245401,0.002046006030680769,0.05,0.0015475560400111533,0.4092012061361538,0,0.042326043678519575
feather,86,0.0646179158497513,0.0019999969193243007,0.05,0.0015475560400111533,0.3999993838648601,0,0.042326043678519575
feather,87,0.06315509576043495,0.0019547209980308776,0.05,0.0015475560400111533,0.39094419960617555,0,0.042326043678519575
feather,88,0.06193804534625227,0.001917051923641548,0.05,0.0015475560400111533,0.3834103847283096,0,0.042326043678519575
feather,89,0.06043111722788215,0.0018704108094126216,0.05,0.0015475560400111533,0.37408216188252436,0,0.042326043678519575
feather,90,0.05664051841554752,0.0017530875276668704,0.05,0.0015475560400111533,0.35061750553337406,0,0.042326043678519575
feather,91,0.05313621082535489,0.0016446252801216798,0.05,0.0015475560400111533,0.32892505602433597,0,0.042326043678519575
feather,92,0.05142981211021414,0.001591810327356013,0.05,0.0015475560400111533,0.3183620654712026,0,0.042326043678519575
feather,93,0.05,0.0015475560400111533,0.05,0.0015475560400111533,0.30951120800223064,0,0.042326043678519575
feather,94,0.05,0.0015475560400111533,0.05,0.0015475560400111533,0.30951120800223064,0,0.042326043678519575
feather,95,0.05,0.0015475560400111533,0.05,0.0015475560400111533,0.30951120800223064,0,0.042326043678519575
feather,96,0.05,0.0015475560400111533,0.05,0.0015475560400111533,0.30951120800223064,0,0.042326043678519575
feather,97,0.05,0.0015475560400111533,0.05,0.0015475560400111533,0.30951120800223064,0,0.042326043678519575
feather,98,0.05,0.0015475560400111533,0.05,0.0015475560400111533,0.30951120800223064,0,0.042326043678519575
feather,99,0.05,0.0015475560400111533,0.05,0.0015475560400111533,0.30951120800223064,0,0.042326043678519575
feather,100,0.05,0.0015475560400111533,0.05,0.0015475560400111533,0.30951120800223064,0,0.042326043678519575
feather,101,0.05,0.0015475560400111533,0.05,0.0015475560400111533,0.30951120800223064,0,0.042326043678519575
feather,102,0.05,0.0015475560400111533,0.05,0.0015475560400111533,0.30951120800223064,0,0.042326043678519575
feather,103,0.05,0.0015475560400111533,0.05,0.0015475560400111533,0.30951120800223064,0,0.042326043678519575
feather,104,0.05,0.0015475560400111533,0.05,0.0015475560400111533,0.30951120800223064,0,0.042326043678519575
feather,105,0.05,0.0015475560400111533,0.05,0.0015475560400111533,0.30951120800223064,0,0.042326043678519575
feather,106,0.05,0.0015475560400111533,0.05,0.0015475560400111533,0.30951120800223064,0,0.042326043678519575
feather,107,0.07498083075605527,0.002320740750431747,0.05,0.0015475560400111533,0.4641481500863494,0,0.042326043678519575
feather,108,0.1495138012085514,0.004627619722506411,0.05,0.0015475560400111533,0.9255239445012822,0,0.042326043678519575
feather,109,0.29294958063045196,0.009067117858467805,0.05,0.0015475560400111533,1.813423571693561,0,0.042326043678519575
feather,110,0.5589376844025248,0.0172997477897395,0.05,0.0015475560400111533,3.4599495579479003,0,0.042326043678519575
feather,111,0.8171313268894901,0.025291130408203168,0.05,0.0015475560400111533,5.058226081640633,0,0.042326043678519575
feather,112,1.0628538313202693,0.03289651732617357,0.05,0.0015475560400111533,6.579303465234713,0,0.042326043678519575
feather,113,1.1644923384144332,0.03604234303719935,0.05,0.0015475560400111533,7.208468607439871,0,0.042326043678519575
feather,114,1.0582244063987083,0.032753231436190765,0.05,0.0015475560400111533,6.550646287238153,0,0.042326043678519575
feather,115,0.960317933353686,0.029722916361850493,0.05,0.0015475560400111533,5.944583272370099,0,0.042326043678519575
feather,116,0.8733131093464127,0.02703001954379923,0.05,0.0015475560400111533,5.406003908759846,0,0.042326043678519575
feather,117,0.7935440186377813,0.024561076781152432,0.05,0.0015475560400111533,4.912215356230487,0,0.042326043678519575
feather,118,0.7223104935568885,0.022356319341347998,0.05,0.0015475560400111533,4.4712638682696,0,0.042326043678519575
feather,119,0.6573203496591681,0.020344801546745773,0.05,0.0015475560400111533,4.068960309349155,0,0.042326043678519575
feather,120,0.5989992720252899,0.018539698827700426,0.05,0.0015475560400111533,3.707939765540085,0,0.042326043678519575
feather,121,0.5460512336692653,0.016900897696408262,0.05,0.0015475560400111533,3.3801795392816523,0,0.042326043678519575
feather,122,0.4983019738577608,0.015423004587861151,0.05,0.0015475560400111533,3.08460091757223,0,0.042326043678519575
feather,123,0.455165795472686,0.014087891519804727,0.05,0.0015475560400111533,2.8175783039609454,0,0.042326043678519575
feather,124,0.41607200802829625,0.012877894982075177,0.05,0.0015475560400111533,2.5755789964150355,0,0.042326043678519575
feather,125,0.7913991427801463,0.02449469046938129,0.05,0.0015475560400111533,4.898938093876258,0,0.042326043678519575
feather,126,1.495404939963523,0.04628445894206132,0.05,0.0015475560400111533,9.256891788412263,0,0.042326043678519575
feather,127,1.6964187893794946,0.05250606287785291,0.05,0.0015475560400111533,10.501212575570582,0,0.042326043678519575
feather,128,1.5367969026603137,0.04756558657964802,0.05,0.0015475560400111533,9.513117315929604,0,0.042326043678519575
feather,129,1.3947424147398324,0.04316884096380737,0.05,0.0015475560400111533,8.633768192761474,0,0.042326043678519575
feather,130,1.2640550672185078,0.03912392108361412,0.05,0.0015475560400111533,7.824784216722824,0,0.042326043678519575
feather,131,1.148336421140888,0.035542299290027446,0.05,0.0015475560400111533,7.108459858005489,0,0.042326043678519575
feather,132,1.0413386706869907,0.03223059899037675,0.05,0.0015475560400111533,6.44611979807535,0,0.042326043678519575
feather,133,0.9470758130728265,0.02931305789738653,0.05,0.0015475560400111533,5.862611579477306,0,0.042326043678519575
feather,134,0.8594734642660573,0.02660166701708494,0.05,0.0015475560400111533,5.3203334034169885,0,0.042326043678519575
feather,135,0.782690191628539,0.024225138670244648,0.05,0.0015475560400111533,4.84502773404893,0,0.042326043678519575
feather,136,0.7109674546185722,0.02200523957292654,0.05,0.0015475560400111533,4.401047914585308,0,0.042326043678519575
feather,137,0.6484240844133329,0.0200694521664511,0.05,0.0015475560400111533,4.0138904332902205,0,0.042326043678519575
feather,138,0.5897024739283492,0.01825195250674673,0.05,0.0015475560400111533,3.650390501349346,0,0.042326043678519575
feather,139,0.5387594796011554,0.016675209735400678,0.05,0.0015475560400111533,3.3350419470801356,0,0.042326043678519575
feather,140,0.4906822912268333,0.015187166870291952,0.05,0.0015475560400111533,3.0374333740583905,0,0.042326043678519575
feather,141,0.6814648286299845,0.021092100232029957,0.05,0.0015475560400111533,4.218420046405991,0,0.042326043678519575
feather,142,0.9495510591029468,0.029389669536275052,0.05,0.0015475560400111533,5.87793390725501,0,0.042326043678519575
feather,143,0.9398444901479808,0.02908924034799421,0.05,0.0015475560400111533,5.817848069598842,0,0.042326043678519575
feather,144,0.8518864283964033,0.026366839753367653,0.05,0.0015475560400111533,5.2733679506735305,0,0.042326043678519575
feather,145,0.7767624843454515,0.024041669486057446,0.05,0.0015475560400111533,4.808333897211489,0,0.042326043678519575
feather,146,0.7047485142083021,0.02181275639703888,0.05,0.0015475560400111533,4.362551279407776,0,0.042326043678519575
feather,147,0.6435649926333975,0.019919057829790955,0.05,0.0015475560400111533,3.983811565958191,0,0.042326043678519575
feather,148,0.5846049406308744,0.018094178137873427,0.05,0.0015475560400111533,3.6188356275746854,0,0.042326043678519575
feather,149,0.5338214369113731,0.016522371779592565,0.05,0.0015475560400111533,3.3044743559185132,0,0.042326043678519575
feather,150,0.48443136424975164,0.014993693674310925,0.05,0.0015475560400111533,2.9987387348621852,0,0.042326043678519575
feather,151,0.44020992705677153,0.01362499062979152,0.05,0.0015475560400111533,2.724998125958304,0,0.042326043678519575
feather,152,0.3966991772407289,0.012278284156126898,0.05,0.0015475560400111533,2.4556568312253795,0,0.042326043678519575
feather,153,0.3599383835106466,0.01114049638867504,0.05,0.0015475560400111533,2.228099277735008,0,0.042326043678519575
feather,154,0.3238956702152411,0.010024934015501138,0.05,0.0015475560400111533,2.0049868031002274,0,0.042326043678519575
feather,155,0.29820077412396495,0.00922964818263087,0.05,0.0015475560400111533,1.8459296365261741,0,0.042326043678519575
feather,156,0.27330186397146883,0.008458999006707062,0.05,0.0015475560400111533,1.6917998013414124,0,0.042326043678519575
feather,157,0.2527055695395913,0.00782152060970906,0.05,0.0015475560400111533,1.564304121941812,0,0.042326043678519575
feather,158,0.2323200660796169,0.007190566429546028,0.05,0.0015475560400111533,1.4381132859092056,0,0.042326043678519575
feather,159,0.2155486128676438,0.006671471155186959,0.05,0.0015475560400111533,1.3342942310373918,0,0.042326043678519575
feather,160,0.19886668588057296,0.006155146817829628,0.05,0.0015475560400111533,1.2310293635659255,0,0.042326043678519575
feather,161,0.18520187426282314,0.0057322055827363615,0.05,0.0015475560400111533,1.1464411165472723,0,0.042326043678519575
feather,162,0.17160511237340545,0.005311370563005126,0.05,0.0015475560400111533,1.0622741126010253,0,0.042326043678519575
feather,163,0.16041731086693667,0.0049650955670894935,0.05,0.0015475560400111533,0.9930191134178987,0,0.042326043678519575
feather,164,0.1493353667305831,0.00462209697542389,0.05,0.0015475560400111533,0.924419395084778,0,0.042326043678519575
feather,165,0.1401755695779049,0.0043385909872458075,0.05,0.0015475560400111533,0.8677181974491615,0,0.042326043678519575
feather,166,0.13029449925611508,0.004032760786080591,0.05,0.0015475560400111533,0.8065521572161182,0,0.042326043678519575
feather,167,0.1117581509049834,0.0034590400290697,0.05,0.0015475560400111533,0.69180800581394,0,0.042326043678519575
feather,168,0.09468523495372229,0.0029306141450501618,0.05,0.0015475560400111533,0.5861228290100323,0,0.042326043678519575
feather,169,0.09054589723916236,0.0028024970034138987,0.05,0.0015475560400111533,0.5604994006827797,0,0.042326043678519575
feather,170,0.08650138203282387,0.002677314724684177,0.05,0.0015475560400111533,0.5354629449368353,0,0.042326043678519575
feather,171,0.08311237894853805,0.002572421280830118,0.05,0.0015475560400111533,0.5144842561660236,0,0.042326043678519575
feather,172,0.07981619924894946,0.0024704008247689083,0.05,0.0015475560400111533,0.49408016495378165,0,0.042326043678519575
feather,173,0.07704151820156861,0.002384521336489334,0.05,0.0015475560400111533,0.4769042672978668,0,0.042326043678519575
feather,174,0.07435527044542418,0.0023013789576895797,0.05,0.0015475560400111533,0.4602757915379159,0,0.042326043678519575
feather,175,0.07208355374195084,0.0022310667795764918,0.05,0.0015475560400111533,0.44621335591529837,0,0.042326043678519575
feather,176,0.06989442177323653,0.002163310691565185,0.05,0.0015475560400111533,0.432662138313037,0,0.042326043678519575
feather,177,0.06803449744582192,0.002105743949028102,0.05,0.0015475560400111533,0.42114878980562037,0,0.042326043678519575
feather,178,0.1418072988263919,0.004389094836328986,0.05,0.0015475560400111533,0.8778189672657971,0,0.042326043678519575
feather,179,0.47568288861736896,0.014722918548195239,0.05,0.0015475560400111533,2.9445837096390477,0,0.042326043678519575
feather,180,0.7990864448798684,0.024732621085297595,0.05,0.0015475560400111533,4.946524217059519,0,0.042326043678519575
feather,181,1.0910739005569083,0.03376996009810744,0.05,0.0015475560400111533,6.753992019621488,0,0.042326043678519575
feather,182,1.2904686768260156,0.03994145190534603,0.05,0.0015475560400111533,7.988290381069206,0,0.042326043678519575
feather,183,1.2454187794581244,0.03854710708987478,0.05,0.0015475560400111533,7.709421417974956,0,0.042326043678519575
feather,184,1.6143053238875604,0.0499645590880871,0.05,0.0015475560400111533,9.99291181761742,0,0.042326043678519575
feather,185,2.9515752872009418,0.09135456326510943,0.05,0.0015475560400111533,18.270912653021888,0,0.042326043678519575
feather,186,3.8327351880550227,0.11862744980075667,0.05,0.0015475560400111533,23.725489960151332,0,0.042326043678519575
feather,187,3.7630215688668693,0.11646973515184338,0.05,0.0015475560400111533,23.293947030368674,0,0.042326043678519575
feather,188,3.6001996079171987,0.11143021296956092,0.05,0.0015475560400111533,22.286042593912185,0,0.042326043678519575
feather,189,3.2636242847826322,0.10101282948484884,0.05,0.0015475560400111533,20.20256589696977,0,0.042326043678519575
feather,190,2.9498441889243567,0.0913009838332338,0.05,0.0015475560400111533,18.26019676664676,0,0.042326043678519575
feather,191,2.6742796211469173,0.082771951607693,0.05,0.0015475560400111533,16.5543903215386,0,0.042326043678519575
feather,192,2.418613268598924,0.07485879144542765,0.05,0.0015475560400111533,14.97175828908553,0,0.042326043678519575
feather,193,2.1930000825009057,0.06787581046838467,0.05,0.0015475560400111533,13.575162093676935,0,0.042326043678519575
feather,194,1.9846893600850501,0.06142836013490979,0.05,0.0015475560400111533,12.285672026981958,0,0.042326043678519575
feather,195,1.7999729063266932,0.055711178860846075,0.05,0.0015475560400111533,11.142235772169215,0,0.042326043678519575
feather,196,1.6302503982609227,0.05045807701118558,0.05,0.0015475560400111533,10.091615402237116,0,0.042326043678519575
feather,197,1.4790173569694427,0.045777244881187854,0.05,0.0015475560400111533,9.15544897623757,0,0.042326043678519575
feather,198,1.3407381363230142,0.04149734801879955,0.05,0.0015475560400111533,8.29946960375991,0,0.042326043678519575
feather,199,1.2169189945361722,0.037665006803975054,0.05,0.0015475560400111533,7.53300136079501,0,0.042326043678519575
feather,200,1.2339765281607642,0.038192956587743666,0.05,0.0015475560400111533,7.638591317548733,0,0.042326043678519575
feather,201,1.3934673855438873,0.043129377381139866,0.05,0.0015475560400111533,8.625875476227973,0,0.042326043678519575
feather,202,1.4017014434858683,0.04338423070317816,0.05,0.0015475560400111533,8.676846140635632,0,0.042326043678519575
feather,203,1.2714161166764695,0.03935175381460391,0.05,0.0015475560400111533,7.870350762920782,0,0.042326043678519575
feather,204,1.1693224129772033,0.03619183925846574,0.05,0.0015475560400111533,7.238367851693147,0,0.042326043678519575
feather,205,1.090603673163221,0.03375540603324185,0.05,0.0015475560400111533,6.75108120664837,0,0.042326043678519575
feather,206,1.0466577294735455,0.0323952298214229,0.05,0.0015475560400111533,6.47904596428458,0,0.042326043678519575
feather,207,1.0287913828771038,0.031842246369657774,0.05,0.0015475560400111533,6.368449273931555,0,0.042326043678519575
feather,208,1.6904607858266456,0.05232165599016052,0.05,0.0015475560400111533,10.464331198032104,0,0.042326043678519575
feather,209,2.812460857823543,0.08704881575639545,0.05,0.0015475560400111533,17.40976315127909,0,0.042326043678519575
feather,210,3.0561995495545995,0.09459280144785173,0.05,0.0015475560400111533,18.918560289570348,0,0.042326043678519575
feather,211,2.7636547436011196,0.08553821181930775,0.05,0.0015475560400111533,17.10764236386155,0,0.042326043678519575
feather,212,2.505345936319457,0.07754326472137148,0.05,0.0015475560400111533,15.508652944274296,0,0.042326043678519575
feather,213,2.265830507032112,0.07012999373598157,0.05,0.0015475560400111533,14.025998747196313,0,0.042326043678519575
feather,214,2.055418634569828,0.0636175104536003,0.05,0.0015475560400111533,12.723502090720059,0,0.042326043678519575
feather,215,1.859319986775608,0.05754803751696099,0.05,0.0015475560400111533,11.509607503392198,0,0.042326043678519575
feather,216,1.6879282167688643,0.05224327013931822,0.05,0.0015475560400111533,10.448654027863643,0,0.042326043678519575
feather,217,1.5273762231827255,0.047274005991116995,0.05,0.0015475560400111533,9.454801198223398,0,0.042326043678519575
feather,218,1.3877720933601223,0.042953101704767585,0.05,0.0015475560400111533,8.590620340953517,0,0.042326043678519575
feather,219,1.2563232387431715,0.03888461232646739,0.05,0.0015475560400111533,7.776922465293477,0,0.042326043678519575
feather,220,1.1388697048068486,0.03524929380919115,0.05,0.0015475560400111533,7.04985876183823,0,0.042326043678519575
feather,221,1.0262189930967198,0.03176262802281985,0.05,0.0015475560400111533,6.35252560456397,0,0.042326043678519575
feather,222,0.9290611225065131,0.028755483033489924,0.05,0.0015475560400111533,5.751096606697985,0,0.042326043678519575
feather,223,0.8365511042522887,0.025892194283272586,0.05,0.0015475560400111533,5.178438856654517,0,0.042326043678519575
feather,224,0.7828737369833848,0.024230819604694802,0.05,0.0015475560400111533,4.84616392093896,0,0.042326043678519575
feather,225,0.7392740473058274,0.02288136034263248,0.05,0.0015475560400111533,4.576272068526496,0,0.042326043678519575
feather,226,0.6624492624944167,0.020503547147483366,0.05,0.0015475560400111533,4.100709429496673,0,0.042326043678519575
feather,227,0.5782658995661117,0.017897977712120382,0.05,0.0015475560400111533,3.5795955424240766,0,0.042326043678519575
feather,228,0.6788356382507885,0.02101072384299668,0.05,0.0015475560400111533,4.202144768599336,0,0.042326043678519575
feather,229,0.8137080700688287,0.02518517677281669,0.05,0.0015475560400111533,5.037035354563338,0,0.042326043678519575
feather,230,1.7155361896510546,0.05309776784304417,0.05,0.0015475560400111533,10.619553568608834,0,0.042326043678519575
feather,231,2.733863907374699,0.08461615204852414,0.05,0.0015475560400111533,16.92323040970483,0,0.042326043678519575
feather,232,3.0395368770689144,0.09407707305889274,0.05,0.0015475560400111533,18.815414611778547,0,0.042326043678519575
feather,233,3.259691276999573,0.10089109848584718,0.05,0.0015475560400111533,20.178219697169435,0,0.042326043678519575
feather,234,3.0060335559961127,0.09304010772115978,0.05,0.0015475560400111533,18.608021544231956,0,0.042326043678519575
feather,235,2.7098178600584184,0.08387189993327007,0.05,0.0015475560400111533,16.774379986654015,0,0.042326043678519575
feather,236,2.4641991835500905,0.07626972660586989,0.05,0.0015475560400111533,15.253945321173978,0,0.042326043678519575
feather,237,2.2216782837415185,0.068763432939316,0.05,0.0015475560400111533,13.7526865878632,0,0.042326043678519575
feather,238,2.0216696819182287,0.06257294254319963,0.05,0.0015475560400111533,12.514588508639926,0,0.042326043678519575
feather,239,1.8231103629808025,0.05642730907675733,0.05,0.0015475560400111533,11.285461815351466,0,0.042326043678519575
feather,240,1.6602470991393696,0.051386508523682546,0.05,0.0015475560400111533,10.277301704736509,0,0.042326043678519575
feather,241,1.4981017394340685,0.046367927908248154,0.05,0.0015475560400111533,9.27358558164963,0,0.042326043678519575
feather,242,1.3610916205288521,0.04212731116715988,0.05,0.0015475560400111533,8.425462233431976,0,0.042326043678519575
feather,243,1.2252661533338929,0.03792336072426195,0.05,0.0015475560400111533,7.584672144852391,0,0.042326043678519575
feather,244,1.117003582597597,0.034572512819260166,0.05,0.0015475560400111533,6.914502563852033,0,0.042326043678519575
feather,245,1.0100073118834332,0.031260858319212714,0.05,0.0015475560400111533,6.252171663842542,0,0.042326043678519575
feather,246,0.9209502914828179,0.02850444372268534,0.05,0.0015475560400111533,5.7008887445370675,0,0.042326043678519575
feather,247,0.8332934827016044,0.025791367245135945,0.05,0.0015475560400111533,5.158273449027189,0,0.042326043678519575
feather,248,0.7596812207695797,0.023512985233700188,0.05,0.0015475560400111533,4.7025970467400375,0,0.042326043678519575
feather,249,0.8006663891765038,0.02478152213208038,0.05,0.0015475560400111533,4.956304426416076,0,0.042326043678519575
feather,250,1.7202318568490464,0.05324310400572686,0.05,0.0015475560400111533,10.648620801145373,0,0.042326043678519575
feather,251,2.8501099161115437,0.088214096307482,0.05,0.0015475560400111533,17.6428192614964,0,0.042326043678519575
feather,252,5.270729959054055,0.16313499966803682,0.05,0.0015475560400111533,32.626999933607365,0,0.042326043678519575
feather,253,7.182793313074471,0.22231550351600243,0.05,0.0015475560400111533,44.46310070320049,0,0.042326043678519575
feather,254,6.518169443222142,0.20174464983349122,0.05,0.0015475560400111533,40.34892996669824,0,0.042326043678519575
feather,255,5.876383031935311,0.1818806410898109,0.05,0.0015475560400111533,36.376128217962176,0,0.042326043678519575
feather,256,5.332235030457509,0.16503865056287148,0.05,0.0015475560400111533,33.00773011257429,0,0.042326043678519575
feather,257,4.809223592931565,0.1488508603801077,0.05,0.0015475560400111533,29.770172076021538,0,0.042326043678519575
feather,258,4.363712889895776,0.13506180479265467,0.05,0.0015475560400111533,27.012360958530934,0,0.042326043678519575
feather,259,3.937504090426586,0.1218701647541657,0.05,0.0015475560400111533,24.37403295083314,0,0.042326043678519575
feather,260,3.5727507770257705,0.11058064088881545,0.05,0.0015475560400111533,22.116128177763088,0,0.042326043678519575
feather,261,3.225435325189576,0.09983083838324933,0.05,0.0015475560400111533,19.966167676649864,0,0.042326043678519575
feather,262,2.92680057022125,0.09058775800707965,0.05,0.0015475560400111533,18.11755160141593,0,0.042326043678519575
feather,263,2.643781189427301,0.0818279909633218,0.05,0.0015475560400111533,16.36559819266436,0,0.042326043678519575
feather,264,2.399279731596824,0.07426039680618007,0.05,0.0015475560400111533,14.852079361236015,0,0.042326043678519575
feather,265,2.2735699812207644,0.07036953913652476,0.05,0.0015475560400111533,14.073907827304952,0,0.042326043678519575
feather,266,2.408368361227259,0.07454170007978014,0.05,0.0015475560400111533,14.908340015956028,0,0.042326043678519575
feather,267,5.100833704604479,0.15787652017306256,0.05,0.0015475560400111533,31.57530403461251,0,0.042326043678519575
feather,268,12.80466277296038,0.39631866429201595,0.05,0.0015475560400111533,79.26373285840319,0,0.042326043678519575
feather,269,17.125917069941394,0.5300663280463583,0.05,0.0015475560400111533,106.01326560927167,1,0.042326043678519575
feather,270,15.502039950566111,0.47980551115985565,0.05,0.0015475560400111533,95.96110223197113,1,0.042326043678519575
feather,271,14.06994203889817,0.435480475698074,0.05,0.0015475560400111533,87.0960951396148,1,0.042326043678519575
feather,272,12.941154505377334,0.40054323639028483,0.05,0.0015475560400111533,80.10864727805696,1,0.042326043678519575
feather,273,12.086202364773136,0.37408150940803503,0.05,0.0015475560400111533,74.816301881607,1,0.042326043678519575
feather,274,11.621922051396657,0.35971151334355417,0.05,0.0015475560400111533,71.94230266871084,1,0.042326043678519575
feather,275,11.041352916783483,0.3417422479252608,0.05,0.0015475560400111533,68.34844958505217,1,0.042326043678519575
feather,276,10.310851654160713,0.319132415101108,0.05,0.0015475560400111533,63.8264830202216,1,0.042326043678519575
feather,277,9.499566811830874,0.29402223994276727,0.05,0.0015475560400111533,58.804447988553456,1,0.042326043678519575
feather,278,8.594034459842739,0.2659949987278724,0.05,0.0015475560400111533,53.19899974557448,0,0.042326043678519575
feather,279,7.8514938307733155,0.243012534018471,0.05,0.0015475560400111533,48.6025068036942,0,0.042326043678519575
feather,280,7.281153496538878,0.22535986143634137,0.05,0.0015475560400111533,45.071972287268274,0,0.042326043678519575
feather,281,6.676238783593746,0.2066370730821443,0.05,0.0015475560400111533,41.32741461642886,0,0.042326043678519575
feather,282,6.038236761989983,0.1868901954406997,0.05,0.0015475560400111533,37.37803908813994,0,0.042326043678519575
feather,283,5.462190175738448,0.16906090796307235,0.05,0.0015475560400111533,33.81218159261447,0,0.042326043678519575
feather,284,4.939838300125525,0.15289353196075367,0.05,0.0015475560400111533,30.578706392150735,0,0.042326043678519575
feather,285,4.470552390305476,0.13836860707607074,0.05,0.0015475560400111533,27.673721415214146,0,0.042326043678519575
feather,286,4.04288684581321,0.12513187914639745,0.05,0.0015475560400111533,25.02637582927949,0,0.042326043678519575
feather,287,3.660584807316331,0.11329920257070904,0.05,0.0015475560400111533,22.65984051414181,0,0.042326043678519575
feather,288,3.3104418740086734,0.10246188634455927,0.05,0.0015475560400111533,20.492377268911856,0,0.042326043678519575
feather,289,2.999008754919518,0.09282268225444056,0.05,0.0015475560400111533,18.56453645088811,0,0.042326043678519575
feather,290,2.712335967447606,0.08394983817926073,0.05,0.0015475560400111533,16.789967635852147,0,0.042326043678519575
feather,291,2.449154225199263,0.0758040682825191,0.05,0.0015475560400111533,15.16081365650382,0,0.042326043678519575
feather,292,2.1994976302008715,0.06807691685215152,0.05,0.0015475560400111533,13.615383370430303,0,0.042326043678519575
feather,293,1.963369807146574,0.060768496076504266,0.05,0.0015475560400111533,12.153699215300854,0,0.042326043678519575
feather,294,1.7342318495967266,0.05367641947246256,0.05,0.0015475560400111533,10.735283894492511,0,0.042326043678519575
feather,295,1.5606543143775087,0.04830400021168758,0.05,0.0015475560400111533,9.660800042337515,0,0.042326043678519575
feather,296,1.412737215174451,0.043725800205835164,0.05,0.0015475560400111533,8.745160041167033,0,0.042326043678519575
feather,297,1.283824807906256,0.039735816715829694,0.05,0.0015475560400111533,7.947163343165939,0,0.042326043678519575
feather,298,1.1627205298826255,0.03598750357729651,0.05,0.0015475560400111533,7.197500715459302,0,0.042326043678519575
feather,299,1.057718758729305,0.03273758107409271,0.05,0.0015475560400111533,6.547516214818542,0,0.042326043678519575
feather,300,0.9585669619820532,0.029668721835409355,0.05,0.0015475560400111533,5.933744367081871,0,0.042326043678519575
feather,301,0.8730431744148711,0.02702166475512489,0.05,0.0015475560400111533,5.404332951024978,0,0.042326043678519575
feather,302,0.7918645491949585,0.02450909531954734,0.05,0.0015475560400111533,4.9018190639094685,0,0.042326043678519575
feather,303,0.7222074312663538,0.02235312944794371,0.05,0.0015475560400111533,4.470625889588742,0,0.042326043678519575
feather,304,0.6557439943062207,0.020296011581792624,0.05,0.0015475560400111533,4.059202316358525,0,0.042326043678519575
feather,305,0.5990114542875424,0.018540075882371023,0.05,0.0015475560400111533,3.7080151764742046,0,0.042326043678519575
feather,306,0.5445957944930208,0.01685585022264694,0.05,0.0015475560400111533,3.3711700445293884,0,0.042326043678519575
feather,307,0.49420436900918296,0.015296179125201237,0.05,0.0015475560400111533,3.0592358250402474,0,0.042326043678519575
feather,308,0.4446231029080243,0.01376158336867627,0.05,0.0015475560400111533,2.752316673735254,0,0.042326043678519575
feather,309,0.30514936426578865,0.009444714835501695,0.05,0.0015475560400111533,1.888942967100339,0,0.042326043678519575
feather,310,0.1506935468666944,0.004664134172885134,0.05,0.0015475560400111533,0.9328268345770268,0,0.042326043678519575
feather,311,0.12577506751880965,0.0038928793084308895,0.05,0.0015475560400111533,0.7785758616861779,0,0.042326043678519575
feather,312,0.11820894186626024,0.003658699239369166,0.05,0.0015475560400111533,0.7317398478738332,0,0.042326043678519575
feather,313,0.10897307002676435,0.0033728386543695503,0.05,0.0015475560400111533,0.6745677308739101,0,0.042326043678519575
feather,314,0.0995651637316436,0.0030816534101520895,0.05,0.0015475560400111533,0.616330682030418,0,0.042326043678519575
feather,315,0.08545128688172793,0.0026448131028108776,0.05,0.0015475560400111533,0.5289626205621756,0,0.042326043678519575
feather,316,0.07099036205579397,0.002197231271640451,0.05,0.0015475560400111533,0.4394462543280902,0,0.042326043678519575
feather,317,0.0641611751937115,0.0019858602841048402,0.05,0.0015475560400111533,0.39717205682096807,0,0.042326043678519575
feather,318,0.05768287283571444,0.001785349565242103,0.05,0.0015475560400111533,0.3570699130484206,0,0.042326043678519575
feather,319,0.05687801117899033,0.0017604381948773675,0.05,0.0015475560400111533,0.3520876389754735,0,0.042326043678519575
feather,320,0.056170991179449695,0.0017385551334634117,0.05,0.0015475560400111533,0.34771102669268233,0,0.042326043678519575
feather,321,0.053038158837302375,0.001641590461194764,0.05,0.0015475560400111533,0.3283180922389528,0,0.042326043678519575
feather,322,0.05,0.0015475560400111533,0.05,0.0015475560400111533,0.30951120800223064,0,0.042326043678519575
feather,323,0.05,0.0015475560400111533,0.05,0.0015475560400111533,0.30951120800223064,0,0.042326043678519575
feather,324,0.05,0.0015475560400111533,0.05,0.0015475560400111533,0.30951120800223064,0,0.042326043678519575
feather,325,0.05,0.0015475560400111533,0.05,0.0015475560400111533,0.30951120800223064,0,0.042326043678519575
feather,326,0.05,0.0015475560400111533,0.05,0.0015475560400111533,0.30951120800223064,0,0.042326043678519575
feather,327,0.05,0.0015475560400111533,0.05,0.0015475560400111533,0.30951120800223064,0,0.042326043678519575
feather,328,0.05,0.0015475560400111533,0.05,0.0015475560400111533,0.30951120800223064,0,0.042326043678519575
feather,329,0.05,0.0015475560400111533,0.05,0.0015475560400111533,0.30951120800223064,0,0.042326043678519575
feather,330,0.11977227934527768,0.0037070862865337508,0.05,0.0015475560400111533,0.7414172573067501,0,0.042326043678519575
feather,331,0.6601363151258692,0.020431958834074896,0.05,0.0015475560400111533,4.086391766814979,0,0.042326043678519575
feather,332,1.3675297032425489,0.042326577042953326,0.05,0.0015475560400111533,8.465315408590666,0,0.042326043678519575
feather,333,2.993584529207995,0.09265479638919555,0.05,0.0015475560400111533,18.53095927783911,0,0.042326043678519575
feather,334,4.259146508467855,0.13182535808943688,0.05,0.0015475560400111533,26.365071617887377,0,0.042326043678519575
feather,335,3.8664413928814874,0.11967069461805765,0.05,0.0015475560400111533,23.93413892361153,0,0.042326043678519575
feather,336,3.488208026420934,0.10796394800206202,0.05,0.0015475560400111533,21.592789600412406,0,0.042326043678519575
feather,337,3.166688271399338,0.09801255122473046,0.05,0.0015475560400111533,19.602510244946092,0,0.042326043678519575
feather,338,2.995776959158514,0.0927226545534401,0.05,0.0015475560400111533,18.54453091068802,0,0.042326043678519575
feather,339,3.3347568809105934,0.10321446306043885,0.05,0.0015475560400111533,20.64289261208777,0,0.042326043678519575
feather,340,4.702372268393353,0.14554369212666163,0.05,0.0015475560400111533,29.108738425332326,0,0.042326043678519575
feather,341,9.111170771950615,0.2820009471941051,0.05,0.0015475560400111533,56.40018943882102,0,0.042326043678519575
feather,342,15.175824426055541,0.46760465759960335,0.05,0.0015475560400111533,93.52093151992067,1,0.042326043678519575
feather,343,25.552259313765852,0.7811837913111574,0.05,0.0015475560400111533,156.2367582622315,1,0.042326043678519575
feather,344,32.04821340678163,0.9792409213210753,0.05,0.0015475560400111533,195.84818426421506,1,0.042326043678519575
feather,345,29.583784573864943,0.9105472427835348,0.05,0.0015475560400111533,182.10944855670698,1,0.042326043678519575
feather,346,28.605560646138258,0.8853741631167322,0.05,0.0015475560400111533,177.07483262334645,1,0.042326043678519575
feather,347,30.68717034674457,0.9498023164191143,0.05,0.0015475560400111533,189.96046328382286,1,0.042326043678519575
feather,348,32.67905048826229,0.9930743807308258,0.05,0.0015475560400111533,198.61487614616516,1,0.042326043678519575
feather,349,34.50549175521056,0.9973399059659854,0.05,0.0015475560400111533,199.4679811931971,1,0.042326043678519575
feather,350,36.340259278379094,1.0,0.05,0.0015475560400111533,200.0,1,0.042326043678519575
feather,351,38.18882286112429,1.0,0.05,0.0015475560400111533,200.0,1,0.042326043678519575
feather,352,38.39319445319545,1.0,0.05,0.0015475560400111533,200.0,1,0.042326043678519575
feather,353,36.14253964823211,1.0,0.05,0.0015475560400111533,200.0,0,0.042326043678519575
feather,354,33.490360073706995,0.9748655163984096,0.05,0.0015475560400111533,194.9731032796819,0,0.042326043678519575
feather,355,30.296769680869378,0.9158400194243488,0.05,0.0015475560400111533,183.16800388486976,0,0.042326043678519575
feather,356,27.36400224127319,0.8469465389472213,0.05,0.0015475560400111533,169.38930778944425,0,0.042326043678519575
feather,357,24.74931157392269,0.7660189322468399,0.05,0.0015475560400111533,153.20378644936798,0,0.042326043678519575
feather,358,22.359883545086962,0.6920634566829065,0.05,0.0015475560400111533,138.4126913365813,0,0.042326043678519575
feather,359,20.21915588594103,0.625805536304302,0.05,0.0015475560400111533,125.1611072608604,0,0.042326043678519575
feather,360,18.272452272114293,0.5655528775905199,0.05,0.0015475560400111533,113.11057551810397,1,0.042326043678519575
feather,361,16.519772703606915,0.5113054805415652,0.05,0.0015475560400111533,102.26109610831304,1,0.042326043678519575
feather,362,15.701322646270818,0.48597353394800613,0.05,0.0015475560400111533,97.19470678960123,1,0.042326043678519575
feather,363,15.729059528372598,0.4868320215365599,0.05,0.0015475560400111533,97.36640430731198,1,0.042326043678519575
feather,364,15.703059353002333,0.4860272869678478,0.05,0.0015475560400111533,97.20545739356956,1,0.042326043678519575
feather,365,15.632994790504974,0.48385871023017724,0.05,0.0015475560400111533,96.77174204603544,1,0.042326043678519575
feather,366,15.939104280103791,0.4933331420208449,0.05,0.0015475560400111533,98.66662840416897,0,0.042326043678519575
feather,367,16.524194526041992,0.5114423409019103,0.05,0.0015475560400111533,102.28846818038207,0,0.042326043678519575
feather,368,18.167527817553164,0.5623053481225009,0.05,0.0015475560400111533,112.46106962450017,0,0.042326043678519575
feather,369,20.51959269004489,0.6351043921209536,0.05,0.0015475560400111533,127.02087842419073,0,0.042326043678519575
feather,370,21.056749722394663,0.6517300043179006,0.05,0.0015475560400111533,130.34600086358012,0,0.042326043678519575
feather,371,20.498565899680766,0.6344535893923525,0.05,0.0015475560400111533,126.89071787847051,0,0.042326043678519575
feather,372,19.679127112299003,0.6090910404957114,0.05,0.0015475560400111533,121.81820809914228,0,0.042326043678519575
feather,373,18.71799071696177,0.5793427918181377,0.05,0.0015475560400111533,115.86855836362756,0,0.042326043678519575
feather,374,17.31611522785613,0.5359531742079572,0.05,0.0015475560400111533,107.19063484159143,0,0.042326043678519575
feather,375,15.70016646463437,0.48593774883050944,0.05,0.0015475560400111533,97.18754976610188,0,0.042326043678519575
feather,376,14.474958409308478,0.4480161863047114,0.05,0.0015475560400111533,89.60323726094228,0,0.042326043678519575
feather,377,13.418968770787922,0.41533212343907777,0.05,0.0015475560400111533,83.06642468781556,0,0.042326043678519575
feather,378,12.2589496842108,0.37942823255986485,0.05,0.0015475560400111533,75.88564651197296,0,0.042326043678519575
feather,379,11.058980125186089,0.34228782978190064,0.05,0.0015475560400111533,68.45756595638012,0,0.042326043678519575
feather,380,10.014803028395026,0.30996937832229415,0.05,0.0015475560400111533,61.993875664458834,0,0.042326043678519575
feather,381,9.023320440888806,0.27928188098507145,0.05,0.0015475560400111533,55.85637619701429,0,0.042326043678519575
feather,382,8.122757253850347,0.25140844099481024,0.05,0.0015475560400111533,50.28168819896205,0,0.042326043678519575
feather,383,7.249049263391307,0.22436619943799235,0.05,0.0015475560400111533,44.87323988759847,0,0.042326043678519575
feather,384,6.4206769416786,0.19872714764110114,0.05,0.0015475560400111533,39.74542952822023,0,0.042326043678519575
feather,385,5.603873031990819,0.17344615116226014,0.05,0.0015475560400111533,34.689230232452026,0,0.042326043678519575
feather,386,5.043693248380932,0.1561079590099077,0.05,0.0015475560400111533,31.22159180198154,0,0.042326043678519575
feather,387,4.539301318266267,0.14049646345027103,0.05,0.0015475560400111533,28.099292690054206,0,0.042326043678519575
feather,388,4.060259460744835,0.12566958104976195,0.05,0.0015475560400111533,25.13391620995239,0,0.042326043678519575
feather,389,3.5858267073312655,0.11098535558727612,0.05,0.0015475560400111533,22.197071117455224,0,0.042326043678519575
feather,390,3.1846942448747657,0.09856985628489404,0.05,0.0015475560400111533,19.71397125697881,0,0.042326043678519575
feather,391,2.794429648900868,0.08649072963085568,0.05,0.0015475560400111533,17.298145926171134,0,0.042326043678519575
feather,392,2.4627792550637744,0.07622577822776225,0.05,0.0015475560400111533,15.24515564555245,0,0.042326043678519575
feather,393,2.1379611915371126,0.066172295105454,0.05,0.0015475560400111533,13.2344590210908,0,0.042326043678519575
feather,394,1.9192799965134146,0.059403867021538395,0.05,0.0015475560400111533,11.880773404307678,0,0.042326043678519575
feather,395,1.7097867692108992,0.05291981683646965,0.05,0.0015475560400111533,10.583963367293931,0,0.042326043678519575
feather,396,1.5553263175042,0.04813909273683859,0.05,0.0015475560400111533,9.627818547367719,0,0.042326043678519575
feather,397,1.4040654457740032,0.043457399223570226,0.05,0.0015475560400111533,8.691479844714046,0,0.042326043678519575
feather,398,1.279394923880281,0.03959870684021077,0.05,0.0015475560400111533,7.919741368042155,0,0.042326043678519575
feather,399,1.1555529964573847,0.03576566038441225,0.05,0.0015475560400111533,7.15313207688245,0,0.042326043678519575
feather,400,1.0540364572694265,0.03262360971678518,0.05,0.0015475560400111533,6.524721943357036,0,0.042326043678519575
feather,401,0.95299671407574,0.02949631641957387,0.05,0.0015475560400111533,5.899263283914774,0,0.042326043678519575
feather,402,0.869982987584482,0.026926948542866265,0.05,0.0015475560400111533,5.385389708573253,0,0.042326043678519575
feather,403,0.7866665649321347,0.024348211880711023,0.05,0.0015475560400111533,4.869642376142204,0,0.042326043678519575
feather,404,0.6967665007760911,0.021565704135069513,0.05,0.0015475560400111533,4.3131408270139024,0,0.042326043678519575
feather,405,0.6080812244350567,0.018820795433836992,0.05,0.0015475560400111533,3.7641590867673984,0,0.042326043678519575
feather,406,0.5358684708655546,0.016585729774790593,0.05,0.0015475560400111533,3.317145954958119,0,0.042326043678519575
feather,407,0.4639785285473827,0.014360655485779788,0.05,0.0015475560400111533,2.8721310971559575,0,0.042326043678519575
feather,408,0.3952217542567736,0.012232556258877474,0.05,0.0015475560400111533,2.4465112517754948,0,0.042326043678519575
feather,409,0.32461931967665175,0.010047331777398276,0.05,0.0015475560400111533,2.0094663554796552,0,0.042326043678519575
feather,410,0.24023881642364764,0.007435660628030931,0.05,0.0015475560400111533,1.4871321256061862,0,0.042326043678519575
feather,411,0.16336445296873614,0.005056312918297712,0.05,0.0015475560400111533,1.0112625836595424,0,0.042326043678519575
feather,412,0.1315269283024052,0.004070905846370021,0.05,0.0015475560400111533,0.8141811692740041,0,0.042326043678519575
feather,413,0.10190307286200413,0.0031540143180658225,0.05,0.0015475560400111533,0.6308028636131645,0,0.042326043678519575
feather,414,0.08327498423237559,0.002577454096612928,0.05,0.0015475560400111533,0.5154908193225856,0,0.042326043678519575
feather,415,0.1590103781762125,0.004921549423421105,0.05,0.0015475560400111533,0.9843098846842211,0,0.042326043678519575
feather,416,0.6310723989288078,0.019532398052932092,0.05,0.0015475560400111533,3.9064796105864183,0,0.042326043678519575
feather,417,0.9806551811173078,0.030352376974126422,0.05,0.0015475560400111533,6.0704753948252845,0,0.042326043678519575
feather,418,0.8883824824097976,0.027496433529867685,0.05,0.0015475560400111533,5.499286705973537,0,0.042326043678519575
feather,419,0.8013694021732644,0.024803281172267246,0.05,0.0015475560400111533,4.960656234453449,0,0.042326043678519575
feather,420,0.7308523980502813,0.022620700859186972,0.05,0.0015475560400111533,4.524140171837394,0,0.042326043678519575
feather,421,0.6637417365936698,0.020543550669460512,0.05,0.0015475560400111533,4.108710133892102,0,0.042326043678519575
feather,422,0.6060072967032567,0.01875660504607912,0.05,0.0015475560400111533,3.7513210092158236,0,0.042326043678519575
feather,423,0.5513204961388939,0.017063987275633817,0.05,0.0015475560400111533,3.4127974551267632,0,0.042326043678519575
feather,424,0.5040515346888805,0.015600959939693366,0.05,0.0015475560400111533,3.1201919879386733,0,0.042326043678519575
feather,425,0.4594896255469862,0.01422171890675403,0.05,0.0015475560400111533,2.844343781350806,0,0.042326043678519575
feather,426,0.4207890731418027,0.013023893434225834,0.05,0.0015475560400111533,2.604778686845167,0,0.042326043678519575
feather,427,0.3844783209529768,0.01190003495688252,0.05,0.0015475560400111533,2.380006991376504,0,0.042326043678519575
feather,428,0.352792988537747,0.010919338405703518,0.05,0.0015475560400111533,2.1838676811407036,0,0.042326043678519575
feather,429,0.3232062705564071,0.010003596323380935,0.05,0.0015475560400111533,2.000719264676187,0,0.042326043678519575
feather,430,0.2972645144865609,0.009200669897493205,0.05,0.0015475560400111533,1.8401339794986409,0,0.042326043678519575
feather,431,0.27315722777742474,0.00845452235439312,0.05,0.0015475560400111533,1.690904470878624,0,0.042326043678519575
feather,432,0.2519179142941933,0.007797141797059818,0.05,0.0015475560400111533,1.5594283594119636,0,0.042326043678519575
feather,433,0.23227573044941544,0.007189194192099908,0.05,0.0015475560400111533,1.4378388384199816,0,0.042326043678519575
feather,434,0.21488645132643008,0.006650976513335591,0.05,0.0015475560400111533,1.3301953026671183,0,0.042326043678519575
feather,435,0.19888272892042932,0.006155643367894225,0.05,0.0015475560400111533,1.2311286735788451,0,0.042326043678519575
feather,436,0.18464559132858432,0.005714988002439634,0.05,0.0015475560400111533,1.1429976004879268,0,0.042326043678519575
feather,437,0.17160666151262435,0.005311418510600226,0.05,0.0015475560400111533,1.0622837021200453,0,0.042326043678519575
feather,438,0.1599502791303782,0.004950640411393734,0.05,0.0015475560400111533,0.9901280822787468,0,0.042326043678519575
feather,439,0.2996728459941545,0.00927521045691172,0.05,0.0015475560400111533,1.8550420913823438,0,0.042326043678519575
feather,440,0.5975779103847166,0.01849570609186224,0.05,0.0015475560400111533,3.699141218372448,0,0.042326043678519575
feather,441,0.7097932438102842,0.021968896432354286,0.05,0.0015475560400111533,4.393779286470857,0,0.042326043678519575
feather,442,0.6462487784079703,0.020002124007501676,0.05,0.0015475560400111533,4.000424801500335,0,0.042326043678519575
feather,443,1.3012698653478059,0.04027576079606995,0.05,0.0015475560400111533,8.05515215921399,0,0.042326043678519575
feather,444,2.572204282866926,0.07961260548186537,0.05,0.0015475560400111533,15.922521096373075,0,0.042326043678519575
feather,445,3.0994921794743266,0.09593275686625655,0.05,0.0015475560400111533,19.18655137325131,0,0.042326043678519575
feather,446,3.0500005793746543,0.09440093637297525,0.05,0.0015475560400111533,18.880187274595052,0,0.042326043678519575
feather,447,2.868849460859619,0.08879410622072087,0.05,0.0015475560400111533,17.758821244144173,0,0.042326043678519575
feather,448,2.595413633174932,0.08033096088694314,0.05,0.0015475560400111533,16.06619217738863,0,0.042326043678519575
feather,449,2.352343486710563,0.07280766742079654,0.05,0.0015475560400111533,14.561533484159309,0,0.042326043678519575
feather,450,2.1284731655917777,0.0658786300682643,0.05,0.0015475560400111533,13.175726013652861,0,0.042326043678519575
feather,451,1.9779720636845697,0.06122045228256762,0.05,0.0015475560400111533,12.244090456513524,0,0.042326043678519575
feather,452,1.8692155175356768,0.057854315284898206,0.05,0.0015475560400111533,11.570863056979642,0,0.042326043678519575
feather,453,2.618585378057941,0.0810481523619691,0.05,0.0015475560400111533,16.209630472393822,0,0.042326043678519575
feather,454,3.8059201681262778,0.11779749487968169,0.05,0.0015475560400111533,23.55949897593634,0,0.042326043678519575
feather,455,3.9176111582693265,0.12125445620789572,0.05,0.0015475560400111533,24.250891241579144,0,0.042326043678519575
feather,456,3.5388085756461543,0.10953009171368944,0.05,0.0015475560400111533,21.906018342737887,0,0.042326043678519575
feather,457,3.2037941732957744,0.0991610204767283,0.05,0.0015475560400111533,19.83220409534566,0,0.042326043678519575
feather,458,2.8865317359208422,0.08934139245216358,0.05,0.0015475560400111533,17.868278490432715,0,0.042326043678519575
feather,459,2.6168577321864044,0.08099467978589917,0.05,0.0015475560400111533,16.198935957179835,0,0.042326043678519575
feather,460,2.3642303315470725,0.07317557859126486,0.05,0.0015475560400111533,14.635115718252973,0,0.042326043678519575
feather,461,2.59065989522359,0.08018382736935856,0.05,0.0015475560400111533,16.03676547387171,0,0.042326043678519575
feather,462,2.9675513935408677,0.09184904166235369,0.05,0.0015475560400111533,18.36980833247074,0,0.042326043678519575
feather,463,5.156286761228302,0.15959285442736812,0.05,0.0015475560400111533,31.918570885473624,0,0.042326043678519575
feather,464,7.839161366016856,0.24263083041202935,0.05,0.0015475560400111533,48.52616608240587,0,0.042326043678519575
feather,465,8.395047678304486,0.2598361348148343,0.05,0.0015475560400111533,51.96722696296686,0,0.042326043678519575
feather,466,8.45343503404085,0.2616432889154361,0.05,0.0015475560400111533,52.328657783087216,0,0.042326043678519575
feather,467,7.818262669660813,0.2419839923365463,0.05,0.0015475560400111533,48.39679846730926,0,0.042326043678519575
feather,468,7.046203518415629,0.21808789628143893,0.05,0.0015475560400111533,43.61757925628778,0,0.042326043678519575
feather,469,7.067433211186315,0.21874497906693605,0.05,0.0015475560400111533,43.74899581338721,0,0.042326043678519575
feather,470,7.2179208306178,0.22340273955489792,0.05,0.0015475560400111533,44.680547910979584,0,0.042326043678519575
feather,471,9.412925485493016,0.29134059378499266,0.05,0.0015475560400111533,58.26811875699853,0,0.042326043678519575
feather,472,11.87460627542611,0.36753237328580046,0.05,0.0015475560400111533,73.5064746571601,0,0.042326043678519575
feather,473,11.092400531909403,0.3433222288275865,0.05,0.0015475560400111533,68.6644457655173,0,0.042326043678519575
feather,474,9.986786161190729,0.3091022248810102,0.05,0.0015475560400111533,61.82044497620204,0,0.042326043678519575
feather,475,9.068371572572422,0.28067626400399787,0.05,0.0015475560400111533,56.13525280079957,0,0.042326043678519575
feather,476,8.163171086220046,0.25265929440248475,0.05,0.0015475560400111533,50.53185888049695,0,0.042326043678519575
feather,477,7.415293865405054,0.22951165619730488,0.05,0.0015475560400111533,45.90233123946098,0,0.042326043678519575
feather,478,6.674178389527217,0.20657330157649512,0.05,0.0015475560400111533,41.31466031529902,0,0.042326043678519575
feather,479,6.065189938434194,0.1877244264607742,0.05,0.0015475560400111533,37.54488529215484,0,0.042326043678519575
feather,480,5.459284415850931,0.16897097143777737,0.05,0.0015475560400111533,33.79419428755547,0,0.042326043678519575
feather,481,4.95788948829591,0.15345223646640282,0.05,0.0015475560400111533,30.690447293280563,0,0.042326043678519575
feather,482,4.459642841463186,0.1380309443119771,0.05,0.0015475560400111533,27.60618886239542,0,0.042326043678519575
feather,483,4.053745762483441,0.12546797478801733,0.05,0.0015475560400111533,25.093594957603464,0,0.042326043678519575
feather,484,3.650948958858046,0.11300096226106401,0.05,0.0015475560400111533,22.600192452212802,0,0.042326043678519575
feather,485,3.2987899860204077,0.10210124735188379,0.05,0.0015475560400111533,20.42024947037676,0,0.042326043678519575
feather,486,2.9532393736827185,0.09140606860682893,0.05,0.0015475560400111533,18.281213721365784,0,0.042326043678519575
feather,487,2.6812618415778426,0.08298805915570437,0.05,0.0015475560400111533,16.597611831140874,0,0.042326043678519575
feather,488,2.4149407950287256,0.07474512427232081,0.05,0.0015475560400111533,14.949024854464163,0,0.042326043678519575
feather,489,2.195757128110956,0.06796114412011307,0.05,0.0015475560400111533,13.592228824022614,0,0.042326043678519575
feather,490,1.9818127479940357,0.06133932576658543,0.05,0.0015475560400111533,12.267865153317086,0,0.042326043678519575
feather,491,1.8023603393160565,0.0557850725877023,0.05,0.0015475560400111533,11.15701451754046,0,0.042326043678519575
feather,492,1.6278267703947602,0.0503830630123252,0.05,0.0015475560400111533,10.07661260246504,0,0.042326043678519575
feather,493,1.4797858998121018,0.04580103214355114,0.05,0.0015475560400111533,9.160206428710229,0,0.042326043678519575
feather,494,1.3331403210837376,0.041262187121510925,0.05,0.0015475560400111533,8.252437424302185,0,0.042326043678519575
feather,495,1.192794696485434,0.03691833274078607,0.05,0.0015475560400111533,7.383666548157214,0,0.042326043678519575
feather,496,1.0618648730623312,0.03286590795966575,0.05,0.0015475560400111533,6.5731815919331495,0,0.042326043678519575
feather,497,0.9672172701676859,0.029936458569022033,0.05,0.0015475560400111533,5.987291713804407,0,0.042326043678519575
feather,498,0.8765289056652745,0.02712955204413324,0.05,0.0015475560400111533,5.425910408826648,0,0.042326043678519575
feather,499,0.7990380024703158,0.02473112173842768,0.05,0.0015475560400111533,4.946224347685535,0,0.042326043678519575
feather,500,0.7251359584591126,0.02244377064685353,0.05,0.0015475560400111533,4.488754129370706,0,0.042326043678519575
feather,501,0.6616917729296109,0.02048010199645816,0.05,0.0015475560400111533,4.096020399291632,0,0.042326043678519575
feather,502,0.5990174020943494,0.018540259973657998,0.05,0.0015475560400111533,3.7080519947315995,0,0.042326043678519575
feather,503,0.5383203984148819,0.016661619680563216,0.05,0.0015475560400111533,3.332323936112643,0,0.042326043678519575
feather,504,0.47012128071528836,0.014550780550174468,0.05,0.0015475560400111533,2.9101561100348934,0,0.042326043678519575
feather,505,0.3848227499788234,0.0119106954212686,0.05,0.0015475560400111533,2.38213908425372,0,0.042326043678519575
feather,506,0.3151918055474595,0.009755539648739837,0.05,0.0015475560400111533,1.9511079297479674,0,0.042326043678519575
feather,507,0.27741828660315837,0.008586406900845259,0.05,0.0015475560400111533,1.7172813801690519,0,0.042326043678519575
feather,508,0.24642842795121067,0.007627236042126988,0.05,0.0015475560400111533,1.5254472084253976,0,0.042326043678519575
feather,509,0.22779640006440433,0.007050553896249319,0.05,0.0015475560400111533,1.4101107792498637,0,0.042326043678519575
feather,510,0.20599565423407212,0.006375796378519747,0.05,0.0015475560400111533,1.2751592757039494,0,0.042326043678519575
feather,511,0.17900555872810986,0.0055404226721051525,0.05,0.0015475560400111533,1.1080845344210304,0,0.042326043678519575
feather,512,0.1398297037899121,0.004327886053460978,0.05,0.0015475560400111533,0.8655772106921956,0,0.042326043678519575
feather,513,0.08266534683269697,0.002558585135811141,0.05,0.0015475560400111533,0.5117170271622282,0,0.042326043678519575
feather,514,0.05,0.0015475560400111533,0.05,0.0015475560400111533,0.30951120800223064,0,0.042326043678519575
feather,515,0.05,0.0015475560400111533,0.05,0.0015475560400111533,0.30951120800223064,0,0.042326043678519575
feather,516,0.05,0.0015475560400111533,0.05,0.0015475560400111533,0.30951120800223064,0,0.042326043678519575
feather,517,0.05,0.0015475560400111533,0.05,0.0015475560400111533,0.30951120800223064,0,0.042326043678519575
feather,518,0.05,0.0015475560400111533,0.05,0.0015475560400111533,0.30951120800223064,0,0.042326043678519575
feather,519,0.05,0.0015475560400111533,0.05,0.0015475560400111533,0.30951120800223064,0,0.042326043678519575
feather,520,0.05,0.0015475560400111533,0.05,0.0015475560400111533,0.30951120800223064,0,0.042326043678519575
feather,521,0.05,0.0015475560400111533,0.05,0.0015475560400111533,0.30951120800223064,0,0.042326043678519575
feather,522,0.05,0.0015475560400111533,0.05,0.0015475560400111533,0.30951120800223064,0,0.042326043678519575
feather,523,0.05,0.0015475560400111533,0.05,0.0015475560400111533,0.30951120800223064,0,0.042326043678519575
feather,524,0.05,0.0015475560400111533,0.05,0.0015475560400111533,0.30951120800223064,0,0.042326043678519575
feather,525,0.05,0.0015475560400111533,0.05,0.0015475560400111533,0.30951120800223064,0,0.042326043678519575
feather,526,0.05,0.0015475560400111533,0.05,0.0015475560400111533,0.30951120800223064,0,0.042326043678519575
feather,527,0.05,0.0015475560400111533,0.05,0.0015475560400111533,0.30951120800223064,0,0.042326043678519575
feather,528,0.05,0.0015475560400111533,0.05,0.0015475560400111533,0.30951120800223064,0,0.042326043678519575
feather,529,0.05,0.0015475560400111533,0.05,0.0015475560400111533,0.30951120800223064,0,0.042326043678519575
feather,530,0.05,0.0015475560400111533,0.05,0.0015475560400111533,0.30951120800223064,0,0.042326043678519575
feather,531,0.05,0.0015475560400111533,0.05,0.0015475560400111533,0.30951120800223064,0,0.042326043678519575
feather,532,0.05,0.0015475560400111533,0.05,0.0015475560400111533,0.30951120800223064,0,0.042326043678519575
feather,533,0.05,0.0015475560400111533,0.05,0.0015475560400111533,0.30951120800223064,0,0.042326043678519575
feather,534,0.05,0.0015475560400111533,0.05,0.0015475560400111533,0.30951120800223064,0,0.042326043678519575
feather,535,0.05,0.0015475560400111533,0.05,0.0015475560400111533,0.30951120800223064,0,0.042326043678519575
feather,536,0.05,0.0015475560400111533,0.05,0.0015475560400111533,0.30951120800223064,0,0.042326043678519575
feather,537,0.05,0.0015475560400111533,0.05,0.0015475560400111533,0.30951120800223064,0,0.042326043678519575
feather,538,0.05,0.0015475560400111533,0.05,0.0015475560400111533,0.30951120800223064,0,0.042326043678519575
feather,539,0.05,0.0015475560400111533,0.05,0.0015475560400111533,0.30951120800223064,0,0.042326043678519575
feather,540,1.4688838136932463,0.04546360035911201,0.05,0.0015475560400111533,9.092720071822402,0,0.042326043678519575
feather,541,3.3607288986178765,0.10401832611792251,0.05,0.0015475560400111533,20.803665223584503,0,0.042326043678519575
feather,542,5.701016903490634,0.17645286286405223,0.05,0.0015475560400111533,35.29057257281045,0,0.042326043678519575
feather,543,8.171703204234927,0.25292337301784507,0.05,0.0015475560400111533,50.58467460356901,0,0.042326043678519575
feather,544,8.034998262693412,0.2486922018582062,0.05,0.0015475560400111533,49.73844037164124,0,0.042326043678519575
feather,545,7.244205483739537,0.22421627902886077,0.05,0.0015475560400111533,44.84325580577215,0,0.042326043678519575
feather,546,6.5715553516364835,0.20339700353385315,0.05,0.0015475560400111533,40.67940070677063,0,0.042326043678519575
feather,547,5.924108984194948,0.1833578128035046,0.05,0.0015475560400111533,36.67156256070092,0,0.042326043678519575
feather,548,5.3762914455270145,0.16640224598771253,0.05,0.0015475560400111533,33.2804491975425,0,0.042326043678519575
feather,549,4.846207193534004,0.14999554426998096,0.05,0.0015475560400111533,29.99910885399619,0,0.042326043678519575
feather,550,4.4000679290853535,0.1361870340023081,0.05,0.0015475560400111533,27.23740680046162,0,0.042326043678519575
feather,551,3.9660716502563362,0.12275436274942389,0.05,0.0015475560400111533,24.55087254988478,0,0.042326043678519575
feather,552,3.602748856075957,0.1115091150572724,0.05,0.0015475560400111533,22.30182301145448,0,0.042326043678519575
feather,553,3.247422755877234,0.10051137400654955,0.05,0.0015475560400111533,20.10227480130991,0,0.042326043678519575
feather,554,2.951551758381361,0.0913538350217723,0.05,0.0015475560400111533,18.27076700435446,0,0.042326043678519575
feather,555,2.6606353527773976,0.08234964620915736,0.05,0.0015475560400111533,16.469929241831473,0,0.042326043678519575
feather,556,2.419700535710709,0.0748924435811466,0.05,0.0015475560400111533,14.978488716229322,0,0.042326043678519575
feather,557,2.1815183278678365,0.06752043729373802,0.05,0.0015475560400111533,13.504087458747605,0,0.042326043678519575
feather,558,3.4803356784318993,0.107720290008472,0.05,0.0015475560400111533,21.5440580016944,0,0.042326043678519575
feather,559,4.822571095617645,0.14926398054812584,0.05,0.0015475560400111533,29.852796109625167,0,0.042326043678519575
feather,560,6.564561313747287,0.2031805302222633,0.05,0.0015475560400111533,40.63610604445266,0,0.042326043678519575
feather,561,8.339584081102197,0.25811947431781135,0.05,0.0015475560400111533,51.62389486356227,0,0.042326043678519575
feather,562,11.535549535153287,0.35703818715948643,0.05,0.0015475560400111533,71.40763743189729,0,0.042326043678519575
feather,563,14.571829923517914,0.4510144682431082,0.05,0.0015475560400111533,90.20289364862164,0,0.042326043678519575
feather,564,14.348656324039151,0.4441069952062204,0.05,0.0015475560400111533,88.82139904124408,0,0.042326043678519575
feather,565,14.049055287332893,0.43483400732725297,0.05,0.0015475560400111533,86.9668014654506,0,0.042326043678519575
feather,566,12.755897566667493,0.39480932650119704,0.05,0.0015475560400111533,78.96186530023941,1,0.042326043678519575
feather,567,11.485279242749797,0.3554822652666434,0.05,0.0015475560400111533,71.09645305332867,1,0.042326043678519575
feather,568,10.426531248260806,0.3227128281922208,0.05,0.0015475560400111533,64.54256563844416,1,0.042326043678519575
feather,569,9.390982187486596,0.2906614241176407,0.05,0.0015475560400111533,58.13228482352814,1,0.042326043678519575
feather,570,8.524152644638821,0.2638320782237571,0.05,0.0015475560400111533,52.76641564475142,1,0.042326043678519575
feather,571,7.680201853267452,0.23771085533057795,0.05,0.0015475560400111533,47.54217106611559,0,0.042326043678519575
feather,572,6.970501848861451,0.21574484476228897,0.05,0.0015475560400111533,43.14896895245779,0,0.042326043678519575
feather,573,6.282714208991246,0.19445704643576592,0.05,0.0015475560400111533,38.89140928715318,0,0.042326043678519575
feather,574,5.7016609899244735,0.1764727980610718,0.05,0.0015475560400111533,35.29455961221436,0,0.042326043678519575
feather,575,5.141152338551023,0.159124427082842,0.05,0.0015475560400111533,31.8248854165684,0,0.042326043678519575
feather,576,4.665426198926099,0.1444001698674872,0.05,0.0015475560400111533,28.880033973497437,0,0.042326043678519575
feather,577,4.208652700855218,0.13026251815035494,0.05,0.0015475560400111533,26.052503630070987,0,0.042326043678519575
feather,578,3.8191610803012237,0.1182073159519136,0.05,0.0015475560400111533,23.64146319038272,0,0.042326043678519575
feather,579,3.5858881162504996,0.11098725626215354,0.05,0.0015475560400111533,22.197451252430707,0,0.042326043678519575
feather,580,3.8353132481370413,0.11870724364978547,0.05,0.0015475560400111533,23.741448729957092,0,0.042326043678519575
feather,581,4.192852107238022,0.12977347206859388,0.05,0.0015475560400111533,25.954694413718777,0,0.042326043678519575
feather,582,4.843842511635267,0.14992235471487902,0.05,0.0015475560400111533,29.984470942975804,0,0.042326043678519575
feather,583,5.149349708750335,0.15937814487812507,0.05,0.0015475560400111533,31.875628975625013,0,0.042326043678519575
feather,584,4.625051445383574,0.14315052599331327,0.05,0.0015475560400111533,28.630105198662655,0,0.042326043678519575
feather,585,4.14448613829562,0.1282764911212377,0.05,0.0015475560400111533,25.65529822424754,0,0.042326043678519575
feather,586,3.757418875665847,0.11629632551777194,0.05,0.0015475560400111533,23.259265103554387,0,0.042326043678519575
feather,587,3.394446184191653,0.10506191389677208,0.05,0.0015475560400111533,21.012382779354414,0,0.042326043678519575
feather,588,3.077542312766946,0.09525338389024761,0.05,0.0015475560400111533,19.05067677804952,0,0.042326043678519575
feather,589,2.8092237109595097,0.08694862243275871,0.05,0.0015475560400111533,17.389724486551742,0,0.042326043678519575
feather,590,2.6242977361071276,0.08122495624600361,0.05,0.0015475560400111533,16.244991249200723,0,0.042326043678519575
feather,591,2.423260069797552,0.075002615150661,0.05,0.0015475560400111533,15.000523030132202,0,0.042326043678519575
feather,592,2.1973225166904853,0.06800959465113737,0.05,0.0015475560400111533,13.601918930227475,0,0.042326043678519575
feather,593,2.085748704079568,0.06455626009887543,0.05,0.0015475560400111533,12.911252019775086,0,0.042326043678519575
feather,594,2.1336822137396747,0.06603985594674405,0.05,0.0015475560400111533,13.207971189348811,0,0.042326043678519575
feather,595,2.177772568831248,0.06740450185330805,0.05,0.0015475560400111533,13.480900370661612,0,0.042326043678519575
feather,596,2.217017207292934,0.06861916739909678,0.05,0.0015475560400111533,13.723833479819355,0,0.042326043678519575
feather,597,2.144160212834211,0.06636416176246365,0.05,0.0015475560400111533,13.272832352492731,0,0.042326043678519575
feather,598,1.943375472572173,0.06014964901177191,0.05,0.0015475560400111533,12.029929802354381,0,0.042326043678519575
feather,599,1.7491528823550868,0.05413824215983066,0.05,0.0015475560400111533,10.827648431966132,0,0.042326043678519575
feather,600,1.5617124025196563,0.048336749225592474,0.05,0.0015475560400111533,9.667349845118494,0,0.042326043678519575
feather,601,1.3868315689642816,0.04292399142057636,0.05,0.0015475560400111533,8.584798284115273,0,0.042326043678519575
feather,602,1.2237087021391746,0.03787515586419378,0.05,0.0015475560400111533,7.575031172838756,0,0.042326043678519575
feather,603,1.0622334590019877,0.032877316107609314,0.05,0.0015475560400111533,6.575463221521863,0,0.042326043678519575
feather,604,0.9021549323921244,0.02792270629298571,0.05,0.0015475560400111533,5.584541258597142,0,0.042326043678519575
feather,605,0.9724117132646513,0.030097232404806093,0.05,0.0015475560400111533,6.019446480961219,0,0.042326043678519575
feather,606,1.2193334387111192,0.03773973655729924,0.05,0.0015475560400111533,7.547947311459848,0,0.042326043678519575
feather,607,1.3065764353158185,0.04044000508418474,0.05,0.0015475560400111533,8.088001016836948,0,0.042326043678519575
feather,608,1.2831583593743414,0.03971518938681128,0.05,0.0015475560400111533,7.943037877362256,0,0.042326043678519575
feather,609,1.205019522771121,0.03729670481591611,0.05,0.0015475560400111533,7.459340963183222,0,0.042326043678519575
feather,610,1.092680210754299,0.03381967719906951,0.05,0.0015475560400111533,6.763935439813902,0,0.042326043678519575
feather,611,0.9933758804955614,0.03074609687724607,0.05,0.0015475560400111533,6.149219375449214,0,0.042326043678519575
feather,612,0.9014002309677663,0.027899347438032306,0.05,0.0015475560400111533,5.579869487606461,0,0.042326043678519575
feather,613,0.8205089504714703,0.02539567164370672,0.05,0.0015475560400111533,5.079134328741344,0,0.042326043678519575
feather,614,0.7452056576687422,0.023064950331514917,0.05,0.0015475560400111533,4.6129900663029835,0,0.042326043678519575
feather,615,0.6793149829029683,0.021025560097231236,0.05,0.0015475560400111533,4.205112019446247,0,0.042326043678519575
feather,616,0.6176618612773389,0.019117326882085537,0.05,0.0015475560400111533,3.8234653764171074,0,0.042326043678519575
feather,617,0.5639914645999008,0.01745616795112626,0.05,0.0015475560400111533,3.491233590225252,0,0.042326043678519575
feather,618,0.5135141579017408,0.015893838733841602,0.05,0.0015475560400111533,3.1787677467683206,0,0.042326043678519575
feather,619,0.4697987894646247,0.014540799084518163,0.05,0.0015475560400111533,2.9081598169036327,0,0.042326043678519575
feather,620,0.42847146613829196,0.013261672107894959,0.05,0.0015475560400111533,2.652334421578992,0,0.042326043678519575
feather,621,0.3863568666962654,0.01195817805311179,0.05,0.0015475560400111533,2.391635610622358,0,0.042326043678519575
feather,622,0.343998721405499,0.010647145981343878,0.05,0.0015475560400111533,2.1294291962687755,0,0.042326043678519575
feather,623,0.30207668638274415,0.009349612011163412,0.05,0.0015475560400111533,1.8699224022326826,0,0.042326043678519575
feather,624,0.2602716565538461,0.008055699482872259,0.05,0.0015475560400111533,1.611139896574452,0,0.042326043678519575
feather,625,0.23735311380438384,0.007346344897668577,0.05,0.0015475560400111533,1.4692689795337155,0,0.042326043678519575
feather,626,0.2187733586272257,0.006771280650741784,0.05,0.0015475560400111533,1.3542561301483569,0,0.042326043678519575
feather,627,0.20301563960345378,0.0062835615857010476,0.05,0.0015475560400111533,1.2567123171402095,0,0.042326043678519575
feather,628,0.1878038226552552,0.005812738801746472,0.05,0.0015475560400111533,1.1625477603492944,0,0.042326043678519575
feather,629,0.1749706718202148,0.005415538400003654,0.05,0.0015475560400111533,1.0831076800007307,0,0.042326043678519575
feather,630,0.16251628947453126,0.005030061307530237,0.05,0.0015475560400111533,1.0060122615060474,0,0.042326043678519575
feather,631,0.15107343986166666,0.00467589228686368,0.05,0.0015475560400111533,0.935178457372736,0,0.042326043678519575
feather,632,0.13975898914058524,0.0043256973558073175,0.05,0.0015475560400111533,0.8651394711614635,0,0.042326043678519575
feather,633,0.1313346046633159,0.004064953214183829,0.05,0.0015475560400111533,0.8129906428367658,0,0.042326043678519575
feather,634,0.12318878078786,0.003812830835397253,0.05,0.0015475560400111533,0.7625661670794506,0,0.042326043678519575
feather,635,0.1131542334164716,0.00350225034752985,0.05,0.0015475560400111533,0.70045006950597,0,0.042326043678519575
feather,636,0.10299229413773278,0.0031877269373490726,0.05,0.0015475560400111533,0.6375453874698145,0,0.042326043678519575
feather,637,0.0946015539746902,0.0029280241249594586,0.05,0.0015475560400111533,0.5856048249918917,0,0.042326043678519575
feather,638,0.08628166177627561,0.0026705141364814955,0.05,0.0015475560400111533,0.5341028272962991,0,0.042326043678519575
feather,639,0.08289392003064372,0.0025656597324724842,0.05,0.0015475560400111533,0.5131319464944969,0,0.042326043678519575
feather,640,0.0800933849027222,0.002478980031422917,0.05,0.0015475560400111533,0.4957960062845834,0,0.042326043678519575
feather,641,0.12395908407729977,0.0038366725855615126,0.05,0.0015475560400111533,0.7673345171123025,0,0.042326043678519575
feather,642,0.165877118652315,0.005134082737400736,0.05,0.0015475560400111533,1.0268165474801472,0,0.042326043678519575
feather,643,0.1552082090389995,0.0048038680271523465,0.05,0.0015475560400111533,0.9607736054304693,0,0.042326043678519575
feather,644,0.14465618622415524,0.0044772710943233925,0.05,0.0015475560400111533,0.8954542188646785,0,0.042326043678519575
feather,645,0.1359212218219245,0.0042069141559243,0.05,0.0015475560400111533,0.8413828311848601,0,0.042326043678519575
feather,646,0.12689276989678885,0.00392747344975042,0.05,0.0015475560400111533,0.785494689950084,0,0.042326043678519575
feather,647,0.11471169393528657,0.00355045549618927,0.05,0.0015475560400111533,0.710091099237854,0,0.042326043678519575
feather,648,0.10317242735175086,0.0031933022622162794,0.05,0.0015475560400111533,0.6386604524432559,0,0.042326043678519575
feather,649,0.09683181672974632,0.002997053256907439,0.05,0.0015475560400111533,0.5994106513814877,0,0.042326043678519575
feather,650,0.26265399273674067,0.008129435457855771,0.05,0.0015475560400111533,1.6258870915711543,0,0.042326043678519575
feather,651,1.5352369399312942,0.047517303984778284,0.05,0.0015475560400111533,9.503460796955657,0,0.042326043678519575
feather,652,2.5872978330665473,0.08007976777739806,0.05,0.0015475560400111533,16.015953555479612,0,0.042326043678519575
feather,653,2.4759147858188846,0.0766323376269387,0.05,0.0015475560400111533,15.326467525387741,0,0.042326043678519575
feather,654,2.5685246164056044,0.07949871568071647,0.05,0.0015475560400111533,15.899743136143293,0,0.042326043678519575
feather,655,3.5654013830649287,0.11035316890852499,0.05,0.0015475560400111533,22.070633781705,0,0.042326043678519575
feather,656,4.271680110591374,0.13221328712282385,0.05,0.0015475560400111533,26.442657424564768,0,0.042326043678519575
feather,657,3.8767452161398337,0.11998960949643087,0.05,0.0015475560400111533,23.997921899286172,0,0.042326043678519575
feather,658,3.4985154700902386,0.10828297493621215,0.05,0.0015475560400111533,21.656594987242432,0,0.042326043678519575
feather,659,3.1751179170305783,0.09827345820496607,0.05,0.0015475560400111533,19.654691640993214,0,0.042326043678519575
feather,660,2.8668590203021163,0.08873249985457994,0.05,0.0015475560400111533,17.746499970915988,0,0.042326043678519575
feather,661,2.602083498142004,0.08053740068326017,0.05,0.0015475560400111533,16.107480136652033,0,0.042326043678519575
feather,662,2.350889165347412,0.07276265454460333,0.05,0.0015475560400111533,14.552530908920666,0,0.042326043678519575
feather,663,2.1341093026926483,0.06605307482851996,0.05,0.0015475560400111533,13.210614965703993,0,0.042326043678519575
feather,664,1.9294203700228922,0.05971772294698962,0.05,0.0015475560400111533,11.943544589397924,0,0.042326043678519575
feather,665,1.7519360298194155,0.054224383693203926,0.05,0.0015475560400111533,10.844876738640785,0,0.042326043678519575
feather,666,1.5851463785593025,0.04906205704882509,0.05,0.0015475560400111533,9.812411409765017,0,0.042326043678519575
feather,667,1.439834491044961,0.044564491264660284,0.05,0.0015475560400111533,8.912898252932058,0,0.042326043678519575
feather,668,1.303929952251525,0.04035809346716605,0.05,0.0015475560400111533,8.071618693433209,0,0.042326043678519575
feather,669,1.1849586411557158,0.036675798045678734,0.05,0.0015475560400111533,7.335159609135747,0,0.042326043678519575
feather,670,1.0742226370805352,0.03324839460661382,0.05,0.0015475560400111533,6.6496789213227645,0,0.042326043678519575
feather,671,0.9768171659524003,0.03023358610312428,0.05,0.0015475560400111533,6.046717220624856,0,0.042326043678519575
feather,672,0.8865907586342272,0.027440977670849374,0.05,0.0015475560400111533,5.488195534169875,0,0.042326043678519575
feather,673,0.8068419039035704,0.024972661234401377,0.05,0.0015475560400111533,4.994532246880276,0,0.042326043678519575
feather,674,0.7333281984307894,0.022697329655841314,0.05,0.0015475560400111533,4.539465931168262,0,0.042326043678519575
feather,675,0.6680353585400524,0.020676443080993485,0.05,0.0015475560400111533,4.1352886161986975,0,0.042326043678519575
feather,676,0.6081400651606363,0.01882261662024238,0.05,0.0015475560400111533,3.7645233240484757,0,0.042326043678519575
feather,677,0.554682809186293,0.017168054632932032,0.05,0.0015475560400111533,3.4336109265864065,0,0.042326043678519575
feather,678,0.5058842823143459,0.015657685532845467,0.05,0.0015475560400111533,3.1315371065690933,0,0.042326043678519575
feather,679,0.4621171828729893,0.014303044750960664,0.05,0.0015475560400111533,2.860608950192133,0,0.042326043678519575
feather,680,0.422360489378467,0.013072530527994262,0.05,0.0015475560400111533,2.6145061055988523,0,0.042326043678519575
feather,681,0.3865270190928033,0.01196344446049148,0.05,0.0015475560400111533,2.392688892098296,0,0.042326043678519575
feather,682,0.35376721464450994,0.010949491795620669,0.05,0.0015475560400111533,2.189898359124134,0,0.042326043678519575
feather,683,0.32373070997958414,0.010019828311320087,0.05,0.0015475560400111533,2.0039656622640174,0,0.042326043678519575
feather,684,0.29710336327326425,0.00919568208682336,0.05,0.0015475560400111533,1.8391364173646718,0,0.042326043678519575
feather,685,0.2732100937416685,0.008456158615238648,0.05,0.0015475560400111533,1.6912317230477296,0,0.042326043678519575
feather,686,0.25182744305517935,0.00779434161081215,0.05,0.0015475560400111533,1.55886832216243,0,0.042326043678519575
feather,687,0.23226528849808073,0.007188871002002757,0.05,0.0015475560400111533,1.4377742004005514,0,0.042326043678519575
feather,688,0.21484633104384515,0.006649734745622766,0.05,0.0015475560400111533,1.3299469491245532,0,0.042326043678519575
feather,689,0.19883019351148393,0.006154017338105667,0.05,0.0015475560400111533,1.2308034676211335,0,0.042326043678519575
feather,690,0.1846405405953361,0.005714831676584738,0.05,0.0015475560400111533,1.1429663353169477,0,0.042326043678519575
feather,691,0.17152763625206546,0.005308972590214399,0.05,0.0015475560400111533,1.0617945180428798,0,0.042326043678519575
feather,692,0.14745427951041504,0.004563875217636713,0.05,0.0015475560400111533,0.9127750435273425,0,0.042326043678519575
feather,693,0.11757833032256149,0.003639181105302131,0.05,0.0015475560400111533,0.7278362210604262,0,0.042326043678519575
feather,694,0.10311258712538082,0.0031914501401411875,0.05,0.0015475560400111533,0.6382900280282375,0,0.042326043678519575
feather,695,0.09594641518694631,0.0029696490867995324,0.05,0.0015475560400111533,0.5939298173599065,0,0.042326043678519575
feather,696,0.07821867976726857,0.002420955806310693,0.05,0.0015475560400111533,0.48419116126213857,0,0.042326043678519575
feather,697,0.056035284753939374,0.0017343548674940753,0.05,0.0015475560400111533,0.34687097349881507,0,0.042326043678519575
feather,698,0.050001192686070235,0.0015475929549817896,0.05,0.0015475560400111533,0.3095185909963579,0,0.042326043678519575
feather,699,0.05000023643556459,0.0015475633579568743,0.05,0.0015475560400111533,0.30951267159137485,0,0.042326043678519575
feather,700,0.05,0.0015475560400111533,0.05,0.0015475560400111533,0.30951120800223064,0,0.042326043678519575
feather,701,0.05,0.0015475560400111533,0.05,0.0015475560400111533,0.30951120800223064,0,0.042326043678519575
feather,702,0.05,0.0015475560400111533,0.05,0.0015475560400111533,0.30951120800223064,0,0.042326043678519575
feather,703,0.05,0.0015475560400111533,0.05,0.0015475560400111533,0.30951120800223064,0,0.042326043678519575
feather,704,0.05,0.0015475560400111533,0.05,0.0015475560400111533,0.30951120800223064,0,0.042326043678519575
feather,705,0.05,0.0015475560400111533,0.05,0.0015475560400111533,0.30951120800223064,0,0.042326043678519575
feather,706,0.05,0.0015475560400111533,0.05,0.0015475560400111533,0.30951120800223064,0,0.042326043678519575
feather,707,0.05,0.0015475560400111533,0.05,0.0015475560400111533,0.30951120800223064,0,0.042326043678519575
feather,708,0.05,0.0015475560400111533,0.05,0.0015475560400111533,0.30951120800223064,0,0.042326043678519575
feather,709,0.05,0.0015475560400111533,0.05,0.0015475560400111533,0.30951120800223064,0,0.042326043678519575
feather,710,0.05,0.0015475560400111533,0.05,0.0015475560400111533,0.30951120800223064,0,0.042326043678519575
feather,711,0.05,0.0015475560400111533,0.05,0.0015475560400111533,0.30951120800223064,0,0.042326043678519575
feather,712,0.05,0.0015475560400111533,0.05,0.0015475560400111533,0.30951120800223064,0,0.042326043678519575
feather,713,0.05,0.0015475560400111533,0.05,0.0015475560400111533,0.30951120800223064,0,0.042326043678519575
feather,714,0.2225110648522543,0.006886966847628392,0.05,0.0015475560400111533,1.3773933695256786,0,0.042326043678519575
feather,715,0.4088434909834852,0.012654164277814762,0.05,0.0015475560400111533,2.5308328555629522,0,0.042326043678519575
feather,716,0.3859516517745158,0.011945636197118664,0.05,0.0015475560400111533,2.3891272394237326,0,0.042326043678519575
feather,717,0.35217531321255363,0.01090022066209814,0.05,0.0015475560400111533,2.1800441324196282,0,0.042326043678519575
feather,718,0.3243702028552407,0.010039621332565415,0.05,0.0015475560400111533,2.0079242665130828,0,0.042326043678519575
feather,719,0.2967164757481852,0.009183707484298538,0.05,0.0015475560400111533,1.8367414968597076,0,0.042326043678519575
american,0,0.05,0.001115969867927122,0.05,0.001115969867927122,0.2231939735854244,0,0.04429530301482104
american,1,0.05,0.001115969867927122,0.05,0.001115969867927122,0.2231939735854244,0,0.04429530301482104
american,2,0.05,0.001115969867927122,0.05,0.001115969867927122,0.2231939735854244,0,0.04429530301482104
american,3,0.05,0.001115969867927122,0.05,0.001115969867927122,0.2231939735854244,0,0.04429530301482104
american,4,0.05,0.001115969867927122,0.05,0.001115969867927122,0.2231939735854244,0,0.04429530301482104
american,5,0.05,0.001115969867927122,0.05,0.001115969867927122,0.2231939735854244,0,0.04429530301482104
american,6,0.05,0.001115969867927122,0.05,0.001115969867927122,0.2231939735854244,0,0.04429530301482104
american,7,0.05,0.001115969867927122,0.05,0.001115969867927122,0.2231939735854244,0,0.04429530301482104
american,8,0.05,0.001115969867927122,0.05,0.001115969867927122,0.2231939735854244,0,0.04429530301482104
american,9,0.05,0.001115969867927122,0.05,0.001115969867927122,0.2231939735854244,0,0.04429530301482104
american,10,0.05,0.001115969867927122,0.05,0.001115969867927122,0.2231939735854244,0,0.04429530301482104
american,11,0.05,0.001115969867927122,0.05,0.001115969867927122,0.2231939735854244,0,0.04429530301482104
american,12,0.05,0.001115969867927122,0.05,0.001115969867927122,0.2231939735854244,0,0.04429530301482104
american,13,0.05,0.001115969867927122,0.05,0.001115969867927122,0.2231939735854244,0,0.04429530301482104
american,14,0.05,0.001115969867927122,0.05,0.001115969867927122,0.2231939735854244,0,0.04429530301482104
american,15,0.05,0.001115969867927122,0.05,0.001115969867927122,0.2231939735854244,0,0.04429530301482104
american,16,0.05,0.001115969867927122,0.05,0.001115969867927122,0.2231939735854244,0,0.04429530301482104
american,17,0.05,0.001115969867927122,0.05,0.001115969867927122,0.2231939735854244,0,0.04429530301482104
american,18,0.05,0.001115969867927122,0.05,0.001115969867927122,0.2231939735854244,0,0.04429530301482104
american,19,0.05,0.001115969867927122,0.05,0.001115969867927122,0.2231939735854244,0,0.04429530301482104
american,20,0.05,0.001115969867927122,0.05,0.001115969867927122,0.2231939735854244,0,0.04429530301482104
american,21,0.05,0.001115969867927122,0.05,0.001115969867927122,0.2231939735854244,0,0.04429530301482104
american,22,0.05,0.001115969867927122,0.05,0.001115969867927122,0.2231939735854244,0,0.04429530301482104
american,23,0.05,0.001115969867927122,0.05,0.001115969867927122,0.2231939735854244,0,0.04429530301482104
american,24,0.05,0.001115969867927122,0.05,0.001115969867927122,0.2231939735854244,0,0.04429530301482104
american,25,0.05,0.001115969867927122,0.05,0.001115969867927122,0.2231939735854244,0,0.04429530301482104
american,26,0.05,0.001115969867927122,0.05,0.001115969867927122,0.2231939735854244,0,0.04429530301482104
american,27,0.05,0.001115969867927122,0.05,0.001115969867927122,0.2231939735854244,0,0.04429530301482104
american,28,0.05,0.001115969867927122,0.05,0.001115969867927122,0.2231939735854244,0,0.04429530301482104
american,29,0.05,0.001115969867927122,0.05,0.001115969867927122,0.2231939735854244,0,0.04429530301482104
american,30,0.05,0.001115969867927122,0.05,0.001115969867927122,0.2231939735854244,0,0.04429530301482104
american,31,0.05,0.001115969867927122,0.05,0.001115969867927122,0.2231939735854244,0,0.04429530301482104
american,32,0.05,0.001115969867927122,0.05,0.001115969867927122,0.2231939735854244,0,0.04429530301482104
american,33,0.05,0.001115969867927122,0.05,0.001115969867927122,0.2231939735854244,0,0.04429530301482104
american,34,0.05,0.001115969867927122,0.05,0.001115969867927122,0.2231939735854244,0,0.04429530301482104
american,35,0.05,0.001115969867927122,0.05,0.001115969867927122,0.2231939735854244,0,0.04429530301482104
american,36,0.05,0.001115969867927122,0.05,0.001115969867927122,0.2231939735854244,0,0.04429530301482104
american,37,0.05,0.001115969867927122,0.05,0.001115969867927122,0.2231939735854244,0,0.04429530301482104
american,38,0.05,0.001115969867927122,0.05,0.001115969867927122,0.2231939735854244,0,0.04429530301482104
american,39,0.05,0.001115969867927122,0.05,0.001115969867927122,0.2231939735854244,0,0.04429530301482104
american,40,0.05,0.001115969867927122,0.05,0.001115969867927122,0.2231939735854244,0,0.04429530301482104
american,41,0.05,0.001115969867927122,0.05,0.001115969867927122,0.2231939735854244,0,0.04429530301482104
american,42,0.05,0.001115969867927122,0.05,0.001115969867927122,0.2231939735854244,0,0.04429530301482104
american,43,0.05,0.001115969867927122,0.05,0.001115969867927122,0.2231939735854244,0,0.04429530301482104
american,44,0.05,0.001115969867927122,0.05,0.001115969867927122,0.2231939735854244,0,0.04429530301482104
american,45,0.05,0.001115969867927122,0.05,0.001115969867927122,0.2231939735854244,0,0.04429530301482104
american,46,0.05,0.001115969867927122,0.05,0.001115969867927122,0.2231939735854244,0,0.04429530301482104
american,47,0.05,0.001115969867927122,0.05,0.001115969867927122,0.2231939735854244,0,0.04429530301482104
american,48,0.05,0.001115969867927122,0.05,0.001115969867927122,0.2231939735854244,0,0.04429530301482104
american,49,0.05,0.001115969867927122,0.05,0.001115969867927122,0.2231939735854244,0,0.04429530301482104
american,50,0.05,0.001115969867927122,0.05,0.001115969867927122,0.2231939735854244,0,0.04429530301482104
american,51,0.05,0.001115969867927122,0.05,0.001115969867927122,0.2231939735854244,0,0.04429530301482104
american,52,0.05,0.001115969867927122,0.05,0.001115969867927122,0.2231939735854244,0,0.04429530301482104
american,53,0.05,0.001115969867927122,0.05,0.001115969867927122,0.2231939735854244,0,0.04429530301482104
american,54,0.05,0.001115969867927122,0.05,0.001115969867927122,0.2231939735854244,0,0.04429530301482104
american,55,0.05,0.001115969867927122,0.05,0.001115969867927122,0.2231939735854244,0,0.04429530301482104
american,56,0.050376592889879834,0.0011243751942787517,0.05,0.001115969867927122,0.22487503885575033,0,0.04429530301482104
american,57,0.050920560397484035,0.0011365162212311057,0.05,0.001115969867927122,0.22730324424622114,0,0.04429530301482104
american,58,0.05100378253425568,0.0011383736891707392,0.05,0.001115969867927122,0.22767473783414782,0,0.04429530301482104
american,59,0.05090517795380222,0.001136172894358226,0.05,0.001115969867927122,0.22723457887164517,0,0.04429530301482104
american,60,0.050819831543874316,0.0011342680139219202,0.05,0.001115969867927122,0.22685360278438405,0,0.04429530301482104
american,61,0.050739100941462716,0.0011324661555277011,0.05,0.001115969867927122,0.22649323110554023,0,0.04429530301482104
american,62,0.050669587040054566,0.00113091464714023,0.05,0.001115969867927122,0.22618292942804602,0,0.04429530301482104
american,63,0.05060349041314568,0.0011294394102601914,0.05,0.001115969867927122,0.22588788205203827,0,0.04429530301482104
american,64,0.05054687348487896,0.0011281757545409865,0.05,0.001115969867927122,0.2256351509081973,0,0.04429530301482104
american,65,0.05049275814375394,0.0011269679327392237,0.05,0.001115969867927122,0.22539358654784475,0,0.04429530301482104
american,66,0.05044664666471243,0.0011259387523157062,0.05,0.001115969867927122,0.22518775046314124,0,0.04429530301482104
american,67,0.05040234077072006,0.0011249498714623652,0.05,0.001115969867927122,0.22498997429247306,0,0.04429530301482104
american,68,0.05036478646075981,0.0011241116818958366,0.05,0.001115969867927122,0.22482233637916732,0,0.04429530301482104
american,69,0.050328511862805646,0.0011233020547300762,0.05,0.001115969867927122,0.22466041094601524,0,0.04429530301482104
american,70,0.05029792757460936,0.001122619431848895,0.05,0.001115969867927122,0.224523886369779,0,0.04429530301482104
american,71,0.050268228445708746,0.0011219565651897597,0.05,0.001115969867927122,0.22439131303795193,0,0.04429530301482104
american,72,0.05024332125787554,0.0011214006517674265,0.05,0.001115969867927122,0.22428013035348532,0,0.04429530301482104
american,73,0.050219005667704986,0.0011208579424484024,0.05,0.001115969867927122,0.22417158848968047,0,0.04429530301482104
american,74,0.05019872236787322,0.0011204052314197149,0.05,0.001115969867927122,0.224081046283943,0,0.04429530301482104
american,75,0.050178814446421346,0.0011199608986102476,0.05,0.001115969867927122,0.22399217972204952,0,0.04429530301482104
american,76,0.050162297111023976,0.0011195922416382096,0.05,0.001115969867927122,0.22391844832764193,0,0.04429530301482104
american,77,0.050145997883501464,0.0011192284527024973,0.05,0.001115969867927122,0.22384569054049946,0,0.04429530301482104
american,78,0.050132547685081,0.0011189282523793997,0.05,0.001115969867927122,0.22378565047587992,0,0.04429530301482104
american,79,0.0501192030062569,0.0011186304071901024,0.05,0.001115969867927122,0.22372608143802047,0,0.04429530301482104
american,80,0.05010825072511717,0.0011183859588753623,0.05,0.001115969867927122,0.22367719177507245,0,0.04429530301482104
american,81,0.050097352230751124,0.0011181427110489967,0.05,0.001115969867927122,0.22362854220979936,0,0.04429530301482104
american,82,0.050088407025027426,0.0011179430594479955,0.05,0.001115969867927122,0.2235886118895991,0,0.04429530301482104
american,83,0.05007952418433084,0.001117744799796816,0.05,0.001115969867927122,0.2235489599593632,0,0.04429530301482104
american,84,0.050072200469312246,0.0011175813388911752,0.05,0.001115969867927122,0.22351626777823505,0,0.04429530301482104
american,85,0.05006496063885145,0.0011174197502383122,0.05,0.001115969867927122,0.22348395004766242,0,0.04429530301482104
american,86,0.050058964488138936,0.0011172859197679378,0.05,0.001115969867927122,0.22345718395358755,0,0.04429530301482104
american,87,0.050053063890632944,0.0011171542219875488,0.05,0.001115969867927122,0.22343084439750976,0,0.04429530301482104
american,88,0.05004815465764452,0.0011170446508657545,0.05,0.001115969867927122,0.2234089301731509,0,0.04429530301482104
american,89,0.050043345659852904,0.001116937316933147,0.05,0.001115969867927122,0.2233874633866294,0,0.04429530301482104
american,90,0.05003932631983126,0.0011168476076860849,0.05,0.001115969867927122,0.22336952153721698,0,0.04429530301482104
american,91,0.05121230334390298,0.0011430277479787822,0.05,0.001115969867927122,0.22860554959575644,0,0.04429530301482104
american,92,0.05977681753448249,0.0013341825433812017,0.05,0.001115969867927122,0.26683650867624037,0,0.04429530301482104
american,93,0.06670095537577364,0.0014887251272262994,0.05,0.001115969867927122,0.2977450254452599,0,0.04429530301482104
american,94,0.06514518158091157,0.001454001193698765,0.05,0.001115969867927122,0.290800238739753,0,0.04429530301482104
american,95,0.06364209170968668,0.0014204531335972965,0.05,0.001115969867927122,0.2840906267194593,0,0.04429530301482104
american,96,0.06236833185900025,0.0013920235813504685,0.05,0.001115969867927122,0.27840471627009367,0,0.04429530301482104
american,97,0.061141689319963805,0.0013646456591048226,0.05,0.001115969867927122,0.2729291318209645,0,0.04429530301482104
american,98,0.06009066585162269,0.0013411874486817638,0.05,0.001115969867927122,0.26823748973635275,0,0.04429530301482104
american,99,0.05908658216121299,0.001318776905814278,0.05,0.001115969867927122,0.2637553811628556,0,0.04429530301482104
american,100,0.05823423403202356,0.0012997530092310888,0.05,0.001115969867927122,0.25995060184621777,0,0.04429530301482104
american,101,0.057422209880394266,0.0012816291195261412,0.05,0.001115969867927122,0.25632582390522823,0,0.04429530301482104
american,102,0.056724366254698386,0.0012660536703501088,0.05,0.001115969867927122,0.25321073407002176,0,0.04429530301482104
american,103,0.056062664797145154,0.0012512848925862515,0.05,0.001115969867927122,0.2502569785172503,0,0.04429530301482104
american,104,0.0554913187599485,0.0012385327933528308,0.05,0.001115969867927122,0.24770655867056615,0,0.04429530301482104
american,105,0.05495212416133997,0.0012264982948529072,0.05,0.001115969867927122,0.24529965897058142,0,0.04429530301482104
american,106,0.054484345590037835,0.0012160577590442038,0.05,0.001115969867927122,0.24321155180884074,0,0.04429530301482104
american,107,0.0946388369205679,0.0021122818067804516,0.05,0.001115969867927122,0.4224563613560903,0,0.04429530301482104
american,108,0.21537192920391812,0.004806971667778119,0.05,0.001115969867927122,0.9613943335556239,0,0.04429530301482104
american,109,0.29469915697767224,0.00657750758581214,0.05,0.001115969867927122,1.315501517162428,0,0.04429530301482104
american,110,0.30038083947863287,0.006704319315216158,0.05,0.001115969867927122,1.3408638630432317,0,0.04429530301482104
american,111,0.29491645343040707,0.006582357511685332,0.05,0.001115969867927122,1.3164715023370663,0,0.04429530301482104
american,112,0.27161835770348286,0.006062358055458749,0.05,0.001115969867927122,1.2124716110917497,0,0.04429530301482104
american,113,0.25004900101997446,0.005580943012871393,0.05,0.001115969867927122,1.1161886025742787,0,0.04429530301482104
american,114,0.23097413356018662,0.005155203466474858,0.05,0.001115969867927122,1.0310406932949716,0,0.04429530301482104
american,115,0.21340013017680712,0.0047629623017808416,0.05,0.001115969867927122,0.9525924603561683,0,0.04429530301482104
american,116,0.19778294957659248,0.004414396242344531,0.05,0.001115969867927122,0.8828792484689062,0,0.04429530301482104
american,117,0.1834645676923023,0.004094818587537702,0.05,0.001115969867927122,0.8189637175075404,0,0.04429530301482104
american,118,0.1706783016585336,0.003809436835197984,0.05,0.001115969867927122,0.7618873670395968,0,0.04429530301482104
american,119,0.159012709249545,0.0035490678427989716,0.05,0.001115969867927122,0.7098135685597943,0,0.04429530301482104
american,120,0.14854420003066227,0.003315417025791163,0.05,0.001115969867927122,0.6630834051582326,0,0.04429530301482104
american,121,0.13904013991827124,0.003103292131623234,0.05,0.001115969867927122,0.6206584263246469,0,0.04429530301482104
american,122,0.13046924948189156,0.002911995022257145,0.05,0.001115969867927122,0.582399004451429,0,0.04429530301482104
american,123,0.8178896794412649,0.01825480475090049,0.05,0.001115969867927122,3.650960950180098,0,0.04429530301482104
american,124,2.115199410778421,0.04720997614171841,0.05,0.001115969867927122,9.441995228343682,0,0.04429530301482104
american,125,2.553947778897512,0.05700257531018045,0.05,0.001115969867927122,11.40051506203609,0,0.04429530301482104
american,126,2.3117681692918963,0.05159727237125604,0.05,0.001115969867927122,10.319454474251208,0,0.04429530301482104
american,127,2.0951565258292772,0.04676263102832692,0.05,0.001115969867927122,9.352526205665384,0,0.04429530301482104
american,128,1.89687663167674,0.04233714328252671,0.05,0.001115969867927122,8.467428656505342,0,0.04429530301482104
american,129,1.720418694687694,0.03839870846979954,0.05,0.001115969867927122,7.679741693959909,0,0.04429530301482104
american,130,1.5580808476279628,0.03477542555494312,0.05,0.001115969867927122,6.955085110988623,0,0.04429530301482104
american,131,1.4143368951704192,0.031567147162155765,0.05,0.001115969867927122,6.313429432431153,0,0.04429530301482104
american,132,1.2814259073941485,0.028600654012660806,0.05,0.001115969867927122,5.720130802532161,0,0.04429530301482104
american,133,1.1642496523673709,0.02598535061573225,0.05,0.001115969867927122,5.1970701231464504,0,0.04429530301482104
american,134,1.055302860075688,0.023553723867635594,0.05,0.001115969867927122,4.710744773527119,0,0.04429530301482104
american,135,0.9598987633287838,0.021424361922708607,0.05,0.001115969867927122,4.284872384541721,0,0.04429530301482104
american,136,0.8708291532076614,0.019436381901844824,0.05,0.001115969867927122,3.8872763803689647,0,0.04429530301482104
american,137,0.7931590330745218,0.017702831627707555,0.05,0.001115969867927122,3.540566325541511,0,0.04429530301482104
american,138,0.7202350041036938,0.016075211248121786,0.05,0.001115969867927122,3.215042249624357,0,0.04429530301482104
american,139,0.7114373301738095,0.015878852467849806,0.05,0.001115969867927122,3.1757704935699613,0,0.04429530301482104
american,140,0.7262651554695381,0.01620980059258822,0.05,0.001115969867927122,3.2419601185176443,0,0.04429530301482104
american,141,0.6827530912768912,0.01523863754198213,0.05,0.001115969867927122,3.047727508396426,0,0.04429530301482104
american,142,0.6203601173952766,0.013846063965537215,0.05,0.001115969867927122,2.769212793107443,0,0.04429530301482104
american,143,0.5667913725752093,0.01265044186389977,0.05,0.001115969867927122,2.5300883727799537,0,0.04429530301482104
american,144,0.5157083260823401,0.011510299050940524,0.05,0.001115969867927122,2.302059810188105,0,0.04429530301482104
american,145,0.47207889803149233,0.010536516509747714,0.05,0.001115969867927122,2.1073033019495426,0,0.04429530301482104
american,146,0.4302556369068675,0.009603046525877132,0.05,0.001115969867927122,1.9206093051754265,0,0.04429530301482104
american,147,0.39472233143186075,0.008809964561517985,0.05,0.001115969867927122,1.761992912303597,0,0.04429530301482104
american,148,0.36048034135512,0.008045703978647942,0.05,0.001115969867927122,1.6091407957295885,0,0.04429530301482104
american,149,0.32998984373113355,0.007365174446518494,0.05,0.001115969867927122,1.4730348893036989,0,0.04429530301482104
american,150,0.30013866797208677,0.006698914193132639,0.05,0.001115969867927122,1.3397828386265278,0,0.04429530301482104
american,151,0.2762727065028666,0.006166240315757451,0.05,0.001115969867927122,1.2332480631514904,0,0.04429530301482104
american,152,0.2532297119984973,0.005651934565083724,0.05,0.001115969867927122,1.1303869130167448,0,0.04429530301482104
american,153,0.23434089437550779,0.005230347538923181,0.05,0.001115969867927122,1.0460695077846363,0,0.04429530301482104
american,154,0.21589401046330342,0.004818624206859788,0.05,0.001115969867927122,0.9637248413719576,0,0.04429530301482104
american,155,0.20055213268057734,0.00447620274040093,0.05,0.001115969867927122,0.895240548080186,0,0.04429530301482104
american,156,0.18544910152319613,0.0041391121866808924,0.05,0.001115969867927122,0.8278224373361784,0,0.04429530301482104
american,157,0.2010885909196519,0.004488176165005099,0.05,0.001115969867927122,0.8976352330010198,0,0.04429530301482104
american,158,0.2182341980377661,0.004870855783227743,0.05,0.001115969867927122,0.9741711566455487,0,0.04429530301482104
american,159,0.20347780945401953,0.004541502082850045,0.05,0.001115969867927122,0.9083004165700089,0,0.04429530301482104
american,160,0.1880122276705316,0.004196319617643343,0.05,0.001115969867927122,0.8392639235286686,0,0.04429530301482104
american,161,0.1753437714547684,0.003913567309444426,0.05,0.001115969867927122,0.7827134618888852,0,0.04429530301482104
american,162,0.16273840319279376,0.003632223086354655,0.05,0.001115969867927122,0.726444617270931,0,0.04429530301482104
american,163,0.1523663484949268,0.003400725076128426,0.05,0.001115969867927122,0.6801450152256852,0,0.04429530301482104
american,164,0.14107148880360387,0.0031486306145688055,0.05,0.001115969867927122,0.6297261229137611,0,0.04429530301482104
american,165,0.11302043317847434,0.0025225479577449623,0.05,0.001115969867927122,0.5045095915489924,0,0.04429530301482104
american,166,0.08686506441487613,0.001938775889251005,0.05,0.001115969867927122,0.387755177850201,0,0.04429530301482104
american,167,0.08345793798966032,0.0018627308807158233,0.05,0.001115969867927122,0.37254617614316465,0,0.04429530301482104
american,168,0.0801135903224853,0.0017880870562270296,0.05,0.001115969867927122,0.3576174112454059,0,0.04429530301482104
american,169,0.07732407113853644,0.0017258266691211979,0.05,0.001115969867927122,0.3451653338242396,0,0.04429530301482104
american,170,0.07459845328953386,0.0016649925213017736,0.05,0.001115969867927122,0.3329985042603547,0,0.04429530301482104
american,171,0.0723145881473339,0.0016140180276796882,0.05,0.001115969867927122,0.3228036055359376,0,0.04429530301482104
american,172,0.07009327712132048,0.0015644397042331832,0.05,0.001115969867927122,0.3128879408466366,0,0.04429530301482104
american,173,0.06822340649351859,0.001522705318682206,0.05,0.001115969867927122,0.3045410637364412,0,0.04429530301482104
american,174,0.06641313147724075,0.0014823010712656588,0.05,0.001115969867927122,0.2964602142531318,0,0.04429530301482104
american,175,0.0648822108899821,0.0014481318463542598,0.05,0.001115969867927122,0.28962636927085195,0,0.04429530301482104
american,176,0.0634069445444881,0.0014152047905794944,0.05,0.001115969867927122,0.2830409581158989,0,0.04429530301482104
american,177,0.06215353277917922,0.0013872293953356935,0.05,0.001115969867927122,0.2774458790671387,0,0.04429530301482104
american,178,0.18367235256136966,0.00409945622059551,0.05,0.001115969867927122,0.8198912441191021,0,0.04429530301482104
american,179,0.7274078710801166,0.016235305316368534,0.05,0.001115969867927122,3.2470610632737067,0,0.04429530301482104
american,180,1.3605285756619985,0.030366177897851912,0.05,0.001115969867927122,6.073235579570382,0,0.04429530301482104
american,181,2.261804838433241,0.0504821209364654,0.05,0.001115969867927122,10.09642418729308,0,0.04429530301482104
american,182,4.164258873115086,0.09294374849289176,0.05,0.001115969867927122,18.58874969857835,0,0.04429530301482104
american,183,8.709822225641526,0.19439798317635767,0.05,0.001115969867927122,38.87959663527153,0,0.04429530301482104
american,184,11.739722033186442,0.2620235209375239,0.05,0.001115969867927122,52.40470418750478,0,0.04429530301482104
american,185,11.22380345568195,0.25050852920154715,0.05,0.001115969867927122,50.10170584030943,0,0.04429530301482104
american,186,10.55363504086856,0.23555077405418265,0.05,0.001115969867927122,47.11015481083653,0,0.04429530301482104
american,187,9.56189493132639,0.21341573247290654,0.05,0.001115969867927122,42.68314649458131,0,0.04429530301482104
american,188,8.632541688737923,0.19267312816512466,0.05,0.001115969867927122,38.53462563302493,0,0.04429530301482104
american,189,7.81961118211819,0.17452900916299763,0.05,0.001115969867927122,34.90580183259952,0,0.04429530301482104
american,190,7.061472502063039,0.15760781070996588,0.05,0.001115969867927122,31.521562141993176,0,0.04429530301482104
american,191,6.395190707719087,0.14273680258924054,0.05,0.001115969867927122,28.54736051784811,0,0.04429530301482104
american,192,5.77702039103806,0.1289396136559807,0.05,0.001115969867927122,25.78792273119614,0,0.04429530301482104
american,193,5.23151499579272,0.11676426197827118,0.05,0.001115969867927122,23.352852395654235,0,0.04429530301482104
american,194,4.72784486493461,0.10552264819001997,0.05,0.001115969867927122,21.104529638003992,0,0.04429530301482104
american,195,4.2812228218772805,0.09555431334193937,0.05,0.001115969867927122,19.110862668387874,0,0.04429530301482104
american,196,3.8708543259320773,0.08639513581751097,0.05,0.001115969867927122,17.279027163502196,0,0.04429530301482104
american,197,3.5051911242785088,0.07823375352040815,0.05,0.001115969867927122,15.64675070408163,0,0.04429530301482104
american,198,3.1706395849835056,0.07076676477797095,0.05,0.001115969867927122,14.15335295559419,0,0.04429530301482104
american,199,2.8708173432050264,0.06407491302678808,0.05,0.001115969867927122,12.814982605357617,0,0.04429530301482104
american,200,2.5988444870624816,0.058004642779804924,0.05,0.001115969867927122,11.600928555960985,0,0.04429530301482104
american,201,2.35502874457395,0.05256282234093533,0.05,0.001115969867927122,10.512564468187065,0,0.04429530301482104
american,202,2.133648077871404,0.04762173927330217,0.05,0.001115969867927122,9.524347854660434,0,0.04429530301482104
american,203,1.9328132174149655,0.04313922621932749,0.05,0.001115969867927122,8.627845243865497,0,0.04429530301482104
american,204,1.7698823532377315,0.0395027075197851,0.05,0.001115969867927122,7.900541503957021,0,0.04429530301482104
american,205,1.6383794256739057,0.03656764142567645,0.05,0.001115969867927122,7.31352828513529,0,0.04429530301482104
american,206,2.5296553049145767,0.056460381930533265,0.05,0.001115969867927122,11.292076386106654,0,0.04429530301482104
american,207,4.188015289258727,0.09347397738461657,0.05,0.001115969867927122,18.694795476923314,0,0.04429530301482104
american,208,4.7234507961031635,0.10542457522175012,0.05,0.001115969867927122,21.084915044350026,0,0.04429530301482104
american,209,4.498195527867021,0.1003970133828826,0.05,0.001115969867927122,20.079402676576517,0,0.04429530301482104
american,210,4.164215146294659,0.0929427725366114,0.05,0.001115969867927122,18.58855450732228,0,0.04429530301482104
american,211,3.763845093747094,0.08400675424334181,0.05,0.001115969867927122,16.801350848668363,0,0.04429530301482104
american,212,3.41032963683174,0.07611650228806134,0.05,0.001115969867927122,15.223300457612268,0,0.04429530301482104
american,213,3.0825343621996018,0.06880030930129409,0.05,0.001115969867927122,13.760061860258817,0,0.04429530301482104
american,214,2.7945695420422676,0.06237310805492134,0.05,0.001115969867927122,12.474621610984268,0,0.04429530301482104
american,215,2.526193469987298,0.05638311586120166,0.05,0.001115969867927122,11.276623172240333,0,0.04429530301482104
american,216,2.2921943175220436,0.051160395795767484,0.05,0.001115969867927122,10.232079159153496,0,0.04429530301482104
american,217,2.073277528987471,0.04627430500400836,0.05,0.001115969867927122,9.254861000801672,0,0.04429530301482104
american,218,1.882339984143763,0.04201269406997711,0.05,0.001115969867927122,8.402538813995422,0,0.04429530301482104
american,219,1.7022951219583313,0.03799420124849646,0.05,0.001115969867927122,7.5988402496992915,0,0.04429530301482104
american,220,1.5404665077288218,0.03438228410352576,0.05,0.001115969867927122,6.876456820705153,0,0.04429530301482104
american,221,1.3848892258236707,0.030909892928722715,0.05,0.001115969867927122,6.181978585744543,0,0.04429530301482104
american,222,1.2672320718442258,0.028283856156980276,0.05,0.001115969867927122,5.656771231396055,0,0.04429530301482104
american,223,1.160950956242501,0.025911725706156196,0.05,0.001115969867927122,5.182345141231239,0,0.04429530301482104
american,224,1.0024538185589318,0.022374165110005003,0.05,0.001115969867927122,4.474833022001,0,0.04429530301482104
american,225,0.8304058100928764,0.018534157244305238,0.05,0.001115969867927122,3.7068314488610477,0,0.04429530301482104
american,226,0.7359132457808232,0.016425140153996896,0.05,0.001115969867927122,3.285028030799379,0,0.04429530301482104
american,227,0.6585973905767044,0.014699496859580639,0.05,0.001115969867927122,2.9398993719161277,0,0.04429530301482104
american,228,1.4439815705013612,0.03222879845043204,0.05,0.001115969867927122,6.445759690086408,0,0.04429530301482104
american,229,2.3895413269808965,0.05333312238154542,0.05,0.001115969867927122,10.666624476309083,0,0.04429530301482104
american,230,4.642099459729031,0.1036088624195674,0.05,0.001115969867927122,20.72177248391348,0,0.04429530301482104
american,231,7.09318899140408,0.15831570363838654,0.05,0.001115969867927122,31.66314072767731,0,0.04429530301482104
american,232,6.757191932446536,0.15081645176821148,0.05,0.001115969867927122,30.163290353642296,0,0.04429530301482104
american,233,6.086744482612981,0.13585246872735493,0.05,0.001115969867927122,27.170493745470985,0,0.04429530301482104
american,234,5.527812204336913,0.12337743711199595,0.05,0.001115969867927122,24.67548742239919,0,0.04429530301482104
american,235,4.978896258835452,0.11112596400790883,0.05,0.001115969867927122,22.225192801581766,0,0.04429530301482104
american,236,4.523741417625602,0.10096718224728188,0.05,0.001115969867927122,20.193436449456375,0,0.04429530301482104
american,237,4.074327052188705,0.09093652444645858,0.05,0.001115969867927122,18.187304889291717,0,0.04429530301482104
american,238,3.703899037122321,0.08266879438545581,0.05,0.001115969867927122,16.533758877091163,0,0.04429530301482104
american,239,3.336163738545845,0.07446116413376519,0.05,0.001115969867927122,14.892232826753038,0,0.04429530301482104
american,240,3.0343258533929536,0.06772432443717571,0.05,0.001115969867927122,13.544864887435143,0,0.04429530301482104
american,241,2.7339355333763335,0.06101979352206505,0.05,0.001115969867927122,12.20395870441301,0,0.04429530301482104
american,242,2.4872417050797972,0.05551373594241462,0.05,0.001115969867927122,11.102747188482924,0,0.04429530301482104
american,243,2.242391402757556,0.05004882475152527,0.05,0.001115969867927122,10.009764950305055,0,0.04429530301482104
american,244,2.0404338047705965,0.045541252872477546,0.05,0.001115969867927122,9.108250574495509,0,0.04429530301482104
american,245,1.8408574120212269,0.04108682805931984,0.05,0.001115969867927122,8.217365611863968,0,0.04429530301482104
american,246,1.6750147601377352,0.03738532001293776,0.05,0.001115969867927122,7.477064002587552,0,0.04429530301482104
american,247,1.509501365884955,0.03369116079844887,0.05,0.001115969867927122,6.738232159689773,0,0.04429530301482104
american,248,1.3472905254433256,0.030070712594769015,0.05,0.001115969867927122,6.014142518953803,0,0.04429530301482104
american,249,1.8383522699037356,0.04103091479695993,0.05,0.001115969867927122,8.206182959391986,0,0.04429530301482104
american,250,7.337837165281739,0.1637761034442038,0.05,0.001115969867927122,32.75522068884076,0,0.04429530301482104
american,251,11.912280800638051,0.2658749286359767,0.05,0.001115969867927122,53.17498572719535,0,0.04429530301482104
american,252,10.809510428408096,0.2412617585029486,0.05,0.001115969867927122,48.25235170058972,0,0.04429530301482104
american,253,9.744524730190257,0.21749191952325989,0.05,0.001115969867927122,43.49838390465198,0,0.04429530301482104
american,254,8.870981380300755,0.1979949583871638,0.05,0.001115969867927122,39.59899167743276,0,0.04429530301482104
american,255,8.021894716028656,0.17904385573543552,0.05,0.001115969867927122,35.80877114708711,0,0.04429530301482104
american,256,7.277369243888945,0.16242649587919292,0.05,0.001115969867927122,32.485299175838584,0,0.04429530301482104
american,257,6.561761074087159,0.14645455278436756,0.05,0.001115969867927122,29.290910556873513,0,0.04429530301482104
american,258,5.952183012857781,0.13284913781473912,0.05,0.001115969867927122,26.56982756294782,0,0.04429530301482104
american,259,5.36910691047651,0.11983523059542135,0.05,0.001115969867927122,23.96704611908427,0,0.04429530301482104
american,260,4.870410608105891,0.10870462966157568,0.05,0.001115969867927122,21.740925932315136,0,0.04429530301482104
american,261,4.395698236916453,0.09810933561798274,0.05,0.001115969867927122,19.621867123596548,0,0.04429530301482104
american,262,3.987941006941104,0.08900843997634435,0.05,0.001115969867927122,17.80168799526887,0,0.04429530301482104
american,263,3.6093785973097314,0.08055915513077443,0.05,0.001115969867927122,16.111831026154885,0,0.04429530301482104
american,264,3.302830077860182,0.07371717691550707,0.05,0.001115969867927122,14.743435383101414,0,0.04429530301482104
american,265,5.324884301196439,0.1188482086066679,0.05,0.001115969867927122,23.769641721333578,0,0.04429530301482104
american,266,12.453523486783642,0.277955139215465,0.05,0.001115969867927122,55.591027843093,0,0.04429530301482104
american,267,16.865985078699893,0.37643862281475055,0.05,0.001115969867927122,75.2877245629501,0,0.04429530301482104
american,268,15.956505206594494,0.3561395801596338,0.05,0.001115969867927122,71.22791603192677,0,0.04429530301482104
american,269,15.016750014703627,0.3351648106120682,0.05,0.001115969867927122,67.03296212241364,0,0.04429530301482104
american,270,14.023783654704955,0.3130023998595924,0.05,0.001115969867927122,62.600479971918475,0,0.04429530301482104
american,271,14.034011609050404,0.3132306816367935,0.05,0.001115969867927122,62.646136327358704,0,0.04429530301482104
american,272,15.630851847784555,0.3488711934432108,0.05,0.001115969867927122,69.77423868864217,0,0.04429530301482104
american,273,16.89071694889306,0.3769906232530118,0.05,0.001115969867927122,75.39812465060236,0,0.04429530301482104
american,274,17.669830853655686,0.39437997608097436,0.05,0.001115969867927122,78.87599521619487,1,0.04429530301482104
american,275,17.38472038469518,0.38801648223316443,0.05,0.001115969867927122,77.60329644663288,0,0.04429530301482104
american,276,15.727496729487674,0.351028248960612,0.05,0.001115969867927122,70.2056497921224,0,0.04429530301482104
american,277,14.224487281153653,0.31748198384960136,0.05,0.001115969867927122,63.496396769920274,0,0.04429530301482104
american,278,12.901394407505336,0.28795134826038876,0.05,0.001115969867927122,57.59026965207775,0,0.04429530301482104
american,279,12.120321168139851,0.2705182642648666,0.05,0.001115969867927122,54.10365285297332,0,0.04429530301482104
american,280,11.911890141265227,0.2658662093542028,0.05,0.001115969867927122,53.173241870840556,0,0.04429530301482104
american,281,11.258504824796406,0.2512830428476982,0.05,0.001115969867927122,50.25660856953964,0,0.04429530301482104
american,282,10.179303037640578,0.22719590933011813,0.05,0.001115969867927122,45.439181866023624,0,0.04429530301482104
american,283,9.204900944360434,0.20544784182320305,0.05,0.001115969867927122,41.08956836464061,0,0.04429530301482104
american,284,8.321325252439237,0.1857269648588648,0.05,0.001115969867927122,37.145392971772964,0,0.04429530301482104
american,285,7.527512418912849,0.16800954079907884,0.05,0.001115969867927122,33.60190815981577,0,0.04429530301482104
american,286,6.80410182726481,0.15186345235070797,0.05,0.001115969867927122,30.372690470141595,0,0.04429530301482104
american,287,6.157425125297578,0.1374300180769896,0.05,0.001115969867927122,27.48600361539792,0,0.04429530301482104
american,288,5.5651466268129886,0.12421071892239119,0.05,0.001115969867927122,24.84214378447824,0,0.04429530301482104
american,289,5.038717722558813,0.11246114302732013,0.05,0.001115969867927122,22.492228605464028,0,0.04429530301482104
american,290,4.554408829028599,0.10165166038834328,0.05,0.001115969867927122,20.330332077668658,0,0.04429530301482104
american,291,4.072568115516607,0.09089726603994554,0.05,0.001115969867927122,18.17945320798911,0,0.04429530301482104
american,292,3.592148475348471,0.08017458919218491,0.05,0.001115969867927122,16.034917838436982,0,0.04429530301482104
american,293,3.224066395966901,0.0719592190019091,0.05,0.001115969867927122,14.391843800381821,0,0.04429530301482104
american,294,2.914025389658403,0.06503929058466736,0.05,0.001115969867927122,13.007858116933471,0,0.04429530301482104
american,295,2.642128651924833,0.0589707192547004,0.05,0.001115969867927122,11.79414385094008,0,0.04429530301482104
american,296,2.3878487450592054,0.0532953449730733,0.05,0.001115969867927122,10.659068994614659,0,0.04429530301482104
american,297,2.1665509681323623,0.04835611195528101,0.05,0.001115969867927122,9.671222391056201,0,0.04429530301482104
american,298,1.9588039887772835,0.043719324573018095,0.05,0.001115969867927122,8.74386491460362,0,0.04429530301482104
american,299,1.7786798747490475,0.039699062898166486,0.05,0.001115969867927122,7.939812579633297,0,0.04429530301482104
american,300,1.6085910338919878,0.03590278247282388,0.05,0.001115969867927122,7.180556494564776,0,0.04429530301482104
american,301,1.4618759810276991,0.03262819090946626,0.05,0.001115969867927122,6.525638181893252,0,0.04429530301482104
american,302,1.3226134402770486,0.029519934925292285,0.05,0.001115969867927122,5.903986985058457,0,0.04429530301482104
american,303,1.2031097825507753,0.026852685302700338,0.05,0.001115969867927122,5.370537060540068,0,0.04429530301482104
american,304,1.0890831485400376,0.0243076795487576,0.05,0.001115969867927122,4.86153590975152,0,0.04429530301482104
american,305,0.9916164147746267,0.022132280788608127,0.05,0.001115969867927122,4.426456157721626,0,0.04429530301482104
american,306,0.8980925144009612,0.02004488369364755,0.05,0.001115969867927122,4.00897673872951,0,0.04429530301482104
american,307,0.7286794007308752,0.016263685091896983,0.05,0.001115969867927122,3.2527370183793964,0,0.04429530301482104
american,308,0.5439882606215709,0.012141490147195184,0.05,0.001115969867927122,2.428298029439037,0,0.04429530301482104
american,309,0.4723146644387881,0.010541778673875946,0.05,0.001115969867927122,2.108355734775189,0,0.04429530301482104
american,310,0.41947732557709816,0.00936248111245393,0.05,0.001115969867927122,1.8724962224907862,0,0.04429530301482104
american,311,0.37817213612546796,0.00844057417611312,0.05,0.001115969867927122,1.688114835222624,0,0.04429530301482104
american,312,0.3384117517349983,0.007553146357773841,0.05,0.001115969867927122,1.5106292715547682,0,0.04429530301482104
american,313,0.2720824919134518,0.00607271725131874,0.05,0.001115969867927122,1.214543450263748,0,0.04429530301482104
american,314,0.2030158328050663,0.00453119104245169,0.05,0.001115969867927122,0.906238208490338,0,0.04429530301482104
american,315,0.15420618731138008,0.0034417891697485167,0.05,0.001115969867927122,0.6883578339497033,0,0.04429530301482104
american,316,0.10689042187777464,0.0023857297997122895,0.05,0.001115969867927122,0.4771459599424579,0,0.04429530301482104
american,317,0.1000017815620097,0.002231979499244657,0.05,0.001115969867927122,0.4463958998489314,0,0.04429530301482104
american,318,0.09497185964246875,0.00211971467323998,0.05,0.001115969867927122,0.423942934647996,0,0.04429530301482104
american,319,0.09061815609338791,0.0020225426337467482,0.05,0.001115969867927122,0.4045085267493497,0,0.04429530301482104
american,320,0.08620839721600376,0.0019241194731070515,0.05,0.001115969867927122,0.3848238946214103,0,0.04429530301482104
american,321,0.06925271165966373,0.0015456787896885999,0.05,0.001115969867927122,0.30913575793771997,0,0.04429530301482104
american,322,0.05280810092643429,0.0011786449883270998,0.05,0.001115969867927122,0.23572899766541996,0,0.04429530301482104
american,323,0.05276434588032742,0.0011776684020665994,0.05,0.001115969867927122,0.23553368041331987,0,0.04429530301482104
american,324,0.052717171249936454,0.0011766154927456611,0.05,0.001115969867927122,0.23532309854913222,0,0.04429530301482104
american,325,0.05261117976985915,0.001174249826785196,0.05,0.001115969867927122,0.23484996535703917,0,0.04429530301482104
american,326,0.05249795735021155,0.0011717227706111854,0.05,0.001115969867927122,0.23434455412223706,0,0.04429530301482104
american,327,0.05230120511138979,0.0011673313792117395,0.05,0.001115969867927122,0.2334662758423479,0,0.04429530301482104
american,328,0.05210817615538707,0.00116302308924101,0.05,0.001115969867927122,0.232604617848202,0,0.04429530301482104
american,329,0.05194708904672674,0.0011594277220534817,0.05,0.001115969867927122,0.23188554441069634,0,0.04429530301482104
american,330,0.2143713616810892,0.004784639603652048,0.05,0.001115969867927122,0.9569279207304096,0,0.04429530301482104
american,331,1.4733819968378752,0.03288499824834725,0.05,0.001115969867927122,6.5769996496694505,0,0.04429530301482104
american,332,3.1588845660493075,0.07050439983942139,0.05,0.001115969867927122,14.100879967884278,0,0.04429530301482104
american,333,7.190092772562014,0.1604785376355957,0.05,0.001115969867927122,32.09570752711914,0,0.04429530301482104
american,334,10.330170978965382,0.2305631908612117,0.05,0.001115969867927122,46.112638172242335,0,0.04429530301482104
american,335,9.37105118486448,0.20915621506223026,0.05,0.001115969867927122,41.83124301244605,0,0.04429530301482104
american,336,9.21332326358529,0.2056358229126631,0.05,0.001115969867927122,41.12716458253262,0,0.04429530301482104
american,337,12.196185114175815,0.2722115018216303,0.05,0.001115969867927122,54.44230036432606,0,0.04429530301482104
american,338,15.035073064896743,0.3355737700501489,0.05,0.001115969867927122,67.11475401002977,0,0.04429530301482104
american,339,17.386531306420437,0.38805690091473566,0.05,0.001115969867927122,77.61138018294713,0,0.04429530301482104
american,340,22.72637620188773,0.5005583665199465,0.05,0.001115969867927122,100.11167330398929,1,0.04429530301482104
american,341,36.90145120467005,0.7905053435322902,0.05,0.001115969867927122,158.10106870645802,1,0.04429530301482104
american,342,47.732328732405065,1.0,0.05,0.001115969867927122,200.0,1,0.04429530301482104
american,343,49.85504847858149,1.0,0.05,0.001115969867927122,200.0,1,0.04429530301482104
american,344,50.142623323457066,0.9956633602287615,0.05,0.001115969867927122,199.1326720457523,1,0.04429530301482104
american,345,46.19268175987364,0.9813130249857525,0.05,0.001115969867927122,196.2626049971505,1,0.04429530301482104
american,346,44.11794598267554,0.9763456012477865,0.05,0.001115969867927122,195.2691202495573,1,0.04429530301482104
american,347,45.90392800097741,0.9906959364907959,0.05,0.001115969867927122,198.1391872981592,1,0.04429530301482104
american,348,47.6000562703191,1.0,0.05,0.001115969867927122,200.0,1,0.04429530301482104
american,349,49.13051669001556,1.0,0.05,0.001115969867927122,200.0,1,0.04429530301482104
american,350,48.35922365594869,0.9839412427272146,0.05,0.001115969867927122,196.7882485454429,1,0.04429530301482104
american,351,43.77407635907605,0.9412741796082754,0.05,0.001115969867927122,188.2548359216551,0,0.04429530301482104
american,352,39.651120205546945,0.8849891075789331,0.05,0.001115969867927122,176.99782151578663,0,0.04429530301482104
american,353,36.218285074270554,0.8083702962176111,0.05,0.001115969867927122,161.67405924352224,0,0.04429530301482104
american,354,33.19851629200102,0.7409708768352157,0.05,0.001115969867927122,148.19417536704313,0,0.04429530301482104
american,355,30.735720844843836,0.6860027666373053,0.05,0.001115969867927122,137.20055332746105,0,0.04429530301482104
american,356,28.88332485695441,0.6446584045182314,0.05,0.001115969867927122,128.93168090364628,0,0.04429530301482104
american,357,27.77531845353795,0.61992836932457,0.05,0.001115969867927122,123.98567386491399,0,0.04429530301482104
american,358,26.052112921951544,0.5814674603346546,0.05,0.001115969867927122,116.29349206693091,0,0.04429530301482104
american,359,23.649699104350727,0.527847031719969,0.05,0.001115969867927122,105.5694063439938,1,0.04429530301482104
american,360,21.77477658683632,0.48599989103508634,0.05,0.001115969867927122,97.19997820701727,1,0.04429530301482104
american,361,20.42734536940852,0.4559260382800106,0.05,0.001115969867927122,91.18520765600212,1,0.04429530301482104
american,362,21.507141235000805,0.48002643127027617,0.05,0.001115969867927122,96.00528625405524,1,0.04429530301482104
american,363,24.785420270030187,0.553195643705276,0.05,0.001115969867927122,110.63912874105519,1,0.04429530301482104
american,364,25.540638661117303,0.5700516630684284,0.05,0.001115969867927122,114.01033261368568,0,0.04429530301482104
american,365,24.226947324170993,0.5407308641126489,0.05,0.001115969867927122,108.14617282252979,0,0.04429530301482104
american,366,24.288024175854172,0.5420940626347744,0.05,0.001115969867927122,108.4188125269549,0,0.04429530301482104
american,367,25.368665952119425,0.5662133358414798,0.05,0.001115969867927122,113.24266716829597,0,0.04429530301482104
american,368,28.272679677981134,0.6310291721236486,0.05,0.001115969867927122,126.20583442472973,0,0.04429530301482104
american,369,32.397850764582614,0.7231005047774772,0.05,0.001115969867927122,144.62010095549545,0,0.04429530301482104
american,370,32.635032123406674,0.7283942497711104,0.05,0.001115969867927122,145.6788499542221,0,0.04429530301482104
american,371,30.52571747912269,0.6813156180711436,0.05,0.001115969867927122,136.26312361422873,0,0.04429530301482104
american,372,28.00370717643005,0.6250258679830089,0.05,0.001115969867927122,125.00517359660176,0,0.04429530301482104
american,373,25.257861940363195,0.563740257074172,0.05,0.001115969867927122,112.74805141483439,0,0.04429530301482104
american,374,23.29371587106027,0.5199017004831807,0.05,0.001115969867927122,103.98034009663616,0,0.04429530301482104
american,375,21.70925225418561,0.4845374274180018,0.05,0.001115969867927122,96.90748548360037,0,0.04429530301482104
american,376,19.876310044812307,0.4436272619117543,0.05,0.001115969867927122,88.72545238235085,1,0.04429530301482104
american,377,17.93575899616791,0.4003153319625238,0.05,0.001115969867927122,80.06306639250475,1,0.04429530301482104
american,378,16.529369742748226,0.3689255713746661,0.05,0.001115969867927122,73.78511427493322,1,0.04429530301482104
american,379,15.328114866962423,0.34211428647311615,0.05,0.001115969867927122,68.42285729462323,0,0.04429530301482104
american,380,13.956421264220484,0.3114989118993482,0.05,0.001115969867927122,62.29978237986964,0,0.04429530301482104
american,381,12.52707926853737,0.27959685993644473,0.05,0.001115969867927122,55.91937198728895,0,0.04429530301482104
american,382,11.155945938909287,0.2489939903209342,0.05,0.001115969867927122,49.79879806418684,0,0.04429530301482104
american,383,9.802005916336569,0.2187748649574998,0.05,0.001115969867927122,43.754972991499955,0,0.04429530301482104
american,384,8.756890793792113,0.19544852525200831,0.05,0.001115969867927122,39.08970505040166,0,0.04429530301482104
american,385,7.7905792664272795,0.1738810343006125,0.05,0.001115969867927122,34.7762068601225,0,0.04429530301482104
american,386,7.038213383263377,0.15708868119526667,0.05,0.001115969867927122,31.417736239053333,0,0.04429530301482104
american,387,6.332357422751876,0.14133440153471483,0.05,0.001115969867927122,28.266880306942966,0,0.04429530301482104
american,388,5.671385827330259,0.12658191385379,0.05,0.001115969867927122,25.316382770758,0,0.04429530301482104
american,389,5.018575025561353,0.1120115701691611,0.05,0.001115969867927122,22.402314033832223,0,0.04429530301482104
american,390,4.467604028578888,0.0997142295544772,0.05,0.001115969867927122,19.94284591089544,0,0.04429530301482104
american,391,3.9317323086467906,0.08775389570410715,0.05,0.001115969867927122,17.55077914082143,0,0.04429530301482104
american,392,3.561264928666225,0.07948528704194276,0.05,0.001115969867927122,15.897057408388552,0,0.04429530301482104
american,393,3.2100778091708255,0.07164700217472303,0.05,0.001115969867927122,14.329400434944606,0,0.04429530301482104
american,394,2.9131131142496756,0.06501892914731955,0.05,0.001115969867927122,13.00378582946391,0,0.04429530301482104
american,395,2.6208423008588655,0.05849562072694564,0.05,0.001115969867927122,11.699124145389128,0,0.04429530301482104
american,396,2.373674835871702,0.05297899186179352,0.05,0.001115969867927122,10.595798372358704,0,0.04429530301482104
american,397,2.129129658582426,0.04752089087775897,0.05,0.001115969867927122,9.504178175551795,0,0.04429530301482104
american,398,1.914330605932657,0.0427267054694303,0.05,0.001115969867927122,8.545341093886059,0,0.04429530301482104
american,399,1.7004584863453098,0.03795320864844658,0.05,0.001115969867927122,7.590641729689317,0,0.04429530301482104
american,400,1.5480461274271948,0.034551456647400385,0.05,0.001115969867927122,6.910291329480077,0,0.04429530301482104
american,401,1.3963261051950322,0.03116515718395385,0.05,0.001115969867927122,6.23303143679077,0,0.04429530301482104
american,402,1.2625978628185768,0.028180423404294268,0.05,0.001115969867927122,5.636084680858853,0,0.04429530301482104
american,403,1.1270173818020484,0.025154348774424053,0.05,0.001115969867927122,5.030869754884811,0,0.04429530301482104
american,404,0.9511507103638892,0.021229110652471555,0.05,0.001115969867927122,4.245822130494311,0,0.04429530301482104
american,405,0.7816673287020977,0.017446343711492524,0.05,0.001115969867927122,3.489268742298505,0,0.04429530301482104
american,406,0.6987413564079127,0.015595485984515128,0.05,0.001115969867927122,3.1190971969030254,0,0.04429530301482104
american,407,0.6140953054012086,0.013706237137265046,0.05,0.001115969867927122,2.7412474274530094,0,0.04429530301482104
american,408,0.5127543727729204,0.011444368593249002,0.05,0.001115969867927122,2.2888737186498003,0,0.04429530301482104
american,409,0.40784327131760995,0.00910281603254557,0.05,0.001115969867927122,1.820563206509114,0,0.04429530301482104
american,410,0.2762804444326534,0.0061664130216870965,0.05,0.001115969867927122,1.2332826043374192,0,0.04429530301482104
american,411,0.1598783049659468,0.0035683874175451947,0.05,0.001115969867927122,0.7136774835090389,0,0.04429530301482104
american,412,0.13444029000878985,0.003000626253703863,0.05,0.001115969867927122,0.6001252507407726,0,0.04429530301482104
american,413,0.14819796550712716,0.0033076892798811377,0.05,0.001115969867927122,0.6615378559762275,0,0.04429530301482104
american,414,0.35664898867794115,0.007960190495825272,0.05,0.001115969867927122,1.5920380991650545,0,0.04429530301482104
american,415,0.5414567125460453,0.012084987519765278,0.05,0.001115969867927122,2.4169975039530556,0,0.04429530301482104
american,416,0.6269625793427173,0.013993426937286798,0.05,0.001115969867927122,2.79868538745736,0,0.04429530301482104
american,417,0.6810758485893043,0.015201202495971167,0.05,0.001115969867927122,3.0402404991942333,0,0.04429530301482104
american,418,0.621937341864009,0.013881266665178468,0.05,0.001115969867927122,2.7762533330356933,0,0.04429530301482104
american,419,0.5637807047732319,0.012583245572912866,0.05,0.001115969867927122,2.5166491145825733,0,0.04429530301482104
american,420,0.5087035678998272,0.011353957069664515,0.05,0.001115969867927122,2.270791413932903,0,0.04429530301482104
american,421,0.45807398240424946,0.01022393523289042,0.05,0.001115969867927122,2.044787046578084,0,0.04429530301482104
american,422,0.41968662595898043,0.009367152570844455,0.05,0.001115969867927122,1.873430514168891,0,0.04429530301482104
american,423,0.3833256305098131,0.008555597065062336,0.05,0.001115969867927122,1.7111194130124672,0,0.04429530301482104
american,424,0.3518967212587051,0.007854122750941286,0.05,0.001115969867927122,1.5708245501882572,0,0.04429530301482104
american,425,0.3222677183038216,0.007192821260653815,0.05,0.001115969867927122,1.4385642521307629,0,0.04429530301482104
american,426,0.2965359037642424,0.0066185026671886265,0.05,0.001115969867927122,1.3237005334377252,0,0.04429530301482104
american,427,0.272393056103227,0.006079648856875667,0.05,0.001115969867927122,1.2159297713751334,0,0.04429530301482104
american,428,0.25132562820717436,0.005609436562341226,0.05,0.001115969867927122,1.1218873124682454,0,0.04429530301482104
american,429,0.23165152175863218,0.0051703223628419516,0.05,0.001115969867927122,1.0340644725683903,0,0.04429530301482104
american,430,0.21439739466629285,0.004785220644193238,0.05,0.001115969867927122,0.9570441288386475,0,0.04429530301482104
american,431,0.19836556714155554,0.004427399915285007,0.05,0.001115969867927122,0.8854799830570014,0,0.04429530301482104
american,432,0.1842446586591295,0.004112229747802128,0.05,0.001115969867927122,0.8224459495604255,0,0.04429530301482104
american,433,0.17145093753240287,0.0038266816022803373,0.05,0.001115969867927122,0.7653363204560675,0,0.04429530301482104
american,434,0.16052934161603413,0.0035829181632334684,0.05,0.001115969867927122,0.7165836326466937,0,0.04429530301482104
american,435,0.1501963300576689,0.003352291572351903,0.05,0.001115969867927122,0.6704583144703806,0,0.04429530301482104
american,436,0.14061376355575836,0.003138414462881104,0.05,0.001115969867927122,0.6276828925762208,0,0.04429530301482104
american,437,0.13183794449422573,0.002942543470100086,0.05,0.001115969867927122,0.5885086940200173,0,0.04429530301482104
american,438,0.12399298786389862,0.002767448765807283,0.05,0.001115969867927122,0.5534897531614567,0,0.04429530301482104
american,439,0.11684367775507457,0.002607880472648995,0.05,0.001115969867927122,0.521576094529799,0,0.04429530301482104
american,440,0.11042127917995619,0.002464536406855991,0.05,0.001115969867927122,0.4929072813711982,0,0.04429530301482104
american,441,0.7268094846733979,0.01622194969238303,0.05,0.001115969867927122,3.2443899384766057,0,0.04429530301482104
american,442,1.9327029143388603,0.04313676432114204,0.05,0.001115969867927122,8.627352864228408,0,0.04429530301482104
american,443,3.0473243065767233,0.06801444207883069,0.05,0.001115969867927122,13.602888415766138,0,0.04429530301482104
american,444,4.083712523876701,0.0911460025184603,0.05,0.001115969867927122,18.229200503692063,0,0.04429530301482104
american,445,4.320289144479889,0.096426250119444,0.05,0.001115969867927122,19.2852500238888,0,0.04429530301482104
american,446,3.936524087645129,0.08786084532362537,0.05,0.001115969867927122,17.572169064725074,0,0.04429530301482104
american,447,3.577215140418094,0.07984128615598562,0.05,0.001115969867927122,15.968257231197125,0,0.04429530301482104
american,448,3.2350483260936715,0.07220432906417223,0.05,0.001115969867927122,14.440865812834447,0,0.04429530301482104
american,449,2.9481899408699332,0.06580182277873377,0.05,0.001115969867927122,13.160364555746753,0,0.04429530301482104
american,450,2.696302356108961,0.060179843684770105,0.05,0.001115969867927122,12.035968736954022,0,0.04429530301482104
american,451,2.740545615535521,0.061167326572348565,0.05,0.001115969867927122,12.233465314469713,0,0.04429530301482104
american,452,2.953277113896382,0.06591536541494275,0.05,0.001115969867927122,13.18307308298855,0,0.04429530301482104
american,453,2.8469297116769514,0.06354175548675853,0.05,0.001115969867927122,12.708351097351706,0,0.04429530301482104
american,454,2.57773291206584,0.05753344514859021,0.05,0.001115969867927122,11.506689029718043,0,0.04429530301482104
american,455,2.3392215719540905,0.05221001577411761,0.05,0.001115969867927122,10.442003154823523,0,0.04429530301482104
american,456,2.114702801374039,0.04719889211909001,0.05,0.001115969867927122,9.439778423818002,0,0.04429530301482104
american,457,1.921700286411314,0.042891192296438924,0.05,0.001115969867927122,8.578238459287785,0,0.04429530301482104
american,458,1.741474631833987,0.038868664297724155,0.05,0.001115969867927122,7.773732859544831,0,0.04429530301482104
american,459,1.586870615591204,0.035417995825974935,0.05,0.001115969867927122,7.083599165194987,0,0.04429530301482104
american,460,1.4414444996473643,0.03217217255791491,0.05,0.001115969867927122,6.434434511582982,0,0.04429530301482104
american,461,1.312905505244902,0.02930325966577889,0.05,0.001115969867927122,5.860651933155777,0,0.04429530301482104
american,462,1.1896704082218625,0.026552726566803145,0.05,0.001115969867927122,5.310545313360629,0,0.04429530301482104
american,463,1.0829918262128053,0.024171724905297134,0.05,0.001115969867927122,4.834344981059427,0,0.04429530301482104
american,464,0.9808286573893807,0.02189150454491927,0.05,0.001115969867927122,4.378300908983854,0,0.04429530301482104
american,465,1.544909720346654,0.03448145393149164,0.05,0.001115969867927122,6.896290786298328,0,0.04429530301482104
american,466,2.264824179889984,0.050549510818199556,0.05,0.001115969867927122,10.10990216363991,0,0.04429530301482104
american,467,3.550745337537732,0.07925049610749654,0.05,0.001115969867927122,15.850099221499308,0,0.04429530301482104
american,468,4.948378343495618,0.11044482252888471,0.05,0.001115969867927122,22.088964505776943,0,0.04429530301482104
american,469,11.220155287287607,0.250427104281523,0.05,0.001115969867927122,50.085420856304594,0,0.04429530301482104
american,470,18.286121818394253,0.4081352190114539,0.05,0.001115969867927122,81.62704380229077,0,0.04429530301482104
american,471,20.51942520253664,0.4579812046643054,0.05,0.001115969867927122,91.59624093286108,1,0.04429530301482104
american,472,22.122381219683692,0.493758216959277,0.05,0.001115969867927122,98.75164339185541,1,0.04429530301482104
american,473,22.436335844925566,0.5007654949926027,0.05,0.001115969867927122,100.15309899852053,1,0.04429530301482104
american,474,22.6217797573793,0.5049044913623804,0.05,0.001115969867927122,100.98089827247607,1,0.04429530301482104
american,475,23.20066203209225,0.5178247948755156,0.05,0.001115969867927122,103.56495897510311,1,0.04429530301482104
american,476,23.80731642649413,0.531364955363477,0.05,0.001115969867927122,106.2729910726954,1,0.04429530301482104
american,477,24.185809609247645,0.5398126951068523,0.05,0.001115969867927122,107.96253902137045,1,0.04429530301482104
american,478,24.55449643619963,0.5480415628984537,0.05,0.001115969867927122,109.60831257969075,0,0.04429530301482104
american,479,23.459710392464643,0.523606598165746,0.05,0.001115969867927122,104.7213196331492,0,0.04429530301482104
american,480,22.343029183210554,0.49868294653358625,0.05,0.001115969867927122,99.73658930671725,0,0.04429530301482104
american,481,21.543102942833936,0.4808290749170956,0.05,0.001115969867927122,96.16581498341912,0,0.04429530301482104
american,482,20.733370364803804,0.46275633175388403,0.05,0.001115969867927122,92.5512663507768,0,0.04429530301482104
american,483,19.635985215601586,0.4382633565534764,0.05,0.001115969867927122,87.65267131069528,0,0.04429530301482104
american,484,18.502599735148856,0.41296687565484935,0.05,0.001115969867927122,82.59337513096987,0,0.04429530301482104
american,485,16.78120884427053,0.37454646835196065,0.05,0.001115969867927122,74.90929367039213,0,0.04429530301482104
american,486,15.087058138949937,0.3367340455746554,0.05,0.001115969867927122,67.34680911493108,0,0.04429530301482104
american,487,13.696181499505613,0.3056905171821834,0.05,0.001115969867927122,61.13810343643667,0,0.04429530301482104
american,488,12.332362962060387,0.2752509093199972,0.05,0.001115969867927122,55.050181863999434,0,0.04429530301482104
american,489,11.194028607941092,0.2498439725435289,0.05,0.001115969867927122,49.968794508705784,0,0.04429530301482104
american,490,10.082848745624002,0.2250431076596633,0.05,0.001115969867927122,45.00862153193266,0,0.04429530301482104
american,491,9.15043595433818,0.20423221606876732,0.05,0.001115969867927122,40.84644321375347,0,0.04429530301482104
american,492,8.243506426069125,0.18399009555113482,0.05,0.001115969867927122,36.79801911022697,0,0.04429530301482104
american,493,7.4738288582588615,0.16681135607722108,0.05,0.001115969867927122,33.36227121544422,0,0.04429530301482104
american,494,6.730654172715701,0.15022414496377345,0.05,0.001115969867927122,30.04482899275469,0,0.04429530301482104
american,495,6.1071440161970605,0.13630777402334693,0.05,0.001115969867927122,27.261554804669387,0,0.04429530301482104
american,496,5.506924408984192,0.12291123410757465,0.05,0.001115969867927122,24.58224682151493,0,0.04429530301482104
american,497,4.996451051762941,0.11151777640680435,0.05,0.001115969867927122,22.30355528136087,0,0.04429530301482104
american,498,4.50732291964647,0.10060073126685522,0.05,0.001115969867927122,20.120146253371043,0,0.04429530301482104
american,499,4.089345537879303,0.09127172799631061,0.05,0.001115969867927122,18.254345599262123,0,0.04429530301482104
american,500,3.690725934203102,0.08237477866695679,0.05,0.001115969867927122,16.474955733391358,0,0.04429530301482104
american,501,3.348514479587701,0.07473682523075084,0.05,0.001115969867927122,14.947365046150168,0,0.04429530301482104
american,502,3.0237032577024787,0.06748723450298087,0.05,0.001115969867927122,13.497446900596174,0,0.04429530301482104
american,503,2.743586751261462,0.0612352028890371,0.05,0.001115969867927122,12.24704057780742,0,0.04429530301482104
american,504,2.4789604539975043,0.05532890340888306,0.05,0.001115969867927122,11.065780681776612,0,0.04429530301482104
american,505,2.2496406695425346,0.05021062401745729,0.05,0.001115969867927122,10.042124803491458,0,0.04429530301482104
american,506,2.030051956327145,0.045309536271751986,0.05,0.001115969867927122,9.061907254350396,0,0.04429530301482104
american,507,1.8302497546322911,0.0408500715390129,0.05,0.001115969867927122,8.17001430780258,0,0.04429530301482104
american,508,1.6389878902181334,0.03658122198761765,0.05,0.001115969867927122,7.31624439752353,0,0.04429530301482104
american,509,1.4632840045711375,0.032659617146422446,0.05,0.001115969867927122,6.531923429284489,0,0.04429530301482104
american,510,1.26598944363788,0.028256121444273908,0.05,0.001115969867927122,5.651224288854782,0,0.04429530301482104
american,511,1.0333362405691455,0.02306344215824516,0.05,0.001115969867927122,4.612688431649032,0,0.04429530301482104
american,512,0.8430412060960455,0.01881617166848251,0.05,0.001115969867927122,3.7632343336965017,0,0.04429530301482104
american,513,0.7152748966927021,0.015964504639874807,0.05,0.001115969867927122,3.192900927974961,0,0.04429530301482104
american,514,0.6046768587713465,0.013496023084432927,0.05,0.001115969867927122,2.6992046168865853,0,0.04429530301482104
american,515,0.5169698494926457,0.011538455493212236,0.05,0.001115969867927122,2.3076910986424473,0,0.04429530301482104
american,516,0.43337789717892433,0.00967273349354596,0.05,0.001115969867927122,1.9345466987091922,0,0.04429530301482104
american,517,0.3547489529623611,0.007917782843693818,0.05,0.001115969867927122,1.5835565687387636,0,0.04429530301482104
american,518,0.2838508592927989,0.006335380119119697,0.05,0.001115969867927122,1.2670760238239394,0,0.04429530301482104
american,519,0.22139449897915708,0.004941391795711225,0.05,0.001115969867927122,0.988278359142245,0,0.04429530301482104
american,520,0.17534412023673307,0.003913575094047688,0.05,0.001115969867927122,0.7827150188095375,0,0.04429530301482104
american,521,0.1455204227204854,0.003247928138481581,0.05,0.001115969867927122,0.6495856276963162,0,0.04429530301482104
american,522,0.1176268959345792,0.0026253614304157934,0.05,0.001115969867927122,0.5250722860831587,0,0.04429530301482104
american,523,0.09146248042793775,0.0020413874440690528,0.05,0.001115969867927122,0.40827748881381054,0,0.04429530301482104
american,524,0.07143044811989493,0.0015942845550866859,0.05,0.001115969867927122,0.31885691101733715,0,0.04429530301482104
american,525,0.056371442982856526,0.0012581766356087936,0.05,0.001115969867927122,0.25163532712175873,0,0.04429530301482104
american,526,0.05000030819567068,0.00111597674666876,0.05,0.001115969867927122,0.223195349333752,0,0.04429530301482104
american,527,0.05000027833171216,0.001115976080123203,0.05,0.001115969867927122,0.22319521602464062,0,0.04429530301482104
american,528,0.050000251724727204,0.0011159754862713335,0.05,0.001115969867927122,0.2231950972542667,0,0.04429530301482104
american,529,0.050000227274185946,0.0011159749405499875,0.05,0.001115969867927122,0.22319498810999752,0,0.04429530301482104
american,530,0.05000020559981479,0.001115974456791085,0.05,0.001115969867927122,0.22319489135821702,0,0.04429530301482104
american,531,0.050000185581404726,0.0011159740099922365,0.05,0.001115969867927122,0.2231948019984473,0,0.04429530301482104
american,532,0.05000016792565165,0.001115973615926468,0.05,0.001115969867927122,0.2231947231852936,0,0.04429530301482104
american,533,0.05000015153596371,0.0011159732501185102,0.05,0.001115969867927122,0.22319465002370203,0,0.04429530301482104
american,534,0.05000013715411317,0.0011159729291242732,0.05,0.001115969867927122,0.22319458582485463,0,0.04429530301482104
american,535,0.050000123735371625,0.0011159726296260484,0.05,0.001115969867927122,0.22319452592520966,0,0.04429530301482104
american,536,0.05000011202065018,0.0011159723681605255,0.05,0.001115969867927122,0.2231944736321051,0,0.04429530301482104
american,537,0.05000010103431381,0.0011159721229521186,0.05,0.001115969867927122,0.2231944245904237,0,0.04429530301482104
american,538,3.5163975002565926,0.0784838730788122,0.05,0.001115969867927122,15.69677461576244,0,0.04429530301482104
american,539,8.295824221527814,0.18515779721690023,0.05,0.001115969867927122,37.03155944338005,0,0.04429530301482104
american,540,14.805006012593003,0.33043881209067316,0.05,0.001115969867927122,66.08776241813463,0,0.04429530301482104
american,541,21.890772826923218,0.4885888572096826,0.05,0.001115969867927122,97.71777144193652,1,0.04429530301482104
american,542,22.427039028176203,0.5005579956454042,0.05,0.001115969867927122,100.11159912908083,1,0.04429530301482104
american,543,21.05884051215005,0.4700206293008483,0.05,0.001115969867927122,94.00412586016967,1,0.04429530301482104
american,544,19.263268623438666,0.4299445468308704,0.05,0.001115969867927122,85.98890936617408,1,0.04429530301482104
american,545,17.360486232301195,0.38747559055623565,0.05,0.001115969867927122,77.49511811124712,1,0.04429530301482104
american,546,15.741975197902635,0.35135139965030865,0.05,0.001115969867927122,70.27027993006173,1,0.04429530301482104
american,547,14.1841087196084,0.3165807586897065,0.05,0.001115969867927122,63.3161517379413,1,0.04429530301482104
american,548,12.865966225347872,0.2871606125851255,0.05,0.001115969867927122,57.4321225170251,1,0.04429530301482104
american,549,11.590493048633817,0.2586928199338821,0.05,0.001115969867927122,51.73856398677642,1,0.04429530301482104
american,550,10.517005838357873,0.23473323232842008,0.05,0.001115969867927122,46.94664646568402,0,0.04429530301482104
american,551,9.472736723856011,0.2114257750125998,0.05,0.001115969867927122,42.28515500251996,0,0.04429530301482104
american,552,8.598520074854363,0.1919137862460786,0.05,0.001115969867927122,38.38275724921572,0,0.04429530301482104
american,553,7.743544836322175,0.17283125416556408,0.05,0.001115969867927122,34.56625083311282,0,0.04429530301482104
american,554,7.031628721752162,0.15694171551852634,0.05,0.001115969867927122,31.388343103705267,0,0.04429530301482104
american,555,6.331634200845676,0.14131825965761197,0.05,0.001115969867927122,28.263651931522393,0,0.04429530301482104
american,556,5.778394854480371,0.12897029085170442,0.05,0.001115969867927122,25.794058170340882,0,0.04429530301482104
american,557,5.233237677147829,0.11680271118795804,0.05,0.001115969867927122,23.36054223759161,0,0.04429530301482104
american,558,7.521562123142957,0.16787673378338974,0.05,0.001115969867927122,33.575346756677945,0,0.04429530301482104
american,559,9.889928422904436,0.22073724231834704,0.05,0.001115969867927122,44.147448463669406,0,0.04429530301482104
american,560,14.755815538674867,0.3293409103570393,0.05,0.001115969867927122,65.86818207140786,0,0.04429530301482104
american,561,19.482381230744977,0.4348350081796062,0.05,0.001115969867927122,86.96700163592124,0,0.04429530301482104
american,562,17.70297366092118,0.39511970356591053,0.05,0.001115969867927122,79.0239407131821,0,0.04429530301482104
american,563,15.972437941465387,0.35649518920022555,0.05,0.001115969867927122,71.29903784004512,1,0.04429530301482104
american,564,15.239462932464766,0.3401356287204595,0.05,0.001115969867927122,68.0271257440919,1,0.04429530301482104
american,565,14.52113575510841,0.3241029990156028,0.05,0.001115969867927122,64.82059980312056,1,0.04429530301482104
american,566,13.993230389127847,0.31232046938457586,0.05,0.001115969867927122,62.46409387691517,1,0.04429530301482104
american,567,13.523796867377817,0.30184299607921694,0.05,0.001115969867927122,60.36859921584339,1,0.04429530301482104
american,568,13.603998681395549,0.30363305223515463,0.05,0.001115969867927122,60.72661044703093,0,0.04429530301482104
american,569,13.652880783885976,0.30472407130435947,0.05,0.001115969867927122,60.944814260871894,0,0.04429530301482104
american,570,13.473983166177684,0.3007311842882315,0.05,0.001115969867927122,60.146236857646294,0,0.04429530301482104
american,571,13.16279665802217,0.2937856889600913,0.05,0.001115969867927122,58.757137792018256,0,0.04429530301482104
american,572,12.07534892478925,0.26951451089541945,0.05,0.001115969867927122,53.90290217908389,0,0.04429530301482104
american,573,10.999260159329554,0.24549685814606112,0.05,0.001115969867927122,49.09937162921222,0,0.04429530301482104
american,574,9.97850055947495,0.22271411902935945,0.05,0.001115969867927122,44.54282380587189,0,0.04429530301482104
american,575,8.993832429402586,0.2007369197679814,0.05,0.001115969867927122,40.147383953596275,0,0.04429530301482104
american,576,8.158105153502047,0.18208399061378505,0.05,0.001115969867927122,36.41679812275701,0,0.04429530301482104
american,577,7.355672746598133,0.16417418287072497,0.05,0.001115969867927122,32.834836574144994,0,0.04429530301482104
american,578,6.671437124632276,0.1489024561371996,0.05,0.001115969867927122,29.78049122743992,0,0.04429530301482104
american,579,6.9958661758268015,0.1561435170454651,0.05,0.001115969867927122,31.228703409093022,0,0.04429530301482104
american,580,10.436955733978813,0.23294656224019109,0.05,0.001115969867927122,46.589312448038214,0,0.04429530301482104
american,581,13.06018628166836,0.29149548719714097,0.05,0.001115969867927122,58.299097439428195,0,0.04429530301482104
american,582,13.463513800958767,0.3004975143658188,0.05,0.001115969867927122,60.09950287316376,0,0.04429530301482104
american,583,13.375304974488886,0.29852874651730676,0.05,0.001115969867927122,59.70574930346135,0,0.04429530301482104
american,584,12.106490158669036,0.2702095644686177,0.05,0.001115969867927122,54.04191289372354,0,0.04429530301482104
american,585,10.9147110025796,0.2436097719202292,0.05,0.001115969867927122,48.72195438404584,0,0.04429530301482104
american,586,9.887628774189738,0.22068591554489866,0.05,0.001115969867927122,44.137183108979734,0,0.04429530301482104
american,587,8.924481443487778,0.1991890475561421,0.05,0.001115969867927122,39.83780951122842,0,0.04429530301482104
american,588,8.083577637165135,0.18042058136251626,0.05,0.001115969867927122,36.08411627250325,0,0.04429530301482104
american,589,7.561231978504543,0.16876214104836093,0.05,0.001115969867927122,33.75242820967219,0,0.04429530301482104
american,590,7.585665230010399,0.16930747649748132,0.05,0.001115969867927122,33.86149529949626,0,0.04429530301482104
american,591,7.829721756571101,0.1747546710917353,0.05,0.001115969867927122,34.95093421834706,0,0.04429530301482104
american,592,8.413196071853084,0.18777746618301733,0.05,0.001115969867927122,37.55549323660347,0,0.04429530301482104
american,593,8.431183114797479,0.18817892614179846,0.05,0.001115969867927122,37.635785228359694,0,0.04429530301482104
american,594,7.660464225270598,0.17097694499471341,0.05,0.001115969867927122,34.19538899894268,0,0.04429530301482104
american,595,6.9391766565473985,0.15487824113860335,0.05,0.001115969867927122,30.97564822772067,0,0.04429530301482104
american,596,6.280215535793993,0.14017062604067762,0.05,0.001115969867927122,28.034125208135524,0,0.04429530301482104
american,597,5.676845471365627,0.12670376981845155,0.05,0.001115969867927122,25.34075396369031,0,0.04429530301482104
american,598,5.136914612390551,0.1146528384308477,0.05,0.001115969867927122,22.93056768616954,0,0.04429530301482104
american,599,4.6243573586303555,0.10321286941517065,0.05,0.001115969867927122,20.642573883034128,0,0.04429530301482104
american,600,4.1400912610978375,0.0924043419570717,0.05,0.001115969867927122,18.48086839141434,0,0.04429530301482104
american,601,3.678562324598169,0.08210329423087011,0.05,0.001115969867927122,16.42065884617402,0,0.04429530301482104
american,602,3.2383192409803225,0.07227733391325335,0.05,0.001115969867927122,14.455466782650669,0,0.04429530301482104
american,603,2.9383809791757254,0.06558289266500603,0.05,0.001115969867927122,13.116578533001205,0,0.04429530301482104
american,604,2.757381322664625,0.06154308940957508,0.05,0.001115969867927122,12.308617881915016,0,0.04429530301482104
american,605,3.9304265642362046,0.08772475227575857,0.05,0.001115969867927122,17.544950455151714,0,0.04429530301482104
american,606,6.142011096570695,0.13708598624493828,0.05,0.001115969867927122,27.417197248987655,0,0.04429530301482104
american,607,6.661977617655369,0.14869132564216608,0.05,0.001115969867927122,29.738265128433216,0,0.04429530301482104
american,608,6.009613516989935,0.1341309520569661,0.05,0.001115969867927122,26.82619041139322,0,0.04429530301482104
american,609,5.424170952720316,0.12106422683442844,0.05,0.001115969867927122,24.212845366885688,0,0.04429530301482104
american,610,4.8805543486980945,0.10893103183855507,0.05,0.001115969867927122,21.786206367711014,0,0.04429530301482104
american,611,4.402362294967149,0.0982580733776366,0.05,0.001115969867927122,19.65161467552732,0,0.04429530301482104
american,612,3.9609540012712245,0.08840610627328108,0.05,0.001115969867927122,17.681221254656215,0,0.04429530301482104
american,613,3.5821228309023874,0.07995082285001731,0.05,0.001115969867927122,15.990164570003461,0,0.04429530301482104
american,614,3.2348388053513513,0.07219965268746953,0.05,0.001115969867927122,14.439930537493906,0,0.04429530301482104
american,615,2.932312649742705,0.0654474512090879,0.05,0.001115969867927122,13.08949024181758,0,0.04429530301482104
american,616,2.64993645151849,0.059144984636327114,0.05,0.001115969867927122,11.828996927265422,0,0.04429530301482104
american,617,2.4041217681519886,0.053658549041705875,0.05,0.001115969867927122,10.731709808341176,0,0.04429530301482104
american,618,2.17293169072858,0.04849852583834061,0.05,0.001115969867927122,9.699705167668123,0,0.04429530301482104
american,619,1.972711828088045,0.04402973916499373,0.05,0.001115969867927122,8.805947832998747,0,0.04429530301482104
american,620,1.7834294018950199,0.039805069481802624,0.05,0.001115969867927122,7.961013896360525,0,0.04429530301482104
american,621,1.5737052918920367,0.03512415373497938,0.05,0.001115969867927122,7.024830746995876,0,0.04429530301482104
american,622,1.3576574955305758,0.030302097119550477,0.05,0.001115969867927122,6.060419423910095,0,0.04429530301482104
american,623,1.200467313361791,0.026793706982863697,0.05,0.001115969867927122,5.358741396572739,0,0.04429530301482104
american,624,1.059068198415435,0.023637763950229762,0.05,0.001115969867927122,4.727552790045952,0,0.04429530301482104
american,625,0.9593220603744498,0.021411490260312985,0.05,0.001115969867927122,4.282298052062597,0,0.04429530301482104
american,626,0.8691448494603766,0.019398789257236697,0.05,0.001115969867927122,3.8797578514473394,0,0.04429530301482104
american,627,0.792664447087888,0.01769179276654391,0.05,0.001115969867927122,3.538358553308782,0,0.04429530301482104
american,628,0.7188335912857396,0.01604393255857451,0.05,0.001115969867927122,3.208786511714902,0,0.04429530301482104
american,629,0.6565486888493239,0.014653771071658099,0.05,0.001115969867927122,2.93075421433162,0,0.04429530301482104
american,630,0.5961023140189187,0.013304644412934887,0.05,0.001115969867927122,2.6609288825869775,0,0.04429530301482104
american,631,0.5382629014055373,0.012013703579832138,0.05,0.001115969867927122,2.4027407159664276,0,0.04429530301482104
american,632,0.48075440350082405,0.010730148563603936,0.05,0.001115969867927122,2.1460297127207872,0,0.04429530301482104
american,633,0.4226097110932483,0.009432394069469028,0.05,0.001115969867927122,1.8864788138938056,0,0.04429530301482104
american,634,0.36440369873358935,0.008133270950957568,0.05,0.001115969867927122,1.6266541901915135,0,0.04429530301482104
american,635,0.33361993849141514,0.007446195973922382,0.05,0.001115969867927122,1.4892391947844763,0,0.04429530301482104
american,636,0.3046857729668449,0.00680040283634166,0.05,0.001115969867927122,1.3600805672683318,0,0.04429530301482104
american,637,0.28119776006389485,0.006276164543198144,0.05,0.001115969867927122,1.2552329086396288,0,0.04429530301482104
american,638,0.25792759326581,0.005756788443832128,0.05,0.001115969867927122,1.1513576887664256,0,0.04429530301482104
american,639,0.23881765024364426,0.005330266032021305,0.05,0.001115969867927122,1.066053206404261,0,0.04429530301482104
american,640,0.21980360006677024,0.00490588389072839,0.05,0.001115969867927122,0.981176778145678,0,0.04429530301482104
american,641,0.20420514078742105,0.004557735679891551,0.05,0.001115969867927122,0.9115471359783103,0,0.04429530301482104
american,642,0.18870753951765826,0.0042118385590474644,0.05,0.001115969867927122,0.8423677118094929,0,0.04429530301482104
american,643,0.17593310450673674,0.00392672086800783,0.05,0.001115969867927122,0.785344173601566,0,0.04429530301482104
american,644,0.16321439645121066,0.003642846969029249,0.05,0.001115969867927122,0.7285693938058498,0,0.04429530301482104
american,645,0.15136198924775834,0.003378308383000147,0.05,0.001115969867927122,0.6756616766000294,0,0.04429530301482104
american,646,0.13666503565016613,0.0030502812356954265,0.05,0.001115969867927122,0.6100562471390852,0,0.04429530301482104
american,647,0.09141214820583396,0.0020402640592039802,0.05,0.001115969867927122,0.40805281184079606,0,0.04429530301482104
american,648,0.15759335828301296,0.003517388784585711,0.05,0.001115969867927122,0.7034777569171422,0,0.04429530301482104
american,649,1.1263907582847483,0.02514036291514722,0.05,0.001115969867927122,5.028072583029444,0,0.04429530301482104
american,650,1.9663389573747103,0.043887500531228196,0.05,0.001115969867927122,8.77750010624564,0,0.04429530301482104
american,651,1.9779708648881356,0.044147117697058154,0.05,0.001115969867927122,8.82942353941163,0,0.04429530301482104
american,652,2.1525848731269503,0.04804439713130807,0.05,0.001115969867927122,9.608879426261614,0,0.04429530301482104
american,653,3.1870699645039715,0.0711334809472399,0.05,0.001115969867927122,14.22669618944798,0,0.04429530301482104
american,654,3.986684319527352,0.08898039147060134,0.05,0.001115969867927122,17.796078294120267,0,0.04429530301482104
american,655,3.745155261161297,0.08358960844329477,0.05,0.001115969867927122,16.717921688658954,0,0.04429530301482104
american,656,3.4869155860483785,0.07782585452070864,0.05,0.001115969867927122,15.565170904141729,0,0.04429530301482104
american,657,3.165351468526364,0.07064873720548576,0.05,0.001115969867927122,14.129747441097152,0,0.04429530301482104
american,658,2.85739895336899,0.06377542265212577,0.05,0.001115969867927122,12.755084530425155,0,0.04429530301482104
american,659,2.594124521267334,0.057899295987704304,0.05,0.001115969867927122,11.579859197540861,0,0.04429530301482104
american,660,2.343174304703707,0.05229823838700843,0.05,0.001115969867927122,10.459647677401685,0,0.04429530301482104
american,661,2.1276234306429402,0.04748727277786504,0.05,0.001115969867927122,9.497454555573007,0,0.04429530301482104
american,662,1.92312885519558,0.04292307709078897,0.05,0.001115969867927122,8.584615418157794,0,0.04429530301482104
american,663,1.7466507257491914,0.03898419159458274,0.05,0.001115969867927122,7.7968383189165475,0,0.04429530301482104
american,664,1.5800156909560166,0.035264998039179325,0.05,0.001115969867927122,7.052999607835865,0,0.04429530301482104
american,665,1.4355276191325812,0.03204011135058245,0.05,0.001115969867927122,6.40802227011649,0,0.04429530301482104
american,666,1.2997459773097106,0.029009546932742516,0.05,0.001115969867927122,5.801909386548503,0,0.04429530301482104
american,667,1.1814491494549237,0.026369233025596437,0.05,0.001115969867927122,5.273846605119288,0,0.04429530301482104
american,668,1.0708107419210282,0.023899850444731065,0.05,0.001115969867927122,4.779970088946213,0,0.04429530301482104
american,669,0.9739574909647344,0.02173814425117091,0.05,0.001115969867927122,4.347628850234182,0,0.04429530301482104
american,670,0.883808506952189,0.01972607325552602,0.05,0.001115969867927122,3.945214651105204,0,0.04429530301482104
american,671,0.8045117536039726,0.017956217508304853,0.05,0.001115969867927122,3.5912435016609705,0,0.04429530301482104
american,672,0.7310431124507212,0.016316441713013267,0.05,0.001115969867927122,3.2632883426026535,0,0.04429530301482104
american,673,0.6660803647712056,0.014866512334051429,0.05,0.001115969867927122,2.973302466810286,0,0.04429530301482104
american,674,0.7066748229953626,0.01577255617771114,0.05,0.001115969867927122,3.1545112355422282,0,0.04429530301482104
american,675,0.8864434316785634,0.019784883187503825,0.05,0.001115969867927122,3.956976637500765,0,0.04429530301482104
american,676,0.9451314337828799,0.02109476402664904,0.05,0.001115969867927122,4.218952805329808,0,0.04429530301482104
american,677,0.85939798948581,0.019181245216466268,0.05,0.001115969867927122,3.8362490432932534,0,0.04429530301482104
american,678,0.7811361013828539,0.017434487037866608,0.05,0.001115969867927122,3.4868974075733217,0,0.04429530301482104
american,679,0.7109434939695446,0.015867830341376787,0.05,0.001115969867927122,3.1735660682753575,0,0.04429530301482104
american,680,0.6471826778740795,0.01444472735103715,0.05,0.001115969867927122,2.88894547020743,0,0.04429530301482104
american,681,0.589713831546069,0.013162057334105274,0.05,0.001115969867927122,2.632411466821055,0,0.04429530301482104
american,682,0.5377684620246657,0.012002667990820753,0.05,0.001115969867927122,2.4005335981641505,0,0.04429530301482104
american,683,0.4907169501920146,0.010952506601907653,0.05,0.001115969867927122,2.1905013203815304,0,0.04429530301482104
american,684,0.44839856035805076,0.01000798564362971,0.05,0.001115969867927122,2.001597128725942,0,0.04429530301482104
american,685,0.40987604064184685,0.00914818621883147,0.05,0.001115969867927122,1.8296372437662938,0,0.04429530301482104
american,686,0.3754013287751546,0.008378731425857506,0.05,0.001115969867927122,1.6757462851715013,0,0.04429530301482104
american,687,0.3438617571974455,0.007674787195296426,0.05,0.001115969867927122,1.5349574390592853,0,0.04429530301482104
american,688,0.3157776086015755,0.007047965923308853,0.05,0.001115969867927122,1.4095931846617706,0,0.04429530301482104
american,689,0.2899551914120009,0.006471625133296678,0.05,0.001115969867927122,1.2943250266593356,0,0.04429530301482104
american,690,0.25793666751100297,0.005756990975516318,0.05,0.001115969867927122,1.1513981951032637,0,0.04429530301482104
american,691,0.22226541694606441,0.004960830159881324,0.05,0.001115969867927122,0.9921660319762647,0,0.04429530301482104
american,692,0.1984852337136255,0.004430070801057571,0.05,0.001115969867927122,0.8860141602115142,0,0.04429530301482104
american,693,0.18100032142192388,0.00403981809583982,0.05,0.001115969867927122,0.807963619167964,0,0.04429530301482104
american,694,0.1552365561681286,0.0034647863816881543,0.05,0.001115969867927122,0.6929572763376308,0,0.04429530301482104
american,695,0.12555122898492105,0.002802227768567804,0.05,0.001115969867927122,0.5604455537135609,0,0.04429530301482104
american,696,0.13078704006169514,0.0029190879164845826,0.05,0.001115969867927122,0.5838175832969165,0,0.04429530301482104
american,697,0.15075520634190542,0.0033647653542140444,0.05,0.001115969867927122,0.6729530708428089,0,0.04429530301482104
american,698,0.14909182062974596,0.003327639587543835,0.05,0.001115969867927122,0.665527917508767,0,0.04429530301482104
american,699,0.13934721360722552,0.0031101458313053582,0.05,0.001115969867927122,0.6220291662610716,0,0.04429530301482104
american,700,0.1309322575076922,0.0029223290823651837,0.05,0.001115969867927122,0.5844658164730367,0,0.04429530301482104
american,701,0.12295404806169505,0.0027442602555302962,0.05,0.001115969867927122,0.5488520511060593,0,0.04429530301482104
american,702,0.11610022250886134,0.002591286999590469,0.05,0.001115969867927122,0.5182573999180938,0,0.04429530301482104
american,703,0.10956821708092622,0.002445496574896229,0.05,0.001115969867927122,0.48909931497924575,0,0.04429530301482104
american,704,0.10398605532827998,0.0023209060886192597,0.05,0.001115969867927122,0.46418121772385196,0,0.04429530301482104
american,705,0.0986381016051572,0.002201542984417786,0.05,0.001115969867927122,0.44030859688355717,0,0.04429530301482104
american,706,0.09409178327415824,0.0021000718990697945,0.05,0.001115969867927122,0.4200143798139589,0,0.04429530301482104
american,707,0.08971324909499971,0.0020023456548771963,0.05,0.001115969867927122,0.40046913097543924,0,0.04429530301482104
american,708,0.08601066275627056,0.0019197061591287893,0.05,0.001115969867927122,0.38394123182575784,0,0.04429530301482104
american,709,0.08242582217039042,0.0018396946776255006,0.05,0.001115969867927122,0.36793893552510015,0,0.04429530301482104
american,710,0.10464731040604848,0.002335664903455329,0.05,0.001115969867927122,0.4671329806910658,0,0.04429530301482104
american,711,0.1305091898547779,0.0029128864673102434,0.05,0.001115969867927122,0.5825772934620487,0,0.04429530301482104
american,712,0.12619789686812108,0.0028166610060119525,0.05,0.001115969867927122,0.5633322012023905,0,0.04429530301482104
american,713,0.1185749142239197,0.0026465206273187498,0.05,0.001115969867927122,0.5293041254637499,0,0.04429530301482104
american,714,0.11223124683500178,0.0025049337941550633,0.05,0.001115969867927122,0.5009867588310126,0,0.04429530301482104
american,715,0.10599007651401468,0.0023656346337786105,0.05,0.001115969867927122,0.4731269267557221,0,0.04429530301482104
american,716,0.09750430674388734,0.002176237366386031,0.05,0.001115969867927122,0.4352474732772062,0,0.04429530301482104
american,717,0.08890176590415119,0.0019842338390908703,0.05,0.001115969867927122,0.3968467678181741,0,0.04429530301482104
american,718,0.08522638988898909,0.0019022016613664111,0.05,0.001115969867927122,0.3804403322732822,0,0.04429530301482104
american,719,0.08167592791163361,0.0018229574896874178,0.05,0.001115969867927122,0.3645914979374836,0,0.04429530301482104
delta,0,0.1162503917305081,0.00534539847441476,0.05,0.0022347723173032088,1.0690796948829522,0,0.03725691628573117
delta,1,0.5629584462882655,0.025464620800716473,0.05,0.0022347723173032088,5.092924160143294,0,0.03725691628573117
delta,2,1.0040431890980956,0.045344782520641363,0.05,0.0022347723173032088,9.068956504128273,0,0.03725691628573117
delta,3,1.2233195240730148,0.05579533143348028,0.05,0.0022347723173032088,11.159066286696056,0,0.03725691628573117
delta,4,1.4254820838720201,0.06544095556568155,0.05,0.0022347723173032088,13.088191113136311,0,0.03725691628573117
delta,5,1.2986798541784585,0.05961413669229235,0.05,0.0022347723173032088,11.92282733845847,0,0.03725691628573117
delta,6,1.1735825813708414,0.053865664035569395,0.05,0.0022347723173032088,10.773132807113878,0,0.03725691628573117
delta,7,1.0697656963618647,0.04909506823131046,0.05,0.0022347723173032088,9.819013646262093,0,0.03725691628573117
delta,8,0.9678100121998146,0.04440999836968082,0.05,0.0022347723173032088,8.881999673936164,0,0.03725691628573117
delta,9,0.8828119357542047,0.040504164874229226,0.05,0.0022347723173032088,8.100832974845845,0,0.03725691628573117
delta,10,0.7997186372723866,0.03668585977804837,0.05,0.0022347723173032088,7.337171955609674,0,0.03725691628573117
delta,11,0.7301280981338926,0.03348803377892008,0.05,0.0022347723173032088,6.697606755784016,0,0.03725691628573117
delta,12,0.6624089593514885,0.030376202410492558,0.05,0.0022347723173032088,6.075240482098511,0,0.03725691628573117
delta,13,0.6054330448355265,0.027758043922013913,0.05,0.0022347723173032088,5.551608784402783,0,0.03725691628573117
delta,14,0.5502446655128918,0.025222026290415284,0.05,0.0022347723173032088,5.0444052580830565,0,0.03725691628573117
delta,15,0.5035967321139316,0.023078459419465652,0.05,0.0022347723173032088,4.61569188389313,0,0.03725691628573117
delta,16,0.4586213816120984,0.021011751114929554,0.05,0.0022347723173032088,4.202350222985911,0,0.03725691628573117
delta,17,0.420429283970836,0.019256746996403944,0.05,0.0022347723173032088,3.851349399280789,0,0.03725691628573117
delta,18,0.3837777557663927,0.017572535158833624,0.05,0.0022347723173032088,3.514507031766725,0,0.03725691628573117
delta,19,0.35250871090293423,0.01613565931521819,0.05,0.0022347723173032088,3.227131863043638,0,0.03725691628573117
delta,20,0.3226411233452266,0.014763183268823457,0.05,0.0022347723173032088,2.9526366537646913,0,0.03725691628573117
delta,21,0.297040194696138,0.013586768827300637,0.05,0.0022347723173032088,2.7173537654601274,0,0.03725691628573117
delta,22,0.2727014238619279,0.012468353089702046,0.05,0.0022347723173032088,2.4936706179404093,0,0.03725691628573117
delta,23,0.25174115626956395,0.011505186408062251,0.05,0.0022347723173032088,2.3010372816124502,0,0.03725691628573117
delta,24,0.2319081985880493,0.01059382189646765,0.05,0.0022347723173032088,2.11876437929353,0,0.03725691628573117
delta,25,0.2147473829174372,0.009805247713869083,0.05,0.0022347723173032088,1.9610495427738166,0,0.03725691628573117
delta,26,0.1985864441467756,0.009062619896770376,0.05,0.0022347723173032088,1.8125239793540753,0,0.03725691628573117
delta,27,0.18453635660934278,0.008416989962393592,0.05,0.0022347723173032088,1.6833979924787184,0,0.03725691628573117
delta,28,0.1713678705751366,0.007811871399861164,0.05,0.0022347723173032088,1.5623742799722329,0,0.03725691628573117
delta,29,0.15986463182480276,0.007283274317479176,0.05,0.0022347723173032088,1.4566548634958352,0,0.03725691628573117
delta,30,0.14913474407016675,0.006790214277216845,0.05,0.0022347723173032088,1.358042855443369,0,0.03725691628573117
delta,31,0.13971668874527005,0.006357435589883413,0.05,0.0022347723173032088,1.2714871179766825,0,0.03725691628573117
delta,32,0.1309740107463481,0.0059556918564238935,0.05,0.0022347723173032088,1.1911383712847787,0,0.03725691628573117
delta,33,0.12326315921766537,0.005601362635827294,0.05,0.0022347723173032088,1.1202725271654588,0,0.03725691628573117
delta,34,0.11613981938735887,0.0052740307658349275,0.05,0.0022347723173032088,1.0548061531669854,0,0.03725691628573117
delta,35,0.10982670810840796,0.00498393053621834,0.05,0.0022347723173032088,0.996786107243668,0,0.03725691628573117
delta,36,0.10402290565972569,0.004717234077274909,0.05,0.0022347723173032088,0.9434468154549819,0,0.03725691628573117
delta,37,0.0988541673080451,0.004479720097812824,0.05,0.0022347723173032088,0.8959440195625649,0,0.03725691628573117
delta,38,0.09412558169197267,0.004262432026627065,0.05,0.0022347723173032088,0.8524864053254131,0,0.03725691628573117
delta,39,0.08989377664883817,0.0040679720273555245,0.05,0.0022347723173032088,0.813594405471105,0,0.03725691628573117
delta,40,0.08579259370675253,0.003879265530376975,0.05,0.0022347723173032088,0.775853106075395,0,0.03725691628573117
delta,41,0.08182493557907233,0.0036964403912979273,0.05,0.0022347723173032088,0.7392880782595854,0,0.03725691628573117
delta,42,0.07496638196203538,0.0033842101503963645,0.05,0.0022347723173032088,0.6768420300792729,0,0.03725691628573117
delta,43,0.06543107326226065,0.0029521603707702484,0.05,0.0022347723173032088,0.5904320741540496,0,0.03725691628573117
delta,44,0.19805482349679734,0.008221742953663177,0.05,0.0022347723173032088,1.6443485907326354,0,0.03725691628573117
delta,45,0.4498624312217217,0.01827148196169855,0.05,0.0022347723173032088,3.65429639233971,0,0.03725691628573117
delta,46,0.7431747172795566,0.03045276936975471,0.05,0.0022347723173032088,6.090553873950942,0,0.03725691628573117
delta,47,1.0679663970488327,0.0442507384145419,0.05,0.0022347723173032088,8.85014768290838,0,0.03725691628573117
delta,48,1.2437675427450858,0.05185472313423517,0.05,0.0022347723173032088,10.370944626847034,0,0.03725691628573117
delta,49,1.3174825817616729,0.05521468155710475,0.05,0.0022347723173032088,11.04293631142095,0,0.03725691628573117
delta,50,1.2853822010747789,0.053829614733256675,0.05,0.0022347723173032088,10.765922946651335,0,0.03725691628573117
delta,51,1.1879114055488427,0.04951317675699178,0.05,0.0022347723173032088,9.902635351398356,0,0.03725691628573117
delta,52,1.0880236141851256,0.04527337362443014,0.05,0.0022347723173032088,9.054674724886027,0,0.03725691628573117
delta,53,0.986793047355973,0.0410761454050369,0.05,0.0022347723173032088,8.21522908100738,0,0.03725691628573117
delta,54,0.8978126102887714,0.03738683284727248,0.05,0.0022347723173032088,7.477366569454497,0,0.03725691628573117
delta,55,0.8149320320742295,0.03395043302636854,0.05,0.0022347723173032088,6.790086605273708,0,0.03725691628573117
delta,56,0.7425051999394009,0.03094645783337872,0.05,0.0022347723173032088,6.189291566675744,0,0.03725691628573117
delta,57,0.6747244771733343,0.0281346713639063,0.05,0.0022347723173032088,5.62693427278126,0,0.03725691628573117
delta,58,0.639748186044945,0.026816301227241608,0.05,0.0022347723173032088,5.363260245448322,0,0.03725691628573117
delta,59,0.6177177051030718,0.02608728696137843,0.05,0.0022347723173032088,5.217457392275686,0,0.03725691628573117
delta,60,0.8109455068847017,0.03422448231988712,0.05,0.0022347723173032088,6.844896463977424,0,0.03725691628573117
delta,61,1.0791150811700767,0.04544843214021445,0.05,0.0022347723173032088,9.08968642804289,0,0.03725691628573117
delta,62,1.064944826154934,0.044845422739845285,0.05,0.0022347723173032088,8.969084547969057,0,0.03725691628573117
delta,63,0.9647570604209942,0.040639217877973546,0.05,0.0022347723173032088,8.12784357559471,0,0.03725691628573117
delta,64,0.8789384065647251,0.03703627458000514,0.05,0.0022347723173032088,7.407254916001029,0,0.03725691628573117
delta,65,0.7969116016761753,0.03359252530584459,0.05,0.0022347723173032088,6.718505061168918,0,0.03725691628573117
delta,66,0.7270168691321898,0.030658119476030348,0.05,0.0022347723173032088,6.1316238952060695,0,0.03725691628573117
delta,67,0.6598590013932064,0.027838616039385106,0.05,0.0022347723173032088,5.567723207877021,0,0.03725691628573117
delta,68,0.6029350313730139,0.025448764566982588,0.05,0.0022347723173032088,5.089752913396517,0,0.03725691628573117
delta,69,0.5479508197439652,0.023140350394992112,0.05,0.0022347723173032088,4.628070078998422,0,0.03725691628573117
delta,70,0.5015918503948571,0.021194051654431174,0.05,0.0022347723173032088,4.238810330886235,0,0.03725691628573117
delta,71,0.4565745854004071,0.019304081980981526,0.05,0.0022347723173032088,3.8608163961963053,0,0.03725691628573117
delta,72,0.41882083583064517,0.01771905806283235,0.05,0.0022347723173032088,3.54381161256647,0,0.03725691628573117
delta,73,0.38196381656022765,0.016171681768794355,0.05,0.0022347723173032088,3.234336353758871,0,0.03725691628573117
delta,74,0.3512188513949493,0.014880909177860507,0.05,0.0022347723173032088,2.9761818355721013,0,0.03725691628573117
delta,75,0.32104287625147043,0.013614024619347756,0.05,0.0022347723173032088,2.722804923869551,0,0.03725691628573117
delta,76,0.29600627443484173,0.012562907494273716,0.05,0.0022347723173032088,2.5125814988547432,0,0.03725691628573117
delta,77,0.27130027558075925,0.01152567014561972,0.05,0.0022347723173032088,2.305134029123944,0,0.03725691628573117
delta,78,0.2509127703260289,0.010669737057425974,0.05,0.0022347723173032088,2.133947411485195,0,0.03725691628573117
delta,79,0.23068520927868197,0.009820518941841872,0.05,0.0022347723173032088,1.9641037883683745,0,0.03725691628573117
delta,80,0.21408399029980715,0.009123546337747902,0.05,0.0022347723173032088,1.8247092675495804,0,0.03725691628573117
delta,81,0.19756430009075737,0.008429996573813192,0.05,0.0022347723173032088,1.6859993147626384,0,0.03725691628573117
delta,82,0.1840053604383111,0.007860748647480556,0.05,0.0022347723173032088,1.572149729496111,0,0.03725691628573117
delta,83,0.170540952277398,0.007295469457414013,0.05,0.0022347723173032088,1.4590938914828024,0,0.03725691628573117
delta,84,0.15943983140481172,0.006829408673999615,0.05,0.0022347723173032088,1.365881734799923,0,0.03725691628573117
delta,85,0.1482219512045472,0.006358914104150238,0.05,0.0022347723173032088,1.2717828208300477,0,0.03725691628573117
delta,86,0.13527298705913782,0.00582268383106912,0.05,0.0022347723173032088,1.164536766213824,0,0.03725691628573117
delta,87,0.12238004240440253,0.005287940316889953,0.05,0.0022347723173032088,1.0575880633779906,0,0.03725691628573117
delta,88,0.11006829996541123,0.004768621926318531,0.05,0.0022347723173032088,0.9537243852637063,0,0.03725691628573117
delta,89,0.11747362549482657,0.0051720341481405144,0.05,0.0022347723173032088,1.0344068296281028,0,0.03725691628573117
delta,90,0.2802109742875567,0.012844763145647767,0.05,0.0022347723173032088,2.5689526291295532,0,0.03725691628573117
delta,91,0.41604333665052395,0.01924867729184856,0.05,0.0022347723173032088,3.8497354583697123,0,0.03725691628573117
delta,92,0.38291238423455815,0.017684434171843726,0.05,0.0022347723173032088,3.536886834368745,0,0.03725691628573117
delta,93,0.3506125309026238,0.01616342357744035,0.05,0.0022347723173032088,3.2326847154880696,0,0.03725691628573117
delta,94,0.32260903724238127,0.014865903157756556,0.05,0.0022347723173032088,2.973180631551311,0,0.03725691628573117
delta,95,0.29555383948893676,0.01361232130223556,0.05,0.0022347723173032088,2.722464260447112,0,0.03725691628573117
delta,96,0.2726265180356717,0.012550001431893781,0.05,0.0022347723173032088,2.510000286378756,0,0.03725691628573117
delta,97,0.25057811272254954,0.01152841126879696,0.05,0.0022347723173032088,2.3056822537593917,0,0.03725691628573117
delta,98,0.2318056675681403,0.01065863183270401,0.05,0.0022347723173032088,2.131726366540802,0,0.03725691628573117
delta,99,0.21371863763957444,0.009820529455768928,0.05,0.0022347723173032088,1.9641058911537854,0,0.03725691628573117
delta,100,0.19784725227827113,0.00908482501425122,0.05,0.0022347723173032088,1.816965002850244,0,0.03725691628573117
delta,101,0.1816066094640367,0.008337663320194023,0.05,0.0022347723173032088,1.6675326640388046,0,0.03725691628573117
delta,102,0.16432038501992327,0.007558059511051315,0.05,0.0022347723173032088,1.511611902210263,0,0.03725691628573117
delta,103,0.1492993729300407,0.006876225104911139,0.05,0.0022347723173032088,1.3752450209822278,0,0.03725691628573117
delta,104,0.13994139172573483,0.0064388142062772775,0.05,0.0022347723173032088,1.2877628412554556,0,0.03725691628573117
delta,105,0.1755349401219995,0.008111882270210207,0.05,0.0022347723173032088,1.6223764540420416,0,0.03725691628573117
delta,106,0.31097657639209975,0.014472828383738492,0.05,0.0022347723173032088,2.8945656767476984,0,0.03725691628573117
delta,107,0.40259176175832334,0.01858643645327722,0.05,0.0022347723173032088,3.717287290655444,0,0.03725691628573117
delta,108,0.40727251172505075,0.018242210042115174,0.05,0.0022347723173032088,3.648442008423035,0,0.03725691628573117
delta,109,0.4329727283097958,0.019176138690987783,0.05,0.0022347723173032088,3.8352277381975566,0,0.03725691628573117
delta,110,0.4960587137647579,0.022383427103128264,0.05,0.0022347723173032088,4.476685420625652,0,0.03725691628573117
delta,111,0.5449639587421565,0.024418104843596924,0.05,0.0022347723173032088,4.883620968719385,0,0.03725691628573117
delta,112,0.5711800189554503,0.024576605509390503,0.05,0.0022347723173032088,4.915321101878101,0,0.03725691628573117
delta,113,0.5665050548277263,0.02382744127012628,0.05,0.0022347723173032088,4.765488254025256,0,0.03725691628573117
delta,114,0.5172557938320886,0.021768559214838983,0.05,0.0022347723173032088,4.353711842967797,0,0.03725691628573117
delta,115,0.4718816028349102,0.019871675774790126,0.05,0.0022347723173032088,3.974335154958025,0,0.03725691628573117
delta,116,0.4315597182914181,0.01818600571916603,0.05,0.0022347723173032088,3.637201143833206,0,0.03725691628573117
delta,117,0.3945911926677825,0.016640523970238394,0.05,0.0022347723173032088,3.328104794047679,0,0.03725691628573117
delta,118,0.36157842576996535,0.01526041405615626,0.05,0.0022347723173032088,3.052082811231252,0,0.03725691628573117
delta,119,0.33145911791998034,0.014001266178678452,0.05,0.0022347723173032088,2.8002532357356906,0,0.03725691628573117
delta,120,0.30443055041654293,0.01287132774939161,0.05,0.0022347723173032088,2.574265549878322,0,0.03725691628573117
delta,121,0.2798920870180359,0.011845488966552102,0.05,0.0022347723173032088,2.3690977933104205,0,0.03725691628573117
delta,122,0.25776296759132755,0.010920373625410333,0.05,0.0022347723173032088,2.1840747250820667,0,0.03725691628573117
delta,123,0.35743914774297697,0.013152030403839544,0.05,0.0022347723173032088,2.6304060807679086,0,0.03725691628573117
delta,124,0.5638519306179398,0.018149930792202347,0.05,0.0022347723173032088,3.6299861584404693,0,0.03725691628573117
delta,125,0.7531908764075554,0.023447444839642426,0.05,0.0022347723173032088,4.689488967928486,0,0.03725691628573117
delta,126,0.9289885031294843,0.028982583513247347,0.05,0.0022347723173032088,5.79651670264947,0,0.03725691628573117
delta,127,0.9514947479418553,0.029740805912769296,0.05,0.0022347723173032088,5.948161182553859,0,0.03725691628573117
delta,128,0.8640939642152894,0.027074069474269224,0.05,0.0022347723173032088,5.414813894853845,0,0.03725691628573117
delta,129,0.7863121898526756,0.02470082425723662,0.05,0.0022347723173032088,4.940164851447324,0,0.03725691628573117
delta,130,0.7147544803726179,0.022517485124682938,0.05,0.0022347723173032088,4.503497024936587,0,0.03725691628573117
delta,131,0.649782692100911,0.02050862003411468,0.05,0.0022347723173032088,4.101724006822936,0,0.03725691628573117
delta,132,0.5886479187940687,0.018601405037572693,0.05,0.0022347723173032088,3.7202810075145387,0,0.03725691628573117
delta,133,0.5364507889415701,0.01699948369659988,0.05,0.0022347723173032088,3.3998967393199764,0,0.03725691628573117
delta,134,0.4889281588036882,0.015557234769627743,0.05,0.0022347723173032088,3.1114469539255487,0,0.03725691628573117
delta,135,0.612958979906482,0.020930844796912984,0.05,0.0022347723173032088,4.186168959382597,0,0.03725691628573117
delta,136,0.8172325443315346,0.029492517883447936,0.05,0.0022347723173032088,5.8985035766895875,0,0.03725691628573117
delta,137,0.9997037925542276,0.03774890211569688,0.05,0.0022347723173032088,7.549780423139375,0,0.03725691628573117
delta,138,1.173097811852204,0.04587818164985793,0.05,0.0022347723173032088,9.175636329971585,0,0.03725691628573117
delta,139,1.1953908115547989,0.048114963715759476,0.05,0.0022347723173032088,9.622992743151896,0,0.03725691628573117
delta,140,1.1620150145643542,0.04818082566177572,0.05,0.0022347723173032088,9.636165132355144,0,0.03725691628573117
delta,141,1.40067386429082,0.05573148059972356,0.05,0.0022347723173032088,11.146296119944713,0,0.03725691628573117
delta,142,1.7273730178638622,0.06570448672415141,0.05,0.0022347723173032088,13.140897344830282,0,0.03725691628573117
delta,143,1.6752423588469278,0.06323186797026598,0.05,0.0022347723173032088,12.646373594053195,0,0.03725691628573117
delta,144,1.5163990765651962,0.057253439391503055,0.05,0.0022347723173032088,11.450687878300611,0,0.03725691628573117
delta,145,1.3807329009654554,0.052147333991726656,0.05,0.0022347723173032088,10.42946679834533,0,0.03725691628573117
delta,146,1.2506830208415538,0.04725261065921312,0.05,0.0022347723173032088,9.450522131842625,0,0.03725691628573117
delta,147,1.1370200717527168,0.042971203310285234,0.05,0.0022347723173032088,8.594240662057047,0,0.03725691628573117
delta,148,1.026721327048562,0.0388157085142789,0.05,0.0022347723173032088,7.76314170285578,0,0.03725691628573117
delta,149,0.934865944228938,0.035374933398589485,0.05,0.0022347723173032088,7.074986679717897,0,0.03725691628573117
delta,150,0.8461536423735615,0.03205595938597668,0.05,0.0022347723173032088,6.4111918771953365,0,0.03725691628573117
delta,151,0.770797181016823,0.029219892270416166,0.05,0.0022347723173032088,5.843978454083233,0,0.03725691628573117
delta,152,0.697277147728646,0.026450224853200286,0.05,0.0022347723173032088,5.290044970640057,0,0.03725691628573117
delta,153,0.6361473305529215,0.02416778084632482,0.05,0.0022347723173032088,4.833556169264964,0,0.03725691628573117
delta,154,0.5763356214742666,0.021937169117145147,0.05,0.0022347723173032088,4.3874338234290295,0,0.03725691628573117
delta,155,0.527576148414717,0.020112492972655497,0.05,0.0022347723173032088,4.0224985945311,0,0.03725691628573117
delta,156,0.47966684735663845,0.01831904264237282,0.05,0.0022347723173032088,3.6638085284745636,0,0.03725691628573117
delta,157,0.44416321086487187,0.01694077930047773,0.05,0.0022347723173032088,3.3881558600955457,0,0.03725691628573117
delta,158,0.40926734468327,0.015582856531500742,0.05,0.0022347723173032088,3.1165713063001483,0,0.03725691628573117
delta,159,0.3806978857051194,0.01448097412043121,0.05,0.0022347723173032088,2.8961948240862423,0,0.03725691628573117
delta,160,0.3522724641031789,0.013385044930259974,0.05,0.0022347723173032088,2.6770089860519946,0,0.03725691628573117
delta,161,0.3245261872597712,0.012361536051551918,0.05,0.0022347723173032088,2.4723072103103836,0,0.03725691628573117
delta,162,0.296918084776482,0.011343124169647768,0.05,0.0022347723173032088,2.2686248339295534,0,0.03725691628573117
delta,163,0.27420135464136935,0.010505145974601145,0.05,0.0022347723173032088,2.101029194920229,0,0.03725691628573117
delta,164,0.2515238187450361,0.009670591711178865,0.05,0.0022347723173032088,1.934118342235773,0,0.03725691628573117
delta,165,0.22955796771075848,0.008898208837777883,0.05,0.0022347723173032088,1.7796417675555767,0,0.03725691628573117
delta,166,0.20789055870373557,0.008134931163336467,0.05,0.0022347723173032088,1.6269862326672935,0,0.03725691628573117
delta,167,0.18980445402377066,0.007480915876409918,0.05,0.0022347723173032088,1.4961831752819836,0,0.03725691628573117
delta,168,0.17287772173846508,0.006897776313019908,0.05,0.0022347723173032088,1.3795552626039815,0,0.03725691628573117
delta,169,0.16619733467083056,0.006941024900885572,0.05,0.0022347723173032088,1.3882049801771146,0,0.03725691628573117
delta,170,0.159081291975895,0.006923790486668261,0.05,0.0022347723173032088,1.3847580973336522,0,0.03725691628573117
delta,171,0.148953542987877,0.006488434449355473,0.05,0.0022347723173032088,1.2976868898710947,0,0.03725691628573117
delta,172,0.1391031888316285,0.006065002632802212,0.05,0.0022347723173032088,1.2130005265604424,0,0.03725691628573117
delta,173,0.130811289275684,0.005708563256516079,0.05,0.0022347723173032088,1.1417126513032159,0,0.03725691628573117
delta,174,0.1236682322504825,0.0053989233317040825,0.05,0.0022347723173032088,1.0797846663408166,0,0.03725691628573117
delta,175,0.12191037458814045,0.005308655835677182,0.05,0.0022347723173032088,1.0617311671354364,0,0.03725691628573117
delta,176,0.1502955872026248,0.006574939699375211,0.05,0.0022347723173032088,1.3149879398750421,0,0.03725691628573117
delta,177,0.2988401621535235,0.013248846106635353,0.05,0.0022347723173032088,2.6497692213270705,0,0.03725691628573117
delta,178,0.5627950388331595,0.024227174678672653,0.05,0.0022347723173032088,4.845434935734531,0,0.03725691628573117
delta,179,1.2236487580433741,0.050008516061286715,0.05,0.0022347723173032088,10.001703212257343,0,0.03725691628573117
delta,180,1.8173066979892374,0.07326112095717616,0.05,0.0022347723173032088,14.65222419143523,0,0.03725691628573117
delta,181,2.2093773001419934,0.08892751639288968,0.05,0.0022347723173032088,17.785503278577934,0,0.03725691628573117
delta,182,2.666327699679256,0.10476614528726273,0.05,0.0022347723173032088,20.953229057452546,0,0.03725691628573117
delta,183,3.2945607643116555,0.12105947051249705,0.05,0.0022347723173032088,24.21189410249941,0,0.03725691628573117
delta,184,3.7940150327620814,0.13569579693413034,0.05,0.0022347723173032088,27.139159386826066,0,0.03725691628573117
delta,185,3.9921978055573653,0.1464556582647699,0.05,0.0022347723173032088,29.29113165295398,0,0.03725691628573117
delta,186,4.025779543812371,0.14986709891147718,0.05,0.0022347723173032088,29.973419782295434,0,0.03725691628573117
delta,187,3.7162099727715323,0.13795895067473213,0.05,0.0022347723173032088,27.591790134946425,0,0.03725691628573117
delta,188,3.4037519089418278,0.12610892927272113,0.05,0.0022347723173032088,25.221785854544226,0,0.03725691628573117
delta,189,3.08590350817542,0.11436738078277295,0.05,0.0022347723173032088,22.873476156554588,0,0.03725691628573117
delta,190,2.789544847707613,0.10342022221623812,0.05,0.0022347723173032088,20.684044443247622,0,0.03725691628573117
delta,191,2.5292131047992177,0.09380483499189608,0.05,0.0022347723173032088,18.760966998379217,0,0.03725691628573117
delta,192,2.2876796315422094,0.08488376433389488,0.05,0.0022347723173032088,16.976752866778977,0,0.03725691628573117
delta,193,2.074538027620728,0.07701135111057339,0.05,0.0022347723173032088,15.402270222114678,0,0.03725691628573117
delta,194,1.8869658864210688,0.07011220720140832,0.05,0.0022347723173032088,14.022441440281664,0,0.03725691628573117
delta,195,1.7342611943875366,0.0645402487206386,0.05,0.0022347723173032088,12.90804974412772,0,0.03725691628573117
delta,196,1.6259930497468225,0.060862914490063195,0.05,0.0022347723173032088,12.172582898012639,0,0.03725691628573117
delta,197,1.5725208929954198,0.05952189605267259,0.05,0.0022347723173032088,11.904379210534518,0,0.03725691628573117
delta,198,1.5366747549580537,0.059404543329753465,0.05,0.0022347723173032088,11.880908665950694,0,0.03725691628573117
delta,199,1.5205041726944946,0.06065314303229086,0.05,0.0022347723173032088,12.13062860645817,0,0.03725691628573117
delta,200,1.5889375535300612,0.06483565832220087,0.05,0.0022347723173032088,12.967131664440174,0,0.03725691628573117
delta,201,1.7429097478857443,0.07198450815625024,0.05,0.0022347723173032088,14.396901631250048,0,0.03725691628573117
delta,202,1.8115504390531991,0.07508837930225731,0.05,0.0022347723173032088,15.017675860451462,0,0.03725691628573117
delta,203,1.8020454378272164,0.07448790154447793,0.05,0.0022347723173032088,14.897580308895586,0,0.03725691628573117
delta,204,1.8388382756054023,0.082812129243626,0.05,0.0022347723173032088,16.5624258487252,0,0.03725691628573117
delta,205,1.91401876883931,0.09853623835178513,0.05,0.0022347723173032088,19.707247670357024,0,0.03725691628573117
delta,206,2.116333050588702,0.10949201014954539,0.05,0.0022347723173032088,21.89840202990908,0,0.03725691628573117
delta,207,2.413997673724721,0.116871528964506,0.05,0.0022347723173032088,23.3743057929012,0,0.03725691628573117
delta,208,2.586560660591403,0.1193561139217023,0.05,0.0022347723173032088,23.87122278434046,0,0.03725691628573117
delta,209,2.6743773777272297,0.11852477594299317,0.05,0.0022347723173032088,23.704955188598635,0,0.03725691628573117
delta,210,2.5561996343278546,0.11159725527332458,0.05,0.0022347723173032088,22.319451054664917,0,0.03725691628573117
delta,211,2.3122376628140557,0.10094728676581345,0.05,0.0022347723173032088,20.18945735316269,0,0.03725691628573117
delta,212,2.0968712252938153,0.09154822271832852,0.05,0.0022347723173032088,18.309644543665705,0,0.03725691628573117
delta,213,1.8972019106891884,0.08283582537443249,0.05,0.0022347723173032088,16.567165074886496,0,0.03725691628573117
delta,214,1.721794445357099,0.07518207277812135,0.05,0.0022347723173032088,15.036414555624269,0,0.03725691628573117
delta,215,1.5583190370442916,0.06804896513963889,0.05,0.0022347723173032088,13.609793027927777,0,0.03725691628573117
delta,216,1.4154667120747695,0.06181423307397237,0.05,0.0022347723173032088,12.362846614794474,0,0.03725691628573117
delta,217,1.2816624592440113,0.05597364997503584,0.05,0.0022347723173032088,11.194729995007167,0,0.03725691628573117
delta,218,1.1635762554067681,0.05081887785904204,0.05,0.0022347723173032088,10.163775571808408,0,0.03725691628573117
delta,219,1.0516092920173827,0.04593110085854506,0.05,0.0022347723173032088,9.186220171709012,0,0.03725691628573117
delta,220,0.948731723688056,0.04147594381520442,0.05,0.0022347723173032088,8.295188763040883,0,0.03725691628573117
delta,221,0.8489733942538791,0.037169250447197905,0.05,0.0022347723173032088,7.433850089439581,0,0.03725691628573117
delta,222,0.7678842167429527,0.03359416610715626,0.05,0.0022347723173032088,6.718833221431251,0,0.03725691628573117
delta,223,0.6923957848090068,0.03023856447550429,0.05,0.0022347723173032088,6.047712895100858,0,0.03725691628573117
delta,224,0.6260476184052444,0.027411483412439236,0.05,0.0022347723173032088,5.482296682487847,0,0.03725691628573117
delta,225,0.5620714932290384,0.02472156166648152,0.05,0.0022347723173032088,4.9443123332963035,0,0.03725691628573117
delta,226,0.5123886716153112,0.02286526040066648,0.05,0.0022347723173032088,4.573052080133296,0,0.03725691628573117
delta,227,0.4658714809919321,0.02119358648951393,0.05,0.0022347723173032088,4.238717297902786,0,0.03725691628573117
delta,228,0.961760263604598,0.04347385003394465,0.05,0.0022347723173032088,8.694770006788929,0,0.03725691628573117
delta,229,1.5583563441796717,0.07020121597240939,0.05,0.0022347723173032088,14.040243194481878,0,0.03725691628573117
delta,230,3.2129794138572483,0.1406025321618683,0.05,0.0022347723173032088,28.12050643237366,0,0.03725691628573117
delta,231,5.028315443904857,0.21763786611097322,0.05,0.0022347723173032088,43.52757322219464,0,0.03725691628573117
delta,232,5.018598757176627,0.2163123105129475,0.05,0.0022347723173032088,43.2624621025895,0,0.03725691628573117
delta,233,4.78987574443523,0.20558344816926327,0.05,0.0022347723173032088,41.11668963385265,0,0.03725691628573117
delta,234,4.373487538216995,0.18765053381133606,0.05,0.0022347723173032088,37.53010676226721,0,0.03725691628573117
delta,235,3.9402431768960247,0.1690705489132064,0.05,0.0022347723173032088,33.814109782641275,0,0.03725691628573117
delta,236,3.5806938375833868,0.15365189542139518,0.05,0.0022347723173032088,30.730379084279036,0,0.03725691628573117
delta,237,3.2256564383937065,0.1384267928320116,0.05,0.0022347723173032088,27.685358566402318,0,0.03725691628573117
delta,238,2.9318461215703104,0.1258244889352069,0.05,0.0022347723173032088,25.16489778704138,0,0.03725691628573117
delta,239,2.640123091645768,0.11331159863019477,0.05,0.0022347723173032088,22.662319726038955,0,0.03725691628573117
delta,240,2.4004033643215243,0.1030126309477005,0.05,0.0022347723173032088,20.6025261895401,0,0.03725691628573117
delta,241,2.1617894459443914,0.09276126496333299,0.05,0.0022347723173032088,18.5522529926666,0,0.03725691628573117
delta,242,1.963369890316529,0.08425237144709309,0.05,0.0022347723173032088,16.850474289418617,0,0.03725691628573117
delta,243,1.7665163211296067,0.07581102748193401,0.05,0.0022347723173032088,15.162205496386802,0,0.03725691628573117
delta,244,1.606098036468575,0.06894133640525638,0.05,0.0022347723173032088,13.788267281051276,0,0.03725691628573117
delta,245,1.4638303645039832,0.06293890333508396,0.05,0.0022347723173032088,12.587780667016792,0,0.03725691628573117
delta,246,1.5786963724057421,0.06922262535707482,0.05,0.0022347723173032088,13.844525071414965,0,0.03725691628573117
delta,247,1.761991656895913,0.07857394847040643,0.05,0.0022347723173032088,15.714789694081285,0,0.03725691628573117
delta,248,2.6316533217121774,0.11869424010596902,0.05,0.0022347723173032088,23.738848021193803,0,0.03725691628573117
delta,249,3.636243606322203,0.1622211037963896,0.05,0.0022347723173032088,32.44422075927792,0,0.03725691628573117
delta,250,5.6752866426848,0.23186501990739827,0.05,0.0022347723173032088,46.373003981479656,0,0.03725691628573117
delta,251,7.448926857509602,0.29196076523674463,0.05,0.0022347723173032088,58.39215304734893,0,0.03725691628573117
delta,252,7.593722304856732,0.29345695263155297,0.05,0.0022347723173032088,58.69139052631059,0,0.03725691628573117
delta,253,7.6200818233199765,0.29129883025811526,0.05,0.0022347723173032088,58.25976605162305,0,0.03725691628573117
delta,254,7.046365968771446,0.27062553839222875,0.05,0.0022347723173032088,54.12510767844575,0,0.03725691628573117
delta,255,6.4677849667115686,0.24949367061136568,0.05,0.0022347723173032088,49.89873412227313,0,0.03725691628573117
delta,256,5.868403696306078,0.2264012246432835,0.05,0.0022347723173032088,45.2802449286567,0,0.03725691628573117
delta,257,5.292304073543905,0.20420575988049516,0.05,0.0022347723173032088,40.841151976099034,0,0.03725691628573117
delta,258,4.801570492140572,0.1852992262037847,0.05,0.0022347723173032088,37.05984524075694,0,0.03725691628573117
delta,259,4.332110960297725,0.16721211135349975,0.05,0.0022347723173032088,33.44242227069995,0,0.03725691628573117
delta,260,3.9303860460210336,0.1517339506976963,0.05,0.0022347723173032088,30.34679013953926,0,0.03725691628573117
delta,261,3.547886471622629,0.13699620435640453,0.05,0.0022347723173032088,27.399240871280906,0,0.03725691628573117
delta,262,3.2190576377177416,0.12432544797645655,0.05,0.0022347723173032088,24.86508959529131,0,0.03725691628573117
delta,263,3.0134179093079116,0.11656883127671969,0.05,0.0022347723173032088,23.313766255343936,0,0.03725691628573117
delta,264,3.111644641119282,0.12093375912150593,0.05,0.0022347723173032088,24.186751824301187,0,0.03725691628573117
delta,265,3.8707395936346676,0.15337684062516047,0.05,0.0022347723173032088,30.675368125032094,0,0.03725691628573117
delta,266,6.079106959975041,0.24739482050354294,0.05,0.0022347723173032088,49.47896410070859,0,0.03725691628573117
delta,267,8.37758186336026,0.33757150692586635,0.05,0.0022347723173032088,67.51430138517327,0,0.03725691628573117
delta,268,10.852608932825405,0.4202217565765688,0.05,0.0022347723173032088,84.04435131531376,0,0.03725691628573117
delta,269,12.146514024583535,0.4633904365484139,0.05,0.0022347723173032088,92.67808730968278,1,0.03725691628573117
delta,270,11.364507761583736,0.437167266781656,0.05,0.0022347723173032088,87.4334533563312,1,0.03725691628573117
delta,271,10.891062953981566,0.4244924344140577,0.05,0.0022347723173032088,84.89848688281154,1,0.03725691628573117
delta,272,10.905626689313367,0.4332451143869802,0.05,0.0022347723173032088,86.64902287739605,1,0.03725691628573117
delta,273,10.832707917485408,0.43878288869656723,0.05,0.0022347723173032088,87.75657773931344,1,0.03725691628573117
delta,274,10.63498076877618,0.4397340642597955,0.05,0.0022347723173032088,87.9468128519591,1,0.03725691628573117
delta,275,10.543175322347182,0.44363014161059505,0.05,0.0022347723173032088,88.726028322119,0,0.03725691628573117
delta,276,10.5879355926946,0.45132310491392413,0.05,0.0022347723173032088,90.26462098278483,0,0.03725691628573117
delta,277,10.237641716787836,0.43923392996134863,0.05,0.0022347723173032088,87.84678599226973,0,0.03725691628573117
delta,278,9.42645133691775,0.4040655937102127,0.05,0.0022347723173032088,80.81311874204255,0,0.03725691628573117
delta,279,8.744247659083934,0.37419062944726433,0.05,0.0022347723173032088,74.83812588945287,0,0.03725691628573117
delta,280,8.19831806758219,0.34990809773680653,0.05,0.0022347723173032088,69.9816195473613,0,0.03725691628573117
delta,281,7.568913130373068,0.3224883700652586,0.05,0.0022347723173032088,64.49767401305172,0,0.03725691628573117
delta,282,6.859623184906335,0.29206637959223686,0.05,0.0022347723173032088,58.41327591844737,0,0.03725691628573117
delta,283,6.211724769245454,0.2643875613462531,0.05,0.0022347723173032088,52.877512269250616,0,0.03725691628573117
delta,284,5.617032346082992,0.23908615903036953,0.05,0.0022347723173032088,47.817231806073906,0,0.03725691628573117
delta,285,5.0827549980033755,0.21635513774017093,0.05,0.0022347723173032088,43.27102754803418,0,0.03725691628573117
delta,286,4.595862022537802,0.1956401015681586,0.05,0.0022347723173032088,39.128020313631716,0,0.03725691628573117
delta,287,4.158568742077814,0.17702837836723354,0.05,0.0022347723173032088,35.40567567344671,0,0.03725691628573117
delta,288,3.756437686715686,0.1599077361927602,0.05,0.0022347723173032088,31.98154723855204,0,0.03725691628573117
delta,289,3.3915595836926657,0.14434871297878055,0.05,0.0022347723173032088,28.869742595756108,0,0.03725691628573117
delta,290,3.0505099456793476,0.12978856315394566,0.05,0.0022347723173032088,25.957712630789132,0,0.03725691628573117
delta,291,2.7362197467888154,0.1165655191496531,0.05,0.0022347723173032088,23.313103829930622,0,0.03725691628573117
delta,292,2.4373364976962724,0.10411232395112827,0.05,0.0022347723173032088,20.822464790225652,0,0.03725691628573117
delta,293,2.1897332126082873,0.09374481432570206,0.05,0.0022347723173032088,18.748962865140413,0,0.03725691628573117
delta,294,1.9686245755893292,0.08445490891304369,0.05,0.0022347723173032088,16.890981782608737,0,0.03725691628573117
delta,295,1.781862129602426,0.07652566467462459,0.05,0.0022347723173032088,15.305132934924917,0,0.03725691628573117
delta,296,1.6109623822849493,0.0692248382476013,0.05,0.0022347723173032088,13.84496764952026,0,0.03725691628573117
delta,297,1.4635227777992346,0.06293961645573691,0.05,0.0022347723173032088,12.587923291147382,0,0.03725691628573117
delta,298,1.3257218366475099,0.057071658583744474,0.05,0.0022347723173032088,11.414331716748896,0,0.03725691628573117
delta,299,1.2059004846202344,0.05195227825118946,0.05,0.0022347723173032088,10.390455650237893,0,0.03725691628573117
delta,300,1.0926110432486587,0.047104853054684794,0.05,0.0022347723173032088,9.420970610936958,0,0.03725691628573117
delta,301,0.9945793849880734,0.042892276474196266,0.05,0.0022347723173032088,8.578455294839253,0,0.03725691628573117
delta,302,0.9014125271396888,0.038882115394466545,0.05,0.0022347723173032088,7.776423078893309,0,0.03725691628573117
delta,303,0.8214677517109021,0.035441087993175975,0.05,0.0022347723173032088,7.088217598635195,0,0.03725691628573117
delta,304,0.7451880447422894,0.03215782045362839,0.05,0.0022347723173032088,6.4315640907256775,0,0.03725691628573117
delta,305,0.6756533819722188,0.02917735306688097,0.05,0.0022347723173032088,5.835470613376194,0,0.03725691628573117
delta,306,0.6077246821065635,0.0262689809546098,0.05,0.0022347723173032088,5.25379619092196,0,0.03725691628573117
delta,307,0.5237785670143718,0.022677053102370615,0.05,0.0022347723173032088,4.5354106204741225,0,0.03725691628573117
delta,308,0.4366078237742623,0.018947511718322645,0.05,0.0022347723173032088,3.789502343664529,0,0.03725691628573117
delta,309,0.35458934387346597,0.015764607008581923,0.05,0.0022347723173032088,3.1529214017163847,0,0.03725691628573117
delta,310,0.27342957452921896,0.012672808411225657,0.05,0.0022347723173032088,2.534561682245131,0,0.03725691628573117
delta,311,0.242027885720604,0.011292700284963828,0.05,0.0022347723173032088,2.2585400569927656,0,0.03725691628573117
delta,312,0.2172916095694108,0.010141884028661709,0.05,0.0022347723173032088,2.028376805732342,0,0.03725691628573117
delta,313,0.18817006808085568,0.008754290397218287,0.05,0.0022347723173032088,1.7508580794436575,0,0.03725691628573117
delta,314,0.15859671137572376,0.00734230152106333,0.05,0.0022347723173032088,1.468460304212666,0,0.03725691628573117
delta,315,0.1371453181219533,0.006300583422810309,0.05,0.0022347723173032088,1.2601166845620617,0,0.03725691628573117
delta,316,0.11629288972447774,0.005286171429122315,0.05,0.0022347723173032088,1.057234285824463,0,0.03725691628573117
delta,317,0.09595529679654158,0.0044298912912675015,0.05,0.0022347723173032088,0.8859782582535003,0,0.03725691628573117
delta,318,0.07564137446490606,0.0035808815835659405,0.05,0.0022347723173032088,0.7161763167131882,0,0.03725691628573117
delta,319,0.07108710608061818,0.0033882718177664565,0.05,0.0022347723173032088,0.6776543635532913,0,0.03725691628573117
delta,320,0.06683863105968291,0.003208577454357406,0.05,0.0022347723173032088,0.6417154908714812,0,0.03725691628573117
delta,321,0.06200743393348705,0.003036994659214433,0.05,0.0022347723173032088,0.6073989318428866,0,0.03725691628573117
delta,322,0.05732542282297557,0.002871442483733704,0.05,0.0022347723173032088,0.5742884967467408,0,0.03725691628573117
delta,323,0.05743092657943425,0.002899418375596215,0.05,0.0022347723173032088,0.579883675119243,0,0.03725691628573117
delta,324,0.057529820353410956,0.0029258434443185186,0.05,0.0022347723173032088,0.5851686888637038,0,0.03725691628573117
delta,325,0.057515022428697535,0.002925594355029244,0.05,0.0022347723173032088,0.5851188710058488,0,0.03725691628573117
delta,326,0.057473371985941504,0.0029229959401124764,0.05,0.0022347723173032088,0.5845991880224953,0,0.03725691628573117
delta,327,0.057121528662348174,0.002893258763636721,0.05,0.0022347723173032088,0.5786517527273441,0,0.03725691628573117
delta,328,0.09529950203147289,0.004407825429756982,0.05,0.0022347723173032088,0.8815650859513965,0,0.03725691628573117
delta,329,0.4640227449224376,0.01917089348236292,0.05,0.0022347723173032088,3.8341786964725837,0,0.03725691628573117
delta,330,0.8833967368546553,0.0363432322700924,0.05,0.0022347723173032088,7.268646454018481,0,0.03725691628573117
delta,331,1.6443938659375559,0.06976533325004308,0.05,0.0022347723173032088,13.953066650008616,0,0.03725691628573117
delta,332,2.5809409887870256,0.10797156620257287,0.05,0.0022347723173032088,21.594313240514573,0,0.03725691628573117
delta,333,4.483013077352922,0.17249052500429574,0.05,0.0022347723173032088,34.49810500085915,0,0.03725691628573117
delta,334,6.014182340236474,0.22460078620027973,0.05,0.0022347723173032088,44.92015724005595,0,0.03725691628573117
delta,335,5.839198604980695,0.2196310384098471,0.05,0.0022347723173032088,43.92620768196942,0,0.03725691628573117
delta,336,5.888443730444666,0.22323679139014269,0.05,0.0022347723173032088,44.647358278028534,0,0.03725691628573117
delta,337,6.816423580351149,0.26044923658005886,0.05,0.0022347723173032088,52.08984731601177,0,0.03725691628573117
delta,338,7.698962807367686,0.295166946789951,0.05,0.0022347723173032088,59.033389357990195,0,0.03725691628573117
delta,339,8.427660889419423,0.32143862652530136,0.05,0.0022347723173032088,64.28772530506028,0,0.03725691628573117
delta,340,9.96178755876299,0.36859812198847125,0.05,0.0022347723173032088,73.71962439769425,0,0.03725691628573117
delta,341,13.877181355752919,0.47751289873391495,0.05,0.0022347723173032088,95.50257974678298,1,0.03725691628573117
delta,342,17.62687292893743,0.5817251555239475,0.05,0.0022347723173032088,116.34503110478951,1,0.03725691628573117
delta,343,20.94508247379729,0.6736922365885133,0.05,0.0022347723173032088,134.73844731770265,1,0.03725691628573117
delta,344,23.110131999600046,0.7423096058181984,0.05,0.0022347723173032088,148.4619211636397,1,0.03725691628573117
delta,345,22.61243020867052,0.7570103677200594,0.05,0.0022347723173032088,151.40207354401187,1,0.03725691628573117
delta,346,23.100144104361412,0.7976493997693855,0.05,0.0022347723173032088,159.5298799538771,1,0.03725691628573117
delta,347,25.61665500191834,0.8916907527105651,0.05,0.0022347723173032088,178.33815054211303,1,0.03725691628573117
delta,348,27.7421947029061,0.9557244754471796,0.05,0.0022347723173032088,191.14489508943592,1,0.03725691628573117
delta,349,29.146881260219505,0.9644316299941235,0.05,0.0022347723173032088,192.8863259988247,1,0.03725691628573117
delta,350,29.625742013574502,0.9673782570674546,0.05,0.0022347723173032088,193.47565141349094,1,0.03725691628573117
delta,351,28.570570230443334,0.9607800685458198,0.05,0.0022347723173032088,192.15601370916394,1,0.03725691628573117
delta,352,27.235034808118687,0.9388780103806974,0.05,0.0022347723173032088,187.77560207613948,1,0.03725691628573117
delta,353,25.480874225902234,0.894124968775292,0.05,0.0022347723173032088,178.82499375505841,0,0.03725691628573117
delta,354,23.809566035530043,0.8484855058600121,0.05,0.0022347723173032088,169.69710117200242,0,0.03725691628573117
delta,355,22.249974941257445,0.8016508038881893,0.05,0.0022347723173032088,160.33016077763787,1,0.03725691628573117
delta,356,20.6105707695159,0.7469887809989727,0.05,0.0022347723173032088,149.39775619979454,1,0.03725691628573117
delta,357,18.873833576470755,0.68278124479586,0.05,0.0022347723173032088,136.556248959172,0,0.03725691628573117
delta,358,17.187267498462532,0.6210200632866503,0.05,0.0022347723173032088,124.20401265733005,0,0.03725691628573117
delta,359,15.556092651506656,0.5619597704857388,0.05,0.0022347723173032088,112.39195409714775,1,0.03725691628573117
delta,360,14.223200162326288,0.5158714798892884,0.05,0.0022347723173032088,103.17429597785768,1,0.03725691628573117
delta,361,13.188590030921564,0.48275519149730406,0.05,0.0022347723173032088,96.55103829946081,1,0.03725691628573117
delta,362,13.295296432045102,0.49470847379455074,0.05,0.0022347723173032088,98.94169475891015,1,0.03725691628573117
delta,363,14.435760739594787,0.5474839326846621,0.05,0.0022347723173032088,109.49678653693242,1,0.03725691628573117
delta,364,15.10632685140423,0.5808221312953198,0.05,0.0022347723173032088,116.16442625906396,1,0.03725691628573117
delta,365,15.391576442706533,0.5982217764768195,0.05,0.0022347723173032088,119.64435529536391,1,0.03725691628573117
delta,366,16.497803886749875,0.6416141747469981,0.05,0.0022347723173032088,128.32283494939963,1,0.03725691628573117
delta,367,18.212890503878914,0.7042834951642906,0.05,0.0022347723173032088,140.8566990328581,1,0.03725691628573117
delta,368,19.909370589205825,0.7550346705402375,0.05,0.0022347723173032088,151.00693410804752,1,0.03725691628573117
delta,369,21.593389419289235,0.7978039689618888,0.05,0.0022347723173032088,159.56079379237775,1,0.03725691628573117
delta,370,21.890311794109657,0.8116607850538832,0.05,0.0022347723173032088,162.33215701077663,0,0.03725691628573117
delta,371,21.350087850114953,0.80806821753723,0.05,0.0022347723173032088,161.613643507446,0,0.03725691628573117
delta,372,20.30649758779286,0.7773784547539917,0.05,0.0022347723173032088,155.47569095079834,0,0.03725691628573117
delta,373,18.98989508502198,0.7319919080973489,0.05,0.0022347723173032088,146.39838161946977,0,0.03725691628573117
delta,374,17.77232697015696,0.6901712178716909,0.05,0.0022347723173032088,138.03424357433818,0,0.03725691628573117
delta,375,16.602861272274797,0.6500825150553687,0.05,0.0022347723173032088,130.01650301107375,1,0.03725691628573117
delta,376,15.299360310008016,0.6005080333393368,0.05,0.0022347723173032088,120.10160666786736,1,0.03725691628573117
delta,377,13.93781257970064,0.5468255371391777,0.05,0.0022347723173032088,109.36510742783554,0,0.03725691628573117
delta,378,12.744278953777021,0.4986258260763955,0.05,0.0022347723173032088,99.7251652152791,0,0.03725691628573117
delta,379,11.615267854631972,0.4525316712831008,0.05,0.0022347723173032088,90.50633425662016,1,0.03725691628573117
delta,380,10.676292536052816,0.41607669394882124,0.05,0.0022347723173032088,83.21533878976425,1,0.03725691628573117
delta,381,9.801594025606196,0.3828820266374423,0.05,0.0022347723173032088,76.57640532748846,1,0.03725691628573117
delta,382,8.904624550696655,0.34817741324400575,0.05,0.0022347723173032088,69.63548264880114,1,0.03725691628573117
delta,383,8.001076819379898,0.3130268015416333,0.05,0.0022347723173032088,62.60536030832667,1,0.03725691628573117
delta,384,7.230001100479326,0.2829292235616262,0.05,0.0022347723173032088,56.58584471232524,1,0.03725691628573117
delta,385,6.492728584747019,0.25412104039353295,0.05,0.0022347723173032088,50.82420807870659,1,0.03725691628573117
delta,386,6.035121631042915,0.23644613438872006,0.05,0.0022347723173032088,47.289226877744014,0,0.03725691628573117
delta,387,5.6383115386493206,0.22119150602809978,0.05,0.0022347723173032088,44.238301205619955,0,0.03725691628573117
delta,388,5.2327889954575815,0.20537885913445827,0.05,0.0022347723173032088,41.07577182689165,0,0.03725691628573117
delta,389,4.825682370302541,0.18946475432572196,0.05,0.0022347723173032088,37.89295086514439,0,0.03725691628573117
delta,390,4.560731835039684,0.17915634232947036,0.05,0.0022347723173032088,35.83126846589407,0,0.03725691628573117
delta,391,4.316858070202498,0.16967905828964458,0.05,0.0022347723173032088,33.935811657928916,0,0.03725691628573117
delta,392,4.15783758700581,0.16390198693203953,0.05,0.0022347723173032088,32.780397386407905,0,0.03725691628573117
delta,393,4.00870797712919,0.15855622870917233,0.05,0.0022347723173032088,31.711245741834464,0,0.03725691628573117
delta,394,3.78279980346683,0.15051376654865567,0.05,0.0022347723173032088,30.102753309731135,0,0.03725691628573117
delta,395,3.5502451272678055,0.1422378583756265,0.05,0.0022347723173032088,28.4475716751253,0,0.03725691628573117
delta,396,3.2290509892716797,0.12947733018943214,0.05,0.0022347723173032088,25.89546603788643,0,0.03725691628573117
delta,397,2.902703394194324,0.11645606828154198,0.05,0.0022347723173032088,23.291213656308397,0,0.03725691628573117
delta,398,2.6366291666080417,0.10586196061532241,0.05,0.0022347723173032088,21.172392123064483,0,0.03725691628573117
delta,399,2.3724331459407466,0.0953434866506847,0.05,0.0022347723173032088,19.068697330136942,0,0.03725691628573117
delta,400,2.159232953014638,0.08680894177578652,0.05,0.0022347723173032088,17.361788355157305,0,0.03725691628573117
delta,401,1.9469708401960033,0.07831075076830354,0.05,0.0022347723173032088,15.66215015366071,0,0.03725691628573117
delta,402,1.7681818227214652,0.0711075993549262,0.05,0.0022347723173032088,14.221519870985238,0,0.03725691628573117
delta,403,1.5894936059839841,0.06390812733233751,0.05,0.0022347723173032088,12.781625466467503,0,0.03725691628573117
delta,404,1.412997805277499,0.05678868205940229,0.05,0.0022347723173032088,11.357736411880458,0,0.03725691628573117
delta,405,1.2393818803982795,0.04978509174428475,0.05,0.0022347723173032088,9.95701834885695,0,0.03725691628573117
delta,406,1.1048170717368035,0.044352494657175896,0.05,0.0022347723173032088,8.87049893143518,0,0.03725691628573117
delta,407,0.9704355782293708,0.03894250840558993,0.05,0.0022347723173032088,7.788501681117986,0,0.03725691628573117
delta,408,0.8378333200404909,0.033751980263486796,0.05,0.0022347723173032088,6.750396052697359,0,0.03725691628573117
delta,409,0.7075748755512337,0.028662507590140083,0.05,0.0022347723173032088,5.732501518028017,0,0.03725691628573117
delta,410,0.5948132728661464,0.024327425741696433,0.05,0.0022347723173032088,4.865485148339286,0,0.03725691628573117
delta,411,0.48907073771341386,0.020221276854474318,0.05,0.0022347723173032088,4.044255370894864,0,0.03725691628573117
delta,412,0.4254426077548335,0.017488725734582173,0.05,0.0022347723173032088,3.4977451469164347,0,0.03725691628573117
delta,413,0.38744190620935953,0.01611493473607156,0.05,0.0022347723173032088,3.2229869472143116,0,0.03725691628573117
delta,414,0.476738103174957,0.021490394832295725,0.05,0.0022347723173032088,4.298078966459145,0,0.03725691628573117
delta,415,0.5955770276727164,0.027467583831769914,0.05,0.0022347723173032088,5.493516766353983,0,0.03725691628573117
delta,416,0.8384954078056193,0.03597203422489549,0.05,0.0022347723173032088,7.194406844979098,0,0.03725691628573117
delta,417,1.0087746137477982,0.04181025742368029,0.05,0.0022347723173032088,8.362051484736059,0,0.03725691628573117
delta,418,0.917001102672677,0.03802981289604099,0.05,0.0022347723173032088,7.605962579208198,0,0.03725691628573117
delta,419,0.8292429098999304,0.03442056361075167,0.05,0.0022347723173032088,6.884112722150334,0,0.03725691628573117
delta,420,0.7540782154392083,0.03134824485828861,0.05,0.0022347723173032088,6.269648971657722,0,0.03725691628573117
delta,421,0.6823477976472857,0.02840642836328276,0.05,0.0022347723173032088,5.681285672656552,0,0.03725691628573117
delta,422,0.6200704919230902,0.02582382942230866,0.05,0.0022347723173032088,5.164765884461732,0,0.03725691628573117
delta,423,0.561681674994474,0.023406410126202346,0.05,0.0022347723173032088,4.68128202524047,0,0.03725691628573117
delta,424,0.5127572930588726,0.021391031852510116,0.05,0.0022347723173032088,4.278206370502023,0,0.03725691628573117
delta,425,0.4666149762974357,0.019490514571454023,0.05,0.0022347723173032088,3.8981029142908046,0,0.03725691628573117
delta,426,0.42649643543484267,0.017838696309236204,0.05,0.0022347723173032088,3.5677392618472408,0,0.03725691628573117
delta,427,0.38804498842234414,0.016252643430915457,0.05,0.0022347723173032088,3.2505286861830913,0,0.03725691628573117
delta,428,0.35282017466809334,0.014793878392395514,0.05,0.0022347723173032088,2.958775678479103,0,0.03725691628573117
delta,429,0.32013869023733066,0.01344168397632737,0.05,0.0022347723173032088,2.688336795265474,0,0.03725691628573117
delta,430,0.2918745672631531,0.012274585904517644,0.05,0.0022347723173032088,2.4549171809035286,0,0.03725691628573117
delta,431,0.265143456229352,0.011171980822120104,0.05,0.0022347723173032088,2.234396164424021,0,0.03725691628573117
delta,432,0.24080902583473718,0.010170202807677085,0.05,0.0022347723173032088,2.034040561535417,0,0.03725691628573117
delta,433,0.21823294846769972,0.009237606705897008,0.05,0.0022347723173032088,1.8475213411794016,0,0.03725691628573117
delta,434,0.19813719689453013,0.008402598335224281,0.05,0.0022347723173032088,1.6805196670448563,0,0.03725691628573117
delta,435,0.18041936256765823,0.007662126762346428,0.05,0.0022347723173032088,1.5324253524692857,0,0.03725691628573117
delta,436,0.16573337272981653,0.007042189606657066,0.05,0.0022347723173032088,1.408437921331413,0,0.03725691628573117
delta,437,0.15454042234947357,0.006637861705820868,0.05,0.0022347723173032088,1.3275723411641736,0,0.03725691628573117
delta,438,0.14737790211239937,0.006482313714430692,0.05,0.0022347723173032088,1.2964627428861384,0,0.03725691628573117
delta,439,0.3463057853506979,0.014795726140694352,0.05,0.0022347723173032088,2.9591452281388704,0,0.03725691628573117
delta,440,0.7605865621082653,0.03195872641911557,0.05,0.0022347723173032088,6.391745283823114,0,0.03725691628573117
delta,441,1.0212233740552097,0.041893316414557236,0.05,0.0022347723173032088,8.378663282911447,0,0.03725691628573117
delta,442,1.1364324759941955,0.04498604213145471,0.05,0.0022347723173032088,8.997208426290943,0,0.03725691628573117
delta,443,1.7425952738206134,0.0736340306969193,0.05,0.0022347723173032088,14.72680613938386,0,0.03725691628573117
delta,444,2.769575525265047,0.12418653027545248,0.05,0.0022347723173032088,24.837306055090497,0,0.03725691628573117
delta,445,3.172752590855254,0.14356901221644833,0.05,0.0022347723173032088,28.713802443289666,0,0.03725691628573117
delta,446,3.0921018196122345,0.13877572438003977,0.05,0.0022347723173032088,27.755144876007954,0,0.03725691628573117
delta,447,2.899158941639229,0.12961439436860706,0.05,0.0022347723173032088,25.922878873721412,0,0.03725691628573117
delta,448,2.627506643061089,0.11739135255225076,0.05,0.0022347723173032088,23.47827051045015,0,0.03725691628573117
delta,449,2.3943050347977186,0.1069856434685124,0.05,0.0022347723173032088,21.39712869370248,0,0.03725691628573117
delta,450,2.18541529798898,0.09772901023813345,0.05,0.0022347723173032088,19.54580204762669,0,0.03725691628573117
delta,451,2.291890735051623,0.10843733650466475,0.05,0.0022347723173032088,21.68746730093295,0,0.03725691628573117
delta,452,2.577798081385932,0.13050503627805993,0.05,0.0022347723173032088,26.101007255611986,0,0.03725691628573117
delta,453,3.2295031713897444,0.17042669840231986,0.05,0.0022347723173032088,34.085339680463974,0,0.03725691628573117
delta,454,4.06790171563161,0.21946054878034507,0.05,0.0022347723173032088,43.89210975606901,0,0.03725691628573117
delta,455,4.253427368032771,0.23239800110417386,0.05,0.0022347723173032088,46.47960022083477,0,0.03725691628573117
delta,456,4.141242981754405,0.22887549591528009,0.05,0.0022347723173032088,45.775099183056014,0,0.03725691628573117
delta,457,3.853811611056684,0.21718723095982057,0.05,0.0022347723173032088,43.43744619196411,0,0.03725691628573117
delta,458,3.495334165594343,0.2021885228557525,0.05,0.0022347723173032088,40.437704571150505,0,0.03725691628573117
delta,459,3.4735147708216476,0.20471973763794044,0.05,0.0022347723173032088,40.94394752758809,0,0.03725691628573117
delta,460,3.5722893046542272,0.21353032778237077,0.05,0.0022347723173032088,42.70606555647415,0,0.03725691628573117
delta,461,3.612267394558961,0.21037602970260277,0.05,0.0022347723173032088,42.075205940520554,0,0.03725691628573117
delta,462,3.633778731316677,0.2034638064405043,0.05,0.0022347723173032088,40.69276128810086,0,0.03725691628573117
delta,463,4.348288299978658,0.2223035187392902,0.05,0.0022347723173032088,44.46070374785804,0,0.03725691628573117
delta,464,5.251797386432776,0.24816648619104692,0.05,0.0022347723173032088,49.63329723820939,0,0.03725691628573117
delta,465,5.430895909166132,0.24764539216289505,0.05,0.0022347723173032088,49.52907843257901,0,0.03725691628573117
delta,466,5.440556028859648,0.2409531108733383,0.05,0.0022347723173032088,48.19062217466766,0,0.03725691628573117
delta,467,5.530776249548711,0.23796395665045478,0.05,0.0022347723173032088,47.592791330090954,0,0.03725691628573117
delta,468,5.636896490171113,0.2357056827696782,0.05,0.0022347723173032088,47.141136553935645,0,0.03725691628573117
delta,469,8.166436246623325,0.3261908520876808,0.05,0.0022347723173032088,65.23817041753615,0,0.03725691628573117
delta,470,11.090846275622859,0.4317875728534073,0.05,0.0022347723173032088,86.35751457068146,0,0.03725691628573117
delta,471,12.27904066258126,0.4657555867334534,0.05,0.0022347723173032088,93.15111734669068,0,0.03725691628573117
delta,472,13.240772139708206,0.4903807258023238,0.05,0.0022347723173032088,98.07614516046476,0,0.03725691628573117
delta,473,13.02107710400071,0.47837166983190776,0.05,0.0022347723173032088,95.67433396638155,0,0.03725691628573117
delta,474,12.683596343448686,0.4627102620902031,0.05,0.0022347723173032088,92.54205241804063,0,0.03725691628573117
delta,475,11.993330029061818,0.4318810200804123,0.05,0.0022347723173032088,86.37620401608245,0,0.03725691628573117
delta,476,11.278161204992452,0.3999811074164021,0.05,0.0022347723173032088,79.99622148328042,0,0.03725691628573117
delta,477,10.725489462421407,0.3759480973790374,0.05,0.0022347723173032088,75.18961947580748,0,0.03725691628573117
delta,478,10.179801835101022,0.3522532063657415,0.05,0.0022347723173032088,70.45064127314829,1,0.03725691628573117
delta,479,9.559819513061322,0.3291553419654468,0.05,0.0022347723173032088,65.83106839308937,0,0.03725691628573117
delta,480,8.939214471685492,0.30609153428577696,0.05,0.0022347723173032088,61.21830685715539,0,0.03725691628573117
delta,481,8.39351008878386,0.2859218260626972,0.05,0.0022347723173032088,57.18436521253945,0,0.03725691628573117
delta,482,7.845846793578895,0.26569924777317494,0.05,0.0022347723173032088,53.139849554634985,0,0.03725691628573117
delta,483,7.240722070808145,0.24392581420129006,0.05,0.0022347723173032088,48.78516284025801,0,0.03725691628573117
delta,484,6.6393154746574385,0.22241078879868084,0.05,0.0022347723173032088,44.48215775973617,0,0.03725691628573117
delta,485,6.098638279967503,0.2051164301609108,0.05,0.0022347723173032088,41.02328603218216,0,0.03725691628573117
delta,486,5.563077193845634,0.18790179874612953,0.05,0.0022347723173032088,37.580359749225906,0,0.03725691628573117
delta,487,5.084475449781619,0.17157479708062415,0.05,0.0022347723173032088,34.31495941612483,0,0.03725691628573117
delta,488,4.611845880903921,0.15547522810122424,0.05,0.0022347723173032088,31.09504562024485,0,0.03725691628573117
delta,489,4.188984438578891,0.14127093150603773,0.05,0.0022347723173032088,28.254186301207547,0,0.03725691628573117
delta,490,3.776204193309727,0.12740468497917404,0.05,0.0022347723173032088,25.480936995834806,0,0.03725691628573117
delta,491,3.4297918286583844,0.11576393473543677,0.05,0.0022347723173032088,23.152786947087353,0,0.03725691628573117
delta,492,3.0921396049343217,0.10438399790571548,0.05,0.0022347723173032088,20.876799581143096,0,0.03725691628573117
delta,493,2.8016691928712447,0.09440879297253717,0.05,0.0022347723173032088,18.881758594507435,0,0.03725691628573117
delta,494,2.5191026914483934,0.08467725127567857,0.05,0.0022347723173032088,16.935450255135713,0,0.03725691628573117
delta,495,2.272223544128504,0.07604588600948001,0.05,0.0022347723173032088,15.209177201896,0,0.03725691628573117
delta,496,2.0370267391400882,0.06785530870449737,0.05,0.0022347723173032088,13.571061740899474,0,0.03725691628573117
delta,497,1.8468458932689722,0.061363234343400866,0.05,0.0022347723173032088,12.272646868680173,0,0.03725691628573117
delta,498,1.6655344893415438,0.055217072712145626,0.05,0.0022347723173032088,11.043414542429126,0,0.03725691628573117
delta,499,1.5137878918930872,0.050223953513695095,0.05,0.0022347723173032088,10.04479070273902,0,0.03725691628573117
delta,500,1.3675833459875402,0.045366180727263526,0.05,0.0022347723173032088,9.073236145452706,0,0.03725691628573117
delta,501,1.2375282190941337,0.04090280447477987,0.05,0.0022347723173032088,8.180560894955974,0,0.03725691628573117
delta,502,1.1143286995369188,0.03672515463067621,0.05,0.0022347723173032088,7.345030926135242,0,0.03725691628573117
delta,503,1.008738681176596,0.03328142948260776,0.05,0.0022347723173032088,6.656285896521553,0,0.03725691628573117
delta,504,0.9049343770293328,0.029883919196230242,0.05,0.0022347723173032088,5.976783839246049,0,0.03725691628573117
delta,505,0.8052002142866126,0.026591745486499646,0.05,0.0022347723173032088,5.318349097299929,0,0.03725691628573117
delta,506,0.7150351928311354,0.023634071481959177,0.05,0.0022347723173032088,4.726814296391836,0,0.03725691628573117
delta,507,0.6443274253264116,0.021356546877972844,0.05,0.0022347723173032088,4.271309375594569,0,0.03725691628573117
delta,508,0.5776400669025487,0.019208215730450062,0.05,0.0022347723173032088,3.8416431460900125,0,0.03725691628573117
delta,509,0.5182767095174641,0.017295237003616723,0.05,0.0022347723173032088,3.4590474007233447,0,0.03725691628573117
delta,510,0.44686125486572265,0.014902880730883045,0.05,0.0022347723173032088,2.980576146176609,0,0.03725691628573117
delta,511,0.35570830758887373,0.01172545688297913,0.05,0.0022347723173032088,2.3450913765958257,0,0.03725691628573117
delta,512,0.2799037287711846,0.009155073531912123,0.05,0.0022347723173032088,1.8310147063824247,0,0.03725691628573117
delta,513,0.22675626529797333,0.007480797580937848,0.05,0.0022347723173032088,1.4961595161875696,0,0.03725691628573117
delta,514,0.18496689764907376,0.006166812109758894,0.05,0.0022347723173032088,1.2333624219517787,0,0.03725691628573117
delta,515,0.15832165776592597,0.005333213944973789,0.05,0.0022347723173032088,1.0666427889947578,0,0.03725691628573117
delta,516,0.13684896184321277,0.004697789133018748,0.05,0.0022347723173032088,0.9395578266037495,0,0.03725691628573117
delta,517,0.12161466742429777,0.004301373395083046,0.05,0.0022347723173032088,0.8602746790166091,0,0.03725691628573117
delta,518,0.10741484086822999,0.00392194221756916,0.05,0.0022347723173032088,0.784388443513832,0,0.03725691628573117
delta,519,0.09434460565665011,0.003561057399136549,0.05,0.0022347723173032088,0.7122114798273098,0,0.03725691628573117
delta,520,0.08378040219684973,0.0032608365015207763,0.05,0.0022347723173032088,0.6521673003041553,0,0.03725691628573117
delta,521,0.07569484216367241,0.0030206165310516977,0.05,0.0022347723173032088,0.6041233062103395,0,0.03725691628573117
delta,522,0.06862589611114073,0.002811335987242583,0.05,0.0022347723173032088,0.5622671974485166,0,0.03725691628573117
delta,523,0.062467666749604356,0.0026297720131496943,0.05,0.0022347723173032088,0.5259544026299389,0,0.03725691628573117
delta,524,0.05826480158936886,0.002511297239641506,0.05,0.0022347723173032088,0.5022594479283011,0,0.03725691628573117
delta,525,0.055647629786407686,0.002443984355164707,0.05,0.0022347723173032088,0.4887968710329414,0,0.03725691628573117
delta,526,0.053574573448378474,0.0023728767966185236,0.05,0.0022347723173032088,0.4745753593237047,0,0.03725691628573117
delta,527,0.05190053511796616,0.002298986477088125,0.05,0.0022347723173032088,0.459797295417625,0,0.03725691628573117
delta,528,0.050857922507590324,0.002258958776102295,0.05,0.0022347723173032088,0.451791755220459,0,0.03725691628573117
delta,529,0.05023337715477304,0.002241351530317215,0.05,0.0022347723173032088,0.448270306063443,0,0.03725691628573117
delta,530,0.050000028783974075,0.0022347729597441634,0.05,0.0022347723173032088,0.4469545919488327,0,0.03725691628573117
delta,531,0.05000002598139666,0.0022347728971923247,0.05,0.0022347723173032088,0.44695457943846495,0,0.03725691628573117
delta,532,0.050000023509591235,0.0022347728420231174,0.05,0.0022347723173032088,0.44695456840462344,0,0.03725691628573117
delta,533,0.050000021215034926,0.0022347727908100033,0.05,0.0022347723173032088,0.44695455816200064,0,0.03725691628573117
delta,534,0.05000001920157585,0.0022347727458708103,0.05,0.0022347723173032088,0.44695454917416205,0,0.03725691628573117
delta,535,0.050000017322952034,0.0022347727039410585,0.05,0.0022347723173032088,0.44695454078821173,0,0.03725691628573117
delta,536,0.05000001568289103,0.0022347726673358857,0.05,0.0022347723173032088,0.4469545334671771,0,0.03725691628573117
delta,537,0.050000014144803935,0.0022347726330067086,0.05,0.0022347723173032088,0.4469545266013417,0,0.03725691628573117
delta,538,0.5762244691272599,0.01678698543486952,0.05,0.0022347723173032088,3.357397086973904,0,0.03725691628573117
delta,539,1.3017763697614708,0.03685140006862419,0.05,0.0022347723173032088,7.370280013724837,0,0.03725691628573117
delta,540,2.7181964177627123,0.07397778200722341,0.05,0.0022347723173032088,14.795556401444681,0,0.03725691628573117
delta,541,4.364905848219777,0.11679148638077443,0.05,0.0022347723173032088,23.358297276154886,0,0.03725691628573117
delta,542,5.317075720368044,0.14708759936123814,0.05,0.0022347723173032088,29.417519872247627,0,0.03725691628573117
delta,543,6.067287281234885,0.17374384534087242,0.05,0.0022347723173032088,34.74876906817448,0,0.03725691628573117
delta,544,5.765246142404972,0.1661147967587905,0.05,0.0022347723173032088,33.2229593517581,0,0.03725691628573117
delta,545,5.199237831486023,0.1498849698158603,0.05,0.0022347723173032088,29.97699396317206,0,0.03725691628573117
delta,546,4.717789875827689,0.136079842145385,0.05,0.0022347723173032088,27.215968429076998,0,0.03725691628573117
delta,547,4.254381462624959,0.12279198365303357,0.05,0.0022347723173032088,24.558396730606713,0,0.03725691628573117
delta,548,3.8622821820045954,0.11154885639469056,0.05,0.0022347723173032088,22.30977127893811,0,0.03725691628573117
delta,549,3.482875465436115,0.10066967806149488,0.05,0.0022347723173032088,20.133935612298977,0,0.03725691628573117
delta,550,3.1635522015958397,0.091513343759676,0.05,0.0022347723173032088,18.3026687519352,0,0.03725691628573117
delta,551,2.852920254816883,0.08260622589006902,0.05,0.0022347723173032088,16.521245178013803,0,0.03725691628573117
delta,552,2.5928727097781725,0.07514957450768572,0.05,0.0022347723173032088,15.029914901537145,0,0.03725691628573117
delta,553,2.338548782061758,0.06785704318654806,0.05,0.0022347723173032088,13.571408637309613,0,0.03725691628573117
delta,554,2.1379596677760473,0.06281635318414609,0.05,0.0022347723173032088,12.563270636829218,0,0.03725691628573117
delta,555,1.941848454609567,0.05796331662497231,0.05,0.0022347723173032088,11.592663324994462,0,0.03725691628573117
delta,556,1.7981508632487824,0.05461159589801168,0.05,0.0022347723173032088,10.922319179602336,0,0.03725691628573117
delta,557,1.6573398191758648,0.051342556332825515,0.05,0.0022347723173032088,10.268511266565103,0,0.03725691628573117
delta,558,2.551583307296069,0.08762057606815105,0.05,0.0022347723173032088,17.52411521363021,0,0.03725691628573117
delta,559,3.4750656240093116,0.12501574437128812,0.05,0.0022347723173032088,25.003148874257626,0,0.03725691628573117
delta,560,5.087935825220625,0.18259296256852572,0.05,0.0022347723173032088,36.518592513705144,0,0.03725691628573117
delta,561,6.691989091739517,0.2401174181076853,0.05,0.0022347723173032088,48.02348362153706,0,0.03725691628573117
delta,562,7.819177026536071,0.29281982731746625,0.05,0.0022347723173032088,58.56396546349325,0,0.03725691628573117
delta,563,8.951158394490237,0.34522348821958143,0.05,0.0022347723173032088,69.04469764391628,0,0.03725691628573117
delta,564,10.180982192191205,0.39152916895932854,0.05,0.0022347723173032088,78.30583379186571,0,0.03725691628573117
delta,565,11.265588235671796,0.4321271853149097,0.05,0.0022347723173032088,86.42543706298194,1,0.03725691628573117
delta,566,10.462363474284281,0.3985255646762053,0.05,0.0022347723173032088,79.70511293524106,1,0.03725691628573117
delta,567,9.671974130195528,0.36541610264377616,0.05,0.0022347723173032088,73.08322052875523,1,0.03725691628573117
delta,568,9.002237708715313,0.3369329315103402,0.05,0.0022347723173032088,67.38658630206804,1,0.03725691628573117
delta,569,8.345149195833589,0.30913230236815953,0.05,0.0022347723173032088,61.826460473631904,1,0.03725691628573117
delta,570,7.78004547275953,0.2862956149805835,0.05,0.0022347723173032088,57.259122996116695,1,0.03725691628573117
delta,571,7.2030448376747165,0.2633084883941732,0.05,0.0022347723173032088,52.66169767883464,0,0.03725691628573117
delta,572,6.556234020790924,0.23943859594290495,0.05,0.0022347723173032088,47.88771918858099,0,0.03725691628573117
delta,573,5.926283513189637,0.21623627867003756,0.05,0.0022347723173032088,43.24725573400751,0,0.03725691628573117
delta,574,5.378459028222524,0.19628569855647898,0.05,0.0022347723173032088,39.2571397112958,0,0.03725691628573117
delta,575,4.850004227212316,0.17704052034108447,0.05,0.0022347723173032088,35.40810406821689,0,0.03725691628573117
delta,576,4.401483474080633,0.16070636686036807,0.05,0.0022347723173032088,32.14127337207361,0,0.03725691628573117
delta,577,4.042870452800495,0.15052885365209664,0.05,0.0022347723173032088,30.10577073041933,0,0.03725691628573117
delta,578,4.003429879593466,0.16220741341101375,0.05,0.0022347723173032088,32.441482682202746,0,0.03725691628573117
delta,579,4.338086179254486,0.18749397459801878,0.05,0.0022347723173032088,37.49879491960375,0,0.03725691628573117
delta,580,5.828659782721735,0.254827731208908,0.05,0.0022347723173032088,50.9655462417816,0,0.03725691628573117
delta,581,7.029839913392576,0.30617702411409115,0.05,0.0022347723173032088,61.23540482281823,0,0.03725691628573117
delta,582,7.445523475044151,0.31413991553233755,0.05,0.0022347723173032088,62.827983106467514,0,0.03725691628573117
delta,583,7.536908811370349,0.31137197929922644,0.05,0.0022347723173032088,62.274395859845285,0,0.03725691628573117
delta,584,6.849372242008171,0.28282999908106865,0.05,0.0022347723173032088,56.56599981621373,0,0.03725691628573117
delta,585,6.202004389702115,0.2559216321301258,0.05,0.0022347723173032088,51.18432642602516,0,0.03725691628573117
delta,586,5.640514484205736,0.23250581768150616,0.05,0.0022347723173032088,46.501163536301235,0,0.03725691628573117
delta,587,5.107282072610334,0.21035887705253264,0.05,0.0022347723173032088,42.07177541050653,0,0.03725691628573117
delta,588,4.62807798935362,0.19063802316672357,0.05,0.0022347723173032088,38.12760463334472,0,0.03725691628573117
delta,589,4.4402957407193036,0.1820035663977935,0.05,0.0022347723173032088,36.4007132795587,0,0.03725691628573117
delta,590,4.752715148526639,0.1923980002026194,0.05,0.0022347723173032088,38.479600040523884,0,0.03725691628573117
delta,591,4.870256519866187,0.19477828402993438,0.05,0.0022347723173032088,38.95565680598688,0,0.03725691628573117
delta,592,4.686622743937198,0.18477306334654509,0.05,0.0022347723173032088,36.954612669309014,0,0.03725691628573117
delta,593,4.453202314034372,0.1737872019380979,0.05,0.0022347723173032088,34.75744038761958,0,0.03725691628573117
delta,594,4.150342603589034,0.1614336047815421,0.05,0.0022347723173032088,32.286720956308415,0,0.03725691628573117
delta,595,3.846218252039802,0.14910870937923237,0.05,0.0022347723173032088,29.821741875846474,0,0.03725691628573117
delta,596,3.5404993530117155,0.13682000314531872,0.05,0.0022347723173032088,27.364000629063746,0,0.03725691628573117
delta,597,3.234721462607963,0.12477025715011211,0.05,0.0022347723173032088,24.95405143002242,0,0.03725691628573117
delta,598,2.9288762526343333,0.11299320695672416,0.05,0.0022347723173032088,22.59864139134483,0,0.03725691628573117
delta,599,2.6426341960966138,0.10197047446256736,0.05,0.0022347723173032088,20.394094892513472,0,0.03725691628573117
delta,600,2.376652381936795,0.0917273440597949,0.05,0.0022347723173032088,18.34546881195898,0,0.03725691628573117
delta,601,2.1289388362288912,0.08223433832186515,0.05,0.0022347723173032088,16.44686766437303,0,0.03725691628573117
delta,602,1.8983274992844867,0.07344357695102237,0.05,0.0022347723173032088,14.688715390204473,0,0.03725691628573117
delta,603,1.7040054175173123,0.06609288446760347,0.05,0.0022347723173032088,13.218576893520694,0,0.03725691628573117
delta,604,1.5404463084130762,0.059962961041036614,0.05,0.0022347723173032088,11.992592208207324,0,0.03725691628573117
delta,605,1.692975280327472,0.06390664316520044,0.05,0.0022347723173032088,12.781328633040086,0,0.03725691628573117
delta,606,2.0879407415669364,0.07557668294478213,0.05,0.0022347723173032088,15.115336588956426,0,0.03725691628573117
delta,607,2.1526868538042274,0.07704615466506207,0.05,0.0022347723173032088,15.409230933012413,0,0.03725691628573117
delta,608,1.988583277663219,0.07144639549773134,0.05,0.0022347723173032088,14.289279099546267,0,0.03725691628573117
delta,609,1.8175301682909921,0.06545862663515468,0.05,0.0022347723173032088,13.091725327030938,0,0.03725691628573117
delta,610,1.6421336006492517,0.05922835171304924,0.05,0.0022347723173032088,11.845670342609848,0,0.03725691628573117
delta,611,1.4872496606185912,0.05371634984027472,0.05,0.0022347723173032088,10.743269968054944,0,0.03725691628573117
delta,612,1.3438985713048937,0.048608183887939624,0.05,0.0022347723173032088,9.721636777587925,0,0.03725691628573117
delta,613,1.2196591493096454,0.044167194934416086,0.05,0.0022347723173032088,8.833438986883218,0,0.03725691628573117
delta,614,1.10505453480552,0.040062551410045624,0.05,0.0022347723173032088,8.012510282009124,0,0.03725691628573117
delta,615,1.0049638712229563,0.03647518669297917,0.05,0.0022347723173032088,7.295037338595833,0,0.03725691628573117
delta,616,0.9114073767803811,0.03312070048278673,0.05,0.0022347723173032088,6.624140096557346,0,0.03725691628573117
delta,617,0.8299643932608539,0.03020054655054557,0.05,0.0022347723173032088,6.040109310109114,0,0.03725691628573117
delta,618,0.7533668141105485,0.027454125529485007,0.05,0.0022347723173032088,5.4908251058970015,0,0.03725691628573117
delta,619,0.6833978515908532,0.024797993158188657,0.05,0.0022347723173032088,4.959598631637731,0,0.03725691628573117
delta,620,0.615769850334765,0.02217374711301752,0.05,0.0022347723173032088,4.434749422603504,0,0.03725691628573117
delta,621,0.5399389303006791,0.0192477155718905,0.05,0.0022347723173032088,3.8495431143780996,0,0.03725691628573117
delta,622,0.4615704166877876,0.01622832592769797,0.05,0.0022347723173032088,3.2456651855395937,0,0.03725691628573117
delta,623,0.4037302503240986,0.01419345692491782,0.05,0.0022347723173032088,2.838691384983564,0,0.03725691628573117
delta,624,0.3513976893199531,0.0124227276064191,0.05,0.0022347723173032088,2.48454552128382,0,0.03725691628573117
delta,625,0.3194226506389196,0.01134209584626265,0.05,0.0022347723173032088,2.26841916925253,0,0.03725691628573117
delta,626,0.292124340059143,0.010420000011671362,0.05,0.0022347723173032088,2.0840000023342724,0,0.03725691628573117
delta,627,0.2691768746932884,0.009645727619066988,0.05,0.0022347723173032088,1.9291455238133977,0,0.03725691628573117
delta,628,0.2470710482376681,0.008900050580814192,0.05,0.0022347723173032088,1.7800101161628383,0,0.03725691628573117
delta,629,0.22867423132939174,0.008278087632106327,0.05,0.0022347723173032088,1.6556175264212654,0,0.03725691628573117
delta,630,0.2108680210369352,0.007675824379185896,0.05,0.0022347723173032088,1.5351648758371792,0,0.03725691628573117
delta,631,0.18687994052185064,0.00682468126660824,0.05,0.0022347723173032088,1.364936253321648,0,0.03725691628573117
delta,632,0.16210716440575249,0.005941946592897657,0.05,0.0022347723173032088,1.1883893185795313,0,0.03725691628573117
delta,633,0.14709899097531376,0.005450782175816816,0.05,0.0022347723173032088,1.0901564351633632,0,0.03725691628573117
delta,634,0.1330319840687948,0.004997359470218392,0.05,0.0022347723173032088,0.9994718940436784,0,0.03725691628573117
delta,635,0.1234962840124026,0.004679403148229771,0.05,0.0022347723173032088,0.9358806296459542,0,0.03725691628573117
delta,636,0.11426621462332139,0.004370583855047688,0.05,0.0022347723173032088,0.8741167710095376,0,0.03725691628573117
delta,637,0.10747511047476649,0.004146702119391481,0.05,0.0022347723173032088,0.8293404238782961,0,0.03725691628573117
delta,638,0.10078156493583285,0.003926217886036316,0.05,0.0022347723173032088,0.7852435772072631,0,0.03725691628573117
delta,639,0.0961017757060504,0.0037703730588616396,0.05,0.0022347723173032088,0.7540746117723279,0,0.03725691628573117
delta,640,0.09157703687382307,0.0036193812551040296,0.05,0.0022347723173032088,0.7238762510208059,0,0.03725691628573117
delta,641,0.09848262674888561,0.003824137233588924,0.05,0.0022347723173032088,0.7648274467177848,0,0.03725691628573117
delta,642,0.10496084608407392,0.004015723899915059,0.05,0.0022347723173032088,0.8031447799830118,0,0.03725691628573117
delta,643,0.09990006084262563,0.0038517391379537047,0.05,0.0022347723173032088,0.7703478275907409,0,0.03725691628573117
delta,644,0.09487448495734704,0.003688508628598788,0.05,0.0022347723173032088,0.7377017257197577,0,0.03725691628573117
delta,645,0.09039625451798622,0.003537003318853266,0.05,0.0022347723173032088,0.7074006637706532,0,0.03725691628573117
delta,646,0.08530585365748788,0.0033664632687064166,0.05,0.0022347723173032088,0.6732926537412833,0,0.03725691628573117
delta,647,0.07363955762799368,0.0029914532652162004,0.05,0.0022347723173032088,0.59829065304324,0,0.03725691628573117
delta,648,0.08496308866941034,0.0032639193133689407,0.05,0.0022347723173032088,0.6527838626737882,0,0.03725691628573117
delta,649,0.28250421898527,0.008780941379831457,0.05,0.0022347723173032088,1.7561882759662912,0,0.03725691628573117
delta,650,0.5528219741832046,0.01774812901747665,0.05,0.0022347723173032088,3.54962580349533,0,0.03725691628573117
delta,651,1.290989460766387,0.048894952469890424,0.05,0.0022347723173032088,9.778990493978085,0,0.03725691628573117
delta,652,2.0246270606914094,0.0800551489748632,0.05,0.0022347723173032088,16.01102979497264,0,0.03725691628573117
delta,653,2.734365603419909,0.11128589986057835,0.05,0.0022347723173032088,22.257179972115672,0,0.03725691628573117
delta,654,3.561719514017029,0.14718707789184193,0.05,0.0022347723173032088,29.437415578368388,0,0.03725691628573117
delta,655,4.910443040390425,0.20379149267279345,0.05,0.0022347723173032088,40.75829853455869,0,0.03725691628573117
delta,656,5.878024065171232,0.24451607760390065,0.05,0.0022347723173032088,48.90321552078013,0,0.03725691628573117
delta,657,5.401275610231737,0.22506446520923964,0.05,0.0022347723173032088,45.01289304184793,0,0.03725691628573117
delta,658,4.929010858147838,0.20569947391346355,0.05,0.0022347723173032088,41.13989478269271,0,0.03725691628573117
delta,659,4.471463201319366,0.1866188036363804,0.05,0.0022347723173032088,37.32376072727608,0,0.03725691628573117
delta,660,4.035333940104398,0.16843132413072026,0.05,0.0022347723173032088,33.686264826144054,0,0.03725691628573117
delta,661,3.6607256024601584,0.1528093925855313,0.05,0.0022347723173032088,30.561878517106262,0,0.03725691628573117
delta,662,3.3053321330557885,0.13798876022706294,0.05,0.0022347723173032088,27.597752045412587,0,0.03725691628573117
delta,663,2.9986287666670286,0.12519860444853773,0.05,0.0022347723173032088,25.039720889707546,0,0.03725691628573117
delta,664,2.7090318274332605,0.11312182156416267,0.05,0.0022347723173032088,22.624364312832533,0,0.03725691628573117
delta,665,2.4579243492982394,0.10265012769162601,0.05,0.0022347723173032088,20.5300255383252,0,0.03725691628573117
delta,666,2.22194787577426,0.09280942756506444,0.05,0.0022347723173032088,18.56188551301289,0,0.03725691628573117
delta,667,2.0163584610972607,0.08423592975480042,0.05,0.0022347723173032088,16.847185950960082,0,0.03725691628573117
delta,668,1.8240787029822718,0.07621747176294845,0.05,0.0022347723173032088,15.243494352589689,0,0.03725691628573117
delta,669,1.6557563266788975,0.069198085444238,0.05,0.0022347723173032088,13.8396170888476,0,0.03725691628573117
delta,670,1.499085383972624,0.06266458768392953,0.05,0.0022347723173032088,12.532917536785906,0,0.03725691628573117
delta,671,1.3612746755062413,0.056917600180026284,0.05,0.0022347723173032088,11.383520036005256,0,0.03725691628573117
delta,672,1.2336187330605992,0.05159413131794009,0.05,0.0022347723173032088,10.318826263588019,0,0.03725691628573117
delta,673,1.1207832599425307,0.046888770743911456,0.05,0.0022347723173032088,9.37775414878229,0,0.03725691628573117
delta,674,1.0320422717751692,0.04297650213528105,0.05,0.0022347723173032088,8.59530042705621,0,0.03725691628573117
delta,675,0.9750691714090723,0.04010990255109337,0.05,0.0022347723173032088,8.021980510218674,0,0.03725691628573117
delta,676,0.9211913120146206,0.037593450952980015,0.05,0.0022347723173032088,7.518690190596003,0,0.03725691628573117
delta,677,0.871005366550205,0.03549464574789527,0.05,0.0022347723173032088,7.098929149579054,0,0.03725691628573117
delta,678,0.8098743843896202,0.03298554352823855,0.05,0.0022347723173032088,6.59710870564771,0,0.03725691628573117
delta,679,0.736922762597167,0.030033320532843865,0.05,0.0022347723173032088,6.006664106568773,0,0.03725691628573117
delta,680,0.6706557422885217,0.027351611526455367,0.05,0.0022347723173032088,5.470322305291074,0,0.03725691628573117
delta,681,0.6109280060401217,0.024934535770181555,0.05,0.0022347723173032088,4.986907154036311,0,0.03725691628573117
delta,682,0.5568556668425564,0.02274713465921497,0.05,0.0022347723173032088,4.549426931842994,0,0.03725691628573117
delta,683,0.5077940680371783,0.0207632276640386,0.05,0.0022347723173032088,4.15264553280772,0,0.03725691628573117
delta,684,0.4637569547423934,0.018981650343947172,0.05,0.0022347723173032088,3.7963300687894344,0,0.03725691628573117
delta,685,0.42374937933234275,0.01736233741674568,0.05,0.0022347723173032088,3.4724674833491362,0,0.03725691628573117
delta,686,0.3879456560840346,0.015913176069083386,0.05,0.0022347723173032088,3.182635213816677,0,0.03725691628573117
delta,687,0.3551902237397395,0.0145873947767268,0.05,0.0022347723173032088,2.9174789553453597,0,0.03725691628573117
delta,688,0.3260234220597414,0.013406863876729347,0.05,0.0022347723173032088,2.6813727753458694,0,0.03725691628573117
delta,689,0.2992055422691019,0.01232140596082154,0.05,0.0022347723173032088,2.4642811921643077,0,0.03725691628573117
delta,690,0.27356506428536187,0.011307085230832436,0.05,0.0022347723173032088,2.2614170461664873,0,0.03725691628573117
delta,691,0.24861868780350607,0.010334701269834724,0.05,0.0022347723173032088,2.0669402539669446,0,0.03725691628573117
delta,692,0.22098324648764814,0.00921670995243855,0.05,0.0022347723173032088,1.84334199048771,0,0.03725691628573117
delta,693,0.19192418261261213,0.00802163238753728,0.05,0.0022347723173032088,1.6043264775074562,0,0.03725691628573117
delta,694,0.16536722122112052,0.0069152494178738744,0.05,0.0022347723173032088,1.3830498835747749,0,0.03725691628573117
delta,695,0.13999546626920645,0.005850879677533823,0.05,0.0022347723173032088,1.1701759355067647,0,0.03725691628573117
delta,696,0.1125144639812384,0.004656320976670363,0.05,0.0022347723173032088,0.9312641953340726,0,0.03725691628573117
delta,697,0.08414362297337222,0.003406838808086066,0.05,0.0022347723173032088,0.6813677616172132,0,0.03725691628573117
delta,698,0.2497356440005148,0.010113081480791375,0.05,0.0022347723173032088,2.022616296158275,0,0.03725691628573117
delta,699,0.4877892625426583,0.019791462867791234,0.05,0.0022347723173032088,3.958292573558247,0,0.03725691628573117
delta,700,0.5123406988761477,0.020806364898631743,0.05,0.0022347723173032088,4.161272979726348,0,0.03725691628573117
delta,701,0.4667636811994566,0.018975598527812502,0.05,0.0022347723173032088,3.7951197055625006,0,0.03725691628573117
delta,702,0.4276099173770258,0.01740284546604812,0.05,0.0022347723173032088,3.480569093209624,0,0.03725691628573117
delta,703,0.39029461137154,0.015903940736557435,0.05,0.0022347723173032088,3.180788147311487,0,0.03725691628573117
delta,704,0.35840546549280466,0.014622997426859598,0.05,0.0022347723173032088,2.9245994853719197,0,0.03725691628573117
delta,705,0.3278542769055979,0.013395798028891544,0.05,0.0022347723173032088,2.6791596057783087,0,0.03725691628573117
delta,706,0.3018825808328951,0.01235255057245783,0.05,0.0022347723173032088,2.470510114491566,0,0.03725691628573117
delta,707,0.2768693831934639,0.011347804685182598,0.05,0.0022347723173032088,2.2695609370365197,0,0.03725691628573117
delta,708,0.2557176643583058,0.010498169112203118,0.05,0.0022347723173032088,2.0996338224406235,0,0.03725691628573117
delta,709,0.2352385902180858,0.009675552755262265,0.05,0.0022347723173032088,1.9351105510524529,0,0.03725691628573117
delta,710,0.23771235687310543,0.00970205093127965,0.05,0.0022347723173032088,1.9404101862559298,0,0.03725691628573117
delta,711,0.243423985082314,0.009848330154266123,0.05,0.0022347723173032088,1.9696660308532246,0,0.03725691628573117
delta,712,0.2768073850665352,0.010609481555128064,0.05,0.0022347723173032088,2.121896311025613,0,0.03725691628573117
delta,713,0.3132279307333816,0.011438118926732478,0.05,0.0022347723173032088,2.2876237853464954,0,0.03725691628573117
delta,714,0.37648586812102,0.01316608125761022,0.05,0.0022347723173032088,2.6332162515220436,0,0.03725691628573117
delta,715,0.44189398229341215,0.01496609633003218,0.05,0.0022347723173032088,2.9932192660064363,0,0.03725691628573117
delta,716,0.41015632301642757,0.013922725916327823,0.05,0.0022347723173032088,2.7845451832655645,0,0.03725691628573117
delta,717,0.37336483737500864,0.01273143371432741,0.05,0.0022347723173032088,2.546286742865482,0,0.03725691628573117
delta,718,0.3431293961345803,0.011747117452513767,0.05,0.0022347723173032088,2.3494234905027533,0,0.03725691628573117
delta,719,0.3130601644705138,0.010768048468056925,0.05,0.0022347723173032088,2.153609693611385,0,0.03725691628573117
